ISO-10303-21;
HEADER;
FILE_DESCRIPTION (( 'STEP AP214' ),
    '1' );
FILE_NAME ('BOT_NO_LETTERS_290824.STEP',
    '2024-08-29T12:09:15',
    ( '' ),
    ( '' ),
    'SwSTEP 2.0',
    'SolidWorks 2023',
    '' );
FILE_SCHEMA (( 'AUTOMOTIVE_DESIGN' ));
ENDSEC;

DATA;
#1 = CARTESIAN_POINT ( 'NONE',  ( -60.05073236542024517, -26.24999999999999645, -6.766399720341551571 ) ) ;
#2 = CIRCLE ( 'NONE', #4704, 0.5000000000000004441 ) ;
#3 = FACE_OUTER_BOUND ( 'NONE', #3891, .T. ) ;
#4 = ORIENTED_EDGE ( 'NONE', *, *, #3636, .F. ) ;
#5 = LINE ( 'NONE', #3076, #4035 ) ;
#6 = DIRECTION ( 'NONE',  ( 0.000000000000000000, 0.000000000000000000, -1.000000000000000000 ) ) ;
#7 = DIRECTION ( 'NONE',  ( 0.000000000000000000, 0.000000000000000000, -1.000000000000000000 ) ) ;
#8 = EDGE_CURVE ( 'NONE', #102, #7140, #8637, .T. ) ;
#9 = AXIS2_PLACEMENT_3D ( 'NONE', #6770, #4633, #5193 ) ;
#10 = AXIS2_PLACEMENT_3D ( 'NONE', #357, #5335, #4581 ) ;
#11 = EDGE_CURVE ( 'NONE', #9237, #1974, #1483, .T. ) ;
#12 = EDGE_CURVE ( 'NONE', #705, #4851, #3603, .T. ) ;
#13 = VERTEX_POINT ( 'NONE', #6550 ) ;
#14 = ORIENTED_EDGE ( 'NONE', *, *, #3661, .F. ) ;
#15 = FACE_OUTER_BOUND ( 'NONE', #3899, .T. ) ;
#16 = AXIS2_PLACEMENT_3D ( 'NONE', #1273, #7058, #3977 ) ;
#17 = EDGE_LOOP ( 'NONE', ( #2346, #2229, #7115, #9168, #2720 ) ) ;
#18 = VERTEX_POINT ( 'NONE', #5032 ) ;
#19 = EDGE_CURVE ( 'NONE', #8779, #3913, #5746, .T. ) ;
#20 = CARTESIAN_POINT ( 'NONE',  ( -53.99344095995156323, -21.92999999999999616, 22.93434452200543205 ) ) ;
#21 = DIRECTION ( 'NONE',  ( 0.000000000000000000, 0.000000000000000000, 1.000000000000000000 ) ) ;
#22 = ORIENTED_EDGE ( 'NONE', *, *, #6944, .F. ) ;
#23 = DIRECTION ( 'NONE',  ( 0.000000000000000000, 1.000000000000000000, 0.000000000000000000 ) ) ;
#24 = DIRECTION ( 'NONE',  ( 0.000000000000000000, 0.000000000000000000, -1.000000000000000000 ) ) ;
#25 = EDGE_CURVE ( 'NONE', #5533, #1347, #5792, .T. ) ;
#26 = EDGE_LOOP ( 'NONE', ( #1682, #617, #118, #5903, #1837 ) ) ;
#27 = ORIENTED_EDGE ( 'NONE', *, *, #8852, .F. ) ;
#28 = DIRECTION ( 'NONE',  ( 0.000000000000000000, 0.000000000000000000, 1.000000000000000000 ) ) ;
#29 = EDGE_LOOP ( 'NONE', ( #8125, #2994, #7133, #6941 ) ) ;
#30 = CARTESIAN_POINT ( 'NONE',  ( -63.55073236542023096, -24.74999999999999645, 8.651356676155737446 ) ) ;
#31 = DIRECTION ( 'NONE',  ( 0.000000000000000000, 1.000000000000000000, 0.000000000000000000 ) ) ;
#32 = CARTESIAN_POINT ( 'NONE',  ( 0.000000000000000000, -14.57499999999999929, 0.000000000000000000 ) ) ;
#33 = CARTESIAN_POINT ( 'NONE',  ( -66.09198187529463553, -5.004056775174929861, -3.266399720341551127 ) ) ;
#34 = DIRECTION ( 'NONE',  ( 1.000000000000000000, 0.000000000000000000, -0.000000000000000000 ) ) ;
#35 = ADVANCED_FACE ( 'NONE', ( #2890 ), #5127, .T. ) ;
#36 = VERTEX_POINT ( 'NONE', #7974 ) ;
#37 = ORIENTED_EDGE ( 'NONE', *, *, #8053, .T. ) ;
#38 = DIRECTION ( 'NONE',  ( 1.000000000000000000, 0.000000000000000000, -0.000000000000000000 ) ) ;
#39 = EDGE_CURVE ( 'NONE', #7901, #1305, #4281, .T. ) ;
#40 = CARTESIAN_POINT ( 'NONE',  ( 5.406633442833276071, -23.74999999999999645, 2.359344522005430544 ) ) ;
#41 = LINE ( 'NONE', #1565, #7422 ) ;
#42 = EDGE_LOOP ( 'NONE', ( #8316, #3508, #4910, #5981 ) ) ;
#43 = CARTESIAN_POINT ( 'NONE',  ( -68.52198187529464235, -16.37433758220721458, -3.266399720341551127 ) ) ;
#44 = DIRECTION ( 'NONE',  ( -1.000000000000000000, 0.000000000000000000, 0.000000000000000000 ) ) ;
#45 = LINE ( 'NONE', #760, #7373 ) ;
#46 = VECTOR ( 'NONE', #7021, 1000.000000000000000 ) ;
#47 = ORIENTED_EDGE ( 'NONE', *, *, #5278, .F. ) ;
#48 = AXIS2_PLACEMENT_3D ( 'NONE', #226, #8240, #1140 ) ;
#49 = CARTESIAN_POINT ( 'NONE',  ( 3.506559040048433218, -26.24999999999999645, 4.003742511880592936 ) ) ;
#50 = DIRECTION ( 'NONE',  ( 0.000000000000000000, -1.000000000000000000, -0.000000000000000000 ) ) ;
#51 = ADVANCED_FACE ( 'NONE', ( #9302 ), #8679, .T. ) ;
#52 = DIRECTION ( 'NONE',  ( 0.000000000000000000, 0.000000000000000000, -1.000000000000000000 ) ) ;
#53 = AXIS2_PLACEMENT_3D ( 'NONE', #7775, #6171, #2038 ) ;
#54 = ORIENTED_EDGE ( 'NONE', *, *, #8063, .F. ) ;
#55 = FACE_OUTER_BOUND ( 'NONE', #7533, .T. ) ;
#56 = CIRCLE ( 'NONE', #816, 1.600000000000004086 ) ;
#57 = DIRECTION ( 'NONE',  ( -0.000000000000000000, -1.000000000000000000, -0.000000000000000000 ) ) ;
#58 = CARTESIAN_POINT ( 'NONE',  ( 11.11862117367210168, -4.994728181037624282, -3.266399720341551127 ) ) ;
#59 = EDGE_LOOP ( 'NONE', ( #5886, #9087 ) ) ;
#60 = ORIENTED_EDGE ( 'NONE', *, *, #2431, .F. ) ;
#61 = DIRECTION ( 'NONE',  ( -0.000000000000000000, -1.000000000000000000, -0.000000000000000000 ) ) ;
#62 = VECTOR ( 'NONE', #7763, 1000.000000000000000 ) ;
#63 = ORIENTED_EDGE ( 'NONE', *, *, #8523, .F. ) ;
#64 = EDGE_CURVE ( 'NONE', #6864, #7983, #2181, .T. ) ;
#65 = ORIENTED_EDGE ( 'NONE', *, *, #64, .F. ) ;
#66 = EDGE_CURVE ( 'NONE', #6333, #8080, #2932, .T. ) ;
#67 = CARTESIAN_POINT ( 'NONE',  ( -13.10069371300876995, -24.24999999999999289, 22.88956924811451188 ) ) ;
#68 = ORIENTED_EDGE ( 'NONE', *, *, #4219, .F. ) ;
#69 = CARTESIAN_POINT ( 'NONE',  ( -60.05073236542024517, -26.24999999999999645, 24.23360027965844665 ) ) ;
#70 = AXIS2_PLACEMENT_3D ( 'NONE', #1784, #8081, #8317 ) ;
#71 = CARTESIAN_POINT ( 'NONE',  ( -3.017521981314791102, -18.91796799097090087, 22.73360027965845021 ) ) ;
#72 = ORIENTED_EDGE ( 'NONE', *, *, #3593, .F. ) ;
#73 = CARTESIAN_POINT ( 'NONE',  ( 14.98308861578300011, -4.250000000000000000, -3.266399720341551127 ) ) ;
#74 = ORIENTED_EDGE ( 'NONE', *, *, #1479, .T. ) ;
#75 = CARTESIAN_POINT ( 'NONE',  ( -60.05073236542024517, -3.249999999999999556, -3.266399720341551127 ) ) ;
#76 = AXIS2_PLACEMENT_3D ( 'NONE', #7764, #7715, #1268 ) ;
#77 = EDGE_CURVE ( 'NONE', #3436, #6852, #8018, .T. ) ;
#78 = ORIENTED_EDGE ( 'NONE', *, *, #2496, .F. ) ;
#79 = PLANE ( 'NONE',  #2716 ) ;
#80 = DIRECTION ( 'NONE',  ( -0.000000000000000000, -1.000000000000000000, -0.000000000000000000 ) ) ;
#81 = CARTESIAN_POINT ( 'NONE',  ( 1.206410234478749732, -23.74999999999999645, -0.06565547799456938893 ) ) ;
#82 = CARTESIAN_POINT ( 'NONE',  ( -63.47315361195479966, -15.66790477302092199, -4.766399720341551571 ) ) ;
#83 = CARTESIAN_POINT ( 'NONE',  ( 13.99635887394077827, -24.74999999999999645, 10.17961269154898396 ) ) ;
#84 = AXIS2_PLACEMENT_3D ( 'NONE', #1952, #9115, #7117 ) ;
#85 = ORIENTED_EDGE ( 'NONE', *, *, #7728, .F. ) ;
#86 = ORIENTED_EDGE ( 'NONE', *, *, #8644, .T. ) ;
#87 = LINE ( 'NONE', #5024, #3528 ) ;
#88 = VECTOR ( 'NONE', #2692, 1000.000000000000000 ) ;
#89 = DIRECTION ( 'NONE',  ( 0.000000000000000000, 1.000000000000000000, 0.000000000000000000 ) ) ;
#90 = FACE_BOUND ( 'NONE', #8379, .T. ) ;
#91 = AXIS2_PLACEMENT_3D ( 'NONE', #3801, #4468, #772 ) ;
#92 = CARTESIAN_POINT ( 'NONE',  ( -53.99344095995156323, -21.92999999999999616, -0.06565547799456880607 ) ) ;
#93 = CARTESIAN_POINT ( 'NONE',  ( -59.97849175394367194, -26.24999999999999645, 23.43434452200543205 ) ) ;
#94 = CARTESIAN_POINT ( 'NONE',  ( -53.99344095995156323, -21.92999999999999616, -0.06565547799456880607 ) ) ;
#95 = VECTOR ( 'NONE', #7645, 1000.000000000000000 ) ;
#96 = ORIENTED_EDGE ( 'NONE', *, *, #8297, .T. ) ;
#97 = VERTEX_POINT ( 'NONE', #49 ) ;
#98 = AXIS2_PLACEMENT_3D ( 'NONE', #8765, #3592, #752 ) ;
#99 = DIRECTION ( 'NONE',  ( -1.000000000000000000, 0.000000000000000000, -0.000000000000000000 ) ) ;
#100 = CARTESIAN_POINT ( 'NONE',  ( -55.39351536273639454, -23.74999999999999645, -2.490655477994575762 ) ) ;
#101 = VECTOR ( 'NONE', #3650, 1000.000000000000000 ) ;
#102 = VERTEX_POINT ( 'NONE', #4988 ) ;
#103 = CARTESIAN_POINT ( 'NONE',  ( 4.006559040048433218, -26.24999999999999645, -0.06565547799456880607 ) ) ;
#104 = CARTESIAN_POINT ( 'NONE',  ( -53.99344095995156323, -8.929999999999994387, -0.06565547799456880607 ) ) ;
#105 = CYLINDRICAL_SURFACE ( 'NONE', #2672, 4.100000000000000533 ) ;
#106 = EDGE_CURVE ( 'NONE', #8503, #3916, #7304, .T. ) ;
#107 = EDGE_LOOP ( 'NONE', ( #8543, #7858 ) ) ;
#108 = ORIENTED_EDGE ( 'NONE', *, *, #2431, .T. ) ;
#109 = DIRECTION ( 'NONE',  ( 1.000000000000000000, 0.000000000000000000, 0.000000000000000000 ) ) ;
#110 = ORIENTED_EDGE ( 'NONE', *, *, #6928, .T. ) ;
#111 = ORIENTED_EDGE ( 'NONE', *, *, #5847, .T. ) ;
#112 = DIRECTION ( 'NONE',  ( -0.4999999999999996669, 0.000000000000000000, -0.8660254037844388186 ) ) ;
#113 = ORIENTED_EDGE ( 'NONE', *, *, #8053, .F. ) ;
#114 = CARTESIAN_POINT ( 'NONE',  ( 7.622283419617423839, -3.250000000000000444, -6.766399720341551571 ) ) ;
#115 = DIRECTION ( 'NONE',  ( -2.197316402903953654E-14, 0.000000000000000000, 1.000000000000000000 ) ) ;
#116 = EDGE_CURVE ( 'NONE', #557, #4186, #3025, .T. ) ;
#117 = EDGE_CURVE ( 'NONE', #3905, #7142, #5308, .T. ) ;
#118 = ORIENTED_EDGE ( 'NONE', *, *, #2387, .F. ) ;
#119 = DIRECTION ( 'NONE',  ( -0.000000000000000000, -0.000000000000000000, 1.000000000000000000 ) ) ;
#120 = ORIENTED_EDGE ( 'NONE', *, *, #7487, .F. ) ;
#121 = CARTESIAN_POINT ( 'NONE',  ( 9.852138384579765429, -3.249999999999999556, -3.266399720341552460 ) ) ;
#122 = ORIENTED_EDGE ( 'NONE', *, *, #4340, .F. ) ;
#123 = FACE_OUTER_BOUND ( 'NONE', #9371, .T. ) ;
#124 = FACE_OUTER_BOUND ( 'NONE', #1943, .T. ) ;
#125 = DIRECTION ( 'NONE',  ( -1.137523590804463822E-16, 0.000000000000000000, 1.000000000000000000 ) ) ;
#126 = AXIS2_PLACEMENT_3D ( 'NONE', #1043, #4027, #1759 ) ;
#127 = FACE_OUTER_BOUND ( 'NONE', #7886, .T. ) ;
#128 = EDGE_CURVE ( 'NONE', #3324, #9358, #5312, .T. ) ;
#129 = EDGE_CURVE ( 'NONE', #1038, #5290, #2584, .T. ) ;
#130 = ORIENTED_EDGE ( 'NONE', *, *, #6728, .F. ) ;
#131 = VERTEX_POINT ( 'NONE', #3167 ) ;
#132 = CARTESIAN_POINT ( 'NONE',  ( -66.60685805559241146, -24.74999999999999645, 11.65135667615573745 ) ) ;
#133 = CIRCLE ( 'NONE', #1204, 3.350000000000002309 ) ;
#134 = DIRECTION ( 'NONE',  ( -1.000000000000000000, 0.000000000000000000, 0.000000000000000000 ) ) ;
#135 = DIRECTION ( 'NONE',  ( 0.8660254037844377084, -0.5000000000000015543, 0.000000000000000000 ) ) ;
#136 = CARTESIAN_POINT ( 'NONE',  ( -11.90198937725307893, -11.29005581014418880, 26.77397846476551280 ) ) ;
#137 = PLANE ( 'NONE',  #1758 ) ;
#138 = CARTESIAN_POINT ( 'NONE',  ( 14.21629301208212226, -24.74999999999999645, 11.56187258665032225 ) ) ;
#139 = AXIS2_PLACEMENT_3D ( 'NONE', #8238, #8960, #6019 ) ;
#140 = EDGE_CURVE ( 'NONE', #2499, #5565, #2510, .T. ) ;
#141 = VERTEX_POINT ( 'NONE', #2367 ) ;
#142 = CARTESIAN_POINT ( 'NONE',  ( 4.006559040048433218, -21.92999999999999616, 22.93434452200543205 ) ) ;
#143 = DIRECTION ( 'NONE',  ( 0.000000000000000000, 1.000000000000000000, 0.000000000000000000 ) ) ;
#144 = CARTESIAN_POINT ( 'NONE',  ( -11.02830546420950242, -12.75000000000000000, 35.00000000000000000 ) ) ;
#145 = AXIS2_PLACEMENT_3D ( 'NONE', #284, #3172, #4748 ) ;
#146 = EDGE_LOOP ( 'NONE', ( #1654, #4336, #3005, #1505 ) ) ;
#147 = CARTESIAN_POINT ( 'NONE',  ( -0.02117511800357047003, -8.826403837643525208, 35.00000000000000000 ) ) ;
#148 = CARTESIAN_POINT ( 'NONE',  ( 2.606484637263591253, -28.24999999999999645, 2.359344522005431877 ) ) ;
#149 = DIRECTION ( 'NONE',  ( 0.000000000000000000, -1.000000000000000000, 0.000000000000000000 ) ) ;
#150 = AXIS2_PLACEMENT_3D ( 'NONE', #2926, #4412, #4504 ) ;
#151 = AXIS2_PLACEMENT_3D ( 'NONE', #4717, #6894, #1728 ) ;
#152 = ORIENTED_EDGE ( 'NONE', *, *, #5050, .F. ) ;
#153 = ORIENTED_EDGE ( 'NONE', *, *, #6623, .F. ) ;
#154 = DIRECTION ( 'NONE',  ( 0.000000000000000000, 0.000000000000000000, 1.000000000000000000 ) ) ;
#155 = VERTEX_POINT ( 'NONE', #2318 ) ;
#156 = ADVANCED_FACE ( 'NONE', ( #5411 ), #5261, .T. ) ;
#157 = ORIENTED_EDGE ( 'NONE', *, *, #6785, .F. ) ;
#158 = LINE ( 'NONE', #4574, #2804 ) ;
#159 = VECTOR ( 'NONE', #6195, 1000.000000000000000 ) ;
#160 = VERTEX_POINT ( 'NONE', #1715 ) ;
#161 = DIRECTION ( 'NONE',  ( -0.000000000000000000, -1.000000000000000000, -0.000000000000000000 ) ) ;
#162 = PLANE ( 'NONE',  #3717 ) ;
#163 = VECTOR ( 'NONE', #6254, 1000.000000000000000 ) ;
#164 = ORIENTED_EDGE ( 'NONE', *, *, #6839, .F. ) ;
#165 = CARTESIAN_POINT ( 'NONE',  ( -67.52198187529464235, -3.250000000000000000, -3.266399720341551127 ) ) ;
#166 = AXIS2_PLACEMENT_3D ( 'NONE', #2719, #2675, #4149 ) ;
#167 = ORIENTED_EDGE ( 'NONE', *, *, #7899, .T. ) ;
#168 = CARTESIAN_POINT ( 'NONE',  ( -62.07683474757660491, -25.03301371225455441, -3.266399720341551127 ) ) ;
#169 = EDGE_CURVE ( 'NONE', #2273, #1753, #1572, .T. ) ;
#170 = EDGE_LOOP ( 'NONE', ( #1486, #2197, #785, #4852 ) ) ;
#171 = CARTESIAN_POINT ( 'NONE',  ( -53.99344095995156323, -8.929999999999994387, 22.93434452200543205 ) ) ;
#172 = CARTESIAN_POINT ( 'NONE',  ( -11.02830546420950242, -8.826403837643525208, 26.77397846476551280 ) ) ;
#173 = CARTESIAN_POINT ( 'NONE',  ( -20.14526954535771353, -10.01380481680078383, 26.77397846476551280 ) ) ;
#174 = CARTESIAN_POINT ( 'NONE',  ( 6.352138384579762764, -26.24999999999999645, 27.73360027965844665 ) ) ;
#175 = ORIENTED_EDGE ( 'NONE', *, *, #4774, .F. ) ;
#176 = ORIENTED_EDGE ( 'NONE', *, *, #6138, .F. ) ;
#177 = CARTESIAN_POINT ( 'NONE',  ( -63.47315361195479966, -15.66790477302092199, -6.766399720341551571 ) ) ;
#178 = CARTESIAN_POINT ( 'NONE',  ( 4.506559040048433218, -26.24999999999999645, 18.86494653213027206 ) ) ;
#179 = DIRECTION ( 'NONE',  ( 0.000000000000000000, 0.000000000000000000, -1.000000000000000000 ) ) ;
#180 = ADVANCED_FACE ( 'NONE', ( #9013 ), #4462, .T. ) ;
#181 = ADVANCED_FACE ( 'NONE', ( #4557 ), #3746, .F. ) ;
#182 = FACE_OUTER_BOUND ( 'NONE', #3194, .T. ) ;
#183 = EDGE_CURVE ( 'NONE', #644, #8928, #1982, .T. ) ;
#184 = CARTESIAN_POINT ( 'NONE',  ( -58.09344095995156465, -21.92999999999999616, 23.43434452200543205 ) ) ;
#185 = CARTESIAN_POINT ( 'NONE',  ( -9.825547749812113096, -18.91796799097090087, 23.50000000000000000 ) ) ;
#186 = ORIENTED_EDGE ( 'NONE', *, *, #5375, .F. ) ;
#187 = DIRECTION ( 'NONE',  ( 1.000000000000000000, 0.000000000000000000, 0.000000000000000000 ) ) ;
#188 = CARTESIAN_POINT ( 'NONE',  ( -9.100693713008769947, -24.24999999999999289, 22.88956924811451188 ) ) ;
#189 = DIRECTION ( 'NONE',  ( 0.000000000000000000, 0.000000000000000000, 1.000000000000000000 ) ) ;
#190 = EDGE_CURVE ( 'NONE', #4851, #4728, #4325, .T. ) ;
#191 = VERTEX_POINT ( 'NONE', #998 ) ;
#192 = CARTESIAN_POINT ( 'NONE',  ( 9.852138384579761876, -15.40530737074390721, 20.20998229243706845 ) ) ;
#193 = CARTESIAN_POINT ( 'NONE',  ( 6.352138384579762764, -26.24999999999999645, 24.23360027965844665 ) ) ;
#194 = DIRECTION ( 'NONE',  ( 0.000000000000000000, -1.000000000000000000, -0.000000000000000000 ) ) ;
#195 = DIRECTION ( 'NONE',  ( 0.000000000000000000, -1.000000000000000000, -0.000000000000000000 ) ) ;
#196 = VERTEX_POINT ( 'NONE', #4509 ) ;
#197 = ORIENTED_EDGE ( 'NONE', *, *, #3636, .T. ) ;
#198 = FACE_OUTER_BOUND ( 'NONE', #2676, .T. ) ;
#199 = VERTEX_POINT ( 'NONE', #4653 ) ;
#200 = ORIENTED_EDGE ( 'NONE', *, *, #4259, .T. ) ;
#201 = PLANE ( 'NONE',  #5694 ) ;
#202 = ORIENTED_EDGE ( 'NONE', *, *, #9118, .F. ) ;
#203 = CARTESIAN_POINT ( 'NONE',  ( -55.39351536273640875, -23.74999999999999645, 25.35934452200542566 ) ) ;
#204 = CARTESIAN_POINT ( 'NONE',  ( 7.622283419617423839, -3.250000000000000444, -4.766399720341551571 ) ) ;
#205 = AXIS2_PLACEMENT_3D ( 'NONE', #6719, #2449, #319 ) ;
#206 = ADVANCED_FACE ( 'NONE', ( #7446 ), #6736, .T. ) ;
#207 = EDGE_LOOP ( 'NONE', ( #740, #5158, #1062, #8048 ) ) ;
#208 = DIRECTION ( 'NONE',  ( 0.000000000000000000, 0.000000000000000000, -1.000000000000000000 ) ) ;
#209 = VERTEX_POINT ( 'NONE', #903 ) ;
#210 = FACE_OUTER_BOUND ( 'NONE', #693, .T. ) ;
#211 = VERTEX_POINT ( 'NONE', #232 ) ;
#212 = CYLINDRICAL_SURFACE ( 'NONE', #3485, 3.350000000000002309 ) ;
#213 = AXIS2_PLACEMENT_3D ( 'NONE', #7173, #4379, #7843 ) ;
#214 = ORIENTED_EDGE ( 'NONE', *, *, #2649, .F. ) ;
#215 = DIRECTION ( 'NONE',  ( 0.000000000000000000, 0.000000000000000000, -1.000000000000000000 ) ) ;
#216 = CARTESIAN_POINT ( 'NONE',  ( 13.99635887394077827, -28.24999999999999645, 13.37961269154898858 ) ) ;
#217 = DIRECTION ( 'NONE',  ( 0.8660254037844388186, 0.4999999999999996669, 0.000000000000000000 ) ) ;
#218 = EDGE_CURVE ( 'NONE', #4203, #1359, #7543, .T. ) ;
#219 = EDGE_CURVE ( 'NONE', #6042, #3678, #6026, .T. ) ;
#220 = ORIENTED_EDGE ( 'NONE', *, *, #8013, .F. ) ;
#221 = VECTOR ( 'NONE', #4686, 1000.000000000000000 ) ;
#222 = ORIENTED_EDGE ( 'NONE', *, *, #5704, .T. ) ;
#223 = DIRECTION ( 'NONE',  ( 0.4999999999999996114, 0.000000000000000000, 0.8660254037844389297 ) ) ;
#224 = DIRECTION ( 'NONE',  ( 0.000000000000000000, 0.000000000000000000, -1.000000000000000000 ) ) ;
#225 = CARTESIAN_POINT ( 'NONE',  ( -9.100693713008769947, -26.24999999999999645, 25.00000000000000000 ) ) ;
#226 = CARTESIAN_POINT ( 'NONE',  ( 13.99635887394077827, -28.24999999999999645, 11.77961269154898716 ) ) ;
#227 = CARTESIAN_POINT ( 'NONE',  ( -31.99253646513271931, -14.99840717847743932, 27.73360027965844665 ) ) ;
#228 = VECTOR ( 'NONE', #1410, 1000.000000000000227 ) ;
#229 = DIRECTION ( 'NONE',  ( 0.000000000000000000, 0.000000000000000000, -1.000000000000000000 ) ) ;
#230 = VERTEX_POINT ( 'NONE', #7492 ) ;
#231 = EDGE_CURVE ( 'NONE', #7315, #6008, #7423, .T. ) ;
#232 = CARTESIAN_POINT ( 'NONE',  ( -44.08372187312362911, -13.99840717847742511, 26.73360027965844665 ) ) ;
#233 = CIRCLE ( 'NONE', #6144, 1.600000000000002531 ) ;
#234 = CARTESIAN_POINT ( 'NONE',  ( -55.39351536273640164, -23.74999999999999645, 2.359344522005430989 ) ) ;
#235 = VECTOR ( 'NONE', #8112, 1000.000000000000000 ) ;
#236 = DIRECTION ( 'NONE',  ( 0.000000000000000000, 1.000000000000000000, 0.000000000000000000 ) ) ;
#237 = LINE ( 'NONE', #1768, #3468 ) ;
#238 = VERTEX_POINT ( 'NONE', #8346 ) ;
#239 = CARTESIAN_POINT ( 'NONE',  ( 0.000000000000000000, 0.000000000000000000, -3.266399720341551127 ) ) ;
#240 = DIRECTION ( 'NONE',  ( 0.000000000000000000, -1.000000000000000000, 0.000000000000000000 ) ) ;
#241 = VECTOR ( 'NONE', #6013, 1000.000000000000000 ) ;
#242 = DIRECTION ( 'NONE',  ( 0.000000000000000000, 1.000000000000000000, 0.000000000000000000 ) ) ;
#243 = CARTESIAN_POINT ( 'NONE',  ( -54.49344095995157033, 0.000000000000000000, 0.000000000000000000 ) ) ;
#244 = AXIS2_PLACEMENT_3D ( 'NONE', #3545, #7200, #1473 ) ;
#245 = ORIENTED_EDGE ( 'NONE', *, *, #7716, .F. ) ;
#246 = ADVANCED_FACE ( 'NONE', ( #1145 ), #7732, .T. ) ;
#247 = ORIENTED_EDGE ( 'NONE', *, *, #9128, .F. ) ;
#248 = VERTEX_POINT ( 'NONE', #8295 ) ;
#249 = DIRECTION ( 'NONE',  ( 1.000000000000000000, 0.000000000000000000, -0.000000000000000000 ) ) ;
#250 = VECTOR ( 'NONE', #942, 1000.000000000000000 ) ;
#251 = EDGE_LOOP ( 'NONE', ( #456, #8944, #1861, #4010 ) ) ;
#252 = CARTESIAN_POINT ( 'NONE',  ( 4.006559040048433218, -21.92999999999999616, -1.415655477994569367 ) ) ;
#253 = ORIENTED_EDGE ( 'NONE', *, *, #2818, .T. ) ;
#254 = LINE ( 'NONE', #8267, #6431 ) ;
#255 = DIRECTION ( 'NONE',  ( 1.000000000000000000, -0.000000000000000000, -0.000000000000000000 ) ) ;
#256 = AXIS2_PLACEMENT_3D ( 'NONE', #2460, #8243, #3116 ) ;
#257 = EDGE_CURVE ( 'NONE', #4301, #5610, #4127, .T. ) ;
#258 = EDGE_LOOP ( 'NONE', ( #1877, #3484, #3920, #2054 ) ) ;
#259 = CARTESIAN_POINT ( 'NONE',  ( -58.09344095995156465, -21.92999999999999616, 23.43434452200543205 ) ) ;
#260 = VERTEX_POINT ( 'NONE', #2555 ) ;
#261 = EDGE_CURVE ( 'NONE', #6777, #5800, #1195, .T. ) ;
#262 = CARTESIAN_POINT ( 'NONE',  ( -63.54634611201960581, -15.66790477302092199, -4.766399720341551571 ) ) ;
#263 = VERTEX_POINT ( 'NONE', #5454 ) ;
#264 = CARTESIAN_POINT ( 'NONE',  ( -53.99344095995156323, -8.929999999999994387, 22.93434452200543205 ) ) ;
#265 = EDGE_LOOP ( 'NONE', ( #2533, #3242, #1261, #6055 ) ) ;
#266 = DIRECTION ( 'NONE',  ( -1.000000000000000000, 0.000000000000000000, 0.000000000000000000 ) ) ;
#267 = LINE ( 'NONE', #3203, #2357 ) ;
#268 = DIRECTION ( 'NONE',  ( -0.000000000000000000, 0.000000000000000000, -1.000000000000000000 ) ) ;
#269 = VERTEX_POINT ( 'NONE', #6263 ) ;
#270 = VERTEX_POINT ( 'NONE', #9246 ) ;
#271 = DIRECTION ( 'NONE',  ( -0.000000000000000000, -1.000000000000000000, -0.000000000000000000 ) ) ;
#272 = DIRECTION ( 'NONE',  ( 0.000000000000000000, 0.000000000000000000, -1.000000000000000000 ) ) ;
#273 = CARTESIAN_POINT ( 'NONE',  ( 11.12228341961742117, -3.250000000000000444, -4.766399720341551571 ) ) ;
#274 = VECTOR ( 'NONE', #2886, 1000.000000000000000 ) ;
#275 = ADVANCED_FACE ( 'NONE', ( #3449 ), #6880, .F. ) ;
#276 = LINE ( 'NONE', #3932, #8612 ) ;
#277 = CARTESIAN_POINT ( 'NONE',  ( -55.39351536273640875, -23.74999999999999645, 20.50934452200542424 ) ) ;
#278 = CARTESIAN_POINT ( 'NONE',  ( -41.51752198131479332, -18.91796799097089732, 22.73360027965845021 ) ) ;
#279 = ORIENTED_EDGE ( 'NONE', *, *, #5332, .T. ) ;
#280 = VECTOR ( 'NONE', #1051, 1000.000000000000000 ) ;
#281 = DIRECTION ( 'NONE',  ( 0.000000000000000000, 0.000000000000000000, -1.000000000000000000 ) ) ;
#282 = LINE ( 'NONE', #7396, #1729 ) ;
#283 = LINE ( 'NONE', #6172, #5438 ) ;
#284 = CARTESIAN_POINT ( 'NONE',  ( -44.08372187312362911, -13.99840717847742511, 35.00000000000000000 ) ) ;
#285 = EDGE_CURVE ( 'NONE', #8697, #5190, #9252, .T. ) ;
#286 = VERTEX_POINT ( 'NONE', #380 ) ;
#287 = CARTESIAN_POINT ( 'NONE',  ( -61.55073236542024517, -3.250000000000000000, 24.23360027965843955 ) ) ;
#288 = CARTESIAN_POINT ( 'NONE',  ( -53.99344095995156323, -21.92999999999999616, -0.06565547799456880607 ) ) ;
#289 = AXIS2_PLACEMENT_3D ( 'NONE', #9293, #6218, #2785 ) ;
#290 = EDGE_CURVE ( 'NONE', #500, #9138, #5157, .T. ) ;
#291 = CARTESIAN_POINT ( 'NONE',  ( 7.852138384579761876, -26.24999999999999645, 24.23360027965844665 ) ) ;
#292 = DIRECTION ( 'NONE',  ( -1.000000000000000000, 0.000000000000000000, 0.000000000000000000 ) ) ;
#293 = EDGE_LOOP ( 'NONE', ( #8170, #1075, #1883, #326, #6909, #2793, #9278, #2724, #6990, #9154, #2718, #6701, #9245 ) ) ;
#294 = EDGE_LOOP ( 'NONE', ( #6952, #1177, #6823, #4720 ) ) ;
#295 = CARTESIAN_POINT ( 'NONE',  ( 4.006559040048433218, -21.92999999999999616, -0.06565547799456880607 ) ) ;
#296 = VECTOR ( 'NONE', #5592, 1000.000000000000114 ) ;
#297 = EDGE_CURVE ( 'NONE', #7398, #4824, #6170, .T. ) ;
#298 = ORIENTED_EDGE ( 'NONE', *, *, #7122, .F. ) ;
#299 = ADVANCED_FACE ( 'NONE', ( #7774 ), #4793, .F. ) ;
#300 = EDGE_CURVE ( 'NONE', #6326, #6559, #1995, .T. ) ;
#301 = FACE_OUTER_BOUND ( 'NONE', #1185, .T. ) ;
#302 = VERTEX_POINT ( 'NONE', #7067 ) ;
#303 = ADVANCED_FACE ( 'NONE', ( #6312 ), #1944, .T. ) ;
#304 = CARTESIAN_POINT ( 'NONE',  ( 18.18099059628930192, -20.71838846451663230, -3.266399720341551127 ) ) ;
#305 = EDGE_CURVE ( 'NONE', #3711, #6633, #1898, .T. ) ;
#306 = VECTOR ( 'NONE', #6115, 1000.000000000000000 ) ;
#307 = VECTOR ( 'NONE', #3136, 1000.000000000000000 ) ;
#308 = CARTESIAN_POINT ( 'NONE',  ( -63.47315361195479966, -15.66790477302092199, -3.266399720341551127 ) ) ;
#309 = ORIENTED_EDGE ( 'NONE', *, *, #9150, .F. ) ;
#310 = DIRECTION ( 'NONE',  ( -0.000000000000000000, -1.000000000000000000, -0.000000000000000000 ) ) ;
#311 = ORIENTED_EDGE ( 'NONE', *, *, #9360, .F. ) ;
#312 = DIRECTION ( 'NONE',  ( -1.000000000000000000, 0.000000000000000000, 0.000000000000000000 ) ) ;
#313 = VECTOR ( 'NONE', #3870, 1000.000000000000000 ) ;
#314 = AXIS2_PLACEMENT_3D ( 'NONE', #7395, #6077, #6836 ) ;
#315 = VERTEX_POINT ( 'NONE', #4885 ) ;
#316 = DIRECTION ( 'NONE',  ( 0.000000000000000000, 0.000000000000000000, 1.000000000000000000 ) ) ;
#317 = ORIENTED_EDGE ( 'NONE', *, *, #8830, .T. ) ;
#318 = ADVANCED_FACE ( 'NONE', ( #3266 ), #1285, .F. ) ;
#319 = DIRECTION ( 'NONE',  ( 1.000000000000000000, 0.000000000000000000, 0.000000000000000000 ) ) ;
#320 = PLANE ( 'NONE',  #3416 ) ;
#321 = DIRECTION ( 'NONE',  ( 1.000000000000000000, 0.000000000000000000, 0.000000000000000000 ) ) ;
#322 = CIRCLE ( 'NONE', #1538, 4.099999999999999645 ) ;
#323 = VECTOR ( 'NONE', #1833, 1000.000000000000000 ) ;
#324 = ORIENTED_EDGE ( 'NONE', *, *, #6273, .T. ) ;
#325 = EDGE_CURVE ( 'NONE', #6930, #6181, #6988, .T. ) ;
#326 = ORIENTED_EDGE ( 'NONE', *, *, #4300, .T. ) ;
#327 = DIRECTION ( 'NONE',  ( 0.000000000000000000, -0.000000000000000000, -1.000000000000000000 ) ) ;
#328 = FACE_OUTER_BOUND ( 'NONE', #8957, .T. ) ;
#329 = CARTESIAN_POINT ( 'NONE',  ( -55.83373093798395104, -8.929999999999994387, 25.73360027965844665 ) ) ;
#330 = FACE_OUTER_BOUND ( 'NONE', #4769, .T. ) ;
#331 = CARTESIAN_POINT ( 'NONE',  ( -14.42158689150289952, -23.74999999999999645, 22.88956924811451188 ) ) ;
#332 = EDGE_CURVE ( 'NONE', #1781, #8074, #630, .T. ) ;
#333 = LINE ( 'NONE', #9057, #6619 ) ;
#334 = VECTOR ( 'NONE', #2962, 1000.000000000000000 ) ;
#335 = VERTEX_POINT ( 'NONE', #8442 ) ;
#336 = CARTESIAN_POINT ( 'NONE',  ( -9.100693713008769947, -26.24999999999999645, 25.00000000000000000 ) ) ;
#337 = EDGE_CURVE ( 'NONE', #8630, #8503, #5315, .T. ) ;
#338 = DIRECTION ( 'NONE',  ( 0.5000000000000001110, 0.000000000000000000, -0.8660254037844384856 ) ) ;
#339 = DIRECTION ( 'NONE',  ( -1.000000000000000000, -0.000000000000000000, -0.000000000000000000 ) ) ;
#340 = FACE_OUTER_BOUND ( 'NONE', #799, .T. ) ;
#341 = ORIENTED_EDGE ( 'NONE', *, *, #9177, .F. ) ;
#342 = DIRECTION ( 'NONE',  ( 0.000000000000000000, 1.000000000000000000, 0.000000000000000000 ) ) ;
#343 = CARTESIAN_POINT ( 'NONE',  ( -53.99344095995156323, -21.92999999999999616, -3.415655477994570699 ) ) ;
#344 = CARTESIAN_POINT ( 'NONE',  ( -69.60685805559241146, -24.74999999999999645, 8.651356676155737446 ) ) ;
#345 = LINE ( 'NONE', #4753, #95 ) ;
#346 = ORIENTED_EDGE ( 'NONE', *, *, #3130, .T. ) ;
#347 = EDGE_CURVE ( 'NONE', #1126, #2103, #3045, .T. ) ;
#348 = EDGE_LOOP ( 'NONE', ( #3621, #919, #721, #789 ) ) ;
#349 = DIRECTION ( 'NONE',  ( 0.000000000000000000, -0.000000000000000000, 1.000000000000000000 ) ) ;
#350 = ORIENTED_EDGE ( 'NONE', *, *, #370, .F. ) ;
#351 = CARTESIAN_POINT ( 'NONE',  ( 1.360873654173065495, -14.57499999999999929, 20.87938738401799199 ) ) ;
#352 = ORIENTED_EDGE ( 'NONE', *, *, #6478, .F. ) ;
#353 = DIRECTION ( 'NONE',  ( 0.000000000000000000, 0.000000000000000000, -1.000000000000000000 ) ) ;
#354 = CARTESIAN_POINT ( 'NONE',  ( 9.852138384579765429, -28.24999999999999645, -4.766399720341551571 ) ) ;
#355 = ORIENTED_EDGE ( 'NONE', *, *, #9299, .F. ) ;
#356 = EDGE_CURVE ( 'NONE', #1088, #8927, #7869, .T. ) ;
#357 = CARTESIAN_POINT ( 'NONE',  ( 14.18099059628930014, -21.03301371225455441, -3.266399720341551127 ) ) ;
#358 = CIRCLE ( 'NONE', #4145, 1.350000000000000533 ) ;
#359 = EDGE_CURVE ( 'NONE', #6864, #1798, #1334, .T. ) ;
#360 = ORIENTED_EDGE ( 'NONE', *, *, #7137, .F. ) ;
#361 = DIRECTION ( 'NONE',  ( 0.000000000000000000, 0.000000000000000000, -1.000000000000000000 ) ) ;
#362 = EDGE_LOOP ( 'NONE', ( #4292, #8162, #7960, #7424 ) ) ;
#363 = DIRECTION ( 'NONE',  ( 0.000000000000000000, 0.000000000000000000, -1.000000000000000000 ) ) ;
#364 = EDGE_LOOP ( 'NONE', ( #1600, #3630, #4523, #2895 ) ) ;
#365 = DIRECTION ( 'NONE',  ( 0.000000000000000000, 0.000000000000000000, -1.000000000000000000 ) ) ;
#366 = LINE ( 'NONE', #1699, #241 ) ;
#367 = VECTOR ( 'NONE', #689, 1000.000000000000000 ) ;
#368 = DIRECTION ( 'NONE',  ( 1.000000000000000000, 0.000000000000000000, 0.000000000000000000 ) ) ;
#369 = ORIENTED_EDGE ( 'NONE', *, *, #9364, .T. ) ;
#370 = EDGE_CURVE ( 'NONE', #6707, #6004, #2037, .T. ) ;
#371 = ORIENTED_EDGE ( 'NONE', *, *, #6232, .F. ) ;
#372 = LINE ( 'NONE', #2913, #1091 ) ;
#373 = DIRECTION ( 'NONE',  ( 0.000000000000000000, 0.000000000000000000, -1.000000000000000000 ) ) ;
#374 = CARTESIAN_POINT ( 'NONE',  ( -46.73121754195162936, -21.02015036691467387, 22.73360027965845021 ) ) ;
#375 = CARTESIAN_POINT ( 'NONE',  ( 11.11862117367209990, -15.77033674741690916, -4.766399720341551571 ) ) ;
#376 = CARTESIAN_POINT ( 'NONE',  ( 7.852138384579765429, -26.24999999999999645, -4.766399720341551571 ) ) ;
#377 = LINE ( 'NONE', #426, #1326 ) ;
#378 = AXIS2_PLACEMENT_3D ( 'NONE', #747, #3590, #8003 ) ;
#379 = ORIENTED_EDGE ( 'NONE', *, *, #7700, .T. ) ;
#380 = CARTESIAN_POINT ( 'NONE',  ( -0.07410584242694209789, -21.92999999999999616, 0.5000000000000000000 ) ) ;
#381 = LINE ( 'NONE', #5934, #3534 ) ;
#382 = DIRECTION ( 'NONE',  ( 0.8660254037844385966, 0.000000000000000000, -0.5000000000000001110 ) ) ;
#383 = CARTESIAN_POINT ( 'NONE',  ( 3.506559040048433218, -26.24999999999999645, 19.21815621143094788 ) ) ;
#384 = AXIS2_PLACEMENT_3D ( 'NONE', #2069, #505, #4917 ) ;
#385 = ORIENTED_EDGE ( 'NONE', *, *, #3593, .T. ) ;
#386 = LINE ( 'NONE', #3273, #7241 ) ;
#387 = LINE ( 'NONE', #6176, #992 ) ;
#388 = CARTESIAN_POINT ( 'NONE',  ( -31.99253646513271931, -8.826403837643525208, 35.00000000000000000 ) ) ;
#389 = CARTESIAN_POINT ( 'NONE',  ( -67.52198187529464235, -16.37433758220721458, -3.266399720341551127 ) ) ;
#390 = VECTOR ( 'NONE', #7690, 1000.000000000000000 ) ;
#391 = ORIENTED_EDGE ( 'NONE', *, *, #3250, .F. ) ;
#392 = AXIS2_PLACEMENT_3D ( 'NONE', #1214, #2198, #3669 ) ;
#393 = EDGE_LOOP ( 'NONE', ( #2287, #1097, #167, #6614, #7199, #1547 ) ) ;
#394 = ORIENTED_EDGE ( 'NONE', *, *, #4483, .T. ) ;
#395 = DIRECTION ( 'NONE',  ( 0.000000000000000000, 1.000000000000000000, 0.000000000000000000 ) ) ;
#396 = VECTOR ( 'NONE', #5295, 1000.000000000000000 ) ;
#397 = ORIENTED_EDGE ( 'NONE', *, *, #4245, .F. ) ;
#398 = CARTESIAN_POINT ( 'NONE',  ( -5.613509097066130771, -21.34978964097089715, 23.50000000000000000 ) ) ;
#399 = AXIS2_PLACEMENT_3D ( 'NONE', #103, #5797, #5037 ) ;
#400 = VERTEX_POINT ( 'NONE', #7375 ) ;
#401 = EDGE_CURVE ( 'NONE', #1210, #1339, #6572, .T. ) ;
#402 = PLANE ( 'NONE',  #979 ) ;
#403 = CARTESIAN_POINT ( 'NONE',  ( -44.08372187312362200, -26.24999999999999645, 25.73360027965844665 ) ) ;
#404 = ORIENTED_EDGE ( 'NONE', *, *, #7540, .F. ) ;
#405 = CARTESIAN_POINT ( 'NONE',  ( -68.58095531993473060, -21.03051657120438378, -3.266399720341551127 ) ) ;
#406 = ORIENTED_EDGE ( 'NONE', *, *, #4658, .T. ) ;
#407 = ORIENTED_EDGE ( 'NONE', *, *, #3764, .F. ) ;
#408 = DIRECTION ( 'NONE',  ( 1.000000000000000000, 0.000000000000000000, 0.000000000000000000 ) ) ;
#409 = ORIENTED_EDGE ( 'NONE', *, *, #597, .F. ) ;
#410 = VECTOR ( 'NONE', #7539, 1000.000000000000000 ) ;
#411 = ADVANCED_FACE ( 'NONE', ( #2082 ), #880, .F. ) ;
#412 = CARTESIAN_POINT ( 'NONE',  ( -13.95632582902195296, -23.24999999999999645, 3.416424131227112859 ) ) ;
#413 = DIRECTION ( 'NONE',  ( -0.4999999999999996114, -0.8660254037844389297, 0.000000000000000000 ) ) ;
#415 = ADVANCED_FACE ( 'NONE', ( #3002 ), #6711, .T. ) ;
#414 = CARTESIAN_POINT ( 'NONE',  ( -51.19329215438187930, -23.74999999999999645, 22.93434452200542495 ) ) ;
#416 = ORIENTED_EDGE ( 'NONE', *, *, #3581, .F. ) ;
#417 = ORIENTED_EDGE ( 'NONE', *, *, #3381, .F. ) ;
#418 = CARTESIAN_POINT ( 'NONE',  ( 6.352138384579765429, -26.24999999999999645, -3.266399720341551127 ) ) ;
#419 = EDGE_CURVE ( 'NONE', #230, #6692, #5147, .T. ) ;
#420 = FACE_OUTER_BOUND ( 'NONE', #59, .T. ) ;
#421 = DIRECTION ( 'NONE',  ( 0.000000000000000000, -1.000000000000000000, -0.000000000000000000 ) ) ;
#422 = FACE_OUTER_BOUND ( 'NONE', #5581, .T. ) ;
#423 = EDGE_CURVE ( 'NONE', #7127, #5842, #8188, .T. ) ;
#424 = DIRECTION ( 'NONE',  ( -1.000000000000000000, 0.000000000000000000, 0.000000000000000000 ) ) ;
#425 = EDGE_CURVE ( 'NONE', #1282, #4987, #9259, .T. ) ;
#426 = CARTESIAN_POINT ( 'NONE',  ( 11.11862117367210168, -1.789943746717098710E-15, -4.766399720341551571 ) ) ;
#427 = ORIENTED_EDGE ( 'NONE', *, *, #7291, .F. ) ;
#428 = CARTESIAN_POINT ( 'NONE',  ( 0.000000000000000000, -26.24999999999999645, 0.000000000000000000 ) ) ;
#429 = CARTESIAN_POINT ( 'NONE',  ( 9.852138384579765429, -3.249999999999999556, -4.766399720341551571 ) ) ;
#430 = CYLINDRICAL_SURFACE ( 'NONE', #895, 1.199999999999999734 ) ;
#431 = PLANE ( 'NONE',  #145 ) ;
#432 = VERTEX_POINT ( 'NONE', #7155 ) ;
#433 = LINE ( 'NONE', #7597, #9258 ) ;
#434 = DIRECTION ( 'NONE',  ( 0.000000000000000000, 0.000000000000000000, 1.000000000000000000 ) ) ;
#435 = EDGE_CURVE ( 'NONE', #6633, #5627, #4932, .T. ) ;
#436 = DIRECTION ( 'NONE',  ( 0.000000000000000000, 0.000000000000000000, -1.000000000000000000 ) ) ;
#437 = DIRECTION ( 'NONE',  ( -1.000000000000000000, 0.000000000000000000, 0.000000000000000000 ) ) ;
#438 = CIRCLE ( 'NONE', #3915, 0.5000000000000004441 ) ;
#439 = ORIENTED_EDGE ( 'NONE', *, *, #720, .T. ) ;
#440 = ORIENTED_EDGE ( 'NONE', *, *, #4419, .F. ) ;
#441 = ORIENTED_EDGE ( 'NONE', *, *, #6437, .T. ) ;
#442 = CARTESIAN_POINT ( 'NONE',  ( 35.00000000000000000, -14.40530737074389300, 20.20998229243706845 ) ) ;
#443 = APPLICATION_CONTEXT ( 'automotive_design' ) ;
#444 = CIRCLE ( 'NONE', #4685, 4.000000000000003553 ) ;
#445 = ORIENTED_EDGE ( 'NONE', *, *, #925, .T. ) ;
#446 = LINE ( 'NONE', #2529, #9325 ) ;
#447 = ORIENTED_EDGE ( 'NONE', *, *, #2971, .F. ) ;
#448 = DIRECTION ( 'NONE',  ( -0.000000000000000000, 0.8964040148762899562, -0.4432379069006490147 ) ) ;
#449 = DIRECTION ( 'NONE',  ( 1.000000000000000000, -0.000000000000000000, -0.000000000000000000 ) ) ;
#450 = CIRCLE ( 'NONE', #5138, 0.5000000000000004441 ) ;
#451 = ORIENTED_EDGE ( 'NONE', *, *, #6861, .T. ) ;
#452 = ORIENTED_EDGE ( 'NONE', *, *, #8985, .T. ) ;
#453 = CARTESIAN_POINT ( 'NONE',  ( 5.846849018080824578, -8.929999999999994387, 25.73360027965844665 ) ) ;
#454 = EDGE_CURVE ( 'NONE', #2834, #270, #1596, .T. ) ;
#455 = VERTEX_POINT ( 'NONE', #929 ) ;
#456 = ORIENTED_EDGE ( 'NONE', *, *, #8357, .F. ) ;
#457 = DIRECTION ( 'NONE',  ( 0.000000000000000000, 0.9021223061229347584, 0.4314804106740395828 ) ) ;
#458 = VECTOR ( 'NONE', #6742, 1000.000000000000000 ) ;
#459 = EDGE_LOOP ( 'NONE', ( #2072, #8181, #4284, #2379 ) ) ;
#460 = CARTESIAN_POINT ( 'NONE',  ( -7.291905798005583250, -25.74999999999999645, 20.93683708947935429 ) ) ;
#461 = DIRECTION ( 'NONE',  ( 0.000000000000000000, 0.000000000000000000, -1.000000000000000000 ) ) ;
#462 = DIRECTION ( 'NONE',  ( 0.000000000000000000, 0.000000000000000000, 1.000000000000000000 ) ) ;
#463 = ORIENTED_EDGE ( 'NONE', *, *, #6449, .F. ) ;
#464 = VECTOR ( 'NONE', #7964, 1000.000000000000000 ) ;
#465 = AXIS2_PLACEMENT_3D ( 'NONE', #8152, #8199, #6121 ) ;
#466 = ADVANCED_FACE ( 'NONE', ( #8752 ), #2250, .T. ) ;
#467 = ORIENTED_EDGE ( 'NONE', *, *, #2663, .T. ) ;
#468 = DIRECTION ( 'NONE',  ( 0.5599897318154831716, 0.8284995475322983749, -0.000000000000000000 ) ) ;
#469 = CARTESIAN_POINT ( 'NONE',  ( 7.622283419617420286, -26.24999999999999645, -6.527799970229503757 ) ) ;
#470 = CARTESIAN_POINT ( 'NONE',  ( -60.04634611201962713, -25.31482886712318958, -6.766399720341551571 ) ) ;
#471 = CARTESIAN_POINT ( 'NONE',  ( 6.352138384579765429, -26.24999999999999645, -3.266399720341551127 ) ) ;
#472 = CARTESIAN_POINT ( 'NONE',  ( -63.55073236542024517, -13.92906725808352952, 4.952562545487270818 ) ) ;
#473 = AXIS2_PLACEMENT_3D ( 'NONE', #5484, #8220, #7614 ) ;
#474 = EDGE_CURVE ( 'NONE', #3617, #2280, #6668, .T. ) ;
#475 = ORIENTED_EDGE ( 'NONE', *, *, #190, .T. ) ;
#476 = DIRECTION ( 'NONE',  ( -0.000000000000000000, -1.000000000000000000, -0.000000000000000000 ) ) ;
#477 = LINE ( 'NONE', #3406, #1118 ) ;
#478 = EDGE_CURVE ( 'NONE', #5951, #102, #3499, .T. ) ;
#479 = AXIS2_PLACEMENT_3D ( 'NONE', #8604, #7705, #2626 ) ;
#480 = EDGE_CURVE ( 'NONE', #2185, #8285, #5908, .T. ) ;
#481 = CARTESIAN_POINT ( 'NONE',  ( -0.000000000000000000, -15.66790477302092199, -4.766399720341551571 ) ) ;
#482 = LINE ( 'NONE', #6318, #3326 ) ;
#483 = VERTEX_POINT ( 'NONE', #1642 ) ;
#484 = CARTESIAN_POINT ( 'NONE',  ( -53.99344095995156323, -26.24999999999999645, -0.06565547799456880607 ) ) ;
#485 = CARTESIAN_POINT ( 'NONE',  ( 7.852138384579765429, -21.92999999999999616, -4.766399720341551571 ) ) ;
#486 = CARTESIAN_POINT ( 'NONE',  ( -47.95232035379806490, -17.50712056481877354, 23.50000000000000000 ) ) ;
#487 = ORIENTED_EDGE ( 'NONE', *, *, #4140, .F. ) ;
#488 = ORIENTED_EDGE ( 'NONE', *, *, #9071, .T. ) ;
#489 = EDGE_LOOP ( 'NONE', ( #2329, #4436, #1354, #7802 ) ) ;
#490 = DIRECTION ( 'NONE',  ( 0.000000000000000000, 0.000000000000000000, -1.000000000000000000 ) ) ;
#491 = EDGE_CURVE ( 'NONE', #7978, #1314, #7419, .T. ) ;
#492 = ORIENTED_EDGE ( 'NONE', *, *, #6065, .F. ) ;
#493 = DIRECTION ( 'NONE',  ( -0.000000000000000000, -1.000000000000000000, -0.000000000000000000 ) ) ;
#494 = ORIENTED_EDGE ( 'NONE', *, *, #1183, .T. ) ;
#495 = CARTESIAN_POINT ( 'NONE',  ( -46.30751559817667840, -26.24999999999999645, 22.43434452200543205 ) ) ;
#496 = DIRECTION ( 'NONE',  ( 0.000000000000000000, -1.000000000000000000, 0.000000000000000000 ) ) ;
#497 = ORIENTED_EDGE ( 'NONE', *, *, #2399, .T. ) ;
#498 = ORIENTED_EDGE ( 'NONE', *, *, #8523, .T. ) ;
#499 = CARTESIAN_POINT ( 'NONE',  ( 9.758732317341049622, -17.35652330467017634, -3.266399720341551127 ) ) ;
#500 = VERTEX_POINT ( 'NONE', #8530 ) ;
#501 = ORIENTED_EDGE ( 'NONE', *, *, #5055, .F. ) ;
#502 = DIRECTION ( 'NONE',  ( -1.000000000000000000, 0.000000000000000000, 0.000000000000000000 ) ) ;
#503 = ORIENTED_EDGE ( 'NONE', *, *, #8959, .F. ) ;
#504 = LINE ( 'NONE', #8518, #2325 ) ;
#505 = DIRECTION ( 'NONE',  ( 0.000000000000000000, 1.000000000000000000, 0.000000000000000000 ) ) ;
#506 = EDGE_CURVE ( 'NONE', #18, #4243, #7823, .T. ) ;
#507 = ORIENTED_EDGE ( 'NONE', *, *, #542, .F. ) ;
#508 = ORIENTED_EDGE ( 'NONE', *, *, #2203, .T. ) ;
#509 = CARTESIAN_POINT ( 'NONE',  ( -8.291905798005583250, -23.74999999999999645, 22.88956924811451188 ) ) ;
#510 = CIRCLE ( 'NONE', #5200, 3.999999999999996447 ) ;
#511 = FACE_OUTER_BOUND ( 'NONE', #7922, .T. ) ;
#512 = CARTESIAN_POINT ( 'NONE',  ( -49.92404297007639968, -21.92999999999999616, 22.43434452200543205 ) ) ;
#513 = CIRCLE ( 'NONE', #8384, 1.600000000000002531 ) ;
#514 = CARTESIAN_POINT ( 'NONE',  ( -53.99344095995156323, -23.74999999999999645, 22.93434452200543205 ) ) ;
#515 = CARTESIAN_POINT ( 'NONE',  ( -31.99253646513271221, -26.24999999999999645, 25.73360027965844665 ) ) ;
#516 = EDGE_CURVE ( 'NONE', #3916, #3228, #1843, .T. ) ;
#517 = EDGE_CURVE ( 'NONE', #1496, #2065, #2534, .T. ) ;
#518 = ORIENTED_EDGE ( 'NONE', *, *, #1184, .F. ) ;
#519 = VECTOR ( 'NONE', #4588, 1000.000000000000000 ) ;
#520 = CARTESIAN_POINT ( 'NONE',  ( -7.274235610263284357, -25.74999999999999645, 3.416424131227112859 ) ) ;
#521 = DIRECTION ( 'NONE',  ( -1.137523590804463822E-16, 0.000000000000000000, 1.000000000000000000 ) ) ;
#522 = CARTESIAN_POINT ( 'NONE',  ( -7.774235610263285245, -25.74999999999999645, 1.129663705710172605 ) ) ;
#523 = DIRECTION ( 'NONE',  ( -0.000000000000000000, -1.000000000000000000, -0.000000000000000000 ) ) ;
#524 = ORIENTED_EDGE ( 'NONE', *, *, #6043, .F. ) ;
#525 = CARTESIAN_POINT ( 'NONE',  ( 6.806707845618117148, -28.24999999999999645, -0.06565547799456904199 ) ) ;
#526 = PLANE ( 'NONE',  #7201 ) ;
#527 = CIRCLE ( 'NONE', #6887, 3.350000000000001865 ) ;
#528 = EDGE_CURVE ( 'NONE', #4872, #155, #4058, .T. ) ;
#529 = DIRECTION ( 'NONE',  ( 1.000000000000000000, 0.000000000000000000, 0.000000000000000000 ) ) ;
#530 = EDGE_CURVE ( 'NONE', #4864, #1324, #3144, .T. ) ;
#531 = ORIENTED_EDGE ( 'NONE', *, *, #478, .F. ) ;
#532 = ORIENTED_EDGE ( 'NONE', *, *, #6993, .F. ) ;
#533 = VERTEX_POINT ( 'NONE', #5286 ) ;
#534 = LINE ( 'NONE', #8403, #1377 ) ;
#535 = AXIS2_PLACEMENT_3D ( 'NONE', #8997, #8284, #4734 ) ;
#536 = DIRECTION ( 'NONE',  ( -1.000000000000000000, 0.000000000000000000, 0.000000000000000000 ) ) ;
#537 = ORIENTED_EDGE ( 'NONE', *, *, #77, .F. ) ;
#538 = DIRECTION ( 'NONE',  ( 0.000000000000000000, 0.000000000000000000, 1.000000000000000000 ) ) ;
#539 = VECTOR ( 'NONE', #8676, 1000.000000000000000 ) ;
#540 = DIRECTION ( 'NONE',  ( 0.000000000000000000, 0.000000000000000000, -1.000000000000000000 ) ) ;
#541 = AXIS2_PLACEMENT_3D ( 'NONE', #9368, #2816, #8750 ) ;
#542 = EDGE_CURVE ( 'NONE', #9313, #6333, #8648, .T. ) ;
#543 = ORIENTED_EDGE ( 'NONE', *, *, #9339, .F. ) ;
#544 = EDGE_LOOP ( 'NONE', ( #7445, #9393, #8683, #9260 ) ) ;
#545 = PLANE ( 'NONE',  #6228 ) ;
#546 = CIRCLE ( 'NONE', #7061, 1.350000000000004086 ) ;
#547 = ORIENTED_EDGE ( 'NONE', *, *, #11, .T. ) ;
#548 = VECTOR ( 'NONE', #3811, 1000.000000000000000 ) ;
#549 = ORIENTED_EDGE ( 'NONE', *, *, #1611, .F. ) ;
#550 = CARTESIAN_POINT ( 'NONE',  ( 4.506559040048433218, -26.24999999999999645, 16.76811097311695065 ) ) ;
#551 = ORIENTED_EDGE ( 'NONE', *, *, #3185, .T. ) ;
#552 = DIRECTION ( 'NONE',  ( 0.000000000000000000, 0.000000000000000000, -1.000000000000000000 ) ) ;
#553 = DIRECTION ( 'NONE',  ( -0.000000000000000000, -1.000000000000000000, -0.000000000000000000 ) ) ;
#554 = ADVANCED_FACE ( 'NONE', ( #3195 ), #1691, .F. ) ;
#555 = AXIS2_PLACEMENT_3D ( 'NONE', #6796, #1154, #9022 ) ;
#556 = AXIS2_PLACEMENT_3D ( 'NONE', #7012, #4877, #4737 ) ;
#557 = VERTEX_POINT ( 'NONE', #8943 ) ;
#558 = ORIENTED_EDGE ( 'NONE', *, *, #8, .F. ) ;
#559 = CYLINDRICAL_SURFACE ( 'NONE', #4263, 1.500000000000000000 ) ;
#560 = CIRCLE ( 'NONE', #4956, 3.350000000000002309 ) ;
#561 = CARTESIAN_POINT ( 'NONE',  ( 1.415838343884463946, -14.57499999999999929, 2.058177442568553062 ) ) ;
#562 = CARTESIAN_POINT ( 'NONE',  ( 9.758732317341051399, -3.250000000000000444, -3.266399720341551127 ) ) ;
#563 = DIRECTION ( 'NONE',  ( -1.000000000000000000, 0.000000000000000000, 0.000000000000000000 ) ) ;
#564 = DIRECTION ( 'NONE',  ( 0.000000000000000000, 0.000000000000000000, -1.000000000000000000 ) ) ;
#565 = DIRECTION ( 'NONE',  ( 0.000000000000000000, 0.000000000000000000, 1.000000000000000000 ) ) ;
#566 = ADVANCED_FACE ( 'NONE', ( #6098 ), #6002, .T. ) ;
#567 = VECTOR ( 'NONE', #3695, 1000.000000000000000 ) ;
#568 = ORIENTED_EDGE ( 'NONE', *, *, #6034, .F. ) ;
#569 = CARTESIAN_POINT ( 'NONE',  ( -7.017521981314792434, -18.91796799097090087, 22.73360027965845021 ) ) ;
#570 = CARTESIAN_POINT ( 'NONE',  ( -66.60685805559241146, -28.24999999999999645, 8.651356676155737446 ) ) ;
#571 = ADVANCED_FACE ( 'NONE', ( #4626 ), #1026, .T. ) ;
#572 = CARTESIAN_POINT ( 'NONE',  ( -18.74287961315038586, -8.612434249412997289, 25.73360027965844665 ) ) ;
#573 = CARTESIAN_POINT ( 'NONE',  ( -49.91651260195900619, -21.92999999999999616, 23.43434452200543205 ) ) ;
#574 = PRODUCT_DEFINITION_FORMATION_WITH_SPECIFIED_SOURCE ( 'ANY', '', #7821, .NOT_KNOWN. ) ;
#575 = VERTEX_POINT ( 'NONE', #6190 ) ;
#576 = LINE ( 'NONE', #6983, #2549 ) ;
#577 = CARTESIAN_POINT ( 'NONE',  ( 1.206410234478746624, -28.24999999999999645, 22.93434452200542495 ) ) ;
#578 = DIRECTION ( 'NONE',  ( -0.000000000000000000, 0.000000000000000000, 1.000000000000000000 ) ) ;
#579 = VERTEX_POINT ( 'NONE', #3240 ) ;
#580 = VERTEX_POINT ( 'NONE', #6813 ) ;
#581 = ORIENTED_EDGE ( 'NONE', *, *, #6478, .T. ) ;
#582 = CARTESIAN_POINT ( 'NONE',  ( 15.72409668150152839, -17.02801943015421671, -3.266399720341551127 ) ) ;
#583 = ADVANCED_FACE ( 'NONE', ( #7465 ), #6953, .F. ) ;
#584 = DIRECTION ( 'NONE',  ( -0.000000000000000000, -1.000000000000000000, -0.000000000000000000 ) ) ;
#585 = ORIENTED_EDGE ( 'NONE', *, *, #1338, .F. ) ;
#586 = CARTESIAN_POINT ( 'NONE',  ( -7.274235610263284357, -25.74999999999999645, 1.129663705710172605 ) ) ;
#587 = AXIS2_PLACEMENT_3D ( 'NONE', #92, #2977, #5028 ) ;
#588 = LINE ( 'NONE', #5525, #4460 ) ;
#589 = ORIENTED_EDGE ( 'NONE', *, *, #4311, .T. ) ;
#590 = EDGE_LOOP ( 'NONE', ( #6275, #3092, #7989, #9370 ) ) ;
#591 = CARTESIAN_POINT ( 'NONE',  ( -56.55073236542025228, 0.000000000000000000, 4.452562545487269929 ) ) ;
#592 = VECTOR ( 'NONE', #3464, 1000.000000000000000 ) ;
#593 = ORIENTED_EDGE ( 'NONE', *, *, #4993, .F. ) ;
#594 = ADVANCED_FACE ( 'NONE', ( #5383 ), #9037, .F. ) ;
#595 = EDGE_CURVE ( 'NONE', #8375, #2810, #1878, .T. ) ;
#596 = ORIENTED_EDGE ( 'NONE', *, *, #9092, .F. ) ;
#597 = EDGE_CURVE ( 'NONE', #1260, #2404, #1087, .T. ) ;
#598 = PLANE ( 'NONE',  #622 ) ;
#599 = ORIENTED_EDGE ( 'NONE', *, *, #2728, .T. ) ;
#600 = DIRECTION ( 'NONE',  ( 1.000000000000000000, 0.000000000000000000, 0.000000000000000000 ) ) ;
#601 = AXIS2_PLACEMENT_3D ( 'NONE', #7113, #3452, #4036 ) ;
#602 = LINE ( 'NONE', #6963, #2345 ) ;
#603 = ORIENTED_EDGE ( 'NONE', *, *, #7790, .F. ) ;
#604 = ORIENTED_EDGE ( 'NONE', *, *, #5406, .T. ) ;
#605 = FACE_OUTER_BOUND ( 'NONE', #5787, .T. ) ;
#606 = CIRCLE ( 'NONE', #4544, 1.000000000000000888 ) ;
#607 = EDGE_CURVE ( 'NONE', #1339, #8520, #3495, .T. ) ;
#608 = DIRECTION ( 'NONE',  ( -0.000000000000000000, -1.000000000000000000, -0.000000000000000000 ) ) ;
#609 = DIRECTION ( 'NONE',  ( 0.4999999999999997224, 0.000000000000000000, -0.8660254037844388186 ) ) ;
#610 = DIRECTION ( 'NONE',  ( 0.000000000000000000, 0.000000000000000000, -1.000000000000000000 ) ) ;
#611 = CARTESIAN_POINT ( 'NONE',  ( 14.65304598478975251, -21.03051657120438378, -6.766399720341551571 ) ) ;
#612 = FACE_BOUND ( 'NONE', #4906, .T. ) ;
#613 =( NAMED_UNIT ( * ) SI_UNIT ( $, .STERADIAN. ) SOLID_ANGLE_UNIT ( ) );
#614 = VECTOR ( 'NONE', #5205, 1000.000000000000000 ) ;
#615 = VECTOR ( 'NONE', #3998, 1000.000000000000000 ) ;
#616 = EDGE_CURVE ( 'NONE', #2063, #7459, #6905, .T. ) ;
#617 = ORIENTED_EDGE ( 'NONE', *, *, #1704, .T. ) ;
#618 = DIRECTION ( 'NONE',  ( 1.000000000000000000, 0.000000000000000000, 0.000000000000000000 ) ) ;
#619 = DIRECTION ( 'NONE',  ( -0.000000000000000000, -1.000000000000000000, 0.000000000000000000 ) ) ;
#620 = CARTESIAN_POINT ( 'NONE',  ( 1.206410234478749732, -23.74999999999999645, -0.06565547799456938893 ) ) ;
#621 = CARTESIAN_POINT ( 'NONE',  ( -20.14526954535771353, -9.806698035614237696, 26.77397846476551280 ) ) ;
#622 = AXIS2_PLACEMENT_3D ( 'NONE', #4114, #4061, #6246 ) ;
#623 = VECTOR ( 'NONE', #1391, 1000.000000000000000 ) ;
#624 = ORIENTED_EDGE ( 'NONE', *, *, #5999, .T. ) ;
#625 = DIRECTION ( 'NONE',  ( -1.000000000000000000, 0.000000000000000000, 0.000000000000000000 ) ) ;
#626 = FACE_OUTER_BOUND ( 'NONE', #8174, .T. ) ;
#627 = DIRECTION ( 'NONE',  ( -1.000000000000000000, 0.000000000000000000, 0.000000000000000000 ) ) ;
#628 = EDGE_CURVE ( 'NONE', #6180, #5760, #9082, .T. ) ;
#629 = ORIENTED_EDGE ( 'NONE', *, *, #9120, .F. ) ;
#630 = CIRCLE ( 'NONE', #4868, 1.500000000000001332 ) ;
#631 = ORIENTED_EDGE ( 'NONE', *, *, #2218, .F. ) ;
#632 = CARTESIAN_POINT ( 'NONE',  ( -53.99344095995156323, -21.92999999999999616, -0.06565547799456880607 ) ) ;
#633 = DIRECTION ( 'NONE',  ( -0.000000000000000000, -1.000000000000000000, 0.000000000000000000 ) ) ;
#634 = ORIENTED_EDGE ( 'NONE', *, *, #8591, .T. ) ;
#635 = EDGE_CURVE ( 'NONE', #4726, #9058, #8893, .T. ) ;
#636 = FACE_OUTER_BOUND ( 'NONE', #5398, .T. ) ;
#637 = LINE ( 'NONE', #677, #2036 ) ;
#638 = DIRECTION ( 'NONE',  ( 0.000000000000000000, 0.000000000000000000, -1.000000000000000000 ) ) ;
#639 = EDGE_CURVE ( 'NONE', #5576, #6076, #8512, .T. ) ;
#640 = VERTEX_POINT ( 'NONE', #453 ) ;
#641 = EDGE_LOOP ( 'NONE', ( #7307, #8388, #585, #7004 ) ) ;
#642 = FACE_OUTER_BOUND ( 'NONE', #711, .T. ) ;
#643 = ORIENTED_EDGE ( 'NONE', *, *, #8419, .F. ) ;
#644 = VERTEX_POINT ( 'NONE', #8466 ) ;
#645 = CARTESIAN_POINT ( 'NONE',  ( -53.99344095995156323, -21.92999999999999616, 3.284344522005433031 ) ) ;
#646 = VERTEX_POINT ( 'NONE', #2761 ) ;
#647 = CARTESIAN_POINT ( 'NONE',  ( 6.352138384579762764, -26.24999999999999645, 24.23360027965844665 ) ) ;
#648 = CARTESIAN_POINT ( 'NONE',  ( 6.352138384579765429, -3.250000000000000000, -4.766399720341551571 ) ) ;
#649 = ADVANCED_FACE ( 'NONE', ( #4108 ), #1970, .T. ) ;
#650 = EDGE_CURVE ( 'NONE', #5750, #7596, #6385, .T. ) ;
#651 = VERTEX_POINT ( 'NONE', #8415 ) ;
#652 = VERTEX_POINT ( 'NONE', #1217 ) ;
#653 = DIRECTION ( 'NONE',  ( -0.7071067811865475727, -0.7071067811865475727, 0.000000000000000000 ) ) ;
#654 = CARTESIAN_POINT ( 'NONE',  ( -63.55073236542024517, -13.92906725808352952, 4.952562545487270818 ) ) ;
#655 = CARTESIAN_POINT ( 'NONE',  ( 11.11862117367210168, -4.994728181037624282, -4.766399720341551571 ) ) ;
#656 = DIRECTION ( 'NONE',  ( -1.137523590804463822E-16, 0.000000000000000000, 1.000000000000000000 ) ) ;
#657 = PLANE ( 'NONE',  #3882 ) ;
#658 = LINE ( 'NONE', #7912, #4623 ) ;
#659 = EDGE_CURVE ( 'NONE', #2333, #800, #7002, .T. ) ;
#660 = ORIENTED_EDGE ( 'NONE', *, *, #8933, .T. ) ;
#661 = DIRECTION ( 'NONE',  ( 0.5000000000000008882, 0.000000000000000000, -0.8660254037844381525 ) ) ;
#662 = VECTOR ( 'NONE', #2778, 1000.000000000000000 ) ;
#663 = CARTESIAN_POINT ( 'NONE',  ( -55.39351536273640164, -23.74999999999999645, 2.359344522005430989 ) ) ;
#664 = CARTESIAN_POINT ( 'NONE',  ( 4.006559040048433218, -8.929999999999994387, 22.93434452200543205 ) ) ;
#665 = VERTEX_POINT ( 'NONE', #9314 ) ;
#666 = CARTESIAN_POINT ( 'NONE',  ( 7.852138384579761876, -21.92999999999999616, 25.73360027965844665 ) ) ;
#667 = CARTESIAN_POINT ( 'NONE',  ( -1.779541611831134133E-15, -4.994728181037619841, -4.766399720341551571 ) ) ;
#668 = DIRECTION ( 'NONE',  ( 1.000000000000000000, 0.000000000000000000, 0.000000000000000000 ) ) ;
#669 = VECTOR ( 'NONE', #876, 1000.000000000000000 ) ;
#670 = VERTEX_POINT ( 'NONE', #5002 ) ;
#671 = CARTESIAN_POINT ( 'NONE',  ( -8.421534865563451433, -16.48614634097089393, 23.50000000000000000 ) ) ;
#672 = DIRECTION ( 'NONE',  ( -0.000000000000000000, 1.000000000000000000, 0.000000000000000000 ) ) ;
#673 = PLANE ( 'NONE',  #3310 ) ;
#674 = VECTOR ( 'NONE', #1153, 1000.000000000000000 ) ;
#675 = VERTEX_POINT ( 'NONE', #5624 ) ;
#676 = DIRECTION ( 'NONE',  ( -0.000000000000000000, -1.000000000000000000, -0.000000000000000000 ) ) ;
#677 = CARTESIAN_POINT ( 'NONE',  ( 4.006559040048433218, -8.929999999999994387, 19.58434452200542708 ) ) ;
#678 = CYLINDRICAL_SURFACE ( 'NONE', #6160, 4.000000000000000888 ) ;
#679 = AXIS2_PLACEMENT_3D ( 'NONE', #2304, #4449, #7336 ) ;
#680 = ORIENTED_EDGE ( 'NONE', *, *, #6273, .F. ) ;
#681 = ORIENTED_EDGE ( 'NONE', *, *, #4981, .F. ) ;
#682 = CARTESIAN_POINT ( 'NONE',  ( 16.25304598478975393, -21.03051657120438378, -3.266399720341551127 ) ) ;
#683 = ORIENTED_EDGE ( 'NONE', *, *, #6464, .F. ) ;
#684 = EDGE_CURVE ( 'NONE', #1792, #918, #2016, .T. ) ;
#685 = VERTEX_POINT ( 'NONE', #4819 ) ;
#686 = CARTESIAN_POINT ( 'NONE',  ( 4.006559040048433218, -21.92999999999999616, 22.93434452200543205 ) ) ;
#687 = AXIS2_PLACEMENT_3D ( 'NONE', #6856, #1023, #3236 ) ;
#688 = ORIENTED_EDGE ( 'NONE', *, *, #3515, .T. ) ;
#689 = DIRECTION ( 'NONE',  ( 0.000000000000000000, 0.000000000000000000, -1.000000000000000000 ) ) ;
#690 = CARTESIAN_POINT ( 'NONE',  ( 7.852138384579765429, -21.92999999999999616, -4.766399720341551571 ) ) ;
#691 = AXIS2_PLACEMENT_3D ( 'NONE', #8397, #4802, #7968 ) ;
#692 = VERTEX_POINT ( 'NONE', #3384 ) ;
#693 = EDGE_LOOP ( 'NONE', ( #7181, #5884, #551, #2973 ) ) ;
#694 = FACE_OUTER_BOUND ( 'NONE', #2035, .T. ) ;
#695 = ADVANCED_FACE ( 'NONE', ( #1262 ), #6290, .T. ) ;
#696 = DIRECTION ( 'NONE',  ( 0.000000000000000000, -0.000000000000000000, -1.000000000000000000 ) ) ;
#697 = DIRECTION ( 'NONE',  ( -0.000000000000000000, -1.000000000000000000, -0.000000000000000000 ) ) ;
#698 = ADVANCED_FACE ( 'NONE', ( #9182 ), #4865, .F. ) ;
#699 = VECTOR ( 'NONE', #424, 1000.000000000000000 ) ;
#700 = CARTESIAN_POINT ( 'NONE',  ( 1.010867600122345333, -21.92999999999999616, 25.73360027965844665 ) ) ;
#701 = VECTOR ( 'NONE', #4535, 1000.000000000000000 ) ;
#702 = FACE_OUTER_BOUND ( 'NONE', #9030, .T. ) ;
#703 = AXIS2_PLACEMENT_3D ( 'NONE', #6033, #3849, #3318 ) ;
#704 = FACE_OUTER_BOUND ( 'NONE', #9207, .T. ) ;
#705 = VERTEX_POINT ( 'NONE', #4908 ) ;
#706 = CARTESIAN_POINT ( 'NONE',  ( 14.21629301208212226, -24.74999999999999645, 15.12772820251061034 ) ) ;
#707 = CARTESIAN_POINT ( 'NONE',  ( -60.05073236542024517, -26.24999999999999645, 24.23360027965844665 ) ) ;
#708 = DIRECTION ( 'NONE',  ( 0.000000000000000000, 1.000000000000000000, 0.000000000000000000 ) ) ;
#709 = EDGE_CURVE ( 'NONE', #6142, #9320, #5665, .T. ) ;
#710 = ADVANCED_FACE ( 'NONE', ( #7045 ), #545, .T. ) ;
#711 = EDGE_LOOP ( 'NONE', ( #2394, #1806, #928, #5543 ) ) ;
#712 = LINE ( 'NONE', #43, #2696 ) ;
#713 = CARTESIAN_POINT ( 'NONE',  ( 6.352138384579762764, -3.249999999999999556, 24.23360027965844665 ) ) ;
#714 = AXIS2_PLACEMENT_3D ( 'NONE', #3064, #7392, #9391 ) ;
#715 = CARTESIAN_POINT ( 'NONE',  ( -18.74287961315038942, -8.612434249413000842, 27.73360027965844665 ) ) ;
#716 = ORIENTED_EDGE ( 'NONE', *, *, #7897, .F. ) ;
#717 = CARTESIAN_POINT ( 'NONE',  ( -21.38836543812355373, -8.826403837643525208, 35.00000000000000000 ) ) ;
#718 = CARTESIAN_POINT ( 'NONE',  ( 15.72409668150152839, -17.02801943015421671, -3.266399720341551127 ) ) ;
#719 = DIRECTION ( 'NONE',  ( 0.000000000000000000, 0.000000000000000000, 1.000000000000000000 ) ) ;
#720 = EDGE_CURVE ( 'NONE', #7983, #7569, #9225, .T. ) ;
#721 = ORIENTED_EDGE ( 'NONE', *, *, #4406, .F. ) ;
#722 = DIRECTION ( 'NONE',  ( 0.000000000000000000, 0.000000000000000000, -1.000000000000000000 ) ) ;
#723 = DIRECTION ( 'NONE',  ( -0.000000000000000000, -1.000000000000000000, -0.000000000000000000 ) ) ;
#724 = DIRECTION ( 'NONE',  ( -0.8660254037844385966, 0.000000000000000000, -0.5000000000000003331 ) ) ;
#725 = EDGE_CURVE ( 'NONE', #5627, #2251, #6338, .T. ) ;
#726 = ORIENTED_EDGE ( 'NONE', *, *, #986, .F. ) ;
#727 = ORIENTED_EDGE ( 'NONE', *, *, #1993, .T. ) ;
#728 = CYLINDRICAL_SURFACE ( 'NONE', #7578, 4.099999999999999645 ) ;
#729 = ORIENTED_EDGE ( 'NONE', *, *, #8274, .T. ) ;
#730 = VECTOR ( 'NONE', #9114, 1000.000000000000000 ) ;
#731 = ORIENTED_EDGE ( 'NONE', *, *, #9120, .T. ) ;
#732 = DIRECTION ( 'NONE',  ( 0.000000000000000000, 0.000000000000000000, 1.000000000000000000 ) ) ;
#733 = EDGE_LOOP ( 'NONE', ( #5515, #7420 ) ) ;
#734 = ADVANCED_FACE ( 'NONE', ( #642 ), #3521, .F. ) ;
#735 = DIRECTION ( 'NONE',  ( 0.000000000000000000, 0.000000000000000000, -1.000000000000000000 ) ) ;
#736 = DIRECTION ( 'NONE',  ( 0.000000000000000000, -1.000000000000000000, -0.000000000000000000 ) ) ;
#737 = VECTOR ( 'NONE', #584, 1000.000000000000000 ) ;
#738 = ADVANCED_FACE ( 'NONE', ( #3472 ), #3336, .T. ) ;
#739 = VERTEX_POINT ( 'NONE', #5531 ) ;
#740 = ORIENTED_EDGE ( 'NONE', *, *, #8242, .F. ) ;
#741 = CARTESIAN_POINT ( 'NONE',  ( -58.09344095995156465, -21.92999999999999616, 0.5000000000000000000 ) ) ;
#742 = VERTEX_POINT ( 'NONE', #7984 ) ;
#743 = LINE ( 'NONE', #8569, #8931 ) ;
#744 = CARTESIAN_POINT ( 'NONE',  ( 11.12228341961741762, -25.27535387189999128, -4.766399720341551571 ) ) ;
#745 = FACE_OUTER_BOUND ( 'NONE', #7717, .T. ) ;
#746 = DIRECTION ( 'NONE',  ( 1.000000000000000000, 0.000000000000000000, -0.000000000000000000 ) ) ;
#747 = CARTESIAN_POINT ( 'NONE',  ( 6.352138384579765429, -3.249999999999999556, -3.266399720341551127 ) ) ;
#748 = EDGE_CURVE ( 'NONE', #3976, #4820, #2331, .T. ) ;
#749 = VERTEX_POINT ( 'NONE', #2944 ) ;
#750 = AXIS2_PLACEMENT_3D ( 'NONE', #6532, #9280, #4400 ) ;
#751 = ORIENTED_EDGE ( 'NONE', *, *, #8286, .F. ) ;
#752 = DIRECTION ( 'NONE',  ( 0.000000000000000000, 1.298842177042580110E-16, 1.000000000000000000 ) ) ;
#753 = CARTESIAN_POINT ( 'NONE',  ( -67.52198187529464235, -4.250000000000000000, -6.766399720341551571 ) ) ;
#754 = DIRECTION ( 'NONE',  ( 0.000000000000000000, 0.000000000000000000, -1.000000000000000000 ) ) ;
#755 = ORIENTED_EDGE ( 'NONE', *, *, #6634, .T. ) ;
#756 = CARTESIAN_POINT ( 'NONE',  ( -66.53120306077292412, -24.74999999999999645, 13.37961269154899036 ) ) ;
#757 = DIRECTION ( 'NONE',  ( 0.000000000000000000, 0.000000000000000000, 1.000000000000000000 ) ) ;
#758 = VECTOR ( 'NONE', #8570, 1000.000000000000000 ) ;
#759 = CIRCLE ( 'NONE', #7267, 4.099999999999999645 ) ;
#760 = CARTESIAN_POINT ( 'NONE',  ( 14.21629301208212226, -24.74999999999999645, 8.561872586650322248 ) ) ;
#761 = ORIENTED_EDGE ( 'NONE', *, *, #9054, .F. ) ;
#762 = EDGE_CURVE ( 'NONE', #640, #6549, #8654, .T. ) ;
#763 = ADVANCED_FACE ( 'NONE', ( #15 ), #1447, .T. ) ;
#764 = EDGE_CURVE ( 'NONE', #2484, #579, #7440, .T. ) ;
#765 = ORIENTED_EDGE ( 'NONE', *, *, #3400, .T. ) ;
#766 = EDGE_CURVE ( 'NONE', #2639, #2984, #822, .T. ) ;
#767 = DIRECTION ( 'NONE',  ( -0.000000000000000000, -1.000000000000000000, -0.000000000000000000 ) ) ;
#768 = VECTOR ( 'NONE', #978, 1000.000000000000000 ) ;
#769 = AXIS2_PLACEMENT_3D ( 'NONE', #3842, #1764, #8105 ) ;
#770 = DIRECTION ( 'NONE',  ( 0.000000000000000000, -1.000000000000000000, 0.000000000000000000 ) ) ;
#771 = ORIENTED_EDGE ( 'NONE', *, *, #2997, .F. ) ;
#772 = DIRECTION ( 'NONE',  ( 1.000000000000000000, 0.000000000000000000, -0.000000000000000000 ) ) ;
#773 = DIRECTION ( 'NONE',  ( 0.000000000000000000, 0.000000000000000000, -1.000000000000000000 ) ) ;
#774 = CARTESIAN_POINT ( 'NONE',  ( -60.05073236542024517, -26.24999999999999645, 24.23360027965844665 ) ) ;
#775 = VECTOR ( 'NONE', #8557, 1000.000000000000000 ) ;
#776 = VECTOR ( 'NONE', #4216, 1000.000000000000000 ) ;
#777 = ADVANCED_FACE ( 'NONE', ( #6610 ), #5943, .T. ) ;
#778 = ORIENTED_EDGE ( 'NONE', *, *, #7224, .F. ) ;
#779 = ORIENTED_EDGE ( 'NONE', *, *, #5099, .F. ) ;
#780 = DIRECTION ( 'NONE',  ( 0.000000000000000000, 0.000000000000000000, -1.000000000000000000 ) ) ;
#781 = VECTOR ( 'NONE', #1187, 1000.000000000000000 ) ;
#782 = VERTEX_POINT ( 'NONE', #1633 ) ;
#783 = ORIENTED_EDGE ( 'NONE', *, *, #1301, .F. ) ;
#784 = CYLINDRICAL_SURFACE ( 'NONE', #1315, 3.500000000000000000 ) ;
#785 = ORIENTED_EDGE ( 'NONE', *, *, #4092, .T. ) ;
#786 = DIRECTION ( 'NONE',  ( -0.000000000000000000, 0.000000000000000000, 1.000000000000000000 ) ) ;
#787 = DIRECTION ( 'NONE',  ( 0.000000000000000000, 0.000000000000000000, -1.000000000000000000 ) ) ;
#788 = VECTOR ( 'NONE', #7284, 1000.000000000000000 ) ;
#789 = ORIENTED_EDGE ( 'NONE', *, *, #305, .T. ) ;
#790 = CARTESIAN_POINT ( 'NONE',  ( -21.00632283287208324, -26.24999999999999645, 25.73360027965844665 ) ) ;
#791 = ORIENTED_EDGE ( 'NONE', *, *, #8137, .T. ) ;
#792 = DIRECTION ( 'NONE',  ( 1.000000000000000000, -0.000000000000000000, -0.000000000000000000 ) ) ;
#793 = EDGE_LOOP ( 'NONE', ( #8335, #8323, #4161, #7940, #341 ) ) ;
#794 = CYLINDRICAL_SURFACE ( 'NONE', #4239, 0.5000000000000004441 ) ;
#795 = LINE ( 'NONE', #9374, #2881 ) ;
#796 = CARTESIAN_POINT ( 'NONE',  ( 11.12228341961741762, -25.03301371225455441, -4.766399720341551571 ) ) ;
#797 = DIRECTION ( 'NONE',  ( 0.4999999999999993894, 0.000000000000000000, 0.8660254037844389297 ) ) ;
#798 = CARTESIAN_POINT ( 'NONE',  ( 4.006559040048433218, -23.74999999999999645, -0.06565547799456880607 ) ) ;
#799 = EDGE_LOOP ( 'NONE', ( #3334, #1590, #5297, #3818 ) ) ;
#800 = VERTEX_POINT ( 'NONE', #7223 ) ;
#801 = CARTESIAN_POINT ( 'NONE',  ( -46.30751559817667840, -26.24999999999999645, 23.43434452200543205 ) ) ;
#802 = CARTESIAN_POINT ( 'NONE',  ( -59.97849175394367194, -26.24999999999999645, -0.5000000000000000000 ) ) ;
#803 = PLANE ( 'NONE',  #2723 ) ;
#804 = EDGE_CURVE ( 'NONE', #5096, #1218, #8272, .T. ) ;
#805 = CARTESIAN_POINT ( 'NONE',  ( -54.49344095995157033, -21.92999999999999616, 4.003742511880600041 ) ) ;
#806 = DIRECTION ( 'NONE',  ( 0.000000000000000000, 0.000000000000000000, -1.000000000000000000 ) ) ;
#807 = CARTESIAN_POINT ( 'NONE',  ( -14.95632582902195473, -26.24999999999999645, 1.129663705710172605 ) ) ;
#808 = ORIENTED_EDGE ( 'NONE', *, *, #9223, .F. ) ;
#809 = AXIS2_PLACEMENT_3D ( 'NONE', #4694, #9007, #3162 ) ;
#810 = ORIENTED_EDGE ( 'NONE', *, *, #1925, .T. ) ;
#811 = CARTESIAN_POINT ( 'NONE',  ( -53.99344095995156323, -21.92999999999999616, -4.165655477994576472 ) ) ;
#812 = CARTESIAN_POINT ( 'NONE',  ( -7.274235610263284357, -26.24999999999999645, 1.129663705710172605 ) ) ;
#813 = ADVANCED_FACE ( 'NONE', ( #5180 ), #728, .T. ) ;
#814 = VERTEX_POINT ( 'NONE', #5226 ) ;
#815 = PLANE ( 'NONE',  #3724 ) ;
#816 = AXIS2_PLACEMENT_3D ( 'NONE', #8560, #6346, #7806 ) ;
#817 = ADVANCED_FACE ( 'NONE', ( #8743, #1584 ), #2239, .T. ) ;
#818 = DIRECTION ( 'NONE',  ( 0.000000000000000000, -1.000000000000000000, 0.000000000000000000 ) ) ;
#819 = CARTESIAN_POINT ( 'NONE',  ( -63.21301002558863047, -26.24999999999999645, -4.766399720341551571 ) ) ;
#820 = ORIENTED_EDGE ( 'NONE', *, *, #8890, .T. ) ;
#821 = ORIENTED_EDGE ( 'NONE', *, *, #9000, .F. ) ;
#822 = LINE ( 'NONE', #8120, #4569 ) ;
#823 = VECTOR ( 'NONE', #3802, 1000.000000000000000 ) ;
#824 = ORIENTED_EDGE ( 'NONE', *, *, #8563, .T. ) ;
#825 = EDGE_LOOP ( 'NONE', ( #4106, #8661, #8310, #3125, #6893, #501, #7751, #5015 ) ) ;
#826 = DIRECTION ( 'NONE',  ( -0.000000000000000000, 1.000000000000000000, -0.000000000000000000 ) ) ;
#827 = ORIENTED_EDGE ( 'NONE', *, *, #3820, .T. ) ;
#828 = EDGE_CURVE ( 'NONE', #1890, #9277, #3665, .T. ) ;
#829 = DIRECTION ( 'NONE',  ( 0.000000000000000000, 0.000000000000000000, 1.000000000000000000 ) ) ;
#830 = CIRCLE ( 'NONE', #5535, 1.199999999999999734 ) ;
#831 = CARTESIAN_POINT ( 'NONE',  ( 6.352138384579762764, -21.92999999999999616, 24.23360027965844665 ) ) ;
#832 = VERTEX_POINT ( 'NONE', #7363 ) ;
#833 = CARTESIAN_POINT ( 'NONE',  ( -14.42158689150289952, -26.24999999999999645, 22.88956924811451188 ) ) ;
#834 = ORIENTED_EDGE ( 'NONE', *, *, #828, .T. ) ;
#835 = VECTOR ( 'NONE', #8179, 1000.000000000000227 ) ;
#836 = LINE ( 'NONE', #6815, #1750 ) ;
#837 = VECTOR ( 'NONE', #449, 1000.000000000000000 ) ;
#838 = ORIENTED_EDGE ( 'NONE', *, *, #2089, .F. ) ;
#839 = FACE_OUTER_BOUND ( 'NONE', #2756, .T. ) ;
#840 = EDGE_CURVE ( 'NONE', #7605, #3196, #4434, .T. ) ;
#841 = FACE_OUTER_BOUND ( 'NONE', #9235, .T. ) ;
#842 = CARTESIAN_POINT ( 'NONE',  ( 14.18099059628930014, -25.03301371225455441, -3.266399720341551127 ) ) ;
#843 = DIRECTION ( 'NONE',  ( 0.000000000000000000, 1.000000000000000000, -0.000000000000000000 ) ) ;
#844 = CIRCLE ( 'NONE', #691, 1.600000000000004086 ) ;
#845 = CIRCLE ( 'NONE', #1158, 1.500000000000000000 ) ;
#846 = ORIENTED_EDGE ( 'NONE', *, *, #2480, .F. ) ;
#847 = EDGE_LOOP ( 'NONE', ( #4593, #6157, #2530, #2427 ) ) ;
#848 = CARTESIAN_POINT ( 'NONE',  ( 7.852138384579761876, -14.00699220561814329, 25.73360027965844665 ) ) ;
#849 = VECTOR ( 'NONE', #7911, 1000.000000000000000 ) ;
#850 = CARTESIAN_POINT ( 'NONE',  ( -57.66500060241337167, -21.92999999999999616, 22.43434452200543205 ) ) ;
#851 = DIRECTION ( 'NONE',  ( -0.000000000000000000, -1.000000000000000000, -0.000000000000000000 ) ) ;
#852 = CARTESIAN_POINT ( 'NONE',  ( 0.000000000000000000, 0.000000000000000000, 0.5000000000000000000 ) ) ;
#853 = FACE_OUTER_BOUND ( 'NONE', #4057, .T. ) ;
#854 = DIRECTION ( 'NONE',  ( 0.000000000000000000, 1.000000000000000000, -0.000000000000000000 ) ) ;
#855 = AXIS2_PLACEMENT_3D ( 'NONE', #1129, #3564, #461 ) ;
#856 = ORIENTED_EDGE ( 'NONE', *, *, #5641, .F. ) ;
#857 = DIRECTION ( 'NONE',  ( 0.000000000000000000, 0.000000000000000000, -1.000000000000000000 ) ) ;
#858 = EDGE_CURVE ( 'NONE', #6549, #2484, #1542, .T. ) ;
#859 = VECTOR ( 'NONE', #7436, 1000.000000000000000 ) ;
#860 = EDGE_CURVE ( 'NONE', #6483, #4050, #6825, .T. ) ;
#861 = CYLINDRICAL_SURFACE ( 'NONE', #2623, 4.100000000000000533 ) ;
#862 = LINE ( 'NONE', #2232, #1656 ) ;
#863 = AXIS2_PLACEMENT_3D ( 'NONE', #94, #8015, #1431 ) ;
#864 = ORIENTED_EDGE ( 'NONE', *, *, #1301, .T. ) ;
#865 = CARTESIAN_POINT ( 'NONE',  ( -49.89344095995156891, -21.92999999999999616, 0.5000000000000000000 ) ) ;
#866 = DIRECTION ( 'NONE',  ( -0.000000000000000000, -1.000000000000000000, -0.000000000000000000 ) ) ;
#867 = CARTESIAN_POINT ( 'NONE',  ( -66.53120306077292412, -24.74999999999999645, 11.77961269154898716 ) ) ;
#868 = ORIENTED_EDGE ( 'NONE', *, *, #5480, .F. ) ;
#869 = EDGE_CURVE ( 'NONE', #7221, #1632, #5758, .T. ) ;
#870 = EDGE_LOOP ( 'NONE', ( #4152, #8409 ) ) ;
#871 = CARTESIAN_POINT ( 'NONE',  ( -53.49344095995156323, -26.24999999999999645, 18.86494653213027206 ) ) ;
#872 = VERTEX_POINT ( 'NONE', #4475 ) ;
#873 = ORIENTED_EDGE ( 'NONE', *, *, #2328, .T. ) ;
#874 = DIRECTION ( 'NONE',  ( 1.000000000000000000, 0.000000000000000000, 0.000000000000000000 ) ) ;
#875 = VERTEX_POINT ( 'NONE', #871 ) ;
#876 = DIRECTION ( 'NONE',  ( 1.000000000000000000, 0.000000000000000000, 0.000000000000000000 ) ) ;
#877 = CARTESIAN_POINT ( 'NONE',  ( -45.52049870685441846, -21.71915921227099844, 23.50000000000000000 ) ) ;
#878 = ADVANCED_FACE ( 'NONE', ( #3756 ), #2148, .T. ) ;
#879 = ORIENTED_EDGE ( 'NONE', *, *, #8312, .T. ) ;
#880 = CYLINDRICAL_SURFACE ( 'NONE', #5773, 0.5000000000000004441 ) ;
#881 = ADVANCED_FACE ( 'NONE', ( #2570 ), #3855, .T. ) ;
#882 = EDGE_LOOP ( 'NONE', ( #8210, #5716, #5475, #1037 ) ) ;
#883 = ADVANCED_FACE ( 'NONE', ( #198 ), #7457, .T. ) ;
#884 = CARTESIAN_POINT ( 'NONE',  ( -66.42541949054557904, -21.03301371225455441, -3.266399720341551127 ) ) ;
#885 = ORIENTED_EDGE ( 'NONE', *, *, #2204, .T. ) ;
#886 = DIRECTION ( 'NONE',  ( 0.000000000000000000, -1.000000000000000000, 0.000000000000000000 ) ) ;
#887 = DIRECTION ( 'NONE',  ( -1.000000000000000000, 0.000000000000000000, 0.000000000000000000 ) ) ;
#888 = LINE ( 'NONE', #1650, #1010 ) ;
#889 = VECTOR ( 'NONE', #2174, 1000.000000000000000 ) ;
#890 = CARTESIAN_POINT ( 'NONE',  ( -0.02117511800357047003, -14.00699220561814329, 25.73360027965844665 ) ) ;
#891 = EDGE_LOOP ( 'NONE', ( #3044, #7655, #6854, #1174 ) ) ;
#892 = EDGE_CURVE ( 'NONE', #4094, #7647, #9074, .T. ) ;
#893 = ORIENTED_EDGE ( 'NONE', *, *, #5618, .T. ) ;
#894 = CARTESIAN_POINT ( 'NONE',  ( -49.89344095995156891, -21.92999999999999616, -0.5000000000000000000 ) ) ;
#895 = AXIS2_PLACEMENT_3D ( 'NONE', #2650, #5556, #9249 ) ;
#896 = CARTESIAN_POINT ( 'NONE',  ( -5.613509097066130771, -21.34978964097089715, 23.50000000000000000 ) ) ;
#897 = CARTESIAN_POINT ( 'NONE',  ( 7.852138384579761876, -8.826403837643526984, 25.73360027965844665 ) ) ;
#898 = DIRECTION ( 'NONE',  ( -0.000000000000000000, -1.000000000000000000, -0.000000000000000000 ) ) ;
#899 = LINE ( 'NONE', #3599, #539 ) ;
#900 = DIRECTION ( 'NONE',  ( -1.000000000000000000, 0.000000000000000000, 0.000000000000000000 ) ) ;
#901 = CIRCLE ( 'NONE', #7714, 4.100000000000000533 ) ;
#902 = ORIENTED_EDGE ( 'NONE', *, *, #1689, .T. ) ;
#903 = CARTESIAN_POINT ( 'NONE',  ( 13.55308861578300039, -4.994728181037625170, -3.266399720341551127 ) ) ;
#904 = DIRECTION ( 'NONE',  ( -0.000000000000000000, -1.000000000000000000, -0.000000000000000000 ) ) ;
#905 = CARTESIAN_POINT ( 'NONE',  ( 7.852138384579765429, -21.92999999999999616, 1.356146021833720905 ) ) ;
#906 = VECTOR ( 'NONE', #9098, 1000.000000000000000 ) ;
#907 = VECTOR ( 'NONE', #5897, 1000.000000000000000 ) ;
#908 = ORIENTED_EDGE ( 'NONE', *, *, #8703, .F. ) ;
#909 = CARTESIAN_POINT ( 'NONE',  ( -63.54634611201960581, -15.66790477302092199, -6.766399720341551571 ) ) ;
#910 = CARTESIAN_POINT ( 'NONE',  ( -49.51752198131478622, -18.91796799097089732, 22.73360027965845021 ) ) ;
#911 = ADVANCED_FACE ( 'NONE', ( #3082 ), #8311, .T. ) ;
#912 = CARTESIAN_POINT ( 'NONE',  ( -53.49344095995156323, -21.92999999999999616, 19.25427802994967053 ) ) ;
#913 = CARTESIAN_POINT ( 'NONE',  ( -13.95632582902195296, -23.74999999999999645, 3.416424131227112859 ) ) ;
#914 = VECTOR ( 'NONE', #31, 1000.000000000000000 ) ;
#915 = EDGE_LOOP ( 'NONE', ( #1670, #7268, #7469, #5433, #1786, #451, #8590, #4082, #4783, #2562, #2373, #3612 ) ) ;
#916 = ORIENTED_EDGE ( 'NONE', *, *, #1469, .T. ) ;
#917 = LINE ( 'NONE', #3807, #2725 ) ;
#918 = VERTEX_POINT ( 'NONE', #1680 ) ;
#919 = ORIENTED_EDGE ( 'NONE', *, *, #2872, .F. ) ;
#920 = DIRECTION ( 'NONE',  ( 0.000000000000000000, -0.8964040148762899562, 0.4432379069006490147 ) ) ;
#922 = EDGE_CURVE ( 'NONE', #8454, #9289, #5275, .T. ) ;
#921 = VECTOR ( 'NONE', #697, 1000.000000000000000 ) ;
#923 = ORIENTED_EDGE ( 'NONE', *, *, #2189, .T. ) ;
#924 = VECTOR ( 'NONE', #7848, 1000.000000000000000 ) ;
#925 = EDGE_CURVE ( 'NONE', #8136, #2721, #4572, .T. ) ;
#926 = DIRECTION ( 'NONE',  ( -1.229731407598143378E-16, -1.000000000000000000, 0.000000000000000000 ) ) ;
#927 = CARTESIAN_POINT ( 'NONE',  ( 7.845574320346132779, -26.24999999999999645, 24.37377554766827714 ) ) ;
#928 = ORIENTED_EDGE ( 'NONE', *, *, #3227, .T. ) ;
#929 = CARTESIAN_POINT ( 'NONE',  ( -61.55073236542024517, -26.24999999999999645, -3.266399720341551571 ) ) ;
#930 = VECTOR ( 'NONE', #1312, 1000.000000000000114 ) ;
#931 = ORIENTED_EDGE ( 'NONE', *, *, #4247, .T. ) ;
#932 = LINE ( 'NONE', #5241, #8912 ) ;
#933 = ORIENTED_EDGE ( 'NONE', *, *, #1412, .F. ) ;
#934 = DIRECTION ( 'NONE',  ( 0.000000000000000000, 1.000000000000000000, 0.000000000000000000 ) ) ;
#935 = ORIENTED_EDGE ( 'NONE', *, *, #5900, .F. ) ;
#936 = CARTESIAN_POINT ( 'NONE',  ( -53.99344095995156323, -8.929999999999994387, 21.58434452200542353 ) ) ;
#937 = DIRECTION ( 'NONE',  ( 0.000000000000000000, 0.000000000000000000, -1.000000000000000000 ) ) ;
#939 = ADVANCED_FACE ( 'NONE', ( #2433 ), #7507, .F. ) ;
#938 = CARTESIAN_POINT ( 'NONE',  ( 2.606484637263591697, -23.74999999999999645, 25.35934452200542921 ) ) ;
#940 = ORIENTED_EDGE ( 'NONE', *, *, #8190, .T. ) ;
#941 = ORIENTED_EDGE ( 'NONE', *, *, #5521, .F. ) ;
#942 = DIRECTION ( 'NONE',  ( -0.000000000000000000, -1.000000000000000000, -0.000000000000000000 ) ) ;
#943 = DIRECTION ( 'NONE',  ( 4.646333810527297518E-16, -0.000000000000000000, 1.000000000000000000 ) ) ;
#944 = DIRECTION ( 'NONE',  ( -0.000000000000000000, -1.000000000000000000, -0.000000000000000000 ) ) ;
#945 = LINE ( 'NONE', #6783, #1802 ) ;
#946 = CARTESIAN_POINT ( 'NONE',  ( -59.97849175394367194, -26.24999999999999645, 22.43434452200543205 ) ) ;
#947 = EDGE_CURVE ( 'NONE', #705, #4207, #1070, .T. ) ;
#948 = LINE ( 'NONE', #3164, #8891 ) ;
#949 = EDGE_LOOP ( 'NONE', ( #4960, #2155, #5866, #222 ) ) ;
#950 = CARTESIAN_POINT ( 'NONE',  ( 5.406633442833274295, -28.24999999999999645, -2.490655477994568656 ) ) ;
#951 = CARTESIAN_POINT ( 'NONE',  ( -56.55073236542025228, -6.477067257872925587, 21.40472885406023451 ) ) ;
#952 = CARTESIAN_POINT ( 'NONE',  ( -53.99344095995156323, -8.929999999999994387, 3.284344522005433031 ) ) ;
#953 = CARTESIAN_POINT ( 'NONE',  ( 5.406633442833272518, -23.74999999999999645, 20.50934452200543134 ) ) ;
#954 = ORIENTED_EDGE ( 'NONE', *, *, #4375, .T. ) ;
#955 = FACE_OUTER_BOUND ( 'NONE', #7435, .T. ) ;
#956 = DIRECTION ( 'NONE',  ( -0.000000000000000000, -1.000000000000000000, -0.000000000000000000 ) ) ;
#957 = AXIS2_PLACEMENT_3D ( 'NONE', #2784, #38, #8056 ) ;
#958 = EDGE_CURVE ( 'NONE', #3215, #7744, #2118, .T. ) ;
#959 = DIRECTION ( 'NONE',  ( 1.000000000000000000, -3.562839752896116123E-16, 0.000000000000000000 ) ) ;
#960 = PLANE ( 'NONE',  #8728 ) ;
#961 = ORIENTED_EDGE ( 'NONE', *, *, #3809, .T. ) ;
#962 = ORIENTED_EDGE ( 'NONE', *, *, #3056, .T. ) ;
#963 = CARTESIAN_POINT ( 'NONE',  ( -14.42158689150289952, -23.24999999999999645, 22.88956924811451188 ) ) ;
#964 = VECTOR ( 'NONE', #656, 1000.000000000000000 ) ;
#965 = ORIENTED_EDGE ( 'NONE', *, *, #5564, .T. ) ;
#966 = LINE ( 'NONE', #4671, #7965 ) ;
#967 = VERTEX_POINT ( 'NONE', #3906 ) ;
#968 = CARTESIAN_POINT ( 'NONE',  ( -11.02830546420950242, -8.826403837643525208, 26.77397846476551280 ) ) ;
#969 = AXIS2_PLACEMENT_3D ( 'NONE', #3312, #4933, #9060 ) ;
#970 = DIRECTION ( 'NONE',  ( -0.000000000000000000, -1.000000000000000000, -0.000000000000000000 ) ) ;
#971 = VECTOR ( 'NONE', #5379, 1000.000000000000000 ) ;
#972 = VERTEX_POINT ( 'NONE', #9027 ) ;
#973 = CARTESIAN_POINT ( 'NONE',  ( -53.99344095995156323, -21.92999999999999616, 22.93434452200543205 ) ) ;
#974 = EDGE_CURVE ( 'NONE', #9316, #1027, #4520, .T. ) ;
#975 = ORIENTED_EDGE ( 'NONE', *, *, #9236, .T. ) ;
#976 = CARTESIAN_POINT ( 'NONE',  ( 15.98308861578300011, -4.250000000000000000, -3.266399720341551127 ) ) ;
#977 = VERTEX_POINT ( 'NONE', #7556 ) ;
#978 = DIRECTION ( 'NONE',  ( 0.000000000000000000, 0.000000000000000000, -1.000000000000000000 ) ) ;
#979 = AXIS2_PLACEMENT_3D ( 'NONE', #1873, #3331, #4722 ) ;
#980 = ORIENTED_EDGE ( 'NONE', *, *, #5253, .T. ) ;
#981 = CARTESIAN_POINT ( 'NONE',  ( -66.98095531993472207, -21.03051657120438378, -3.266399720341551127 ) ) ;
#982 = PLANE ( 'NONE',  #8114 ) ;
#983 = DIRECTION ( 'NONE',  ( 0.000000000000000000, 0.000000000000000000, -1.000000000000000000 ) ) ;
#984 = ORIENTED_EDGE ( 'NONE', *, *, #6074, .F. ) ;
#985 = CIRCLE ( 'NONE', #1303, 0.5000000000000004441 ) ;
#986 = EDGE_CURVE ( 'NONE', #4250, #1400, #3230, .T. ) ;
#987 = ORIENTED_EDGE ( 'NONE', *, *, #720, .F. ) ;
#988 = CARTESIAN_POINT ( 'NONE',  ( -5.613509097066130771, -21.34978964097089715, 22.73360027965845021 ) ) ;
#989 = EDGE_CURVE ( 'NONE', #6097, #6094, #8979, .T. ) ;
#990 = PLANE ( 'NONE',  #5444 ) ;
#991 = CARTESIAN_POINT ( 'NONE',  ( 9.852138384579761876, -8.826329982690658937, 20.20998229243706845 ) ) ;
#992 = VECTOR ( 'NONE', #1672, 1000.000000000000000 ) ;
#993 = FACE_OUTER_BOUND ( 'NONE', #3670, .T. ) ;
#994 = CARTESIAN_POINT ( 'NONE',  ( -52.59336655716671771, -23.74999999999999645, 25.35934452200542566 ) ) ;
#995 = AXIS2_PLACEMENT_3D ( 'NONE', #2112, #2247, #5145 ) ;
#996 = CARTESIAN_POINT ( 'NONE',  ( -70.42541949054557904, -17.02801943015421671, -3.266399720341551127 ) ) ;
#997 = ORIENTED_EDGE ( 'NONE', *, *, #628, .F. ) ;
#998 = CARTESIAN_POINT ( 'NONE',  ( 6.806707845618117148, -23.74999999999999645, 22.93434452200543561 ) ) ;
#999 = VECTOR ( 'NONE', #1721, 1000.000000000000000 ) ;
#1000 = DIRECTION ( 'NONE',  ( 1.000000000000000000, 0.000000000000000000, 0.000000000000000000 ) ) ;
#1001 = EDGE_CURVE ( 'NONE', #1215, #1300, #4999, .T. ) ;
#1002 = VECTOR ( 'NONE', #5175, 1000.000000000000000 ) ;
#1003 = ADVANCED_FACE ( 'NONE', ( #1779 ), #7603, .F. ) ;
#1004 = CARTESIAN_POINT ( 'NONE',  ( 10.17786216458505066, -25.03301371225455441, -3.266399720341551127 ) ) ;
#1005 = EDGE_CURVE ( 'NONE', #685, #6147, #6849, .T. ) ;
#1006 = CARTESIAN_POINT ( 'NONE',  ( -0.07410584242694036317, -21.92999999999999616, 22.53663342468446018 ) ) ;
#1007 = ORIENTED_EDGE ( 'NONE', *, *, #5807, .F. ) ;
#1008 = CARTESIAN_POINT ( 'NONE',  ( -68.52198187529464235, -16.37433758220721103, -6.766399720341551571 ) ) ;
#1009 = CARTESIAN_POINT ( 'NONE',  ( 2.606484637263592141, -23.74999999999999645, -2.490655477994568656 ) ) ;
#1010 = VECTOR ( 'NONE', #4496, 1000.000000000000000 ) ;
#1011 = LINE ( 'NONE', #912, #6734 ) ;
#1012 = PLANE ( 'NONE',  #4803 ) ;
#1013 = VECTOR ( 'NONE', #271, 1000.000000000000000 ) ;
#1014 = ORIENTED_EDGE ( 'NONE', *, *, #4774, .T. ) ;
#1015 = ORIENTED_EDGE ( 'NONE', *, *, #2535, .T. ) ;
#1016 = DIRECTION ( 'NONE',  ( 0.000000000000000000, 0.000000000000000000, 1.000000000000000000 ) ) ;
#1017 = EDGE_CURVE ( 'NONE', #9026, #3792, #917, .T. ) ;
#1018 = VECTOR ( 'NONE', #3852, 1000.000000000000000 ) ;
#1019 = ORIENTED_EDGE ( 'NONE', *, *, #8563, .F. ) ;
#1020 = PLANE ( 'NONE',  #4791 ) ;
#1021 = ORIENTED_EDGE ( 'NONE', *, *, #7921, .T. ) ;
#1022 = CARTESIAN_POINT ( 'NONE',  ( 14.98308861578300011, -3.250000000000001332, -3.266399720341551127 ) ) ;
#1023 = DIRECTION ( 'NONE',  ( 0.000000000000000000, -1.000000000000000000, 0.000000000000000000 ) ) ;
#1024 = CIRCLE ( 'NONE', #2823, 4.000000000000000000 ) ;
#1025 = ORIENTED_EDGE ( 'NONE', *, *, #9105, .F. ) ;
#1026 = CYLINDRICAL_SURFACE ( 'NONE', #2284, 4.099999999999999645 ) ;
#1027 = VERTEX_POINT ( 'NONE', #6373 ) ;
#1028 = DIRECTION ( 'NONE',  ( -1.000000000000000000, 0.000000000000000000, 0.000000000000000000 ) ) ;
#1029 = EDGE_CURVE ( 'NONE', #13, #6474, #1914, .T. ) ;
#1030 = ORIENTED_EDGE ( 'NONE', *, *, #3428, .F. ) ;
#1031 = LINE ( 'NONE', #6817, #6380 ) ;
#1032 = ORIENTED_EDGE ( 'NONE', *, *, #3673, .F. ) ;
#1033 = CARTESIAN_POINT ( 'NONE',  ( 11.12228341961741762, -25.27535387189999128, -4.766399720341551571 ) ) ;
#1034 = PLANE ( 'NONE',  #7210 ) ;
#1035 = CARTESIAN_POINT ( 'NONE',  ( -45.52049870685441846, -18.91113344730284851, 23.50000000000000000 ) ) ;
#1036 = EDGE_CURVE ( 'NONE', #3686, #4113, #534, .T. ) ;
#1037 = ORIENTED_EDGE ( 'NONE', *, *, #8771, .F. ) ;
#1038 = VERTEX_POINT ( 'NONE', #9262 ) ;
#1039 = CARTESIAN_POINT ( 'NONE',  ( -21.38836543812355373, -3.249999999999999556, 25.73360027965844665 ) ) ;
#1040 = CARTESIAN_POINT ( 'NONE',  ( -50.99774952002547934, -26.24999999999999645, 25.73360027965844665 ) ) ;
#1041 = CARTESIAN_POINT ( 'NONE',  ( -33.12290989087977522, -13.99840717847742511, 35.00000000000000000 ) ) ;
#1042 = AXIS2_PLACEMENT_3D ( 'NONE', #2133, #5739, #5696 ) ;
#1043 = CARTESIAN_POINT ( 'NONE',  ( -53.99344095995156323, -23.74999999999999645, -0.06565547799456880607 ) ) ;
#1044 = DIRECTION ( 'NONE',  ( -1.137523590804463822E-16, 0.000000000000000000, 1.000000000000000000 ) ) ;
#1045 = ADVANCED_FACE ( 'NONE', ( #1958 ), #2795, .T. ) ;
#1046 = CARTESIAN_POINT ( 'NONE',  ( -8.291905798005583250, -23.24999999999999645, 20.93683708947935429 ) ) ;
#1047 = ORIENTED_EDGE ( 'NONE', *, *, #4889, .T. ) ;
#1048 = CIRCLE ( 'NONE', #4074, 3.500000000000000000 ) ;
#1049 = CARTESIAN_POINT ( 'NONE',  ( -13.92158689150289952, -23.74999999999999645, 20.93683708947935429 ) ) ;
#1050 = PLANE ( 'NONE',  #8387 ) ;
#1051 = DIRECTION ( 'NONE',  ( -0.000000000000000000, -1.000000000000000000, -0.000000000000000000 ) ) ;
#1052 = DIRECTION ( 'NONE',  ( 1.000000000000000000, 0.000000000000000000, 0.000000000000000000 ) ) ;
#1053 = ORIENTED_EDGE ( 'NONE', *, *, #3594, .T. ) ;
#1054 = CARTESIAN_POINT ( 'NONE',  ( 15.98308861578299656, -16.35652330467017634, -6.766399720341551571 ) ) ;
#1055 = LINE ( 'NONE', #3946, #6596 ) ;
#1056 = VECTOR ( 'NONE', #224, 1000.000000000000000 ) ;
#1057 = CARTESIAN_POINT ( 'NONE',  ( -63.47315361195479966, -5.004056775174929861, -3.266399720341551127 ) ) ;
#1058 = CARTESIAN_POINT ( 'NONE',  ( -21.38836543812355373, -12.75000000000000000, 26.77397846476551280 ) ) ;
#1059 = EDGE_CURVE ( 'NONE', #3404, #1215, #6991, .T. ) ;
#1060 = ADVANCED_FACE ( 'NONE', ( #5568 ), #4188, .F. ) ;
#1061 = ADVANCED_FACE ( 'NONE', ( #3325 ), #6231, .F. ) ;
#1062 = ORIENTED_EDGE ( 'NONE', *, *, #6556, .F. ) ;
#1063 = ORIENTED_EDGE ( 'NONE', *, *, #8418, .T. ) ;
#1064 = DIRECTION ( 'NONE',  ( 1.000000000000000000, 0.000000000000000000, 0.000000000000000000 ) ) ;
#1065 = VECTOR ( 'NONE', #9016, 1000.000000000000000 ) ;
#1066 = EDGE_LOOP ( 'NONE', ( #2488, #9043, #6092, #1490 ) ) ;
#1067 = LINE ( 'NONE', #1114, #8868 ) ;
#1068 = ORIENTED_EDGE ( 'NONE', *, *, #290, .T. ) ;
#1069 = LINE ( 'NONE', #1639, #5519 ) ;
#1070 = CIRCLE ( 'NONE', #151, 0.5000000000000004441 ) ;
#1071 = CARTESIAN_POINT ( 'NONE',  ( 11.12228341961742117, -3.250000000000000444, -6.766399720341551571 ) ) ;
#1072 = ADVANCED_FACE ( 'NONE', ( #9304 ), #1161, .T. ) ;
#1073 = ORIENTED_EDGE ( 'NONE', *, *, #4195, .T. ) ;
#1074 = DIRECTION ( 'NONE',  ( -0.000000000000000000, 0.000000000000000000, 1.000000000000000000 ) ) ;
#1075 = ORIENTED_EDGE ( 'NONE', *, *, #7845, .F. ) ;
#1076 = DIRECTION ( 'NONE',  ( -1.000000000000000000, 0.000000000000000000, -0.000000000000000000 ) ) ;
#1077 = VECTOR ( 'NONE', #5504, 1000.000000000000000 ) ;
#1078 = VERTEX_POINT ( 'NONE', #9216 ) ;
#1079 = LINE ( 'NONE', #6104, #8187 ) ;
#1080 = PRODUCT_DEFINITION_SHAPE ( 'NONE', 'NONE',  #7606 ) ;
#1081 = ORIENTED_EDGE ( 'NONE', *, *, #8126, .T. ) ;
#1082 = FACE_BOUND ( 'NONE', #4480, .T. ) ;
#1083 = DIRECTION ( 'NONE',  ( -0.000000000000000000, -1.000000000000000000, -0.000000000000000000 ) ) ;
#1084 = CIRCLE ( 'NONE', #6684, 3.350000000000001865 ) ;
#1085 = DIRECTION ( 'NONE',  ( 0.000000000000000000, 1.000000000000000000, -0.000000000000000000 ) ) ;
#1086 = AXIS2_PLACEMENT_3D ( 'NONE', #1627, #5764, #2154 ) ;
#1087 = CIRCLE ( 'NONE', #7431, 1.000000000000000888 ) ;
#1088 = VERTEX_POINT ( 'NONE', #7123 ) ;
#1089 = ORIENTED_EDGE ( 'NONE', *, *, #1757, .F. ) ;
#1090 = DIRECTION ( 'NONE',  ( -0.000000000000000000, -0.000000000000000000, 1.000000000000000000 ) ) ;
#1091 = VECTOR ( 'NONE', #2116, 1000.000000000000114 ) ;
#1092 = CYLINDRICAL_SURFACE ( 'NONE', #1208, 0.5000000000000004441 ) ;
#1093 = FACE_OUTER_BOUND ( 'NONE', #4062, .T. ) ;
#1094 = CARTESIAN_POINT ( 'NONE',  ( 9.514416044748145396, -26.24999999999999645, -4.766399720341551571 ) ) ;
#1095 = DIRECTION ( 'NONE',  ( 0.4999999999999996669, -0.8660254037844388186, 0.000000000000000000 ) ) ;
#1096 = DIRECTION ( 'NONE',  ( -0.000000000000000000, -1.000000000000000000, -0.000000000000000000 ) ) ;
#1097 = ORIENTED_EDGE ( 'NONE', *, *, #4406, .T. ) ;
#1098 = DIRECTION ( 'NONE',  ( -0.000000000000000000, -0.000000000000000000, 1.000000000000000000 ) ) ;
#1099 = CARTESIAN_POINT ( 'NONE',  ( -53.49344095995156323, -26.24999999999999645, 16.76811097311695065 ) ) ;
#1100 = ADVANCED_FACE ( 'NONE', ( #9169 ), #2615, .F. ) ;
#1101 = DIRECTION ( 'NONE',  ( 1.000000000000000000, 0.000000000000000000, -0.000000000000000000 ) ) ;
#1102 = LINE ( 'NONE', #3988, #5905 ) ;
#1103 = VERTEX_POINT ( 'NONE', #1207 ) ;
#1104 = FACE_BOUND ( 'NONE', #2106, .T. ) ;
#1105 = DIRECTION ( 'NONE',  ( 0.000000000000000000, 0.000000000000000000, -1.000000000000000000 ) ) ;
#1106 = CARTESIAN_POINT ( 'NONE',  ( -49.92404297007639968, -21.92999999999999616, 23.43434452200543205 ) ) ;
#1107 = DIRECTION ( 'NONE',  ( 0.000000000000000000, 0.000000000000000000, 1.000000000000000000 ) ) ;
#1108 = VERTEX_POINT ( 'NONE', #6943 ) ;
#1109 = EDGE_LOOP ( 'NONE', ( #1408, #4974, #5733, #820 ) ) ;
#1110 = CARTESIAN_POINT ( 'NONE',  ( -8.421534865563454986, -21.34978964097089715, 23.50000000000000000 ) ) ;
#1111 = EDGE_CURVE ( 'NONE', #4743, #1260, #3373, .T. ) ;
#1112 = EDGE_CURVE ( 'NONE', #2834, #4290, #5612, .T. ) ;
#1113 = ORIENTED_EDGE ( 'NONE', *, *, #5253, .F. ) ;
#1114 = CARTESIAN_POINT ( 'NONE',  ( 5.406633442833277847, -28.24999999999999645, 25.35934452200542921 ) ) ;
#1115 = ORIENTED_EDGE ( 'NONE', *, *, #3581, .T. ) ;
#1116 = FACE_OUTER_BOUND ( 'NONE', #5300, .T. ) ;
#1117 = DIRECTION ( 'NONE',  ( 0.000000000000000000, 0.000000000000000000, 1.000000000000000000 ) ) ;
#1118 = VECTOR ( 'NONE', #6314, 1000.000000000000000 ) ;
#1119 = ORIENTED_EDGE ( 'NONE', *, *, #8206, .T. ) ;
#1120 = DIRECTION ( 'NONE',  ( 0.000000000000000000, 0.000000000000000000, -1.000000000000000000 ) ) ;
#1121 = CIRCLE ( 'NONE', #4150, 4.099999999999999645 ) ;
#1122 = ORIENTED_EDGE ( 'NONE', *, *, #1503, .T. ) ;
#1123 = ADVANCED_FACE ( 'NONE', ( #2662 ), #7695, .T. ) ;
#1124 = ORIENTED_EDGE ( 'NONE', *, *, #2496, .T. ) ;
#1125 = CARTESIAN_POINT ( 'NONE',  ( 6.352138384579762764, -28.24999999999999645, 24.23360027965844665 ) ) ;
#1126 = VERTEX_POINT ( 'NONE', #8505 ) ;
#1127 = AXIS2_PLACEMENT_3D ( 'NONE', #3069, #6737, #7493 ) ;
#1128 = CYLINDRICAL_SURFACE ( 'NONE', #7938, 0.5000000000000004441 ) ;
#1129 = CARTESIAN_POINT ( 'NONE',  ( -66.60685805559241146, -24.74999999999999645, 11.92435785757281153 ) ) ;
#1130 = CIRCLE ( 'NONE', #7785, 1.600000000000002531 ) ;
#1131 = CARTESIAN_POINT ( 'NONE',  ( -59.97849175394367194, -26.24999999999999645, 0.5000000000000000000 ) ) ;
#1132 = EDGE_CURVE ( 'NONE', #6635, #875, #8172, .T. ) ;
#1133 = EDGE_LOOP ( 'NONE', ( #447, #309, #7710, #360 ) ) ;
#1134 = ORIENTED_EDGE ( 'NONE', *, *, #7416, .T. ) ;
#1135 = CARTESIAN_POINT ( 'NONE',  ( -44.08372187312362911, -13.99840717847742511, 35.00000000000000000 ) ) ;
#1136 = VECTOR ( 'NONE', #6855, 1000.000000000000114 ) ;
#1137 = EDGE_CURVE ( 'NONE', #4324, #1367, #4898, .T. ) ;
#1138 = DIRECTION ( 'NONE',  ( 0.000000000000000000, 1.000000000000000000, 0.000000000000000000 ) ) ;
#1139 = CARTESIAN_POINT ( 'NONE',  ( -53.99344095995156323, -21.92999999999999616, 22.93434452200543205 ) ) ;
#1140 = DIRECTION ( 'NONE',  ( 0.000000000000000000, 0.000000000000000000, -1.000000000000000000 ) ) ;
#1141 = LINE ( 'NONE', #5549, #1765 ) ;
#1142 = DIRECTION ( 'NONE',  ( 1.609861257756964304E-16, 1.000000000000000000, 0.000000000000000000 ) ) ;
#1143 = AXIS2_PLACEMENT_3D ( 'NONE', #798, #5961, #7956 ) ;
#1144 = VERTEX_POINT ( 'NONE', #5657 ) ;
#1145 = FACE_OUTER_BOUND ( 'NONE', #4920, .T. ) ;
#1146 = DIRECTION ( 'NONE',  ( 0.000000000000000000, -1.298842177042580110E-16, -1.000000000000000000 ) ) ;
#1147 = DIRECTION ( 'NONE',  ( -0.000000000000000000, -0.000000000000000000, -1.000000000000000000 ) ) ;
#1148 = DIRECTION ( 'NONE',  ( -0.3999373064491222318, -0.9165424981473695443, -0.000000000000000000 ) ) ;
#1149 = CIRCLE ( 'NONE', #2796, 0.5000000000000004441 ) ;
#1150 = VERTEX_POINT ( 'NONE', #2050 ) ;
#1151 = DIRECTION ( 'NONE',  ( 0.000000000000000000, -0.000000000000000000, 1.000000000000000000 ) ) ;
#1152 = PLANE ( 'NONE',  #9023 ) ;
#1153 = DIRECTION ( 'NONE',  ( 0.000000000000000000, 0.000000000000000000, -1.000000000000000000 ) ) ;
#1154 = DIRECTION ( 'NONE',  ( 0.000000000000000000, 0.000000000000000000, -1.000000000000000000 ) ) ;
#1155 = VECTOR ( 'NONE', #8101, 1000.000000000000000 ) ;
#1156 = ADVANCED_FACE ( 'NONE', ( #4949, #7838 ), #1345, .T. ) ;
#1157 = ORIENTED_EDGE ( 'NONE', *, *, #2591, .F. ) ;
#1158 = AXIS2_PLACEMENT_3D ( 'NONE', #6946, #3908, #2617 ) ;
#1159 = ORIENTED_EDGE ( 'NONE', *, *, #925, .F. ) ;
#1160 = ORIENTED_EDGE ( 'NONE', *, *, #1851, .T. ) ;
#1161 = CYLINDRICAL_SURFACE ( 'NONE', #3629, 4.099999999999999645 ) ;
#1162 = CIRCLE ( 'NONE', #9331, 4.100000000000000533 ) ;
#1163 = ORIENTED_EDGE ( 'NONE', *, *, #5375, .T. ) ;
#1164 = DIRECTION ( 'NONE',  ( -0.8660254037844388186, 0.4999999999999996669, 0.000000000000000000 ) ) ;
#1165 = VECTOR ( 'NONE', #1487, 1000.000000000000000 ) ;
#1166 = ORIENTED_EDGE ( 'NONE', *, *, #9360, .T. ) ;
#1167 = FACE_BOUND ( 'NONE', #2286, .T. ) ;
#1168 = CARTESIAN_POINT ( 'NONE',  ( -63.47315361195479966, -5.004056775174929861, -3.266399720341551127 ) ) ;
#1169 = EDGE_CURVE ( 'NONE', #400, #4358, #2275, .T. ) ;
#1170 = VECTOR ( 'NONE', #2327, 1000.000000000000000 ) ;
#1171 = ORIENTED_EDGE ( 'NONE', *, *, #7758, .T. ) ;
#1172 = ORIENTED_EDGE ( 'NONE', *, *, #8392, .F. ) ;
#1173 = CARTESIAN_POINT ( 'NONE',  ( -0.000000000000000000, -25.03301371225455441, -4.766399720341551571 ) ) ;
#1174 = ORIENTED_EDGE ( 'NONE', *, *, #7754, .T. ) ;
#1175 = ORIENTED_EDGE ( 'NONE', *, *, #5033, .F. ) ;
#1176 = FACE_OUTER_BOUND ( 'NONE', #8942, .T. ) ;
#1177 = ORIENTED_EDGE ( 'NONE', *, *, #635, .F. ) ;
#1178 = AXIS2_PLACEMENT_3D ( 'NONE', #2412, #4555, #4697 ) ;
#1179 = CARTESIAN_POINT ( 'NONE',  ( -20.14526954535771353, -11.29005581014418880, 26.77397846476551280 ) ) ;
#1180 = CARTESIAN_POINT ( 'NONE',  ( -9.123541307687784041, -17.70205716597089918, 22.73360027965845021 ) ) ;
#1181 = DIRECTION ( 'NONE',  ( 0.000000000000000000, 1.000000000000000000, 0.000000000000000000 ) ) ;
#1182 = ADVANCED_FACE ( 'NONE', ( #4373 ), #5887, .T. ) ;
#1183 = EDGE_CURVE ( 'NONE', #6426, #2712, #6551, .T. ) ;
#1184 = EDGE_CURVE ( 'NONE', #665, #6326, #2572, .T. ) ;
#1185 = EDGE_LOOP ( 'NONE', ( #6744, #3139, #7018, #6386 ) ) ;
#1186 = ORIENTED_EDGE ( 'NONE', *, *, #748, .F. ) ;
#1187 = DIRECTION ( 'NONE',  ( -0.000000000000000000, -1.000000000000000000, -0.000000000000000000 ) ) ;
#1188 = DIRECTION ( 'NONE',  ( 0.000000000000000000, 0.000000000000000000, 1.000000000000000000 ) ) ;
#1189 = FACE_OUTER_BOUND ( 'NONE', #793, .T. ) ;
#1190 = DIRECTION ( 'NONE',  ( -0.000000000000000000, -1.000000000000000000, -0.000000000000000000 ) ) ;
#1191 = CARTESIAN_POINT ( 'NONE',  ( 4.006559040048433218, -21.92999999999999616, -0.06565547799456880607 ) ) ;
#1192 = CARTESIAN_POINT ( 'NONE',  ( 0.000000000000000000, 0.000000000000000000, 0.000000000000000000 ) ) ;
#1193 = EDGE_CURVE ( 'NONE', #8541, #5495, #2094, .T. ) ;
#1194 = ORIENTED_EDGE ( 'NONE', *, *, #6753, .T. ) ;
#1195 = LINE ( 'NONE', #1242, #2732 ) ;
#1196 = LINE ( 'NONE', #429, #5518 ) ;
#1197 = VECTOR ( 'NONE', #625, 1000.000000000000000 ) ;
#1198 = DIRECTION ( 'NONE',  ( 0.000000000000000000, 1.000000000000000000, 0.000000000000000000 ) ) ;
#1199 = CARTESIAN_POINT ( 'NONE',  ( -66.60685805559241146, -24.74999999999999645, 8.651356676155737446 ) ) ;
#1200 = ORIENTED_EDGE ( 'NONE', *, *, #7624, .T. ) ;
#1201 = FACE_BOUND ( 'NONE', #733, .T. ) ;
#1202 = CARTESIAN_POINT ( 'NONE',  ( 18.18099059628930192, -25.03301371225455441, -3.266399720341551127 ) ) ;
#1203 = FACE_OUTER_BOUND ( 'NONE', #5249, .T. ) ;
#1204 = AXIS2_PLACEMENT_3D ( 'NONE', #6028, #236, #189 ) ;
#1205 = ORIENTED_EDGE ( 'NONE', *, *, #4158, .T. ) ;
#1206 = ORIENTED_EDGE ( 'NONE', *, *, #19, .F. ) ;
#1207 = CARTESIAN_POINT ( 'NONE',  ( 4.506559040048433218, -21.92999999999999616, 4.034344522005438805 ) ) ;
#1208 = AXIS2_PLACEMENT_3D ( 'NONE', #8144, #1755, #7438 ) ;
#1209 = EDGE_CURVE ( 'NONE', #6477, #4441, #8638, .T. ) ;
#1210 = VERTEX_POINT ( 'NONE', #7975 ) ;
#1211 = CARTESIAN_POINT ( 'NONE',  ( -13.20547322844859650, -8.623712062823797098, 27.73360027965844665 ) ) ;
#1212 = VERTEX_POINT ( 'NONE', #4989 ) ;
#1213 = CARTESIAN_POINT ( 'NONE',  ( -67.52198187529464235, -3.249999999999999556, -6.766399720341551571 ) ) ;
#1214 = CARTESIAN_POINT ( 'NONE',  ( -56.55073236542025228, -13.42906725808352952, 21.40472885406023451 ) ) ;
#1215 = VERTEX_POINT ( 'NONE', #1484 ) ;
#1216 = VERTEX_POINT ( 'NONE', #7882 ) ;
#1217 = CARTESIAN_POINT ( 'NONE',  ( -31.99253646513271931, -8.826403837643525208, 27.73360027965844665 ) ) ;
#1218 = VERTEX_POINT ( 'NONE', #7166 ) ;
#1219 = EDGE_CURVE ( 'NONE', #4921, #5460, #1573, .T. ) ;
#1220 = ADVANCED_FACE ( 'NONE', ( #6645 ), #3026, .T. ) ;
#1221 = VERTEX_POINT ( 'NONE', #7924 ) ;
#1222 = LINE ( 'NONE', #1265, #3795 ) ;
#1223 = VECTOR ( 'NONE', #3884, 1000.000000000000114 ) ;
#1224 = ORIENTED_EDGE ( 'NONE', *, *, #2945, .F. ) ;
#1225 = AXIS2_PLACEMENT_3D ( 'NONE', #8829, #8691, #2902 ) ;
#1226 = DIRECTION ( 'NONE',  ( -0.000000000000000000, 0.000000000000000000, 1.000000000000000000 ) ) ;
#1227 = DIRECTION ( 'NONE',  ( -0.000000000000000000, 1.000000000000000000, -0.000000000000000000 ) ) ;
#1228 = VERTEX_POINT ( 'NONE', #2138 ) ;
#1229 = AXIS2_PLACEMENT_3D ( 'NONE', #2041, #1337, #5507 ) ;
#1230 = EDGE_LOOP ( 'NONE', ( #7666, #3498, #6145, #6066, #7847, #6769, #1770, #4808, #8971, #445, #2806, #8469 ) ) ;
#1231 = CARTESIAN_POINT ( 'NONE',  ( -0.02117511800357047003, -14.00699220561814329, 35.00000000000000000 ) ) ;
#1232 = EDGE_CURVE ( 'NONE', #5901, #2618, #3604, .T. ) ;
#1233 = DIRECTION ( 'NONE',  ( 1.000000000000000000, 0.000000000000000000, 0.000000000000000000 ) ) ;
#1234 = FACE_OUTER_BOUND ( 'NONE', #8642, .T. ) ;
#1235 = AXIS2_PLACEMENT_3D ( 'NONE', #7994, #1325, #7102 ) ;
#1236 = EDGE_CURVE ( 'NONE', #1781, #3377, #759, .T. ) ;
#1237 = DIRECTION ( 'NONE',  ( 0.000000000000000000, 1.000000000000000000, 0.000000000000000000 ) ) ;
#1238 = CARTESIAN_POINT ( 'NONE',  ( -55.83373093798395104, -21.92999999999999616, 25.73360027965844665 ) ) ;
#1239 = CIRCLE ( 'NONE', #4713, 3.350000000000000089 ) ;
#1240 = VECTOR ( 'NONE', #4487, 1000.000000000000000 ) ;
#1241 = VERTEX_POINT ( 'NONE', #2982 ) ;
#1242 = CARTESIAN_POINT ( 'NONE',  ( -0.07410584242694209789, -21.92999999999999616, 23.43434452200543205 ) ) ;
#1243 = LINE ( 'NONE', #4795, #6278 ) ;
#1244 = PLANE ( 'NONE',  #4091 ) ;
#1245 = DIRECTION ( 'NONE',  ( 0.000000000000000000, 1.000000000000000000, 0.000000000000000000 ) ) ;
#1246 = EDGE_CURVE ( 'NONE', #4872, #3601, #3173, .T. ) ;
#1247 = VERTEX_POINT ( 'NONE', #2891 ) ;
#1248 = LINE ( 'NONE', #666, #4522 ) ;
#1249 = CARTESIAN_POINT ( 'NONE',  ( 9.514416044748145396, -3.249999999999999556, -4.766399720341551571 ) ) ;
#1250 = CARTESIAN_POINT ( 'NONE',  ( 0.000000000000000000, -5.004056775174929861, -4.766399720341551571 ) ) ;
#1251 = ORIENTED_EDGE ( 'NONE', *, *, #8985, .F. ) ;
#1252 = ORIENTED_EDGE ( 'NONE', *, *, #1453, .T. ) ;
#1253 = ORIENTED_EDGE ( 'NONE', *, *, #6240, .T. ) ;
#1254 = DIRECTION ( 'NONE',  ( 0.000000000000000000, 0.000000000000000000, 1.000000000000000000 ) ) ;
#1255 = CARTESIAN_POINT ( 'NONE',  ( -45.52049870685441846, -16.10310768233470213, 23.50000000000000000 ) ) ;
#1256 = EDGE_CURVE ( 'NONE', #8123, #7066, #5614, .T. ) ;
#1257 = EDGE_LOOP ( 'NONE', ( #931, #8191, #7211, #4817, #821, #2306 ) ) ;
#1258 = CARTESIAN_POINT ( 'NONE',  ( 14.21629301208212226, -28.24999999999999645, 8.561872586650322248 ) ) ;
#1259 = DIRECTION ( 'NONE',  ( 0.000000000000000000, -0.000000000000000000, 1.000000000000000000 ) ) ;
#1260 = VERTEX_POINT ( 'NONE', #718 ) ;
#1261 = ORIENTED_EDGE ( 'NONE', *, *, #5263, .F. ) ;
#1262 = FACE_OUTER_BOUND ( 'NONE', #5260, .T. ) ;
#1263 = EDGE_LOOP ( 'NONE', ( #176, #5149, #8510, #1911 ) ) ;
#1264 = ORIENTED_EDGE ( 'NONE', *, *, #474, .F. ) ;
#1265 = CARTESIAN_POINT ( 'NONE',  ( 7.622283419617423839, -3.250000000000000444, -6.766399720341551571 ) ) ;
#1266 = ORIENTED_EDGE ( 'NONE', *, *, #3056, .F. ) ;
#1267 = DIRECTION ( 'NONE',  ( -0.000000000000000000, -1.000000000000000000, -0.000000000000000000 ) ) ;
#1268 = DIRECTION ( 'NONE',  ( 0.000000000000000000, 0.000000000000000000, -1.000000000000000000 ) ) ;
#1269 = AXIS2_PLACEMENT_3D ( 'NONE', #2121, #3633, #2302 ) ;
#1270 = EDGE_CURVE ( 'NONE', #3913, #7327, #5793, .T. ) ;
#1271 = EDGE_LOOP ( 'NONE', ( #8055, #72, #8369, #3146, #8898, #7089, #1634, #3166, #5126, #8235, #5937, #5338 ) ) ;
#1272 = ORIENTED_EDGE ( 'NONE', *, *, #7897, .T. ) ;
#1273 = CARTESIAN_POINT ( 'NONE',  ( -49.91651260195900619, -21.92999999999999616, 23.43434452200543205 ) ) ;
#1274 = AXIS2_PLACEMENT_3D ( 'NONE', #7825, #1286, #6264 ) ;
#1275 = DIRECTION ( 'NONE',  ( -0.000000000000000000, -0.000000000000000000, -1.000000000000000000 ) ) ;
#1276 = DIRECTION ( 'NONE',  ( 0.000000000000000000, 0.000000000000000000, -1.000000000000000000 ) ) ;
#1277 = AXIS2_PLACEMENT_3D ( 'NONE', #647, #5049, #829 ) ;
#1278 = DIRECTION ( 'NONE',  ( 0.000000000000000000, -1.000000000000000000, 0.000000000000000000 ) ) ;
#1279 = LINE ( 'NONE', #6401, #7815 ) ;
#1280 = PRODUCT_CONTEXT ( 'NONE', #7220, 'mechanical' ) ;
#1281 = EDGE_CURVE ( 'NONE', #8555, #3504, #3654, .T. ) ;
#1282 = VERTEX_POINT ( 'NONE', #5128 ) ;
#1283 = VECTOR ( 'NONE', #3751, 1000.000000000000000 ) ;
#1284 = EDGE_CURVE ( 'NONE', #3523, #1514, #4463, .T. ) ;
#1285 = CYLINDRICAL_SURFACE ( 'NONE', #5014, 1.350000000000000533 ) ;
#1286 = DIRECTION ( 'NONE',  ( 0.000000000000000000, -1.000000000000000000, 0.000000000000000000 ) ) ;
#1287 = CARTESIAN_POINT ( 'NONE',  ( 4.006559040048433218, -21.92999999999999616, 22.93434452200543205 ) ) ;
#1288 = PLANE ( 'NONE',  #2124 ) ;
#1289 = ORIENTED_EDGE ( 'NONE', *, *, #7820, .F. ) ;
#1290 = CARTESIAN_POINT ( 'NONE',  ( -12.99896314729966917, -8.624132653620433686, 35.00000000000000000 ) ) ;
#1291 = CARTESIAN_POINT ( 'NONE',  ( 1.360873654173065939, -8.929999999999994387, 20.87938738401799199 ) ) ;
#1292 = VECTOR ( 'NONE', #3287, 1000.000000000000000 ) ;
#1293 = DIRECTION ( 'NONE',  ( -1.000000000000000000, 0.000000000000000000, -0.000000000000000000 ) ) ;
#1294 = ORIENTED_EDGE ( 'NONE', *, *, #8535, .F. ) ;
#1295 = ADVANCED_FACE ( 'NONE', ( #7305 ), #861, .T. ) ;
#1296 = EDGE_CURVE ( 'NONE', #6025, #9316, #3986, .T. ) ;
#1297 = EDGE_CURVE ( 'NONE', #1798, #2109, #8968, .T. ) ;
#1298 = ORIENTED_EDGE ( 'NONE', *, *, #5913, .F. ) ;
#1299 = VECTOR ( 'NONE', #5191, 1000.000000000000000 ) ;
#1300 = VERTEX_POINT ( 'NONE', #1665 ) ;
#1301 = EDGE_CURVE ( 'NONE', #3349, #8260, #3121, .T. ) ;
#1302 = CARTESIAN_POINT ( 'NONE',  ( -14.92158689150289952, -26.24999999999999645, 20.93683708947935429 ) ) ;
#1303 = AXIS2_PLACEMENT_3D ( 'NONE', #3320, #9335, #8306 ) ;
#1304 = CARTESIAN_POINT ( 'NONE',  ( 4.506559040048433218, -26.24999999999999645, 19.21815621143094788 ) ) ;
#1305 = VERTEX_POINT ( 'NONE', #6027 ) ;
#1306 = LINE ( 'NONE', #1211, #2058 ) ;
#1307 = CARTESIAN_POINT ( 'NONE',  ( 10.17786216458505066, -25.03301371225455441, -4.766399720341551571 ) ) ;
#1308 = VECTOR ( 'NONE', #6950, 1000.000000000000000 ) ;
#1309 = EDGE_CURVE ( 'NONE', #2536, #9385, #510, .T. ) ;
#1310 = ORIENTED_EDGE ( 'NONE', *, *, #3912, .F. ) ;
#1311 = VERTEX_POINT ( 'NONE', #188 ) ;
#1312 = DIRECTION ( 'NONE',  ( -0.4999999999999993894, 0.000000000000000000, -0.8660254037844389297 ) ) ;
#1313 = VECTOR ( 'NONE', #9377, 1000.000000000000000 ) ;
#1314 = VERTEX_POINT ( 'NONE', #2319 ) ;
#1315 = AXIS2_PLACEMENT_3D ( 'NONE', #6615, #6565, #21 ) ;
#1316 = EDGE_LOOP ( 'NONE', ( #4897, #9349, #4667, #404 ) ) ;
#1317 = CARTESIAN_POINT ( 'NONE',  ( 7.852138384579761876, -21.92999999999999616, 24.23360027965844665 ) ) ;
#1318 = EDGE_LOOP ( 'NONE', ( #3424, #5659, #3664, #2646 ) ) ;
#1319 = EDGE_CURVE ( 'NONE', #9289, #6135, #5964, .T. ) ;
#1320 = FACE_OUTER_BOUND ( 'NONE', #2010, .T. ) ;
#1321 = FACE_OUTER_BOUND ( 'NONE', #6996, .T. ) ;
#1322 = CIRCLE ( 'NONE', #7826, 3.500000000000000000 ) ;
#1323 = ORIENTED_EDGE ( 'NONE', *, *, #3265, .F. ) ;
#1324 = VERTEX_POINT ( 'NONE', #5977 ) ;
#1325 = DIRECTION ( 'NONE',  ( -0.000000000000000000, -1.000000000000000000, -0.000000000000000000 ) ) ;
#1326 = VECTOR ( 'NONE', #1142, 1000.000000000000000 ) ;
#1327 = CARTESIAN_POINT ( 'NONE',  ( 4.006559040048433218, -26.24999999999999645, 22.93434452200543205 ) ) ;
#1328 = LINE ( 'NONE', #7629, #2578 ) ;
#1329 = EDGE_CURVE ( 'NONE', #8005, #3100, #8916, .T. ) ;
#1330 = CARTESIAN_POINT ( 'NONE',  ( -63.55073236542024517, -6.977067257872927364, 8.548806890340868492 ) ) ;
#1331 = CARTESIAN_POINT ( 'NONE',  ( -53.99344095995156323, -8.929999999999994387, 3.284344522005433031 ) ) ;
#1332 = LINE ( 'NONE', #8622, #3244 ) ;
#1333 = ORIENTED_EDGE ( 'NONE', *, *, #4785, .F. ) ;
#1334 = LINE ( 'NONE', #4442, #2883 ) ;
#1335 = CARTESIAN_POINT ( 'NONE',  ( -63.21301002558863047, -25.03301371225455441, -4.766399720341551571 ) ) ;
#1336 = LINE ( 'NONE', #572, #5898 ) ;
#1337 = DIRECTION ( 'NONE',  ( -0.000000000000000000, -0.000000000000000000, -1.000000000000000000 ) ) ;
#1338 = EDGE_CURVE ( 'NONE', #199, #875, #3217, .T. ) ;
#1339 = VERTEX_POINT ( 'NONE', #2368 ) ;
#1340 = DIRECTION ( 'NONE',  ( 1.000000000000000000, 0.000000000000000000, -0.000000000000000000 ) ) ;
#1341 = LINE ( 'NONE', #5650, #390 ) ;
#1342 = FACE_OUTER_BOUND ( 'NONE', #2747, .T. ) ;
#1343 = ORIENTED_EDGE ( 'NONE', *, *, #8576, .F. ) ;
#1344 = EDGE_LOOP ( 'NONE', ( #5782, #5717, #6017, #4890 ) ) ;
#1345 = PLANE ( 'NONE',  #4098 ) ;
#1346 = DIRECTION ( 'NONE',  ( 1.000000000000000000, 0.000000000000000000, -0.000000000000000000 ) ) ;
#1347 = VERTEX_POINT ( 'NONE', #5412 ) ;
#1348 = CARTESIAN_POINT ( 'NONE',  ( 11.12228341961742117, -4.994728181037624282, -6.766399720341551571 ) ) ;
#1349 = AXIS2_PLACEMENT_3D ( 'NONE', #4750, #1905, #3175 ) ;
#1350 = EDGE_CURVE ( 'NONE', #9180, #4243, #381, .T. ) ;
#1351 = CARTESIAN_POINT ( 'NONE',  ( 7.852138384579761876, -21.92999999999999616, 25.73360027965844665 ) ) ;
#1352 = DIRECTION ( 'NONE',  ( 0.000000000000000000, 0.000000000000000000, -1.000000000000000000 ) ) ;
#1353 = VERTEX_POINT ( 'NONE', #8819 ) ;
#1354 = ORIENTED_EDGE ( 'NONE', *, *, #5794, .F. ) ;
#1355 = DIRECTION ( 'NONE',  ( -1.000000000000000000, 0.000000000000000000, -0.000000000000000000 ) ) ;
#1356 = AXIS2_PLACEMENT_3D ( 'NONE', #3218, #6740, #8969 ) ;
#1357 = VERTEX_POINT ( 'NONE', #234 ) ;
#1358 = EDGE_CURVE ( 'NONE', #1108, #6042, #8154, .T. ) ;
#1359 = VERTEX_POINT ( 'NONE', #7447 ) ;
#1360 = SURFACE_STYLE_FILL_AREA ( #5808 ) ;
#1361 = ORIENTED_EDGE ( 'NONE', *, *, #3292, .F. ) ;
#1362 = ADVANCED_FACE ( 'NONE', ( #2417 ), #5313, .F. ) ;
#1363 = CYLINDRICAL_SURFACE ( 'NONE', #8083, 1.600000000000002531 ) ;
#1364 = AXIS2_PLACEMENT_3D ( 'NONE', #2171, #2264, #7872 ) ;
#1365 = LINE ( 'NONE', #4874, #7049 ) ;
#1366 = ORIENTED_EDGE ( 'NONE', *, *, #709, .F. ) ;
#1367 = VERTEX_POINT ( 'NONE', #3794 ) ;
#1368 = LINE ( 'NONE', #4396, #1848 ) ;
#1369 = CIRCLE ( 'NONE', #2571, 0.5000000000000004441 ) ;
#1370 = AXIS2_PLACEMENT_3D ( 'NONE', #8455, #7749, #1254 ) ;
#1371 = CARTESIAN_POINT ( 'NONE',  ( -8.217521981314792612, -18.91796799097090087, 23.50000000000000000 ) ) ;
#1372 = LINE ( 'NONE', #4262, #2428 ) ;
#1373 = CYLINDRICAL_SURFACE ( 'NONE', #6272, 3.500000000000000000 ) ;
#1374 = DIRECTION ( 'NONE',  ( -0.000000000000000000, -0.000000000000000000, 1.000000000000000000 ) ) ;
#1375 = DIRECTION ( 'NONE',  ( 1.000000000000000000, 0.000000000000000000, 0.000000000000000000 ) ) ;
#1376 = VECTOR ( 'NONE', #2606, 1000.000000000000000 ) ;
#1377 = VECTOR ( 'NONE', #4757, 1000.000000000000000 ) ;
#1378 = ORIENTED_EDGE ( 'NONE', *, *, #6993, .T. ) ;
#1379 = DIRECTION ( 'NONE',  ( -1.000000000000000000, -0.000000000000000000, -0.000000000000000000 ) ) ;
#1380 = CARTESIAN_POINT ( 'NONE',  ( 15.98308861578300011, -3.250000000000001332, -6.766399720341551571 ) ) ;
#1381 = CARTESIAN_POINT ( 'NONE',  ( -53.49344095995156323, -21.92999999999999616, 18.86494653213027206 ) ) ;
#1382 = CARTESIAN_POINT ( 'NONE',  ( -2.994029756264176889, -26.24999999999999645, -0.5000000000000000000 ) ) ;
#1383 = VECTOR ( 'NONE', #6628, 1000.000000000000000 ) ;
#1384 = AXIS2_PLACEMENT_3D ( 'NONE', #3984, #6976, #8390 ) ;
#1385 = ORIENTED_EDGE ( 'NONE', *, *, #4644, .F. ) ;
#1386 = DIRECTION ( 'NONE',  ( -0.4999999999999995559, 0.000000000000000000, 0.8660254037844389297 ) ) ;
#1387 = DIRECTION ( 'NONE',  ( 1.000000000000000000, -3.562839752896116123E-16, 0.000000000000000000 ) ) ;
#1388 = LINE ( 'NONE', #8635, #8740 ) ;
#1389 = ORIENTED_EDGE ( 'NONE', *, *, #3876, .F. ) ;
#1390 = VECTOR ( 'NONE', #5952, 1000.000000000000000 ) ;
#1391 = DIRECTION ( 'NONE',  ( -1.000000000000000000, -0.000000000000000000, -0.000000000000000000 ) ) ;
#1392 = ADVANCED_FACE ( 'NONE', ( #4701, #7590 ), #3895, .T. ) ;
#1393 = CARTESIAN_POINT ( 'NONE',  ( 6.352138384579762764, -3.249999999999999556, 24.23360027965844665 ) ) ;
#1394 = DIRECTION ( 'NONE',  ( -0.000000000000000000, -1.000000000000000000, -0.000000000000000000 ) ) ;
#1395 = AXIS2_PLACEMENT_3D ( 'NONE', #2028, #7950, #1460 ) ;
#1396 = ORIENTED_EDGE ( 'NONE', *, *, #2179, .T. ) ;
#1397 = FACE_OUTER_BOUND ( 'NONE', #1679, .T. ) ;
#1398 = PLANE ( 'NONE',  #213 ) ;
#1399 = CARTESIAN_POINT ( 'NONE',  ( -53.99344095995156323, -8.929999999999994387, 19.58434452200542708 ) ) ;
#1400 = VERTEX_POINT ( 'NONE', #5213 ) ;
#1401 = EDGE_CURVE ( 'NONE', #8751, #3086, #6079, .T. ) ;
#1402 = ORIENTED_EDGE ( 'NONE', *, *, #5181, .T. ) ;
#1403 = CARTESIAN_POINT ( 'NONE',  ( -31.99253646513271931, -8.826403837643525208, 26.77397846476551280 ) ) ;
#1404 = ADVANCED_FACE ( 'NONE', ( #6789 ), #1050, .T. ) ;
#1405 = ORIENTED_EDGE ( 'NONE', *, *, #261, .F. ) ;
#1406 = ORIENTED_EDGE ( 'NONE', *, *, #5148, .T. ) ;
#1407 = DIRECTION ( 'NONE',  ( 0.000000000000000000, -1.000000000000000000, 0.000000000000000000 ) ) ;
#1408 = ORIENTED_EDGE ( 'NONE', *, *, #4914, .F. ) ;
#1409 = DIRECTION ( 'NONE',  ( 0.000000000000000000, 0.000000000000000000, -1.000000000000000000 ) ) ;
#1410 = DIRECTION ( 'NONE',  ( 0.8660254037844372643, 0.5000000000000023315, 0.000000000000000000 ) ) ;
#1411 = ORIENTED_EDGE ( 'NONE', *, *, #2361, .F. ) ;
#1412 = EDGE_CURVE ( 'NONE', #579, #432, #282, .T. ) ;
#1413 = VERTEX_POINT ( 'NONE', #4886 ) ;
#1414 = EDGE_CURVE ( 'NONE', #269, #8928, #8492, .T. ) ;
#1415 = CARTESIAN_POINT ( 'NONE',  ( 8.852138384579763652, -14.40530737074389300, 20.20998229243706845 ) ) ;
#1416 = DIRECTION ( 'NONE',  ( -0.000000000000000000, 1.000000000000000000, -0.000000000000000000 ) ) ;
#1417 = DIRECTION ( 'NONE',  ( 0.000000000000000000, 0.7071067811865425767, 0.7071067811865524577 ) ) ;
#1418 = DIRECTION ( 'NONE',  ( 0.000000000000000000, 1.000000000000000000, 0.000000000000000000 ) ) ;
#1419 = CARTESIAN_POINT ( 'NONE',  ( -65.38095531993472775, -21.03051657120438378, -3.266399720341551127 ) ) ;
#1420 = CARTESIAN_POINT ( 'NONE',  ( -45.52049870685441846, -16.10310768233470213, 23.50000000000000000 ) ) ;
#1421 = ORIENTED_EDGE ( 'NONE', *, *, #2763, .F. ) ;
#1422 = EDGE_CURVE ( 'NONE', #3916, #8520, #2648, .T. ) ;
#1423 = FACE_BOUND ( 'NONE', #915, .T. ) ;
#1424 = VECTOR ( 'NONE', #3446, 1000.000000000000000 ) ;
#1425 = DIRECTION ( 'NONE',  ( 1.000000000000000000, 0.000000000000000000, 0.000000000000000000 ) ) ;
#1426 = DIRECTION ( 'NONE',  ( -0.000000000000000000, -0.000000000000000000, -1.000000000000000000 ) ) ;
#1427 = ORIENTED_EDGE ( 'NONE', *, *, #922, .F. ) ;
#1428 = DIRECTION ( 'NONE',  ( 0.000000000000000000, 0.000000000000000000, -1.000000000000000000 ) ) ;
#1429 = DIRECTION ( 'NONE',  ( 0.000000000000000000, -1.000000000000000000, 0.000000000000000000 ) ) ;
#1430 = VECTOR ( 'NONE', #8443, 1000.000000000000000 ) ;
#1431 = DIRECTION ( 'NONE',  ( 0.000000000000000000, 0.000000000000000000, 1.000000000000000000 ) ) ;
#1432 = AXIS2_PLACEMENT_3D ( 'NONE', #7526, #1649, #6820 ) ;
#1433 = ORIENTED_EDGE ( 'NONE', *, *, #974, .F. ) ;
#1434 = VERTEX_POINT ( 'NONE', #7685 ) ;
#1435 = DIRECTION ( 'NONE',  ( 1.000000000000000000, 0.000000000000000000, -0.000000000000000000 ) ) ;
#1436 = ADVANCED_FACE ( 'NONE', ( #5555 ), #1900, .T. ) ;
#1437 = DIRECTION ( 'NONE',  ( 0.000000000000000000, 1.000000000000000000, 0.000000000000000000 ) ) ;
#1438 = VECTOR ( 'NONE', #5710, 1000.000000000000000 ) ;
#1439 = ORIENTED_EDGE ( 'NONE', *, *, #5732, .T. ) ;
#1440 = CARTESIAN_POINT ( 'NONE',  ( 0.000000000000000000, 0.000000000000000000, 23.43434452200543205 ) ) ;
#1441 = EDGE_CURVE ( 'NONE', #286, #8577, #2744, .T. ) ;
#1442 = DIRECTION ( 'NONE',  ( 0.000000000000000000, -0.000000000000000000, -1.000000000000000000 ) ) ;
#1443 = DIRECTION ( 'NONE',  ( -1.000000000000000000, -0.000000000000000000, 0.000000000000000000 ) ) ;
#1444 = CIRCLE ( 'NONE', #679, 3.500000000000000000 ) ;
#1445 = ORIENTED_EDGE ( 'NONE', *, *, #858, .F. ) ;
#1446 = ORIENTED_EDGE ( 'NONE', *, *, #4300, .F. ) ;
#1447 = PLANE ( 'NONE',  #1692 ) ;
#1448 = ORIENTED_EDGE ( 'NONE', *, *, #3270, .F. ) ;
#1449 = ORIENTED_EDGE ( 'NONE', *, *, #1796, .T. ) ;
#1450 = DIRECTION ( 'NONE',  ( -0.4999999999999997224, 0.000000000000000000, 0.8660254037844388186 ) ) ;
#1451 = VECTOR ( 'NONE', #4104, 1000.000000000000000 ) ;
#1452 = ORIENTED_EDGE ( 'NONE', *, *, #66, .F. ) ;
#1453 = EDGE_CURVE ( 'NONE', #8260, #8848, #7069, .T. ) ;
#1454 = DIRECTION ( 'NONE',  ( 0.000000000000000000, 0.000000000000000000, 1.000000000000000000 ) ) ;
#1455 = DIRECTION ( 'NONE',  ( -1.000000000000000000, 0.000000000000000000, 0.000000000000000000 ) ) ;
#1456 = VECTOR ( 'NONE', #3788, 1000.000000000000000 ) ;
#1457 = ORIENTED_EDGE ( 'NONE', *, *, #2591, .T. ) ;
#1458 = AXIS2_PLACEMENT_3D ( 'NONE', #398, #1164, #3285 ) ;
#1459 = ORIENTED_EDGE ( 'NONE', *, *, #5690, .F. ) ;
#1460 = DIRECTION ( 'NONE',  ( 0.000000000000000000, 0.000000000000000000, -1.000000000000000000 ) ) ;
#1461 = DIRECTION ( 'NONE',  ( -1.000000000000000000, 0.000000000000000000, 0.000000000000000000 ) ) ;
#1462 = DIRECTION ( 'NONE',  ( 0.000000000000000000, 0.000000000000000000, -1.000000000000000000 ) ) ;
#1463 = VECTOR ( 'NONE', #3344, 1000.000000000000000 ) ;
#1464 = DIRECTION ( 'NONE',  ( 0.000000000000000000, 0.000000000000000000, -1.000000000000000000 ) ) ;
#1465 = CARTESIAN_POINT ( 'NONE',  ( 9.852138384579765429, -28.24999999999999645, -4.766399720341551571 ) ) ;
#1466 = ADVANCED_FACE ( 'NONE', ( #4085, #9204, #5645 ), #7112, .F. ) ;
#1468 = EDGE_CURVE ( 'NONE', #872, #6142, #2695, .T. ) ;
#1467 = CARTESIAN_POINT ( 'NONE',  ( -66.53120306077292412, -24.74999999999999645, 11.77961269154898716 ) ) ;
#1469 = EDGE_CURVE ( 'NONE', #4895, #1210, #9157, .T. ) ;
#1470 = ORIENTED_EDGE ( 'NONE', *, *, #7583, .T. ) ;
#1471 = AXIS2_PLACEMENT_3D ( 'NONE', #58, #3803, #2283 ) ;
#1472 = ORIENTED_EDGE ( 'NONE', *, *, #7724, .T. ) ;
#1473 = DIRECTION ( 'NONE',  ( 0.000000000000000000, 0.000000000000000000, 1.000000000000000000 ) ) ;
#1474 = CARTESIAN_POINT ( 'NONE',  ( -45.52049870685441846, -18.91113344730284851, 27.73360027965844665 ) ) ;
#1475 = DIRECTION ( 'NONE',  ( 0.000000000000000000, 1.000000000000000000, 0.000000000000000000 ) ) ;
#1476 = VERTEX_POINT ( 'NONE', #570 ) ;
#1477 = DIRECTION ( 'NONE',  ( 0.000000000000000000, 0.000000000000000000, -1.000000000000000000 ) ) ;
#1478 = FACE_OUTER_BOUND ( 'NONE', #1257, .T. ) ;
#1479 = EDGE_CURVE ( 'NONE', #8023, #9018, #7478, .T. ) ;
#1480 = VECTOR ( 'NONE', #229, 1000.000000000000000 ) ;
#1481 = CARTESIAN_POINT ( 'NONE',  ( -44.08372187312362911, -14.99840717847743932, 27.73360027965844665 ) ) ;
#1482 = ORIENTED_EDGE ( 'NONE', *, *, #4048, .F. ) ;
#1483 = LINE ( 'NONE', #7923, #8640 ) ;
#1484 = CARTESIAN_POINT ( 'NONE',  ( 4.006559040048433218, -23.74999999999999645, 24.28434452200542992 ) ) ;
#1485 = FACE_OUTER_BOUND ( 'NONE', #2751, .T. ) ;
#1486 = ORIENTED_EDGE ( 'NONE', *, *, #6738, .F. ) ;
#1487 = DIRECTION ( 'NONE',  ( -0.000000000000000000, -1.000000000000000000, -0.000000000000000000 ) ) ;
#1488 = CARTESIAN_POINT ( 'NONE',  ( 11.11862117367209990, -15.77033674741690916, -3.266399720341551127 ) ) ;
#1489 = LINE ( 'NONE', #6605, #1618 ) ;
#1490 = ORIENTED_EDGE ( 'NONE', *, *, #8072, .T. ) ;
#1491 = VERTEX_POINT ( 'NONE', #5455 ) ;
#1492 = DIRECTION ( 'NONE',  ( 0.000000000000000000, -0.000000000000000000, -1.000000000000000000 ) ) ;
#1493 = EDGE_CURVE ( 'NONE', #2245, #7718, #1196, .T. ) ;
#1494 = EDGE_LOOP ( 'NONE', ( #3666, #108, #2341, #7236 ) ) ;
#1495 = CIRCLE ( 'NONE', #7394, 3.499999999999999556 ) ;
#1496 = VERTEX_POINT ( 'NONE', #1335 ) ;
#1497 = LINE ( 'NONE', #4387, #5995 ) ;
#1498 = VERTEX_POINT ( 'NONE', #7733 ) ;
#1499 = CARTESIAN_POINT ( 'NONE',  ( -55.39351536273640875, -23.74999999999999645, 25.35934452200542566 ) ) ;
#1500 = CARTESIAN_POINT ( 'NONE',  ( 2.606484637263592141, -23.74999999999999645, -2.490655477994568656 ) ) ;
#1501 = VECTOR ( 'NONE', #5978, 1000.000000000000000 ) ;
#1502 = ORIENTED_EDGE ( 'NONE', *, *, #4109, .F. ) ;
#1503 = EDGE_CURVE ( 'NONE', #2624, #7147, #7934, .T. ) ;
#1504 = EDGE_CURVE ( 'NONE', #5920, #3143, #1243, .T. ) ;
#1505 = ORIENTED_EDGE ( 'NONE', *, *, #5554, .T. ) ;
#1506 = DIRECTION ( 'NONE',  ( 0.7071067811865474617, -0.7071067811865474617, 0.000000000000000000 ) ) ;
#1507 = ORIENTED_EDGE ( 'NONE', *, *, #3890, .F. ) ;
#1508 = DIRECTION ( 'NONE',  ( 0.000000000000000000, 0.000000000000000000, -1.000000000000000000 ) ) ;
#1509 = DIRECTION ( 'NONE',  ( -1.000000000000000000, 0.000000000000000000, 0.000000000000000000 ) ) ;
#1510 = AXIS2_PLACEMENT_3D ( 'NONE', #5785, #8672, #6588 ) ;
#1511 = LINE ( 'NONE', #7288, #5960 ) ;
#1512 = CARTESIAN_POINT ( 'NONE',  ( -52.59336655716671771, -23.74999999999999645, 25.35934452200542566 ) ) ;
#1513 = LINE ( 'NONE', #4497, #2339 ) ;
#1514 = VERTEX_POINT ( 'NONE', #3450 ) ;
#1515 = CIRCLE ( 'NONE', #9381, 1.600000000000002531 ) ;
#1516 = EDGE_CURVE ( 'NONE', #4388, #9138, #3268, .T. ) ;
#1517 = ORIENTED_EDGE ( 'NONE', *, *, #5264, .T. ) ;
#1518 = DIRECTION ( 'NONE',  ( -2.459462815196287249E-16, -1.000000000000000000, 0.000000000000000000 ) ) ;
#1519 = EDGE_CURVE ( 'NONE', #6735, #8755, #2556, .T. ) ;
#1520 = DIRECTION ( 'NONE',  ( -0.000000000000000000, -0.000000000000000000, -1.000000000000000000 ) ) ;
#1521 = LINE ( 'NONE', #2172, #464 ) ;
#1522 = DIRECTION ( 'NONE',  ( -0.000000000000000000, -0.000000000000000000, -1.000000000000000000 ) ) ;
#1523 = CARTESIAN_POINT ( 'NONE',  ( -18.74389794097728412, -9.112433212420357975, 35.00000000000000000 ) ) ;
#1524 = AXIS2_PLACEMENT_3D ( 'NONE', #9241, #421, #8483 ) ;
#1525 = AXIS2_PLACEMENT_3D ( 'NONE', #5472, #6752, #8883 ) ;
#1526 = CARTESIAN_POINT ( 'NONE',  ( -59.97849175394367194, -26.24999999999999645, 22.43434452200543205 ) ) ;
#1527 = ORIENTED_EDGE ( 'NONE', *, *, #3526, .T. ) ;
#1528 = CARTESIAN_POINT ( 'NONE',  ( -62.22693727729181745, -3.250000000000000444, -3.266399720341551127 ) ) ;
#1529 = DIRECTION ( 'NONE',  ( -1.000000000000000000, 0.000000000000000000, 0.000000000000000000 ) ) ;
#1530 = AXIS2_PLACEMENT_3D ( 'NONE', #9187, #502, #2681 ) ;
#1531 = VECTOR ( 'NONE', #1664, 1000.000000000000000 ) ;
#1532 = EDGE_CURVE ( 'NONE', #7759, #3324, #6977, .T. ) ;
#1533 = CARTESIAN_POINT ( 'NONE',  ( 7.852138384579761876, -3.249999999999999556, 27.73360027965844665 ) ) ;
#1534 = ORIENTED_EDGE ( 'NONE', *, *, #7833, .T. ) ;
#1535 = LINE ( 'NONE', #8684, #1614 ) ;
#1536 = CARTESIAN_POINT ( 'NONE',  ( 4.006559040048433218, -21.92999999999999616, 1.284344522005431699 ) ) ;
#1537 = CARTESIAN_POINT ( 'NONE',  ( -63.55073236542024517, -26.24999999999999645, -3.266399720341551571 ) ) ;
#1538 = AXIS2_PLACEMENT_3D ( 'NONE', #20, #2905, #2323 ) ;
#1539 = VECTOR ( 'NONE', #2342, 1000.000000000000000 ) ;
#1540 = ORIENTED_EDGE ( 'NONE', *, *, #1256, .T. ) ;
#1541 = EDGE_LOOP ( 'NONE', ( #7379, #6771, #5864, #7251 ) ) ;
#1542 = LINE ( 'NONE', #2855, #907 ) ;
#1543 = EDGE_CURVE ( 'NONE', #8822, #8203, #477, .T. ) ;
#1544 = ORIENTED_EDGE ( 'NONE', *, *, #2267, .T. ) ;
#1545 = VERTEX_POINT ( 'NONE', #1996 ) ;
#1546 = LINE ( 'NONE', #1683, #8724 ) ;
#1547 = ORIENTED_EDGE ( 'NONE', *, *, #6177, .T. ) ;
#1548 = FACE_OUTER_BOUND ( 'NONE', #1494, .T. ) ;
#1549 = DIRECTION ( 'NONE',  ( -1.137523590804463822E-16, 0.000000000000000000, 1.000000000000000000 ) ) ;
#1550 = ORIENTED_EDGE ( 'NONE', *, *, #5222, .T. ) ;
#1551 = DIRECTION ( 'NONE',  ( 1.000000000000000000, -0.000000000000000000, 0.000000000000000000 ) ) ;
#1552 = EDGE_LOOP ( 'NONE', ( #7846, #8842, #8314, #2673 ) ) ;
#1553 = CARTESIAN_POINT ( 'NONE',  ( -8.421534865563451433, -16.48614634097089393, 23.50000000000000000 ) ) ;
#1554 = ORIENTED_EDGE ( 'NONE', *, *, #1731, .T. ) ;
#1555 = CARTESIAN_POINT ( 'NONE',  ( -60.05073236542024517, -26.24999999999999645, 25.73360027965844665 ) ) ;
#1556 = DIRECTION ( 'NONE',  ( -0.000000000000000000, -1.000000000000000000, -0.000000000000000000 ) ) ;
#1557 = PLANE ( 'NONE',  #2511 ) ;
#1558 = CARTESIAN_POINT ( 'NONE',  ( 0.000000000000000000, 0.000000000000000000, 23.50000000000000000 ) ) ;
#1559 = EDGE_CURVE ( 'NONE', #2639, #5565, #6361, .T. ) ;
#1560 = ADVANCED_FACE ( 'NONE', ( #9382, #3501, #1423 ), #4315, .F. ) ;
#1561 = EDGE_LOOP ( 'NONE', ( #122, #5819, #8004, #463 ) ) ;
#1562 = VERTEX_POINT ( 'NONE', #8580 ) ;
#1563 = DIRECTION ( 'NONE',  ( 0.000000000000000000, 0.000000000000000000, -1.000000000000000000 ) ) ;
#1564 = DIRECTION ( 'NONE',  ( -0.000000000000000000, -0.000000000000000000, -1.000000000000000000 ) ) ;
#1565 = CARTESIAN_POINT ( 'NONE',  ( -61.55073236542024517, -13.92906725808352952, -4.766399720341551571 ) ) ;
#1566 = DIRECTION ( 'NONE',  ( -0.000000000000000000, 1.000000000000000000, -0.000000000000000000 ) ) ;
#1567 = CYLINDRICAL_SURFACE ( 'NONE', #6306, 3.350000000000000089 ) ;
#1568 = EDGE_CURVE ( 'NONE', #8520, #5490, #87, .T. ) ;
#1569 = CARTESIAN_POINT ( 'NONE',  ( -60.05073236542024517, -26.24999999999999645, -4.766399720341551571 ) ) ;
#1570 = EDGE_LOOP ( 'NONE', ( #908, #940, #1157, #5523 ) ) ;
#1571 = VECTOR ( 'NONE', #4837, 1000.000000000000000 ) ;
#1572 = LINE ( 'NONE', #8818, #2429 ) ;
#1573 = LINE ( 'NONE', #5034, #7730 ) ;
#1574 = FACE_OUTER_BOUND ( 'NONE', #2814, .T. ) ;
#1575 = ORIENTED_EDGE ( 'NONE', *, *, #8478, .F. ) ;
#1576 = LINE ( 'NONE', #3608, #235 ) ;
#1577 = PLANE ( 'NONE',  #6287 ) ;
#1578 = CYLINDRICAL_SURFACE ( 'NONE', #7977, 1.600000000000004086 ) ;
#1579 = ADVANCED_FACE ( 'NONE', ( #2831 ), #5829, .F. ) ;
#1580 = ADVANCED_FACE ( 'NONE', ( #2878 ), #5161, .T. ) ;
#1581 = EDGE_CURVE ( 'NONE', #5677, #4536, #6492, .T. ) ;
#1582 = VERTEX_POINT ( 'NONE', #5734 ) ;
#1583 = VERTEX_POINT ( 'NONE', #2221 ) ;
#1584 = FACE_BOUND ( 'NONE', #6325, .T. ) ;
#1585 = VECTOR ( 'NONE', #6, 1000.000000000000000 ) ;
#1586 = ORIENTED_EDGE ( 'NONE', *, *, #7790, .T. ) ;
#1587 = EDGE_CURVE ( 'NONE', #9385, #1855, #4409, .T. ) ;
#1588 = VERTEX_POINT ( 'NONE', #8671 ) ;
#1589 = DIRECTION ( 'NONE',  ( 1.000000000000000000, 0.000000000000000000, -0.000000000000000000 ) ) ;
#1590 = ORIENTED_EDGE ( 'NONE', *, *, #2372, .F. ) ;
#1591 = LINE ( 'NONE', #7371, #9155 ) ;
#1592 = AXIS2_PLACEMENT_3D ( 'NONE', #5197, #8093, #1604 ) ;
#1593 = DIRECTION ( 'NONE',  ( 0.000000000000000000, 0.000000000000000000, -1.000000000000000000 ) ) ;
#1594 = ADVANCED_FACE ( 'NONE', ( #2169 ), #5119, .F. ) ;
#1595 = ORIENTED_EDGE ( 'NONE', *, *, #2003, .F. ) ;
#1596 = LINE ( 'NONE', #833, #1240 ) ;
#1597 = ORIENTED_EDGE ( 'NONE', *, *, #7896, .F. ) ;
#1598 = CARTESIAN_POINT ( 'NONE',  ( -14.42158689150289952, -24.24999999999999289, 20.93683708947935429 ) ) ;
#1599 = VECTOR ( 'NONE', #2999, 1000.000000000000114 ) ;
#1600 = ORIENTED_EDGE ( 'NONE', *, *, #5975, .F. ) ;
#1601 = DIRECTION ( 'NONE',  ( -0.000000000000000000, -1.000000000000000000, -0.000000000000000000 ) ) ;
#1602 = DIRECTION ( 'NONE',  ( 0.000000000000000000, 0.000000000000000000, -1.000000000000000000 ) ) ;
#1603 = CARTESIAN_POINT ( 'NONE',  ( -2.994029756264176889, -26.24999999999999645, -0.5000000000000000000 ) ) ;
#1604 = DIRECTION ( 'NONE',  ( -1.000000000000000000, 0.000000000000000000, 0.000000000000000000 ) ) ;
#1605 = VECTOR ( 'NONE', #6984, 1000.000000000000000 ) ;
#1606 = AXIS2_PLACEMENT_3D ( 'NONE', #6235, #5522, #8364 ) ;
#1607 = ORIENTED_EDGE ( 'NONE', *, *, #4481, .F. ) ;
#1608 = ORIENTED_EDGE ( 'NONE', *, *, #3582, .T. ) ;
#1609 = CARTESIAN_POINT ( 'NONE',  ( 0.000000000000000000, -12.75000000000000000, 0.000000000000000000 ) ) ;
#1610 = AXIS2_PLACEMENT_3D ( 'NONE', #8092, #2494, #5247 ) ;
#1611 = EDGE_CURVE ( 'NONE', #5391, #455, #4977, .T. ) ;
#1612 = CARTESIAN_POINT ( 'NONE',  ( -66.98095531993472207, -21.03051657120438378, -3.266399720341551127 ) ) ;
#1613 = CYLINDRICAL_SURFACE ( 'NONE', #7729, 1.600000000000004086 ) ;
#1614 = VECTOR ( 'NONE', #8824, 1000.000000000000000 ) ;
#1615 = DIRECTION ( 'NONE',  ( -0.000000000000000000, -1.000000000000000000, -0.000000000000000000 ) ) ;
#1616 = LINE ( 'NONE', #7253, #3875 ) ;
#1617 = CARTESIAN_POINT ( 'NONE',  ( 4.006559040048433218, -21.92999999999999616, -3.415655477994568923 ) ) ;
#1618 = VECTOR ( 'NONE', #7402, 1000.000000000000227 ) ;
#1619 = ORIENTED_EDGE ( 'NONE', *, *, #1236, .F. ) ;
#1620 = CARTESIAN_POINT ( 'NONE',  ( -11.90198937725307893, -11.29005581014418880, 27.73360027965844665 ) ) ;
#1621 = VECTOR ( 'NONE', #9003, 1000.000000000000000 ) ;
#1622 = DIRECTION ( 'NONE',  ( 0.3999373064491222318, 0.9165424981473695443, -0.000000000000000000 ) ) ;
#1623 = EDGE_CURVE ( 'NONE', #4820, #675, #4498, .T. ) ;
#1624 = LINE ( 'NONE', #6506, #3609 ) ;
#1625 = AXIS2_PLACEMENT_3D ( 'NONE', #9300, #4135, #7834 ) ;
#1626 = EDGE_LOOP ( 'NONE', ( #2322, #941, #9001, #1846 ) ) ;
#1627 = CARTESIAN_POINT ( 'NONE',  ( -61.55073236542024517, -10.96570451637611932, 8.048806890340866715 ) ) ;
#1628 = PLANE ( 'NONE',  #4488 ) ;
#1629 = LINE ( 'NONE', #5984, #5374 ) ;
#1630 = FACE_OUTER_BOUND ( 'NONE', #5098, .T. ) ;
#1631 = ORIENTED_EDGE ( 'NONE', *, *, #6393, .F. ) ;
#1632 = VERTEX_POINT ( 'NONE', #6540 ) ;
#1633 = CARTESIAN_POINT ( 'NONE',  ( -7.774235610263285245, -23.74999999999999645, 3.416424131227112859 ) ) ;
#1634 = ORIENTED_EDGE ( 'NONE', *, *, #1993, .F. ) ;
#1635 = EDGE_CURVE ( 'NONE', #3433, #6682, #7246, .T. ) ;
#1636 = ORIENTED_EDGE ( 'NONE', *, *, #8446, .F. ) ;
#1637 = CARTESIAN_POINT ( 'NONE',  ( -49.91651260195900619, -21.92999999999999616, 23.43434452200543205 ) ) ;
#1638 = VERTEX_POINT ( 'NONE', #706 ) ;
#1639 = CARTESIAN_POINT ( 'NONE',  ( 8.852138384579765429, -14.40530737074389123, 2.675341377437610024 ) ) ;
#1640 = FACE_OUTER_BOUND ( 'NONE', #5663, .T. ) ;
#1641 = ORIENTED_EDGE ( 'NONE', *, *, #6332, .F. ) ;
#1642 = CARTESIAN_POINT ( 'NONE',  ( -11.90198937725308070, -9.928213204853570062, 27.73360027965844665 ) ) ;
#1643 = ORIENTED_EDGE ( 'NONE', *, *, #2399, .F. ) ;
#1644 = CARTESIAN_POINT ( 'NONE',  ( -63.54634611201960581, -25.31482886712318958, -6.766399720341551571 ) ) ;
#1645 = ADVANCED_FACE ( 'NONE', ( #5877 ), #4359, .F. ) ;
#1646 = ORIENTED_EDGE ( 'NONE', *, *, #1412, .T. ) ;
#1647 = LINE ( 'NONE', #1696, #4255 ) ;
#1648 = ORIENTED_EDGE ( 'NONE', *, *, #9150, .T. ) ;
#1649 = DIRECTION ( 'NONE',  ( 0.000000000000000000, 1.000000000000000000, 0.000000000000000000 ) ) ;
#1650 = CARTESIAN_POINT ( 'NONE',  ( -2.994029756264177777, -26.24999999999999645, 23.43434452200543205 ) ) ;
#1651 = CIRCLE ( 'NONE', #4677, 1.600000000000002531 ) ;
#1652 = PLANE ( 'NONE',  #7797 ) ;
#1653 = EDGE_LOOP ( 'NONE', ( #7280, #3808, #3667, #7272 ) ) ;
#1654 = ORIENTED_EDGE ( 'NONE', *, *, #3209, .T. ) ;
#1655 = DIRECTION ( 'NONE',  ( 0.000000000000000000, 1.000000000000000000, 0.000000000000000000 ) ) ;
#1656 = VECTOR ( 'NONE', #8108, 1000.000000000000000 ) ;
#1657 = CARTESIAN_POINT ( 'NONE',  ( 11.12228341961741762, -25.27535387189999128, -4.766399720341551571 ) ) ;
#1658 = FACE_OUTER_BOUND ( 'NONE', #3430, .T. ) ;
#1659 = CARTESIAN_POINT ( 'NONE',  ( 0.3767647619155705119, -26.24999999999999645, 0.5000000000000000000 ) ) ;
#1660 = LINE ( 'NONE', #2505, #4934 ) ;
#1661 = LINE ( 'NONE', #996, #4196 ) ;
#1662 = AXIS2_PLACEMENT_3D ( 'NONE', #1612, #272, #3160 ) ;
#1663 = VERTEX_POINT ( 'NONE', #7870 ) ;
#1664 = DIRECTION ( 'NONE',  ( -0.000000000000000000, -1.000000000000000000, -0.000000000000000000 ) ) ;
#1665 = CARTESIAN_POINT ( 'NONE',  ( 4.006559040048433218, -23.74999999999999645, 21.58434452200543063 ) ) ;
#1666 = DIRECTION ( 'NONE',  ( -0.000000000000000000, -1.000000000000000000, -0.000000000000000000 ) ) ;
#1667 = LINE ( 'NONE', #6173, #1823 ) ;
#1668 = VECTOR ( 'NONE', #1461, 1000.000000000000000 ) ;
#1669 = AXIS2_PLACEMENT_3D ( 'NONE', #7177, #3568, #6473 ) ;
#1670 = ORIENTED_EDGE ( 'NONE', *, *, #2535, .F. ) ;
#1671 = FACE_OUTER_BOUND ( 'NONE', #8042, .T. ) ;
#1672 = DIRECTION ( 'NONE',  ( -1.000000000000000000, 0.000000000000000000, 0.000000000000000000 ) ) ;
#1673 = DIRECTION ( 'NONE',  ( 0.5000000000000001110, -0.8660254037844385966, 0.000000000000000000 ) ) ;
#1674 = FACE_OUTER_BOUND ( 'NONE', #2443, .T. ) ;
#1675 = EDGE_CURVE ( 'NONE', #2280, #6559, #3641, .T. ) ;
#1676 = AXIS2_PLACEMENT_3D ( 'NONE', #3692, #5072, #5831 ) ;
#1677 = AXIS2_PLACEMENT_3D ( 'NONE', #1049, #3937, #187 ) ;
#1678 = ORIENTED_EDGE ( 'NONE', *, *, #3426, .T. ) ;
#1679 = EDGE_LOOP ( 'NONE', ( #8447, #7044, #5914, #8605 ) ) ;
#1680 = CARTESIAN_POINT ( 'NONE',  ( 9.758732317341049622, -17.35652330467017634, -4.766399720341551571 ) ) ;
#1681 = ORIENTED_EDGE ( 'NONE', *, *, #5415, .T. ) ;
#1682 = ORIENTED_EDGE ( 'NONE', *, *, #3570, .T. ) ;
#1683 = CARTESIAN_POINT ( 'NONE',  ( -70.42541949054557904, -21.03301371225455441, -3.266399720341551127 ) ) ;
#1684 = ORIENTED_EDGE ( 'NONE', *, *, #7624, .F. ) ;
#1685 = VECTOR ( 'NONE', #2061, 1000.000000000000000 ) ;
#1686 = CARTESIAN_POINT ( 'NONE',  ( -68.52198187529464235, -3.250000000000000444, -6.766399720341551571 ) ) ;
#1687 = PLANE ( 'NONE',  #8861 ) ;
#1688 = EDGE_CURVE ( 'NONE', #4777, #248, #4806, .T. ) ;
#1689 = EDGE_CURVE ( 'NONE', #2251, #4120, #9291, .T. ) ;
#1690 = ORIENTED_EDGE ( 'NONE', *, *, #1581, .T. ) ;
#1691 = CYLINDRICAL_SURFACE ( 'NONE', #3190, 1.600000000000002531 ) ;
#1692 = AXIS2_PLACEMENT_3D ( 'NONE', #5043, #6517, #1492 ) ;
#1693 = EDGE_LOOP ( 'NONE', ( #4132, #5868, #4474, #2206 ) ) ;
#1694 = CARTESIAN_POINT ( 'NONE',  ( -68.52198187529464235, -4.250000000000000000, -6.766399720341551571 ) ) ;
#1695 = ORIENTED_EDGE ( 'NONE', *, *, #5058, .F. ) ;
#1696 = CARTESIAN_POINT ( 'NONE',  ( -46.30751559817668550, -26.24999999999999645, -0.5000000000000000000 ) ) ;
#1697 = ORIENTED_EDGE ( 'NONE', *, *, #6256, .F. ) ;
#1698 = CARTESIAN_POINT ( 'NONE',  ( -14.45632582902195473, -23.24999999999999645, 1.129663705710172605 ) ) ;
#1699 = CARTESIAN_POINT ( 'NONE',  ( 6.859799299065987732, -14.57499999999999929, 20.87938738401799199 ) ) ;
#1700 = DIRECTION ( 'NONE',  ( 0.000000000000000000, -1.000000000000000000, 0.000000000000000000 ) ) ;
#1701 = EDGE_CURVE ( 'NONE', #2473, #977, #6446, .T. ) ;
#1702 = ADVANCED_FACE ( 'NONE', ( #8143 ), #2455, .F. ) ;
#1703 = EDGE_CURVE ( 'NONE', #5837, #155, #5202, .T. ) ;
#1704 = EDGE_CURVE ( 'NONE', #646, #4473, #4502, .T. ) ;
#1705 = ORIENTED_EDGE ( 'NONE', *, *, #8269, .T. ) ;
#1706 = ORIENTED_EDGE ( 'NONE', *, *, #3556, .F. ) ;
#1707 = LINE ( 'NONE', #7480, #7519 ) ;
#1708 = DIRECTION ( 'NONE',  ( 1.000000000000000000, 0.000000000000000000, -0.000000000000000000 ) ) ;
#1709 = LINE ( 'NONE', #9006, #2876 ) ;
#1710 = LINE ( 'NONE', #1659, #6116 ) ;
#1711 = DIRECTION ( 'NONE',  ( -0.000000000000000000, 0.000000000000000000, 1.000000000000000000 ) ) ;
#1712 = DIRECTION ( 'NONE',  ( 0.000000000000000000, 0.000000000000000000, -1.000000000000000000 ) ) ;
#1713 = EDGE_CURVE ( 'NONE', #199, #1150, #3208, .T. ) ;
#1714 = ORIENTED_EDGE ( 'NONE', *, *, #9266, .T. ) ;
#1715 = CARTESIAN_POINT ( 'NONE',  ( -44.08372187312362911, -13.99840717847742511, 25.73360027965844665 ) ) ;
#1716 = DIRECTION ( 'NONE',  ( -0.000000000000000000, 0.000000000000000000, 1.000000000000000000 ) ) ;
#1717 = CARTESIAN_POINT ( 'NONE',  ( 7.852138384579765429, -28.24999999999999645, -6.766399720341551571 ) ) ;
#1718 = CARTESIAN_POINT ( 'NONE',  ( -61.55073236542024517, -26.24999999999999645, 4.452562545487269929 ) ) ;
#1719 = ORIENTED_EDGE ( 'NONE', *, *, #5370, .T. ) ;
#1720 = CARTESIAN_POINT ( 'NONE',  ( -11.02830546420950242, -14.00699220561814329, 35.00000000000000000 ) ) ;
#1721 = DIRECTION ( 'NONE',  ( 0.000000000000000000, 0.000000000000000000, -1.000000000000000000 ) ) ;
#1722 = FACE_OUTER_BOUND ( 'NONE', #2730, .T. ) ;
#1723 = DIRECTION ( 'NONE',  ( -1.000000000000000000, -0.000000000000000000, -0.000000000000000000 ) ) ;
#1724 = ORIENTED_EDGE ( 'NONE', *, *, #480, .T. ) ;
#1725 = EDGE_CURVE ( 'NONE', #6076, #6526, #2500, .T. ) ;
#1726 = VERTEX_POINT ( 'NONE', #988 ) ;
#1727 = ORIENTED_EDGE ( 'NONE', *, *, #2620, .T. ) ;
#1728 = DIRECTION ( 'NONE',  ( -1.000000000000000000, 0.000000000000000000, 0.000000000000000000 ) ) ;
#1729 = VECTOR ( 'NONE', #3938, 1000.000000000000000 ) ;
#1730 = VECTOR ( 'NONE', #2873, 1000.000000000000000 ) ;
#1731 = EDGE_CURVE ( 'NONE', #575, #3520, #5349, .T. ) ;
#1732 = VERTEX_POINT ( 'NONE', #6780 ) ;
#1733 = DIRECTION ( 'NONE',  ( 0.000000000000000000, 0.000000000000000000, -1.000000000000000000 ) ) ;
#1734 = EDGE_LOOP ( 'NONE', ( #2903, #1554, #4407, #4450 ) ) ;
#1735 = LINE ( 'NONE', #3860, #5967 ) ;
#1736 = LINE ( 'NONE', #6809, #4327 ) ;
#1737 = VECTOR ( 'NONE', #1267, 1000.000000000000000 ) ;
#1738 = ORIENTED_EDGE ( 'NONE', *, *, #2387, .T. ) ;
#1739 = DIRECTION ( 'NONE',  ( 0.000000000000000000, 0.000000000000000000, -1.000000000000000000 ) ) ;
#1740 = ORIENTED_EDGE ( 'NONE', *, *, #3132, .T. ) ;
#1741 = CARTESIAN_POINT ( 'NONE',  ( -46.72049870685442130, -18.91113344730284851, 27.73360027965844665 ) ) ;
#1742 = EDGE_CURVE ( 'NONE', #1790, #4947, #2308, .T. ) ;
#1743 = ORIENTED_EDGE ( 'NONE', *, *, #2612, .F. ) ;
#1744 = FACE_OUTER_BOUND ( 'NONE', #265, .T. ) ;
#1745 = VECTOR ( 'NONE', #8366, 1000.000000000000000 ) ;
#1746 = ORIENTED_EDGE ( 'NONE', *, *, #7134, .F. ) ;
#1747 = DIRECTION ( 'NONE',  ( 0.000000000000000000, 0.000000000000000000, 1.000000000000000000 ) ) ;
#1748 = PLANE ( 'NONE',  #8874 ) ;
#1749 = FACE_OUTER_BOUND ( 'NONE', #7694, .T. ) ;
#1750 = VECTOR ( 'NONE', #7330, 1000.000000000000000 ) ;
#1751 = ORIENTED_EDGE ( 'NONE', *, *, #6799, .F. ) ;
#1752 = AXIS2_PLACEMENT_3D ( 'NONE', #2079, #5512, #5731 ) ;
#1753 = VERTEX_POINT ( 'NONE', #8236 ) ;
#1754 = PLANE ( 'NONE',  #5404 ) ;
#1755 = DIRECTION ( 'NONE',  ( -1.000000000000000000, 0.000000000000000000, 0.000000000000000000 ) ) ;
#1756 = LINE ( 'NONE', #3930, #7883 ) ;
#1757 = EDGE_CURVE ( 'NONE', #6004, #9002, #3157, .T. ) ;
#1758 = AXIS2_PLACEMENT_3D ( 'NONE', #6640, #3019, #5740 ) ;
#1759 = DIRECTION ( 'NONE',  ( 0.000000000000000000, 0.000000000000000000, -1.000000000000000000 ) ) ;
#1760 = ADVANCED_FACE ( 'NONE', ( #3739 ), #1754, .F. ) ;
#1761 = DIRECTION ( 'NONE',  ( 0.5000000000000002220, 0.000000000000000000, -0.8660254037844384856 ) ) ;
#1762 = VECTOR ( 'NONE', #5283, 1000.000000000000227 ) ;
#1763 = ORIENTED_EDGE ( 'NONE', *, *, #9107, .F. ) ;
#1764 = DIRECTION ( 'NONE',  ( 0.000000000000000000, 1.000000000000000000, 0.000000000000000000 ) ) ;
#1765 = VECTOR ( 'NONE', #4972, 1000.000000000000000 ) ;
#1766 = CARTESIAN_POINT ( 'NONE',  ( 11.12228341961742117, -3.250000000000000444, -4.766399720341551571 ) ) ;
#1767 = DIRECTION ( 'NONE',  ( -1.000000000000000000, 0.000000000000000000, 0.000000000000000000 ) ) ;
#1768 = CARTESIAN_POINT ( 'NONE',  ( -59.97849175394367194, -26.24999999999999645, -0.5000000000000000000 ) ) ;
#1769 = EDGE_CURVE ( 'NONE', #4358, #8266, #1322, .T. ) ;
#1770 = ORIENTED_EDGE ( 'NONE', *, *, #1884, .T. ) ;
#1771 = DIRECTION ( 'NONE',  ( 0.000000000000000000, 1.000000000000000000, 0.000000000000000000 ) ) ;
#1772 = LINE ( 'NONE', #8305, #7360 ) ;
#1773 = AXIS2_PLACEMENT_3D ( 'NONE', #389, #3277, #8355 ) ;
#1774 = CARTESIAN_POINT ( 'NONE',  ( -63.54634611201960581, -15.66790477302092199, -4.766399720341551571 ) ) ;
#1775 = FACE_OUTER_BOUND ( 'NONE', #2685, .T. ) ;
#1776 = CIRCLE ( 'NONE', #7279, 0.5000000000000004441 ) ;
#1777 = ORIENTED_EDGE ( 'NONE', *, *, #8126, .F. ) ;
#1778 = ORIENTED_EDGE ( 'NONE', *, *, #4830, .T. ) ;
#1779 = FACE_OUTER_BOUND ( 'NONE', #3085, .T. ) ;
#1780 = AXIS2_PLACEMENT_3D ( 'NONE', #7163, #1953, #4278 ) ;
#1781 = VERTEX_POINT ( 'NONE', #3109 ) ;
#1782 = DIRECTION ( 'NONE',  ( 0.000000000000000000, 0.000000000000000000, -1.000000000000000000 ) ) ;
#1783 = VERTEX_POINT ( 'NONE', #7387 ) ;
#1784 = CARTESIAN_POINT ( 'NONE',  ( 0.000000000000000000, -24.74999999999999645, 0.000000000000000000 ) ) ;
#1785 = CARTESIAN_POINT ( 'NONE',  ( 9.852138384579761876, -15.40530737074390721, 20.20998229243706845 ) ) ;
#1786 = ORIENTED_EDGE ( 'NONE', *, *, #1453, .F. ) ;
#1787 = CARTESIAN_POINT ( 'NONE',  ( -52.59336655716672482, -23.74999999999999645, -2.490655477994575762 ) ) ;
#1788 = EDGE_LOOP ( 'NONE', ( #4382, #5857, #5896, #783 ) ) ;
#1789 = CARTESIAN_POINT ( 'NONE',  ( 5.406633442833272518, -28.24999999999999645, 20.50934452200543134 ) ) ;
#1790 = VERTEX_POINT ( 'NONE', #894 ) ;
#1791 = DIRECTION ( 'NONE',  ( 0.000000000000000000, -0.9021223061229347584, -0.4314804106740396938 ) ) ;
#1792 = VERTEX_POINT ( 'NONE', #5252 ) ;
#1793 = CARTESIAN_POINT ( 'NONE',  ( -31.99253646513271931, -13.99840717847742511, 25.73360027965844665 ) ) ;
#1794 = DIRECTION ( 'NONE',  ( -1.000000000000000000, 0.000000000000000000, 0.000000000000000000 ) ) ;
#1795 = DIRECTION ( 'NONE',  ( 1.609861257756964550E-16, 1.000000000000000000, 0.000000000000000000 ) ) ;
#1796 = EDGE_CURVE ( 'NONE', #4203, #8697, #7534, .T. ) ;
#1797 = ORIENTED_EDGE ( 'NONE', *, *, #8758, .F. ) ;
#1798 = VERTEX_POINT ( 'NONE', #1039 ) ;
#1799 = DIRECTION ( 'NONE',  ( 0.000000000000000000, 0.000000000000000000, 1.000000000000000000 ) ) ;
#1800 = LINE ( 'NONE', #3210, #8924 ) ;
#1801 = CARTESIAN_POINT ( 'NONE',  ( -14.45632582902195473, -23.74999999999999645, 3.416424131227112859 ) ) ;
#1802 = VECTOR ( 'NONE', #7630, 1000.000000000000000 ) ;
#1803 = DIRECTION ( 'NONE',  ( 0.000000000000000000, -0.000000000000000000, 1.000000000000000000 ) ) ;
#1804 = DIRECTION ( 'NONE',  ( -1.000000000000000000, 0.000000000000000000, 0.000000000000000000 ) ) ;
#1805 = EDGE_CURVE ( 'NONE', #4445, #7327, #3784, .T. ) ;
#1806 = ORIENTED_EDGE ( 'NONE', *, *, #7312, .T. ) ;
#1807 = VECTOR ( 'NONE', #339, 1000.000000000000000 ) ;
#1808 = EDGE_CURVE ( 'NONE', #7292, #5837, #5966, .T. ) ;
#1809 = DIRECTION ( 'NONE',  ( -0.000000000000000000, -1.000000000000000000, -0.000000000000000000 ) ) ;
#1810 = CARTESIAN_POINT ( 'NONE',  ( -55.39351536273639454, -23.74999999999999645, -2.490655477994575762 ) ) ;
#1811 = CYLINDRICAL_SURFACE ( 'NONE', #6355, 1.350000000000000533 ) ;
#1812 = DIRECTION ( 'NONE',  ( -1.000000000000000000, 0.000000000000000000, -0.000000000000000000 ) ) ;
#1813 = ORIENTED_EDGE ( 'NONE', *, *, #8514, .F. ) ;
#1814 = DIRECTION ( 'NONE',  ( 1.000000000000000000, 0.000000000000000000, 0.000000000000000000 ) ) ;
#1815 = DIRECTION ( 'NONE',  ( 0.000000000000000000, 0.000000000000000000, -1.000000000000000000 ) ) ;
#1816 = VECTOR ( 'NONE', #6872, 1000.000000000000000 ) ;
#1817 = DIRECTION ( 'NONE',  ( 1.000000000000000000, 0.000000000000000000, 0.000000000000000000 ) ) ;
#1818 = DIRECTION ( 'NONE',  ( -0.000000000000000000, -1.000000000000000000, -0.000000000000000000 ) ) ;
#1819 = ADVANCED_FACE ( 'NONE', ( #3927 ), #6018, .T. ) ;
#1820 = EDGE_LOOP ( 'NONE', ( #3805, #1361, #8414, #568, #4853, #6982 ) ) ;
#1821 = ORIENTED_EDGE ( 'NONE', *, *, #7019, .T. ) ;
#1822 = CARTESIAN_POINT ( 'NONE',  ( -49.89344095995156891, -21.92999999999999616, 0.5000000000000000000 ) ) ;
#1823 = VECTOR ( 'NONE', #9062, 1000.000000000000000 ) ;
#1824 = ORIENTED_EDGE ( 'NONE', *, *, #3185, .F. ) ;
#1825 = DIRECTION ( 'NONE',  ( -0.000000000000000000, -0.000000000000000000, 1.000000000000000000 ) ) ;
#1826 = EDGE_LOOP ( 'NONE', ( #8774, #518, #8709, #1517 ) ) ;
#1827 = CARTESIAN_POINT ( 'NONE',  ( -61.55073236542024517, -13.42906725808352952, 4.452562545487269929 ) ) ;
#1828 = AXIS2_PLACEMENT_3D ( 'NONE', #3399, #6399, #4123 ) ;
#1829 = AXIS2_PLACEMENT_3D ( 'NONE', #5326, #5373, #8165 ) ;
#1830 = FACE_BOUND ( 'NONE', #4038, .T. ) ;
#1831 = ADVANCED_FACE ( 'NONE', ( #2406 ), #6636, .T. ) ;
#1832 = EDGE_LOOP ( 'NONE', ( #1595, #7926, #4811, #9213 ) ) ;
#1833 = DIRECTION ( 'NONE',  ( 0.000000000000000000, 0.000000000000000000, -1.000000000000000000 ) ) ;
#1834 = ORIENTED_EDGE ( 'NONE', *, *, #3753, .F. ) ;
#1835 = VECTOR ( 'NONE', #5534, 1000.000000000000000 ) ;
#1836 = VECTOR ( 'NONE', #8593, 1000.000000000000000 ) ;
#1837 = ORIENTED_EDGE ( 'NONE', *, *, #7167, .T. ) ;
#1838 = DIRECTION ( 'NONE',  ( 0.000000000000000000, 1.000000000000000000, 0.000000000000000000 ) ) ;
#1839 = ORIENTED_EDGE ( 'NONE', *, *, #684, .T. ) ;
#1840 = CARTESIAN_POINT ( 'NONE',  ( 0.3767647619155705119, -26.24999999999999645, -0.5000000000000000000 ) ) ;
#1841 = LINE ( 'NONE', #7668, #6611 ) ;
#1842 = DIRECTION ( 'NONE',  ( 0.4999999999999996669, 0.000000000000000000, 0.8660254037844388186 ) ) ;
#1843 = CIRCLE ( 'NONE', #473, 0.5000000000000004441 ) ;
#1844 = ORIENTED_EDGE ( 'NONE', *, *, #1701, .T. ) ;
#1845 = EDGE_CURVE ( 'NONE', #2682, #6004, #1707, .T. ) ;
#1846 = ORIENTED_EDGE ( 'NONE', *, *, #2872, .T. ) ;
#1847 = CARTESIAN_POINT ( 'NONE',  ( 4.006559040048433218, -8.929999999999994387, -3.415655477994568923 ) ) ;
#1848 = VECTOR ( 'NONE', #7906, 1000.000000000000000 ) ;
#1849 = DIRECTION ( 'NONE',  ( 0.000000000000000000, 0.000000000000000000, -1.000000000000000000 ) ) ;
#1850 = CARTESIAN_POINT ( 'NONE',  ( -49.91651260195900619, -21.92999999999999616, 23.36868904401082503 ) ) ;
#1851 = EDGE_CURVE ( 'NONE', #500, #3228, #5544, .T. ) ;
#1852 = DIRECTION ( 'NONE',  ( 0.000000000000000000, 1.000000000000000000, 0.000000000000000000 ) ) ;
#1853 = DIRECTION ( 'NONE',  ( 1.000000000000000000, 0.000000000000000000, 0.000000000000000000 ) ) ;
#1854 = DIRECTION ( 'NONE',  ( 0.000000000000000000, 0.000000000000000000, 1.000000000000000000 ) ) ;
#1855 = VERTEX_POINT ( 'NONE', #5443 ) ;
#1856 = CARTESIAN_POINT ( 'NONE',  ( -49.92404297007639968, -21.92999999999999616, 23.43434452200543205 ) ) ;
#1857 = CARTESIAN_POINT ( 'NONE',  ( -20.14526954535771353, -26.24999999999999645, 27.73360027965844665 ) ) ;
#1858 = CARTESIAN_POINT ( 'NONE',  ( -0.07036931794412223939, -26.24999999999999645, -0.4999999999999998890 ) ) ;
#1859 = DIRECTION ( 'NONE',  ( -0.000000000000000000, -0.000000000000000000, -1.000000000000000000 ) ) ;
#1860 = ADVANCED_FACE ( 'NONE', ( #6204 ), #9050, .T. ) ;
#1861 = ORIENTED_EDGE ( 'NONE', *, *, #8488, .T. ) ;
#1862 = DIRECTION ( 'NONE',  ( 1.548777936842437519E-16, -0.000000000000000000, 1.000000000000000000 ) ) ;
#1863 = CARTESIAN_POINT ( 'NONE',  ( -9.100693713008769947, -26.24999999999999645, 25.00000000000000000 ) ) ;
#1864 = DIRECTION ( 'NONE',  ( -1.000000000000000000, 0.000000000000000000, 0.000000000000000000 ) ) ;
#1865 = CARTESIAN_POINT ( 'NONE',  ( -53.55073236542024517, -18.64230216687093034, 15.08553141188837721 ) ) ;
#1866 = ORIENTED_EDGE ( 'NONE', *, *, #840, .F. ) ;
#1867 = ORIENTED_EDGE ( 'NONE', *, *, #506, .F. ) ;
#1868 = DIRECTION ( 'NONE',  ( -0.000000000000000000, -1.000000000000000000, -0.000000000000000000 ) ) ;
#1869 = ORIENTED_EDGE ( 'NONE', *, *, #8153, .T. ) ;
#1870 = DIRECTION ( 'NONE',  ( -0.000000000000000000, 1.000000000000000000, -0.000000000000000000 ) ) ;
#1871 = EDGE_LOOP ( 'NONE', ( #2569, #8507, #8209, #6337 ) ) ;
#1872 = EDGE_CURVE ( 'NONE', #8956, #6526, #8432, .T. ) ;
#1873 = CARTESIAN_POINT ( 'NONE',  ( -56.79358976552124716, -23.74999999999999645, 22.93434452200542495 ) ) ;
#1874 = ADVANCED_FACE ( 'NONE', ( #3255 ), #6966, .F. ) ;
#1875 = CARTESIAN_POINT ( 'NONE',  ( -53.99344095995156323, -23.74999999999999645, -0.06565547799456880607 ) ) ;
#1876 = ORIENTED_EDGE ( 'NONE', *, *, #8702, .T. ) ;
#1877 = ORIENTED_EDGE ( 'NONE', *, *, #4493, .F. ) ;
#1878 = LINE ( 'NONE', #4676, #3959 ) ;
#1879 = AXIS2_PLACEMENT_3D ( 'NONE', #7573, #9045, #3052 ) ;
#1880 = ORIENTED_EDGE ( 'NONE', *, *, #1281, .F. ) ;
#1881 = ORIENTED_EDGE ( 'NONE', *, *, #4422, .T. ) ;
#1882 = CARTESIAN_POINT ( 'NONE',  ( -47.95232035379806490, -17.50712056481877354, 23.50000000000000000 ) ) ;
#1883 = ORIENTED_EDGE ( 'NONE', *, *, #3070, .T. ) ;
#1884 = EDGE_CURVE ( 'NONE', #6751, #3324, #1776, .T. ) ;
#1885 = FACE_OUTER_BOUND ( 'NONE', #3199, .T. ) ;
#1886 = LINE ( 'NONE', #3297, #4346 ) ;
#1887 = VECTOR ( 'NONE', #2338, 1000.000000000000000 ) ;
#1888 = DIRECTION ( 'NONE',  ( 0.000000000000000000, 0.000000000000000000, -1.000000000000000000 ) ) ;
#1889 = ORIENTED_EDGE ( 'NONE', *, *, #8072, .F. ) ;
#1890 = VERTEX_POINT ( 'NONE', #1847 ) ;
#1891 = DIRECTION ( 'NONE',  ( 0.000000000000000000, 1.000000000000000000, 0.000000000000000000 ) ) ;
#1892 = CARTESIAN_POINT ( 'NONE',  ( -0.05423323242928317078, -21.92999999999999616, 0.5000000000000000000 ) ) ;
#1893 = CARTESIAN_POINT ( 'NONE',  ( -61.55073236542024517, -13.42906725808352952, 4.452562545487269929 ) ) ;
#1894 = CARTESIAN_POINT ( 'NONE',  ( -21.00632283287208324, -8.826403837643526984, 27.73360027965844665 ) ) ;
#1895 = DIRECTION ( 'NONE',  ( 0.000000000000000000, 1.000000000000000000, 0.000000000000000000 ) ) ;
#1896 = VECTOR ( 'NONE', #3924, 1000.000000000000000 ) ;
#1897 = EDGE_LOOP ( 'NONE', ( #8735, #1298, #5046, #2717 ) ) ;
#1898 = LINE ( 'NONE', #6360, #5467 ) ;
#1899 = EDGE_CURVE ( 'NONE', #8073, #155, #6351, .T. ) ;
#1900 = CYLINDRICAL_SURFACE ( 'NONE', #53, 4.000000000000003553 ) ;
#1901 = DIRECTION ( 'NONE',  ( -0.8660254037844388186, -0.4999999999999997224, 0.000000000000000000 ) ) ;
#1902 = CARTESIAN_POINT ( 'NONE',  ( 7.852138384579765429, -21.92999999999999616, -1.487456977822858795 ) ) ;
#1903 = VECTOR ( 'NONE', #2390, 1000.000000000000000 ) ;
#1904 = ORIENTED_EDGE ( 'NONE', *, *, #2179, .F. ) ;
#1905 = DIRECTION ( 'NONE',  ( -0.000000000000000000, 1.000000000000000000, -0.000000000000000000 ) ) ;
#1906 = DIRECTION ( 'NONE',  ( -1.000000000000000000, -0.000000000000000000, -0.000000000000000000 ) ) ;
#1907 = CARTESIAN_POINT ( 'NONE',  ( -56.55073236542025228, -6.977067257872927364, 9.048806890340868492 ) ) ;
#1908 = EDGE_CURVE ( 'NONE', #8541, #1583, #4121, .T. ) ;
#1909 = EDGE_CURVE ( 'NONE', #7811, #4896, #3396, .T. ) ;
#1910 = VECTOR ( 'NONE', #4812, 1000.000000000000000 ) ;
#1911 = ORIENTED_EDGE ( 'NONE', *, *, #869, .T. ) ;
#1912 = ADVANCED_FACE ( 'NONE', ( #6159 ), #559, .F. ) ;
#1913 = ORIENTED_EDGE ( 'NONE', *, *, #5770, .T. ) ;
#1914 = LINE ( 'NONE', #7789, #5459 ) ;
#1915 = AXIS2_PLACEMENT_3D ( 'NONE', #2779, #1895, #2645 ) ;
#1916 = ORIENTED_EDGE ( 'NONE', *, *, #9223, .T. ) ;
#1917 = CARTESIAN_POINT ( 'NONE',  ( -66.60685805559241146, -28.24999999999999645, 11.92435785757281153 ) ) ;
#1918 = ORIENTED_EDGE ( 'NONE', *, *, #3962, .F. ) ;
#1919 = LINE ( 'NONE', #7087, #7490 ) ;
#1920 = FACE_OUTER_BOUND ( 'NONE', #7524, .T. ) ;
#1921 = CIRCLE ( 'NONE', #3117, 1.500000000000001332 ) ;
#1922 = ORIENTED_EDGE ( 'NONE', *, *, #2620, .F. ) ;
#1923 = ORIENTED_EDGE ( 'NONE', *, *, #4079, .F. ) ;
#1924 = CARTESIAN_POINT ( 'NONE',  ( -11.90198937725307893, -11.79005581014418880, 35.00000000000000000 ) ) ;
#1925 = EDGE_CURVE ( 'NONE', #7411, #5432, #6233, .T. ) ;
#1926 = VECTOR ( 'NONE', #4548, 1000.000000000000000 ) ;
#1927 = ORIENTED_EDGE ( 'NONE', *, *, #7958, .T. ) ;
#1928 = ORIENTED_EDGE ( 'NONE', *, *, #6481, .T. ) ;
#1929 = DIRECTION ( 'NONE',  ( -0.000000000000000000, -0.000000000000000000, 1.000000000000000000 ) ) ;
#1930 = EDGE_LOOP ( 'NONE', ( #2115, #6612 ) ) ;
#1931 = VECTOR ( 'NONE', #9104, 999.9999999999998863 ) ;
#1932 = CARTESIAN_POINT ( 'NONE',  ( 6.352138384579762764, -26.24999999999999645, 24.23360027965844665 ) ) ;
#1933 = CARTESIAN_POINT ( 'NONE',  ( 2.606484637263592141, -28.24999999999999645, -2.490655477994568656 ) ) ;
#1934 = PLANE ( 'NONE',  #5380 ) ;
#1935 = VERTEX_POINT ( 'NONE', #2687 ) ;
#1936 = EDGE_CURVE ( 'NONE', #211, #160, #4690, .T. ) ;
#1937 = ORIENTED_EDGE ( 'NONE', *, *, #4566, .T. ) ;
#1938 = DIRECTION ( 'NONE',  ( -0.7071067811865480168, -0.7071067811865470176, 0.000000000000000000 ) ) ;
#1939 = CARTESIAN_POINT ( 'NONE',  ( 9.852138384579765429, -24.74999999999999645, 8.561872586650322248 ) ) ;
#1940 = FACE_OUTER_BOUND ( 'NONE', #1230, .T. ) ;
#1941 = CYLINDRICAL_SURFACE ( 'NONE', #2170, 0.5000000000000004441 ) ;
#1942 = CARTESIAN_POINT ( 'NONE',  ( -68.52198187529464235, -3.250000000000000444, -3.266399720341551127 ) ) ;
#1943 = EDGE_LOOP ( 'NONE', ( #2516, #8263, #4006, #5993 ) ) ;
#1944 = CYLINDRICAL_SURFACE ( 'NONE', #1384, 4.000000000000000000 ) ;
#1945 = EDGE_CURVE ( 'NONE', #2865, #4228, #9097, .T. ) ;
#1946 = CARTESIAN_POINT ( 'NONE',  ( -4.911502654941801715, -17.70205716597089918, 22.73360027965845021 ) ) ;
#1947 = CIRCLE ( 'NONE', #2840, 0.5000000000000004441 ) ;
#1948 = LINE ( 'NONE', #481, #4991 ) ;
#1949 = LINE ( 'NONE', #1199, #7413 ) ;
#1950 = EDGE_LOOP ( 'NONE', ( #2653, #5634, #537, #1923, #1482, #4875 ) ) ;
#1951 = CARTESIAN_POINT ( 'NONE',  ( -53.99344095995156323, -8.929999999999994387, 22.93434452200543205 ) ) ;
#1952 = CARTESIAN_POINT ( 'NONE',  ( 14.18099059628930014, -20.71838846451663230, -6.766399720341551571 ) ) ;
#1953 = DIRECTION ( 'NONE',  ( 0.000000000000000000, -1.000000000000000000, 0.000000000000000000 ) ) ;
#1954 = VECTOR ( 'NONE', #7260, 1000.000000000000000 ) ;
#1955 = ORIENTED_EDGE ( 'NONE', *, *, #5041, .F. ) ;
#1956 = ORIENTED_EDGE ( 'NONE', *, *, #2453, .T. ) ;
#1957 = VERTEX_POINT ( 'NONE', #2595 ) ;
#1958 = FACE_OUTER_BOUND ( 'NONE', #2391, .T. ) ;
#1959 = LINE ( 'NONE', #4189, #4836 ) ;
#1960 = VECTOR ( 'NONE', #89, 1000.000000000000000 ) ;
#1961 = ORIENTED_EDGE ( 'NONE', *, *, #25, .T. ) ;
#1962 = FACE_OUTER_BOUND ( 'NONE', #8695, .T. ) ;
#1963 = ORIENTED_EDGE ( 'NONE', *, *, #4389, .F. ) ;
#1964 = EDGE_CURVE ( 'NONE', #1078, #269, #4784, .T. ) ;
#1965 = DIRECTION ( 'NONE',  ( -1.000000000000000000, 0.000000000000000000, 0.000000000000000000 ) ) ;
#1966 = DIRECTION ( 'NONE',  ( 1.000000000000000000, -0.000000000000000000, -0.000000000000000000 ) ) ;
#1967 = AXIS2_PLACEMENT_3D ( 'NONE', #4305, #7190, #696 ) ;
#1968 = ORIENTED_EDGE ( 'NONE', *, *, #7933, .T. ) ;
#1969 = ORIENTED_EDGE ( 'NONE', *, *, #6608, .F. ) ;
#1970 = CYLINDRICAL_SURFACE ( 'NONE', #166, 3.350000000000001865 ) ;
#1971 = ORIENTED_EDGE ( 'NONE', *, *, #6762, .F. ) ;
#1972 = EDGE_LOOP ( 'NONE', ( #1777, #1969 ) ) ;
#1973 = LINE ( 'NONE', #7665, #7736 ) ;
#1974 = VERTEX_POINT ( 'NONE', #3350 ) ;
#1975 = AXIS2_PLACEMENT_3D ( 'NONE', #5747, #3747, #99 ) ;
#1976 = EDGE_CURVE ( 'NONE', #4451, #7731, #1084, .T. ) ;
#1977 = DIRECTION ( 'NONE',  ( -0.3999373064491222318, -0.9165424981473695443, 0.000000000000000000 ) ) ;
#1979 = EDGE_CURVE ( 'NONE', #9261, #5695, #2640, .T. ) ;
#1978 = LINE ( 'NONE', #8378, #3253 ) ;
#1980 = VERTEX_POINT ( 'NONE', #7719 ) ;
#1981 = AXIS2_PLACEMENT_3D ( 'NONE', #7150, #2076, #7861 ) ;
#1982 = CIRCLE ( 'NONE', #3180, 4.099999999999999645 ) ;
#1983 = ORIENTED_EDGE ( 'NONE', *, *, #2150, .F. ) ;
#1984 = CARTESIAN_POINT ( 'NONE',  ( 2.606484637263591697, -23.74999999999999645, 25.35934452200542921 ) ) ;
#1985 = CARTESIAN_POINT ( 'NONE',  ( -53.99344095995156323, -8.929999999999994387, -0.06565547799456880607 ) ) ;
#1986 = DIRECTION ( 'NONE',  ( 0.000000000000000000, 1.000000000000000000, 0.000000000000000000 ) ) ;
#1987 = CYLINDRICAL_SURFACE ( 'NONE', #5352, 4.099999999999999645 ) ;
#1988 = ADVANCED_FACE ( 'NONE', ( #8522 ), #3443, .T. ) ;
#1989 = CARTESIAN_POINT ( 'NONE',  ( 0.000000000000000000, 0.000000000000000000, 23.43434452200543205 ) ) ;
#1990 = CIRCLE ( 'NONE', #1086, 0.5000000000000004441 ) ;
#1991 = VECTOR ( 'NONE', #6622, 1000.000000000000114 ) ;
#1992 = EDGE_CURVE ( 'NONE', #3523, #8359, #372, .T. ) ;
#1993 = EDGE_CURVE ( 'NONE', #3433, #9081, #4725, .T. ) ;
#1994 = VERTEX_POINT ( 'NONE', #1415 ) ;
#1995 = LINE ( 'NONE', #1856, #4256 ) ;
#1996 = CARTESIAN_POINT ( 'NONE',  ( -63.54634611201960581, -25.03301371225455441, -6.766399720341551571 ) ) ;
#1997 = ADVANCED_FACE ( 'NONE', ( #8707 ), #5016, .T. ) ;
#1998 = FACE_OUTER_BOUND ( 'NONE', #2594, .T. ) ;
#1999 = CARTESIAN_POINT ( 'NONE',  ( -52.59336655716671771, -28.24999999999999645, 25.35934452200542566 ) ) ;
#2000 = ORIENTED_EDGE ( 'NONE', *, *, #725, .F. ) ;
#2001 = CARTESIAN_POINT ( 'NONE',  ( -66.09198187529463553, -5.004056775174929861, -3.266399720341551127 ) ) ;
#2002 = DIRECTION ( 'NONE',  ( 0.000000000000000000, 0.000000000000000000, 1.000000000000000000 ) ) ;
#2003 = EDGE_CURVE ( 'NONE', #1638, #6276, #2894, .T. ) ;
#2004 = DIRECTION ( 'NONE',  ( 0.000000000000000000, 0.7071067811865474617, -0.7071067811865474617 ) ) ;
#2005 = ORIENTED_EDGE ( 'NONE', *, *, #6724, .F. ) ;
#2006 = ORIENTED_EDGE ( 'NONE', *, *, #11, .F. ) ;
#2007 = ORIENTED_EDGE ( 'NONE', *, *, #4655, .F. ) ;
#2008 = DIRECTION ( 'NONE',  ( 0.000000000000000000, 0.000000000000000000, -1.000000000000000000 ) ) ;
#2009 = PLANE ( 'NONE',  #7706 ) ;
#2010 = EDGE_LOOP ( 'NONE', ( #984, #5855, #5237, #4223, #5146, #5105 ) ) ;
#2011 = CARTESIAN_POINT ( 'NONE',  ( -63.55073236542024517, -18.64230216687093034, 15.08553141188837721 ) ) ;
#2012 = CARTESIAN_POINT ( 'NONE',  ( 7.622283419617420286, -25.27535387189999128, -6.527799970229503757 ) ) ;
#2013 = ADVANCED_FACE ( 'NONE', ( #5059 ), #5817, .T. ) ;
#2014 = ORIENTED_EDGE ( 'NONE', *, *, #7661, .F. ) ;
#2015 = VERTEX_POINT ( 'NONE', #2209 ) ;
#2016 = LINE ( 'NONE', #499, #2592 ) ;
#2017 = EDGE_CURVE ( 'NONE', #7718, #8477, #3533, .T. ) ;
#2018 = VERTEX_POINT ( 'NONE', #7859 ) ;
#2019 = ORIENTED_EDGE ( 'NONE', *, *, #2146, .F. ) ;
#2020 = DIRECTION ( 'NONE',  ( 0.000000000000000000, 0.000000000000000000, -1.000000000000000000 ) ) ;
#2021 = VERTEX_POINT ( 'NONE', #5867 ) ;
#2022 = CARTESIAN_POINT ( 'NONE',  ( -11.02830546420950242, -14.00699220561814329, 26.73360027965844665 ) ) ;
#2023 = LINE ( 'NONE', #9233, #4169 ) ;
#2024 = VECTOR ( 'NONE', #1464, 1000.000000000000000 ) ;
#2025 = ORIENTED_EDGE ( 'NONE', *, *, #6634, .F. ) ;
#2026 = EDGE_CURVE ( 'NONE', #782, #5190, #1368, .T. ) ;
#2027 = ORIENTED_EDGE ( 'NONE', *, *, #2917, .T. ) ;
#2028 = CARTESIAN_POINT ( 'NONE',  ( 4.006559040048433218, -21.92999999999999616, 22.93434452200543205 ) ) ;
#2029 = VECTOR ( 'NONE', #1529, 1000.000000000000000 ) ;
#2030 = CARTESIAN_POINT ( 'NONE',  ( 5.406633442833272518, -23.74999999999999645, 20.50934452200543134 ) ) ;
#2031 = CARTESIAN_POINT ( 'NONE',  ( 16.25304598478975393, -21.03051657120438378, -3.266399720341551127 ) ) ;
#2032 = CARTESIAN_POINT ( 'NONE',  ( -13.10069371300876995, -24.24999999999999289, 3.416424131227113747 ) ) ;
#2033 = DIRECTION ( 'NONE',  ( 0.000000000000000000, -0.000000000000000000, 1.000000000000000000 ) ) ;
#2034 = CARTESIAN_POINT ( 'NONE',  ( -13.92158689150289952, -23.74999999999999645, 0.000000000000000000 ) ) ;
#2035 = EDGE_LOOP ( 'NONE', ( #5442, #6624, #1200, #497 ) ) ;
#2036 = VECTOR ( 'NONE', #57, 1000.000000000000000 ) ;
#2037 = LINE ( 'NONE', #3675, #1390 ) ;
#2038 = DIRECTION ( 'NONE',  ( -1.000000000000000000, 0.000000000000000000, 0.000000000000000000 ) ) ;
#2039 = EDGE_CURVE ( 'NONE', #7993, #644, #8615, .T. ) ;
#2040 = DIRECTION ( 'NONE',  ( -0.8660254037844385966, 0.000000000000000000, -0.5000000000000002220 ) ) ;
#2041 = CARTESIAN_POINT ( 'NONE',  ( -7.017521981314792434, -18.91796799097090087, 0.000000000000000000 ) ) ;
#2042 = ORIENTED_EDGE ( 'NONE', *, *, #3556, .T. ) ;
#2043 = DIRECTION ( 'NONE',  ( 0.000000000000000000, 0.000000000000000000, -1.000000000000000000 ) ) ;
#2044 = DIRECTION ( 'NONE',  ( 0.000000000000000000, 1.000000000000000000, 0.000000000000000000 ) ) ;
#2045 = AXIS2_PLACEMENT_3D ( 'NONE', #9021, #7819, #1375 ) ;
#2046 = CARTESIAN_POINT ( 'NONE',  ( -50.31212030288700987, -21.92999999999999616, 22.43434452200543205 ) ) ;
#2047 = ORIENTED_EDGE ( 'NONE', *, *, #5577, .T. ) ;
#2048 = ORIENTED_EDGE ( 'NONE', *, *, #7604, .T. ) ;
#2049 = ORIENTED_EDGE ( 'NONE', *, *, #2003, .T. ) ;
#2050 = CARTESIAN_POINT ( 'NONE',  ( -54.49344095995157033, -26.24999999999999645, 16.76811097311695065 ) ) ;
#2051 = CIRCLE ( 'NONE', #5081, 3.500000000000000000 ) ;
#2052 = EDGE_CURVE ( 'NONE', #8881, #7512, #4303, .T. ) ;
#2053 = LINE ( 'NONE', #8277, #8313 ) ;
#2054 = ORIENTED_EDGE ( 'NONE', *, *, #8799, .T. ) ;
#2055 = CARTESIAN_POINT ( 'NONE',  ( 4.006559040048433218, -21.92999999999999616, -0.06565547799456880607 ) ) ;
#2056 = AXIS2_PLACEMENT_3D ( 'NONE', #3933, #8196, #5971 ) ;
#2057 = FACE_OUTER_BOUND ( 'NONE', #7829, .T. ) ;
#2058 = VECTOR ( 'NONE', #9308, 1000.000000000000000 ) ;
#2059 = EDGE_LOOP ( 'NONE', ( #3618, #1968, #5372, #7692 ) ) ;
#2060 = ORIENTED_EDGE ( 'NONE', *, *, #4476, .F. ) ;
#2061 = DIRECTION ( 'NONE',  ( 0.000000000000000000, 0.000000000000000000, -1.000000000000000000 ) ) ;
#2062 = CIRCLE ( 'NONE', #1915, 3.500000000000000000 ) ;
#2063 = VERTEX_POINT ( 'NONE', #5678 ) ;
#2064 = VECTOR ( 'NONE', #4609, 1000.000000000000000 ) ;
#2065 = VERTEX_POINT ( 'NONE', #7188 ) ;
#2066 =( NAMED_UNIT ( * ) PLANE_ANGLE_UNIT ( ) SI_UNIT ( $, .RADIAN. ) );
#2067 = ORIENTED_EDGE ( 'NONE', *, *, #5259, .F. ) ;
#2068 = CYLINDRICAL_SURFACE ( 'NONE', #4307, 4.000000000000000000 ) ;
#2069 = CARTESIAN_POINT ( 'NONE',  ( 4.006559040048433218, -21.92999999999999616, -0.06565547799456880607 ) ) ;
#2070 = CIRCLE ( 'NONE', #5245, 3.350000000000000089 ) ;
#2071 = EDGE_LOOP ( 'NONE', ( #2766, #3003, #6459, #5763 ) ) ;
#2072 = ORIENTED_EDGE ( 'NONE', *, *, #5676, .F. ) ;
#2073 = DIRECTION ( 'NONE',  ( 0.000000000000000000, -0.000000000000000000, 1.000000000000000000 ) ) ;
#2074 = VECTOR ( 'NONE', #529, 1000.000000000000000 ) ;
#2075 = CARTESIAN_POINT ( 'NONE',  ( 7.263129686692223252, -24.08999999999999275, 25.42527760489184985 ) ) ;
#2076 = DIRECTION ( 'NONE',  ( -1.000000000000000000, 0.000000000000000000, -0.000000000000000000 ) ) ;
#2077 = DIRECTION ( 'NONE',  ( -0.000000000000000000, 0.000000000000000000, -1.000000000000000000 ) ) ;
#2078 = FACE_OUTER_BOUND ( 'NONE', #7180, .T. ) ;
#2079 = CARTESIAN_POINT ( 'NONE',  ( -67.52198187529464235, -4.250000000000000000, -3.266399720341551127 ) ) ;
#2080 = ADVANCED_FACE ( 'NONE', ( #694 ), #4258, .F. ) ;
#2081 = EDGE_LOOP ( 'NONE', ( #6989, #4095, #3566, #4689, #6842, #4580, #2230 ) ) ;
#2082 = FACE_OUTER_BOUND ( 'NONE', #5031, .T. ) ;
#2083 = DIRECTION ( 'NONE',  ( -0.000000000000000000, -1.000000000000000000, -0.000000000000000000 ) ) ;
#2084 = CARTESIAN_POINT ( 'NONE',  ( -46.73713643039142340, -16.80553379952504045, 22.73360027965845021 ) ) ;
#2085 = DIRECTION ( 'NONE',  ( 0.5000000000000016653, 0.8660254037844378194, 0.000000000000000000 ) ) ;
#2086 = ORIENTED_EDGE ( 'NONE', *, *, #8163, .T. ) ;
#2087 = PLANE ( 'NONE',  #2393 ) ;
#2088 = CARTESIAN_POINT ( 'NONE',  ( -61.55073236542024517, -3.250000000000000000, -4.766399720341551571 ) ) ;
#2089 = EDGE_CURVE ( 'NONE', #2889, #2366, #6397, .T. ) ;
#2090 = LINE ( 'NONE', #2046, #2074 ) ;
#2091 = EDGE_CURVE ( 'NONE', #7731, #4451, #7300, .T. ) ;
#2092 = ORIENTED_EDGE ( 'NONE', *, *, #285, .F. ) ;
#2093 = CARTESIAN_POINT ( 'NONE',  ( -52.59336655716671771, -28.24999999999999645, 20.50934452200542424 ) ) ;
#2094 = LINE ( 'NONE', #8595, #3782 ) ;
#2095 = CARTESIAN_POINT ( 'NONE',  ( -11.02830546420950242, -15.00699220561814506, 27.73360027965844665 ) ) ;
#2096 = EDGE_LOOP ( 'NONE', ( #6491, #7374, #5084, #3150 ) ) ;
#2097 = FACE_BOUND ( 'NONE', #4629, .T. ) ;
#2098 = AXIS2_PLACEMENT_3D ( 'NONE', #239, #3900, #6223 ) ;
#2099 = DIRECTION ( 'NONE',  ( -0.000000000000000000, -1.000000000000000000, -0.000000000000000000 ) ) ;
#2100 = CARTESIAN_POINT ( 'NONE',  ( -53.99344095995156323, -21.92999999999999616, 22.93434452200543205 ) ) ;
#2101 = ADVANCED_FACE ( 'NONE', ( #7812 ), #2867, .F. ) ;
#2102 = ORIENTED_EDGE ( 'NONE', *, *, #5451, .T. ) ;
#2103 = VERTEX_POINT ( 'NONE', #741 ) ;
#2104 = DIRECTION ( 'NONE',  ( 0.000000000000000000, 0.000000000000000000, 1.000000000000000000 ) ) ;
#2105 = AXIS2_PLACEMENT_3D ( 'NONE', #4679, #361, #536 ) ;
#2106 = EDGE_LOOP ( 'NONE', ( #2607, #6370 ) ) ;
#2107 = ORIENTED_EDGE ( 'NONE', *, *, #5162, .F. ) ;
#2108 = LINE ( 'NONE', #2813, #775 ) ;
#2109 = VERTEX_POINT ( 'NONE', #5106 ) ;
#2110 = DIRECTION ( 'NONE',  ( -0.000000000000000000, -1.000000000000000000, -0.000000000000000000 ) ) ;
#2111 = VECTOR ( 'NONE', #3546, 1000.000000000000000 ) ;
#2112 = CARTESIAN_POINT ( 'NONE',  ( 4.006559040048433218, -26.24999999999999645, 22.93434452200543205 ) ) ;
#2113 = ADVANCED_FACE ( 'NONE', ( #3627 ), #6530, .F. ) ;
#2114 = ORIENTED_EDGE ( 'NONE', *, *, #2139, .T. ) ;
#2115 = ORIENTED_EDGE ( 'NONE', *, *, #3487, .F. ) ;
#2116 = DIRECTION ( 'NONE',  ( -0.000000000000000000, -0.9021223061229347584, -0.4314804106740396938 ) ) ;
#2117 = VECTOR ( 'NONE', #4659, 1000.000000000000000 ) ;
#2118 = CIRCLE ( 'NONE', #4705, 4.100000000000000533 ) ;
#2119 = FACE_OUTER_BOUND ( 'NONE', #544, .T. ) ;
#2120 = CARTESIAN_POINT ( 'NONE',  ( -53.99344095995156323, -21.92999999999999616, 21.58434452200543063 ) ) ;
#2121 = CARTESIAN_POINT ( 'NONE',  ( 4.006559040048433218, -21.92999999999999616, -0.06565547799456880607 ) ) ;
#2122 = LINE ( 'NONE', #6630, #849 ) ;
#2123 = LINE ( 'NONE', #7599, #8244 ) ;
#2124 = AXIS2_PLACEMENT_3D ( 'NONE', #7071, #4273, #7159 ) ;
#2125 = ORIENTED_EDGE ( 'NONE', *, *, #7313, .F. ) ;
#2126 = CARTESIAN_POINT ( 'NONE',  ( -61.55073236542024517, -26.24999999999999645, -4.766399720341551571 ) ) ;
#2127 = ADVANCED_FACE ( 'NONE', ( #605 ), #3489, .T. ) ;
#2128 = PLANE ( 'NONE',  #1364 ) ;
#2129 = FACE_BOUND ( 'NONE', #4870, .T. ) ;
#2130 = PRESENTATION_LAYER_ASSIGNMENT (  '', '', ( #6227 ) ) ;
#2131 = AXIS2_PLACEMENT_3D ( 'NONE', #7589, #1098, #8085 ) ;
#2132 = ORIENTED_EDGE ( 'NONE', *, *, #1358, .F. ) ;
#2133 = CARTESIAN_POINT ( 'NONE',  ( -61.55073236542024517, -18.64230216687093034, 15.08553141188837721 ) ) ;
#2134 = CARTESIAN_POINT ( 'NONE',  ( -60.05073236542024517, -26.24999999999999645, -4.766399720341551571 ) ) ;
#2135 = CARTESIAN_POINT ( 'NONE',  ( -61.55073236542024517, -3.250000000000000000, -3.266399720341551571 ) ) ;
#2136 = VERTEX_POINT ( 'NONE', #8801 ) ;
#2137 = DIRECTION ( 'NONE',  ( 0.000000000000000000, -1.000000000000000000, 0.000000000000000000 ) ) ;
#2138 = CARTESIAN_POINT ( 'NONE',  ( 13.55308861578299862, -15.77033674741690916, -6.766399720341551571 ) ) ;
#2139 = EDGE_CURVE ( 'NONE', #4445, #6247, #8223, .T. ) ;
#2140 = CARTESIAN_POINT ( 'NONE',  ( -55.39351536273640875, -23.74999999999999645, 25.35934452200542566 ) ) ;
#2141 = ORIENTED_EDGE ( 'NONE', *, *, #3184, .F. ) ;
#2142 = CARTESIAN_POINT ( 'NONE',  ( -68.58095531993473060, -21.03051657120438378, -6.766399720341551571 ) ) ;
#2143 = DIRECTION ( 'NONE',  ( 0.000000000000000000, 0.000000000000000000, -1.000000000000000000 ) ) ;
#2144 = CARTESIAN_POINT ( 'NONE',  ( -19.99882293595098659, -9.660251426207510761, 26.77397846476551280 ) ) ;
#2145 = ORIENTED_EDGE ( 'NONE', *, *, #7291, .T. ) ;
#2146 = EDGE_CURVE ( 'NONE', #8074, #4872, #836, .T. ) ;
#2147 = VERTEX_POINT ( 'NONE', #1644 ) ;
#2148 = PLANE ( 'NONE',  #6974 ) ;
#2149 = ORIENTED_EDGE ( 'NONE', *, *, #9092, .T. ) ;
#2150 = EDGE_CURVE ( 'NONE', #6388, #4184, #2252, .T. ) ;
#2151 = EDGE_CURVE ( 'NONE', #8927, #2210, #5150, .T. ) ;
#2152 = EDGE_CURVE ( 'NONE', #1783, #9230, #7521, .T. ) ;
#2153 = VERTEX_POINT ( 'NONE', #2344 ) ;
#2154 = DIRECTION ( 'NONE',  ( 0.000000000000000000, 0.000000000000000000, -1.000000000000000000 ) ) ;
#2155 = ORIENTED_EDGE ( 'NONE', *, *, #9390, .F. ) ;
#2156 = LINE ( 'NONE', #7323, #3231 ) ;
#2157 = FACE_OUTER_BOUND ( 'NONE', #459, .T. ) ;
#2158 = ORIENTED_EDGE ( 'NONE', *, *, #892, .F. ) ;
#2159 = ORIENTED_EDGE ( 'NONE', *, *, #5566, .F. ) ;
#2160 = CARTESIAN_POINT ( 'NONE',  ( 4.006559040048433218, -8.929999999999994387, -0.06565547799456880607 ) ) ;
#2161 = EDGE_CURVE ( 'NONE', #1339, #6194, #6714, .T. ) ;
#2162 = DIRECTION ( 'NONE',  ( 0.000000000000000000, 0.000000000000000000, -1.000000000000000000 ) ) ;
#2163 = LINE ( 'NONE', #2212, #8647 ) ;
#2164 = CARTESIAN_POINT ( 'NONE',  ( 14.98308861578300011, -4.250000000000000000, -6.766399720341551571 ) ) ;
#2165 = CARTESIAN_POINT ( 'NONE',  ( -44.32049870685442272, -18.91113344730284851, 0.000000000000000000 ) ) ;
#2166 = DIRECTION ( 'NONE',  ( 0.000000000000000000, -0.000000000000000000, 1.000000000000000000 ) ) ;
#2167 = ORIENTED_EDGE ( 'NONE', *, *, #8190, .F. ) ;
#2168 = VECTOR ( 'NONE', #1716, 1000.000000000000000 ) ;
#2169 = FACE_OUTER_BOUND ( 'NONE', #1133, .T. ) ;
#2170 = AXIS2_PLACEMENT_3D ( 'NONE', #3401, #4166, #6307 ) ;
#2171 = CARTESIAN_POINT ( 'NONE',  ( 2.606484637263585924, -23.74999999999999645, 20.50934452200543134 ) ) ;
#2172 = CARTESIAN_POINT ( 'NONE',  ( -63.55073236542023096, -28.24999999999999645, 14.92435785757280975 ) ) ;
#2173 = EDGE_LOOP ( 'NONE', ( #2807, #8636 ) ) ;
#2174 = DIRECTION ( 'NONE',  ( -0.000000000000000000, -1.000000000000000000, -0.000000000000000000 ) ) ;
#2175 = DIRECTION ( 'NONE',  ( -0.000000000000000000, 1.000000000000000000, -0.000000000000000000 ) ) ;
#2176 = VECTOR ( 'NONE', #4128, 1000.000000000000114 ) ;
#2177 = FACE_OUTER_BOUND ( 'NONE', #3663, .T. ) ;
#2178 = CIRCLE ( 'NONE', #205, 0.5000000000000004441 ) ;
#2179 = EDGE_CURVE ( 'NONE', #6025, #2708, #4012, .T. ) ;
#2180 = VERTEX_POINT ( 'NONE', #4444 ) ;
#2181 = LINE ( 'NONE', #717, #5008 ) ;
#2182 = CARTESIAN_POINT ( 'NONE',  ( -66.09198187529463553, -15.66790477302092199, -3.266399720341551127 ) ) ;
#2183 = CARTESIAN_POINT ( 'NONE',  ( -66.60685805559241146, -24.74999999999999645, 14.92435785757280975 ) ) ;
#2184 = AXIS2_PLACEMENT_3D ( 'NONE', #8171, #9033, #5186 ) ;
#2185 = VERTEX_POINT ( 'NONE', #1741 ) ;
#2186 = CARTESIAN_POINT ( 'NONE',  ( -21.00632283287208324, -8.826403837643525208, 26.77397846476551280 ) ) ;
#2187 = FACE_OUTER_BOUND ( 'NONE', #6501, .T. ) ;
#2188 = DIRECTION ( 'NONE',  ( 0.000000000000000000, -1.000000000000000000, 0.000000000000000000 ) ) ;
#2189 = EDGE_CURVE ( 'NONE', #5677, #7127, #3770, .T. ) ;
#2190 = EDGE_CURVE ( 'NONE', #6394, #8119, #2561, .T. ) ;
#2191 = CIRCLE ( 'NONE', #5679, 1.199999999999999734 ) ;
#2192 = ORIENTED_EDGE ( 'NONE', *, *, #4510, .T. ) ;
#2193 = VERTEX_POINT ( 'NONE', #6670 ) ;
#2194 = CARTESIAN_POINT ( 'NONE',  ( -0.07410584242694209789, -21.92999999999999616, -0.4633665753155277178 ) ) ;
#2195 = EDGE_LOOP ( 'NONE', ( #7329, #37, #727, #200 ) ) ;
#2196 = VECTOR ( 'NONE', #44, 1000.000000000000000 ) ;
#2197 = ORIENTED_EDGE ( 'NONE', *, *, #8356, .T. ) ;
#2198 = DIRECTION ( 'NONE',  ( -1.000000000000000000, 0.000000000000000000, 0.000000000000000000 ) ) ;
#2199 = CIRCLE ( 'NONE', #3410, 0.5000000000000004441 ) ;
#2200 = ORIENTED_EDGE ( 'NONE', *, *, #1422, .F. ) ;
#2201 = CARTESIAN_POINT ( 'NONE',  ( -61.55073236542024517, -26.24999999999999645, 21.90472885406023451 ) ) ;
#2202 = CARTESIAN_POINT ( 'NONE',  ( -7.017521981314792434, -18.91796799097090087, 22.73360027965845021 ) ) ;
#2203 = EDGE_CURVE ( 'NONE', #9224, #8119, #3867, .T. ) ;
#2204 = EDGE_CURVE ( 'NONE', #1890, #7605, #7973, .T. ) ;
#2205 = VECTOR ( 'NONE', #1374, 1000.000000000000000 ) ;
#2206 = ORIENTED_EDGE ( 'NONE', *, *, #3829, .F. ) ;
#2207 = CIRCLE ( 'NONE', #7511, 1.500000000000000000 ) ;
#2208 = VERTEX_POINT ( 'NONE', #3048 ) ;
#2209 = CARTESIAN_POINT ( 'NONE',  ( -55.83373093798395104, -8.929999999999994387, 25.73360027965844665 ) ) ;
#2210 = VERTEX_POINT ( 'NONE', #3917 ) ;
#2211 = FACE_OUTER_BOUND ( 'NONE', #3754, .T. ) ;
#2212 = CARTESIAN_POINT ( 'NONE',  ( -49.91651260195900619, -21.92999999999999616, -0.5000000000000000000 ) ) ;
#2213 = AXIS2_PLACEMENT_3D ( 'NONE', #1989, #2033, #8438 ) ;
#2214 = CARTESIAN_POINT ( 'NONE',  ( -9.825547749812113096, -18.91796799097090087, 23.50000000000000000 ) ) ;
#2215 = LINE ( 'NONE', #8051, #2954 ) ;
#2216 = LINE ( 'NONE', #174, #2791 ) ;
#2217 = AXIS2_PLACEMENT_3D ( 'NONE', #132, #3015, #8192 ) ;
#2218 = EDGE_CURVE ( 'NONE', #2136, #1582, #5954, .T. ) ;
#2219 = ORIENTED_EDGE ( 'NONE', *, *, #4375, .F. ) ;
#2220 = ORIENTED_EDGE ( 'NONE', *, *, #6623, .T. ) ;
#2221 = CARTESIAN_POINT ( 'NONE',  ( 2.606484637263589921, -28.24999999999999645, 25.35934452200543276 ) ) ;
#2222 = DIRECTION ( 'NONE',  ( 0.000000000000000000, 1.000000000000000000, 0.000000000000000000 ) ) ;
#2223 = CARTESIAN_POINT ( 'NONE',  ( -52.59336655716672482, -28.24999999999999645, -2.490655477994575762 ) ) ;
#2224 = CARTESIAN_POINT ( 'NONE',  ( -45.52049870685441846, -16.10310768233470213, 23.50000000000000000 ) ) ;
#2225 = CARTESIAN_POINT ( 'NONE',  ( -5.817521981314792257, -18.91796799097090087, 0.000000000000000000 ) ) ;
#2226 = AXIS2_PLACEMENT_3D ( 'NONE', #486, #9165, #3366 ) ;
#2227 = DIRECTION ( 'NONE',  ( 0.000000000000000000, 1.000000000000000000, 0.000000000000000000 ) ) ;
#2228 = EDGE_CURVE ( 'NONE', #4736, #263, #932, .T. ) ;
#2229 = ORIENTED_EDGE ( 'NONE', *, *, #8592, .T. ) ;
#2230 = ORIENTED_EDGE ( 'NONE', *, *, #8703, .T. ) ;
#2231 = CARTESIAN_POINT ( 'NONE',  ( -68.27875135252305938, -17.02801943015421671, -3.266399720341551127 ) ) ;
#2232 = CARTESIAN_POINT ( 'NONE',  ( -57.66500060241337167, -21.92999999999999616, 23.43434452200543205 ) ) ;
#2233 = EDGE_LOOP ( 'NONE', ( #1740, #3220 ) ) ;
#2234 = PLANE ( 'NONE',  #6156 ) ;
#2235 = LINE ( 'NONE', #1536, #5528 ) ;
#2236 = CARTESIAN_POINT ( 'NONE',  ( -68.52198187529464235, -3.250000000000000444, -3.266399720341551127 ) ) ;
#2237 = ORIENTED_EDGE ( 'NONE', *, *, #3511, .T. ) ;
#2238 = ORIENTED_EDGE ( 'NONE', *, *, #9351, .T. ) ;
#2239 = PLANE ( 'NONE',  #1669 ) ;
#2240 = ORIENTED_EDGE ( 'NONE', *, *, #7468, .T. ) ;
#2241 = VECTOR ( 'NONE', #1386, 1000.000000000000000 ) ;
#2242 = EDGE_CURVE ( 'NONE', #9313, #2682, #8945, .T. ) ;
#2243 = VERTEX_POINT ( 'NONE', #1694 ) ;
#2244 = DIRECTION ( 'NONE',  ( 0.000000000000000000, -1.000000000000000000, 0.000000000000000000 ) ) ;
#2245 = VERTEX_POINT ( 'NONE', #121 ) ;
#2246 = DIRECTION ( 'NONE',  ( 0.000000000000000000, -1.000000000000000000, -0.000000000000000000 ) ) ;
#2247 = DIRECTION ( 'NONE',  ( 0.000000000000000000, 1.000000000000000000, 0.000000000000000000 ) ) ;
#2248 = VECTOR ( 'NONE', #8733, 1000.000000000000000 ) ;
#2249 = EDGE_LOOP ( 'NONE', ( #2336, #8990, #1119, #6196, #379, #8431 ) ) ;
#2250 = PLANE ( 'NONE',  #5476 ) ;
#2251 = VERTEX_POINT ( 'NONE', #2445 ) ;
#2252 = LINE ( 'NONE', #1598, #6293 ) ;
#2253 = ADVANCED_FACE ( 'NONE', ( #210 ), #2395, .F. ) ;
#2254 = ORIENTED_EDGE ( 'NONE', *, *, #491, .F. ) ;
#2255 = LINE ( 'NONE', #7238, #4111 ) ;
#2256 = AXIS2_PLACEMENT_3D ( 'NONE', #8533, #2745, #4174 ) ;
#2257 = FACE_OUTER_BOUND ( 'NONE', #3300, .T. ) ;
#2258 = CARTESIAN_POINT ( 'NONE',  ( -53.49344095995156323, -26.24999999999999645, 6.170421253070792034 ) ) ;
#2259 = FACE_OUTER_BOUND ( 'NONE', #6847, .T. ) ;
#2260 = ORIENTED_EDGE ( 'NONE', *, *, #7019, .F. ) ;
#2261 = VECTOR ( 'NONE', #5266, 1000.000000000000114 ) ;
#2262 = EDGE_LOOP ( 'NONE', ( #5073, #6764, #8275, #2686, #8948, #4170, #6169, #9211, #3107, #8303, #6710, #997 ) ) ;
#2263 = DIRECTION ( 'NONE',  ( -0.000000000000000000, -0.000000000000000000, -1.000000000000000000 ) ) ;
#2264 = DIRECTION ( 'NONE',  ( 0.000000000000000000, 0.000000000000000000, -1.000000000000000000 ) ) ;
#2265 = CARTESIAN_POINT ( 'NONE',  ( 5.846849018080824578, -8.929999999999994387, 25.73360027965844665 ) ) ;
#2266 = EDGE_CURVE ( 'NONE', #36, #8517, #8754, .T. ) ;
#2267 = EDGE_CURVE ( 'NONE', #4525, #1994, #4583, .T. ) ;
#2268 = DIRECTION ( 'NONE',  ( -0.000000000000000000, 0.000000000000000000, 1.000000000000000000 ) ) ;
#2269 = ADVANCED_FACE ( 'NONE', ( #2664, #9263 ), #7568, .F. ) ;
#2270 = FACE_OUTER_BOUND ( 'NONE', #9113, .T. ) ;
#2271 = VECTOR ( 'NONE', #2310, 1000.000000000000114 ) ;
#2272 = DIRECTION ( 'NONE',  ( 0.000000000000000000, 0.000000000000000000, 1.000000000000000000 ) ) ;
#2273 = VERTEX_POINT ( 'NONE', #1789 ) ;
#2274 = CARTESIAN_POINT ( 'NONE',  ( -11.90198937725307893, -11.79005581014418880, 26.77397846476551280 ) ) ;
#2275 = LINE ( 'NONE', #1, #8784 ) ;
#2276 = AXIS2_PLACEMENT_3D ( 'NONE', #3730, #1417, #1509 ) ;
#2277 = VECTOR ( 'NONE', #7212, 1000.000000000000000 ) ;
#2278 = LINE ( 'NONE', #144, #6954 ) ;
#2279 = EDGE_CURVE ( 'NONE', #4896, #4324, #6102, .T. ) ;
#2280 = VERTEX_POINT ( 'NONE', #6376 ) ;
#2281 = DIRECTION ( 'NONE',  ( -1.000000000000000000, 0.000000000000000000, -0.000000000000000000 ) ) ;
#2282 = DIRECTION ( 'NONE',  ( 0.000000000000000000, -0.000000000000000000, 1.000000000000000000 ) ) ;
#2283 = DIRECTION ( 'NONE',  ( -1.000000000000000000, 3.562839752896116123E-16, 0.000000000000000000 ) ) ;
#2284 = AXIS2_PLACEMENT_3D ( 'NONE', #973, #8273, #8371 ) ;
#2285 = ADVANCED_FACE ( 'NONE', ( #4141, #6860 ), #2009, .T. ) ;
#2286 = EDGE_LOOP ( 'NONE', ( #596, #8529 ) ) ;
#2287 = ORIENTED_EDGE ( 'NONE', *, *, #3878, .T. ) ;
#2288 = DIRECTION ( 'NONE',  ( 0.000000000000000000, 0.000000000000000000, -1.000000000000000000 ) ) ;
#2289 = ORIENTED_EDGE ( 'NONE', *, *, #1742, .F. ) ;
#2290 = ORIENTED_EDGE ( 'NONE', *, *, #6650, .T. ) ;
#2291 = CARTESIAN_POINT ( 'NONE',  ( -54.49344095995157033, -26.24999999999999645, 4.003742511880600041 ) ) ;
#2292 = ORIENTED_EDGE ( 'NONE', *, *, #4079, .T. ) ;
#2293 = CARTESIAN_POINT ( 'NONE',  ( 11.12228341961741762, -25.27535387189999128, -4.766399720341551571 ) ) ;
#2294 = CARTESIAN_POINT ( 'NONE',  ( -63.55073236542024517, -6.977067257872925587, 21.40472885406023451 ) ) ;
#2295 = EDGE_CURVE ( 'NONE', #7459, #2810, #3153, .T. ) ;
#2296 = EDGE_LOOP ( 'NONE', ( #3047, #4556, #6647, #975 ) ) ;
#2297 = DIRECTION ( 'NONE',  ( 0.000000000000000000, 1.000000000000000000, 0.000000000000000000 ) ) ;
#2298 = ORIENTED_EDGE ( 'NONE', *, *, #1925, .F. ) ;
#2299 = DIRECTION ( 'NONE',  ( 1.000000000000000000, 0.000000000000000000, -0.000000000000000000 ) ) ;
#2300 = EDGE_LOOP ( 'NONE', ( #4341, #7588, #4070, #6371 ) ) ;
#2301 = CARTESIAN_POINT ( 'NONE',  ( -61.55073236542024517, -26.24999999999999645, -3.266399720341551127 ) ) ;
#2302 = DIRECTION ( 'NONE',  ( 0.000000000000000000, -0.000000000000000000, 1.000000000000000000 ) ) ;
#2303 = FACE_OUTER_BOUND ( 'NONE', #6472, .T. ) ;
#2304 = CARTESIAN_POINT ( 'NONE',  ( -60.05073236542024517, -15.66790477302092199, -3.266399720341551127 ) ) ;
#2305 = ADVANCED_FACE ( 'NONE', ( #3374 ), #673, .T. ) ;
#2306 = ORIENTED_EDGE ( 'NONE', *, *, #9123, .F. ) ;
#2307 = ORIENTED_EDGE ( 'NONE', *, *, #1169, .F. ) ;
#2308 = LINE ( 'NONE', #5399, #2819 ) ;
#2309 = CARTESIAN_POINT ( 'NONE',  ( -13.92158689150289952, -23.24999999999999645, 22.88956924811451188 ) ) ;
#2310 = DIRECTION ( 'NONE',  ( 0.5000000000000001110, 0.000000000000000000, 0.8660254037844385966 ) ) ;
#2311 = CARTESIAN_POINT ( 'NONE',  ( 4.006559040048433218, -8.929999999999994387, 22.93434452200543205 ) ) ;
#2312 = DIRECTION ( 'NONE',  ( -0.000000000000000000, -0.000000000000000000, -1.000000000000000000 ) ) ;
#2313 = CARTESIAN_POINT ( 'NONE',  ( -44.08372187312362911, -8.826403837643525208, 35.00000000000000000 ) ) ;
#2314 = ORIENTED_EDGE ( 'NONE', *, *, #6270, .F. ) ;
#2315 = EDGE_CURVE ( 'NONE', #6692, #3504, #444, .T. ) ;
#2316 = VECTOR ( 'NONE', #1602, 1000.000000000000000 ) ;
#2317 = EDGE_CURVE ( 'NONE', #2193, #651, #6417, .T. ) ;
#2318 = CARTESIAN_POINT ( 'NONE',  ( -10.79999054116380997, -3.249999999999999556, 25.73360027965844665 ) ) ;
#2319 = CARTESIAN_POINT ( 'NONE',  ( -33.12290989087977522, -14.99840717847743932, 27.73360027965844665 ) ) ;
#2320 = CARTESIAN_POINT ( 'NONE',  ( 1.360873654173065939, -8.929999999999994387, 20.87938738401799199 ) ) ;
#2321 = VECTOR ( 'NONE', #338, 1000.000000000000227 ) ;
#2322 = ORIENTED_EDGE ( 'NONE', *, *, #725, .T. ) ;
#2323 = DIRECTION ( 'NONE',  ( 0.000000000000000000, 0.000000000000000000, 1.000000000000000000 ) ) ;
#2324 = DIRECTION ( 'NONE',  ( 0.000000000000000000, -0.000000000000000000, 1.000000000000000000 ) ) ;
#2325 = VECTOR ( 'NONE', #3390, 1000.000000000000000 ) ;
#2326 = DIRECTION ( 'NONE',  ( 0.000000000000000000, 1.000000000000000000, 0.000000000000000000 ) ) ;
#2327 = DIRECTION ( 'NONE',  ( -1.000000000000000000, 0.000000000000000000, 0.000000000000000000 ) ) ;
#2328 = EDGE_CURVE ( 'NONE', #3759, #3958, #1959, .T. ) ;
#2329 = ORIENTED_EDGE ( 'NONE', *, *, #2267, .F. ) ;
#2330 = ORIENTED_EDGE ( 'NONE', *, *, #7062, .T. ) ;
#2331 = LINE ( 'NONE', #682, #5021 ) ;
#2332 = VECTOR ( 'NONE', #2987, 1000.000000000000000 ) ;
#2333 = VERTEX_POINT ( 'NONE', #6331 ) ;
#2334 = ORIENTED_EDGE ( 'NONE', *, *, #332, .F. ) ;
#2335 = DIRECTION ( 'NONE',  ( 1.000000000000000000, 0.000000000000000000, 0.000000000000000000 ) ) ;
#2336 = ORIENTED_EDGE ( 'NONE', *, *, #766, .T. ) ;
#2337 = VECTOR ( 'NONE', #8843, 1000.000000000000000 ) ;
#2338 = DIRECTION ( 'NONE',  ( 1.000000000000000000, 0.000000000000000000, 0.000000000000000000 ) ) ;
#2339 = VECTOR ( 'NONE', #3734, 1000.000000000000000 ) ;
#2340 = DIRECTION ( 'NONE',  ( 0.000000000000000000, 0.000000000000000000, -1.000000000000000000 ) ) ;
#2341 = ORIENTED_EDGE ( 'NONE', *, *, #3541, .T. ) ;
#2342 = DIRECTION ( 'NONE',  ( -0.000000000000000000, -0.000000000000000000, -1.000000000000000000 ) ) ;
#2343 = ORIENTED_EDGE ( 'NONE', *, *, #989, .F. ) ;
#2344 = CARTESIAN_POINT ( 'NONE',  ( -66.53120306077292412, -24.74999999999999645, 13.37961269154899036 ) ) ;
#2345 = VECTOR ( 'NONE', #7854, 1000.000000000000000 ) ;
#2346 = ORIENTED_EDGE ( 'NONE', *, *, #3863, .T. ) ;
#2347 = CARTESIAN_POINT ( 'NONE',  ( -63.55073236542024517, -13.92906725808352952, 0.000000000000000000 ) ) ;
#2348 = ORIENTED_EDGE ( 'NONE', *, *, #958, .T. ) ;
#2349 = DIRECTION ( 'NONE',  ( 0.000000000000000000, -0.000000000000000000, -1.000000000000000000 ) ) ;
#2350 = FACE_OUTER_BOUND ( 'NONE', #9144, .T. ) ;
#2351 = DIRECTION ( 'NONE',  ( 1.000000000000000000, -0.000000000000000000, -0.000000000000000000 ) ) ;
#2352 = VECTOR ( 'NONE', #2363, 1000.000000000000000 ) ;
#2353 = AXIS2_PLACEMENT_3D ( 'NONE', #586, #538, #7697 ) ;
#2354 = VERTEX_POINT ( 'NONE', #7791 ) ;
#2355 = ORIENTED_EDGE ( 'NONE', *, *, #4481, .T. ) ;
#2356 = CARTESIAN_POINT ( 'NONE',  ( -10.79999054116380997, -8.826403837643525208, 35.00000000000000000 ) ) ;
#2357 = VECTOR ( 'NONE', #6152, 1000.000000000000000 ) ;
#2358 = DIRECTION ( 'NONE',  ( -1.000000000000000000, 0.000000000000000000, 0.000000000000000000 ) ) ;
#2359 = DIRECTION ( 'NONE',  ( -0.000000000000000000, 1.000000000000000000, -0.000000000000000000 ) ) ;
#2360 = CIRCLE ( 'NONE', #8878, 3.500000000000000000 ) ;
#2361 = EDGE_CURVE ( 'NONE', #8359, #3051, #7082, .T. ) ;
#2362 = DIRECTION ( 'NONE',  ( 0.000000000000000000, 0.000000000000000000, 1.000000000000000000 ) ) ;
#2363 = DIRECTION ( 'NONE',  ( 0.3999373064491222318, 0.9165424981473695443, -0.000000000000000000 ) ) ;
#2364 = CARTESIAN_POINT ( 'NONE',  ( -63.55073236542024517, -25.03301371225455441, -3.266399720341551127 ) ) ;
#2365 = AXIS2_PLACEMENT_3D ( 'NONE', #3415, #6271, #1293 ) ;
#2366 = VERTEX_POINT ( 'NONE', #2710 ) ;
#2367 = CARTESIAN_POINT ( 'NONE',  ( -54.49344095995157033, -21.92999999999999616, 18.83434452200543063 ) ) ;
#2368 = CARTESIAN_POINT ( 'NONE',  ( -19.64526954535771353, -11.79005581014418880, 27.73360027965844665 ) ) ;
#2369 = CARTESIAN_POINT ( 'NONE',  ( 9.852138384579763652, -24.74999999999999645, 15.12772820251061034 ) ) ;
#2370 = CARTESIAN_POINT ( 'NONE',  ( -7.791905798005583250, -23.24999999999999645, 22.88956924811451188 ) ) ;
#2371 = VECTOR ( 'NONE', #7969, 1000.000000000000000 ) ;
#2372 = EDGE_CURVE ( 'NONE', #191, #1753, #5705, .T. ) ;
#2373 = ORIENTED_EDGE ( 'NONE', *, *, #3227, .F. ) ;
#2374 = CARTESIAN_POINT ( 'NONE',  ( -7.017521981314792434, -21.34978964097089715, 22.73360027965845021 ) ) ;
#2375 = DIRECTION ( 'NONE',  ( -1.000000000000000000, 0.000000000000000000, -1.137523590804463822E-16 ) ) ;
#2376 = EDGE_CURVE ( 'NONE', #7411, #4831, #7839, .T. ) ;
#2377 = DIRECTION ( 'NONE',  ( 1.000000000000000000, 0.000000000000000000, 0.000000000000000000 ) ) ;
#2378 = DIRECTION ( 'NONE',  ( -0.000000000000000000, -1.000000000000000000, -0.000000000000000000 ) ) ;
#2379 = ORIENTED_EDGE ( 'NONE', *, *, #8228, .F. ) ;
#2380 = ORIENTED_EDGE ( 'NONE', *, *, #3820, .F. ) ;
#2381 = DIRECTION ( 'NONE',  ( -0.8660254037844372643, -0.5000000000000024425, 0.000000000000000000 ) ) ;
#2382 = VERTEX_POINT ( 'NONE', #5386 ) ;
#2383 = ORIENTED_EDGE ( 'NONE', *, *, #6449, .T. ) ;
#2384 = EDGE_CURVE ( 'NONE', #4184, #7169, #4233, .T. ) ;
#2385 = DIRECTION ( 'NONE',  ( -0.000000000000000000, -0.000000000000000000, 1.000000000000000000 ) ) ;
#2386 = ORIENTED_EDGE ( 'NONE', *, *, #8838, .T. ) ;
#2387 = EDGE_CURVE ( 'NONE', #6526, #4473, #2755, .T. ) ;
#2388 = LINE ( 'NONE', #3961, #971 ) ;
#2389 = EDGE_CURVE ( 'NONE', #7205, #1783, #2053, .T. ) ;
#2390 = DIRECTION ( 'NONE',  ( 1.000000000000000000, 0.000000000000000000, 0.000000000000000000 ) ) ;
#2391 = EDGE_LOOP ( 'NONE', ( #4381, #531, #7881, #9012 ) ) ;
#2392 = CARTESIAN_POINT ( 'NONE',  ( -66.09198187529463553, -5.004056775174929861, -3.266399720341551127 ) ) ;
#2393 = AXIS2_PLACEMENT_3D ( 'NONE', #5559, #1340, #9296 ) ;
#2394 = ORIENTED_EDGE ( 'NONE', *, *, #3437, .T. ) ;
#2395 = PLANE ( 'NONE',  #5862 ) ;
#2396 = ORIENTED_EDGE ( 'NONE', *, *, #2637, .T. ) ;
#2397 = LINE ( 'NONE', #5291, #2583 ) ;
#2398 = ORIENTED_EDGE ( 'NONE', *, *, #1725, .T. ) ;
#2399 = EDGE_CURVE ( 'NONE', #1300, #1215, #6041, .T. ) ;
#2400 = CARTESIAN_POINT ( 'NONE',  ( -61.55073236542024517, -26.24999999999999645, 24.23360027965843955 ) ) ;
#2401 = LINE ( 'NONE', #4589, #6458 ) ;
#2402 = AXIS2_PLACEMENT_3D ( 'NONE', #8456, #4857, #1346 ) ;
#2403 = LINE ( 'NONE', #6822, #221 ) ;
#2404 = VERTEX_POINT ( 'NONE', #2797 ) ;
#2405 = VERTEX_POINT ( 'NONE', #2095 ) ;
#2406 = FACE_OUTER_BOUND ( 'NONE', #7120, .T. ) ;
#2407 = CARTESIAN_POINT ( 'NONE',  ( 10.17786216458505066, -17.35652330467017634, -3.266399720341551127 ) ) ;
#2408 = CARTESIAN_POINT ( 'NONE',  ( -31.99253646513271221, -8.826403837643526984, 25.73360027965844665 ) ) ;
#2409 = CARTESIAN_POINT ( 'NONE',  ( -8.217521981314792612, -18.91796799097090087, 27.73360027965844665 ) ) ;
#2410 = DIRECTION ( 'NONE',  ( 1.000000000000000000, 0.000000000000000000, 0.000000000000000000 ) ) ;
#2411 = EDGE_CURVE ( 'NONE', #2180, #5229, #4990, .T. ) ;
#2412 = CARTESIAN_POINT ( 'NONE',  ( -45.51752198131479332, -18.91796799097089732, 25.73360027965844665 ) ) ;
#2413 = AXIS2_PLACEMENT_3D ( 'NONE', #953, #7594, #2419 ) ;
#2414 = ORIENTED_EDGE ( 'NONE', *, *, #5068, .F. ) ;
#2415 = DIRECTION ( 'NONE',  ( -0.000000000000000000, -1.000000000000000000, -0.000000000000000000 ) ) ;
#2416 = EDGE_CURVE ( 'NONE', #18, #7411, #862, .T. ) ;
#2417 = FACE_OUTER_BOUND ( 'NONE', #641, .T. ) ;
#2418 = DIRECTION ( 'NONE',  ( 0.000000000000000000, -1.000000000000000000, 0.000000000000000000 ) ) ;
#2419 = DIRECTION ( 'NONE',  ( -0.5000000000000001110, 0.000000000000000000, -0.8660254037844385966 ) ) ;
#2420 = VECTOR ( 'NONE', #1475, 1000.000000000000000 ) ;
#2421 = VECTOR ( 'NONE', #50, 1000.000000000000000 ) ;
#2422 = ORIENTED_EDGE ( 'NONE', *, *, #4591, .T. ) ;
#2423 = DIRECTION ( 'NONE',  ( -0.000000000000000000, 0.000000000000000000, -1.000000000000000000 ) ) ;
#2424 = CARTESIAN_POINT ( 'NONE',  ( -49.88572145298955718, -21.96685726627331903, 23.07967122048878039 ) ) ;
#2425 = LINE ( 'NONE', #1057, #1283 ) ;
#2426 = DIRECTION ( 'NONE',  ( 0.000000000000000000, 0.000000000000000000, -1.000000000000000000 ) ) ;
#2427 = ORIENTED_EDGE ( 'NONE', *, *, #5732, .F. ) ;
#2428 = VECTOR ( 'NONE', #886, 1000.000000000000000 ) ;
#2429 = VECTOR ( 'NONE', #3119, 1000.000000000000000 ) ;
#2430 = ORIENTED_EDGE ( 'NONE', *, *, #5690, .T. ) ;
#2431 = EDGE_CURVE ( 'NONE', #5391, #4652, #8682, .T. ) ;
#2432 = ORIENTED_EDGE ( 'NONE', *, *, #2884, .F. ) ;
#2433 = FACE_OUTER_BOUND ( 'NONE', #7050, .T. ) ;
#2434 = ORIENTED_EDGE ( 'NONE', *, *, #7172, .F. ) ;
#2435 = DIRECTION ( 'NONE',  ( -0.000000000000000000, -1.000000000000000000, -0.000000000000000000 ) ) ;
#2436 = VECTOR ( 'NONE', #7287, 1000.000000000000000 ) ;
#2437 = ORIENTED_EDGE ( 'NONE', *, *, #628, .T. ) ;
#2438 = CARTESIAN_POINT ( 'NONE',  ( -52.59336655716672482, -28.24999999999999645, -2.490655477994575762 ) ) ;
#2439 = LINE ( 'NONE', #3911, #1762 ) ;
#2440 = ORIENTED_EDGE ( 'NONE', *, *, #8576, .T. ) ;
#2441 = DIRECTION ( 'NONE',  ( -1.000000000000000000, 0.000000000000000000, 0.000000000000000000 ) ) ;
#2442 = ADVANCED_FACE ( 'NONE', ( #5129 ), #9353, .F. ) ;
#2443 = EDGE_LOOP ( 'NONE', ( #3697, #1778, #5178, #4866 ) ) ;
#2444 = EDGE_CURVE ( 'NONE', #1108, #4120, #7306, .T. ) ;
#2445 = CARTESIAN_POINT ( 'NONE',  ( -56.79358976552124005, -28.24999999999999645, -0.06565547799457095712 ) ) ;
#2446 = ORIENTED_EDGE ( 'NONE', *, *, #8986, .T. ) ;
#2447 = LINE ( 'NONE', #2301, #313 ) ;
#2448 = ORIENTED_EDGE ( 'NONE', *, *, #2411, .F. ) ;
#2449 = DIRECTION ( 'NONE',  ( 0.000000000000000000, 0.000000000000000000, 1.000000000000000000 ) ) ;
#2450 = CARTESIAN_POINT ( 'NONE',  ( 35.00000000000000000, -8.826329982690657161, 2.675341377437610024 ) ) ;
#2451 = DIRECTION ( 'NONE',  ( 0.000000000000000000, 0.000000000000000000, -1.000000000000000000 ) ) ;
#2452 = EDGE_LOOP ( 'NONE', ( #1813, #2658, #8741 ) ) ;
#2453 = EDGE_CURVE ( 'NONE', #2180, #3030, #8151, .T. ) ;
#2454 = ORIENTED_EDGE ( 'NONE', *, *, #7458, .F. ) ;
#2455 = PLANE ( 'NONE',  #5103 ) ;
#2456 = CARTESIAN_POINT ( 'NONE',  ( 1.010867600122345333, -26.24999999999999645, 25.73360027965844665 ) ) ;
#2457 = DIRECTION ( 'NONE',  ( -0.000000000000000000, -1.000000000000000000, 0.000000000000000000 ) ) ;
#2458 = CARTESIAN_POINT ( 'NONE',  ( 17.21629301208212226, -24.74999999999999645, 11.56187258665032225 ) ) ;
#2459 = DIRECTION ( 'NONE',  ( 0.000000000000000000, -0.000000000000000000, 1.000000000000000000 ) ) ;
#2460 = CARTESIAN_POINT ( 'NONE',  ( -14.92158689150289952, -25.74999999999999645, 20.93683708947935429 ) ) ;
#2461 = VERTEX_POINT ( 'NONE', #812 ) ;
#2462 = CARTESIAN_POINT ( 'NONE',  ( -53.99344095995156323, -26.24999999999999645, 22.93434452200543205 ) ) ;
#2463 = CARTESIAN_POINT ( 'NONE',  ( 4.006559040048433218, -21.92999999999999616, -0.06565547799456880607 ) ) ;
#2464 = CARTESIAN_POINT ( 'NONE',  ( 9.758732317341047846, -26.24999999999999645, -4.069591962133028318 ) ) ;
#2465 = LINE ( 'NONE', #383, #2117 ) ;
#2466 = VERTEX_POINT ( 'NONE', #2983 ) ;
#2467 = FACE_BOUND ( 'NONE', #2233, .T. ) ;
#2468 = PLANE ( 'NONE',  #6460 ) ;
#2469 = ADVANCED_FACE ( 'NONE', ( #5888 ), #5935, .T. ) ;
#2470 = CARTESIAN_POINT ( 'NONE',  ( 9.852138384579763652, -28.24999999999999645, 15.12772820251061034 ) ) ;
#2471 = DIRECTION ( 'NONE',  ( 0.000000000000000000, 0.000000000000000000, -1.000000000000000000 ) ) ;
#2472 = AXIS2_PLACEMENT_3D ( 'NONE', #7910, #5823, #8712 ) ;
#2473 = VERTEX_POINT ( 'NONE', #4464 ) ;
#2474 = ORIENTED_EDGE ( 'NONE', *, *, #5068, .T. ) ;
#2475 = DIRECTION ( 'NONE',  ( -1.000000000000000000, 0.000000000000000000, 0.000000000000000000 ) ) ;
#2476 = AXIS2_PLACEMENT_3D ( 'NONE', #3622, #5858, #6524 ) ;
#2477 = EDGE_LOOP ( 'NONE', ( #4110, #4913, #1433, #4046 ) ) ;
#2478 = LINE ( 'NONE', #8408, #6309 ) ;
#2479 = EDGE_LOOP ( 'NONE', ( #8982, #1032, #7073, #9228 ) ) ;
#2480 = EDGE_CURVE ( 'NONE', #5495, #2208, #1624, .T. ) ;
#2481 = PLANE ( 'NONE',  #70 ) ;
#2482 = CARTESIAN_POINT ( 'NONE',  ( -14.95632582902195473, -26.24999999999999645, 3.416424131227112859 ) ) ;
#2483 = CIRCLE ( 'NONE', #8699, 0.5000000000000004441 ) ;
#2484 = VERTEX_POINT ( 'NONE', #2320 ) ;
#2485 = DIRECTION ( 'NONE',  ( 1.000000000000000000, 0.000000000000000000, 0.000000000000000000 ) ) ;
#2486 = ORIENTED_EDGE ( 'NONE', *, *, #1296, .T. ) ;
#2487 = CARTESIAN_POINT ( 'NONE',  ( 15.98308861578300011, -3.250000000000001332, -3.266399720341551127 ) ) ;
#2488 = ORIENTED_EDGE ( 'NONE', *, *, #506, .T. ) ;
#2489 = CARTESIAN_POINT ( 'NONE',  ( -53.99344095995156323, -21.92999999999999616, -0.06565547799456880607 ) ) ;
#2490 = AXIS2_PLACEMENT_3D ( 'NONE', #5022, #7865, #1864 ) ;
#2491 = ORIENTED_EDGE ( 'NONE', *, *, #3292, .T. ) ;
#2492 = ADVANCED_FACE ( 'NONE', ( #3 ), #8777, .T. ) ;
#2493 = LINE ( 'NONE', #1698, #519 ) ;
#2494 = DIRECTION ( 'NONE',  ( 0.000000000000000000, 0.000000000000000000, -1.000000000000000000 ) ) ;
#2496 = EDGE_CURVE ( 'NONE', #2858, #131, #4424, .T. ) ;
#2495 = CARTESIAN_POINT ( 'NONE',  ( 9.852138384579765429, -26.24999999999999645, -3.266399720341551571 ) ) ;
#2497 = ORIENTED_EDGE ( 'NONE', *, *, #1872, .T. ) ;
#2498 = VECTOR ( 'NONE', #8714, 1000.000000000000000 ) ;
#2499 = VERTEX_POINT ( 'NONE', #7397 ) ;
#2500 = LINE ( 'NONE', #848, #859 ) ;
#2501 = DIRECTION ( 'NONE',  ( -1.000000000000000000, -0.000000000000000000, -0.000000000000000000 ) ) ;
#2502 = LINE ( 'NONE', #3061, #5765 ) ;
#2503 = VECTOR ( 'NONE', #1387, 1000.000000000000000 ) ;
#2504 = LINE ( 'NONE', #6208, #2993 ) ;
#2505 = CARTESIAN_POINT ( 'NONE',  ( 1.206410234478746624, -23.74999999999999645, 22.93434452200542495 ) ) ;
#2506 = AXIS2_PLACEMENT_3D ( 'NONE', #2202, #8082, #1455 ) ;
#2507 = EDGE_CURVE ( 'NONE', #8084, #7361, #5841, .T. ) ;
#2508 = CARTESIAN_POINT ( 'NONE',  ( -45.52049870685441846, -21.71915921227099844, 23.50000000000000000 ) ) ;
#2509 = ORIENTED_EDGE ( 'NONE', *, *, #5044, .T. ) ;
#2510 = LINE ( 'NONE', #950, #9095 ) ;
#2511 = AXIS2_PLACEMENT_3D ( 'NONE', #1512, #5113, #746 ) ;
#2512 = DIRECTION ( 'NONE',  ( 0.000000000000000000, -0.000000000000000000, -1.000000000000000000 ) ) ;
#2513 = AXIS2_PLACEMENT_3D ( 'NONE', #8598, #4994, #7887 ) ;
#2514 = CARTESIAN_POINT ( 'NONE',  ( -51.19329215438187930, -23.74999999999999645, 22.93434452200542495 ) ) ;
#2515 = CARTESIAN_POINT ( 'NONE',  ( 4.006559040048433218, -8.929999999999994387, 24.28434452200542992 ) ) ;
#2516 = ORIENTED_EDGE ( 'NONE', *, *, #6934, .T. ) ;
#2517 = LINE ( 'NONE', #8585, #1197 ) ;
#2518 = LINE ( 'NONE', #4708, #5086 ) ;
#2519 = EDGE_CURVE ( 'NONE', #5558, #7083, #3559, .T. ) ;
#2520 = AXIS2_PLACEMENT_3D ( 'NONE', #2522, #5420, #7502 ) ;
#2521 = CARTESIAN_POINT ( 'NONE',  ( -60.05073236542024517, -3.250000000000000000, 25.73360027965844665 ) ) ;
#2522 = CARTESIAN_POINT ( 'NONE',  ( 5.406633442833277847, -23.74999999999999645, 25.35934452200542921 ) ) ;
#2523 = VECTOR ( 'NONE', #3830, 1000.000000000000000 ) ;
#2524 = ORIENTED_EDGE ( 'NONE', *, *, #6341, .F. ) ;
#2525 = ORIENTED_EDGE ( 'NONE', *, *, #3226, .T. ) ;
#2526 = CARTESIAN_POINT ( 'NONE',  ( -12.99896314729966917, -8.624132653620433686, 26.77397846476551280 ) ) ;
#2527 = CIRCLE ( 'NONE', #1780, 3.350000000000000089 ) ;
#2528 = VERTEX_POINT ( 'NONE', #6463 ) ;
#2529 = CARTESIAN_POINT ( 'NONE',  ( 15.98308861578299656, -16.35652330467017634, -3.266399720341551127 ) ) ;
#2530 = ORIENTED_EDGE ( 'NONE', *, *, #8880, .F. ) ;
#2531 = LINE ( 'NONE', #5427, #9164 ) ;
#2532 = LINE ( 'NONE', #1071, #6444 ) ;
#2533 = ORIENTED_EDGE ( 'NONE', *, *, #423, .F. ) ;
#2534 = LINE ( 'NONE', #1173, #3645 ) ;
#2535 = EDGE_CURVE ( 'NONE', #9289, #3572, #5214, .T. ) ;
#2536 = VERTEX_POINT ( 'NONE', #6600 ) ;
#2537 = EDGE_LOOP ( 'NONE', ( #1880, #7619, #7558, #9064 ) ) ;
#2538 = FACE_OUTER_BOUND ( 'NONE', #6878, .T. ) ;
#2539 = ORIENTED_EDGE ( 'NONE', *, *, #6650, .F. ) ;
#2540 = DIRECTION ( 'NONE',  ( 0.000000000000000000, -1.000000000000000000, -0.000000000000000000 ) ) ;
#2541 = CARTESIAN_POINT ( 'NONE',  ( 1.206410234478746624, -23.74999999999999645, 22.93434452200542495 ) ) ;
#2542 = CARTESIAN_POINT ( 'NONE',  ( -55.39351536273639454, -28.24999999999999645, -2.490655477994575762 ) ) ;
#2543 = ORIENTED_EDGE ( 'NONE', *, *, #6455, .T. ) ;
#2544 = EDGE_CURVE ( 'NONE', #238, #5571, #2278, .T. ) ;
#2545 = ORIENTED_EDGE ( 'NONE', *, *, #3955, .F. ) ;
#2546 = DIRECTION ( 'NONE',  ( 0.000000000000000000, 0.000000000000000000, -1.000000000000000000 ) ) ;
#2547 = DIRECTION ( 'NONE',  ( 0.000000000000000000, -0.000000000000000000, 1.000000000000000000 ) ) ;
#2548 = PLANE ( 'NONE',  #7266 ) ;
#2549 = VECTOR ( 'NONE', #5605, 1000.000000000000000 ) ;
#2550 = CARTESIAN_POINT ( 'NONE',  ( 0.000000000000000000, -23.24999999999999645, 0.000000000000000000 ) ) ;
#2551 = LINE ( 'NONE', #4598, #8715 ) ;
#2552 = LINE ( 'NONE', #5355, #410 ) ;
#2553 = EDGE_LOOP ( 'NONE', ( #311, #5274, #4570, #5655, #3337, #3371, #5325, #5003, #558, #7935, #3857, #9048, #4115 ) ) ;
#2554 = AXIS2_PLACEMENT_3D ( 'NONE', #8641, #5035, #3896 ) ;
#2555 = CARTESIAN_POINT ( 'NONE',  ( 11.12228341961741940, -15.77033674741690561, -6.766399720341551571 ) ) ;
#2556 = LINE ( 'NONE', #4745, #46 ) ;
#2557 = ADVANCED_FACE ( 'NONE', ( #1485 ), #4374, .F. ) ;
#2558 = LINE ( 'NONE', #7593, #2848 ) ;
#2559 = EDGE_CURVE ( 'NONE', #1314, #4736, #8067, .T. ) ;
#2560 = CARTESIAN_POINT ( 'NONE',  ( -63.55073236542023096, -28.24999999999999645, 14.92435785757280975 ) ) ;
#2561 = CIRCLE ( 'NONE', #4231, 4.000000000000003553 ) ;
#2562 = ORIENTED_EDGE ( 'NONE', *, *, #6502, .T. ) ;
#2563 = CARTESIAN_POINT ( 'NONE',  ( -0.07410584242694209789, -21.92999999999999616, -0.5000000000000000000 ) ) ;
#2564 = DIRECTION ( 'NONE',  ( 0.000000000000000000, -1.000000000000000000, 0.000000000000000000 ) ) ;
#2565 = VECTOR ( 'NONE', #2358, 1000.000000000000000 ) ;
#2566 = DIRECTION ( 'NONE',  ( 0.000000000000000000, -1.000000000000000000, -0.000000000000000000 ) ) ;
#2567 = LINE ( 'NONE', #6130, #8121 ) ;
#2568 = ORIENTED_EDGE ( 'NONE', *, *, #1005, .F. ) ;
#2569 = ORIENTED_EDGE ( 'NONE', *, *, #5667, .T. ) ;
#2570 = FACE_OUTER_BOUND ( 'NONE', #3340, .T. ) ;
#2571 = AXIS2_PLACEMENT_3D ( 'NONE', #5647, #8494, #9112 ) ;
#2572 = CIRCLE ( 'NONE', #7878, 4.099999999999999645 ) ;
#2573 = ADVANCED_FACE ( 'NONE', ( #1574 ), #7354, .T. ) ;
#2574 = ORIENTED_EDGE ( 'NONE', *, *, #5975, .T. ) ;
#2575 = FACE_OUTER_BOUND ( 'NONE', #5310, .T. ) ;
#2576 = ORIENTED_EDGE ( 'NONE', *, *, #8228, .T. ) ;
#2577 = DIRECTION ( 'NONE',  ( 0.000000000000000000, -1.000000000000000000, 0.000000000000000000 ) ) ;
#2578 = VECTOR ( 'NONE', #609, 1000.000000000000000 ) ;
#2579 = LINE ( 'NONE', #3379, #9017 ) ;
#2580 = ORIENTED_EDGE ( 'NONE', *, *, #4364, .F. ) ;
#2581 = DIRECTION ( 'NONE',  ( 1.000000000000000000, 0.000000000000000000, -0.000000000000000000 ) ) ;
#2582 = EDGE_LOOP ( 'NONE', ( #4370, #8744, #9348, #7748 ) ) ;
#2583 = VECTOR ( 'NONE', #1791, 1000.000000000000114 ) ;
#2584 = CIRCLE ( 'NONE', #5767, 4.099999999999999645 ) ;
#2585 = ORIENTED_EDGE ( 'NONE', *, *, #3483, .F. ) ;
#2586 = CARTESIAN_POINT ( 'NONE',  ( -0.06283894982672938445, -26.24999999999999645, 22.43434452200543205 ) ) ;
#2587 = ORIENTED_EDGE ( 'NONE', *, *, #8934, .F. ) ;
#2588 = CARTESIAN_POINT ( 'NONE',  ( 0.000000000000000000, 0.000000000000000000, -3.266399720341551127 ) ) ;
#2589 = CARTESIAN_POINT ( 'NONE',  ( -61.55073236542024517, -6.977067257872928252, 8.548806890340868492 ) ) ;
#2590 = CARTESIAN_POINT ( 'NONE',  ( 6.652244425923801607, -8.929999999999994387, 20.87938738401799199 ) ) ;
#2591 = EDGE_CURVE ( 'NONE', #652, #4136, #2558, .T. ) ;
#2592 = VECTOR ( 'NONE', #5579, 1000.000000000000000 ) ;
#2593 = ORIENTED_EDGE ( 'NONE', *, *, #5804, .F. ) ;
#2594 = EDGE_LOOP ( 'NONE', ( #7186, #8017, #441, #4517 ) ) ;
#2595 = CARTESIAN_POINT ( 'NONE',  ( -46.30751559817667840, -26.24999999999999645, -0.5000000000000000000 ) ) ;
#2596 = DIRECTION ( 'NONE',  ( -1.609861257756964304E-16, -1.000000000000000000, 0.000000000000000000 ) ) ;
#2597 = CARTESIAN_POINT ( 'NONE',  ( 14.21629301208212226, -24.74999999999999645, 12.12772820251061034 ) ) ;
#2598 = LINE ( 'NONE', #6356, #2924 ) ;
#2599 = DIRECTION ( 'NONE',  ( 0.000000000000000000, 0.000000000000000000, 1.000000000000000000 ) ) ;
#2600 = EDGE_CURVE ( 'NONE', #1562, #6852, #6123, .T. ) ;
#2601 = DIRECTION ( 'NONE',  ( 1.000000000000000000, -0.000000000000000000, 0.000000000000000000 ) ) ;
#2602 = ORIENTED_EDGE ( 'NONE', *, *, #4476, .T. ) ;
#2603 = DIRECTION ( 'NONE',  ( 0.000000000000000000, -1.000000000000000000, 0.000000000000000000 ) ) ;
#2604 = CARTESIAN_POINT ( 'NONE',  ( 7.887949642846828091, -8.666672190871246073, 27.73360027965844665 ) ) ;
#2605 = CARTESIAN_POINT ( 'NONE',  ( 6.352138384579762764, -3.249999999999999556, 27.73360027965844665 ) ) ;
#2606 = DIRECTION ( 'NONE',  ( 0.000000000000000000, 0.000000000000000000, -1.000000000000000000 ) ) ;
#2607 = ORIENTED_EDGE ( 'NONE', *, *, #5440, .F. ) ;
#2608 = DIRECTION ( 'NONE',  ( 0.000000000000000000, 0.000000000000000000, 1.000000000000000000 ) ) ;
#2609 = DIRECTION ( 'NONE',  ( 1.000000000000000000, 0.000000000000000000, -0.000000000000000000 ) ) ;
#2610 = DIRECTION ( 'NONE',  ( -0.000000000000000000, -0.000000000000000000, -1.000000000000000000 ) ) ;
#2611 = CYLINDRICAL_SURFACE ( 'NONE', #2817, 0.5000000000000004441 ) ;
#2612 = EDGE_CURVE ( 'NONE', #3639, #1221, #1048, .T. ) ;
#2613 = ORIENTED_EDGE ( 'NONE', *, *, #1796, .F. ) ;
#2614 = ORIENTED_EDGE ( 'NONE', *, *, #5913, .T. ) ;
#2615 = PLANE ( 'NONE',  #3327 ) ;
#2616 = EDGE_LOOP ( 'NONE', ( #3012, #8994, #2545, #5318 ) ) ;
#2617 = DIRECTION ( 'NONE',  ( 0.000000000000000000, 0.000000000000000000, -1.000000000000000000 ) ) ;
#2618 = VERTEX_POINT ( 'NONE', #4605 ) ;
#2619 = DIRECTION ( 'NONE',  ( 0.000000000000000000, 0.000000000000000000, -1.000000000000000000 ) ) ;
#2620 = EDGE_CURVE ( 'NONE', #739, #8755, #8348, .T. ) ;
#2621 = DIRECTION ( 'NONE',  ( -0.000000000000000000, 0.000000000000000000, 1.000000000000000000 ) ) ;
#2622 = EDGE_CURVE ( 'NONE', #5520, #2708, #5316, .T. ) ;
#2623 = AXIS2_PLACEMENT_3D ( 'NONE', #2463, #904, #8247 ) ;
#2624 = VERTEX_POINT ( 'NONE', #3939 ) ;
#2625 = ORIENTED_EDGE ( 'NONE', *, *, #6890, .F. ) ;
#2626 = DIRECTION ( 'NONE',  ( 0.000000000000000000, 0.000000000000000000, -1.000000000000000000 ) ) ;
#2627 = AXIS2_PLACEMENT_3D ( 'NONE', #2966, #1418, #8757 ) ;
#2628 = EDGE_LOOP ( 'NONE', ( #385, #8278, #7948, #3001, #2474, #8464, #987, #4513 ) ) ;
#2629 = ORIENTED_EDGE ( 'NONE', *, *, #7072, .T. ) ;
#2630 = CARTESIAN_POINT ( 'NONE',  ( 7.852138384579761876, -26.24999999999999645, 21.51254302217713388 ) ) ;
#2631 = EDGE_LOOP ( 'NONE', ( #3944, #4863, #6566, #7393, #8033, #78, #6504, #8036, #2885, #1205, #2260, #7477, #4313 ) ) ;
#2632 = VECTOR ( 'NONE', #5601, 1000.000000000000114 ) ;
#2633 = PLANE ( 'NONE',  #8540 ) ;
#2634 = CARTESIAN_POINT ( 'NONE',  ( 4.006559040048433218, -26.24999999999999645, 22.93434452200543205 ) ) ;
#2635 = AXIS2_PLACEMENT_3D ( 'NONE', #1932, #5631, #6912 ) ;
#2636 = CARTESIAN_POINT ( 'NONE',  ( 3.506559040048433218, 0.000000000000000000, 0.000000000000000000 ) ) ;
#2637 = EDGE_CURVE ( 'NONE', #8119, #3387, #3122, .T. ) ;
#2638 = ORIENTED_EDGE ( 'NONE', *, *, #3170, .F. ) ;
#2639 = VERTEX_POINT ( 'NONE', #5413 ) ;
#2640 = LINE ( 'NONE', #7580, #3953 ) ;
#2641 = VECTOR ( 'NONE', #8938, 1000.000000000000000 ) ;
#2642 = CARTESIAN_POINT ( 'NONE',  ( -63.55073236542024517, 0.000000000000000000, 4.452562545487269929 ) ) ;
#2643 = DIRECTION ( 'NONE',  ( 0.000000000000000000, 1.000000000000000000, 0.000000000000000000 ) ) ;
#2644 = DIRECTION ( 'NONE',  ( 0.000000000000000000, 0.000000000000000000, 1.000000000000000000 ) ) ;
#2645 = DIRECTION ( 'NONE',  ( 1.982541115402065307E-15, 0.000000000000000000, -1.000000000000000000 ) ) ;
#2646 = ORIENTED_EDGE ( 'NONE', *, *, #2893, .F. ) ;
#2647 = DIRECTION ( 'NONE',  ( -0.000000000000000000, -1.000000000000000000, -0.000000000000000000 ) ) ;
#2648 = LINE ( 'NONE', #1857, #4297 ) ;
#2649 = EDGE_CURVE ( 'NONE', #400, #8358, #6695, .T. ) ;
#2650 = CARTESIAN_POINT ( 'NONE',  ( -45.52049870685441846, -18.91113344730284851, 0.000000000000000000 ) ) ;
#2651 = LINE ( 'NONE', #4980, #6512 ) ;
#2652 = VECTOR ( 'NONE', #1549, 1000.000000000000000 ) ;
#2653 = ORIENTED_EDGE ( 'NONE', *, *, #3209, .F. ) ;
#2654 = DIRECTION ( 'NONE',  ( 0.000000000000000000, 1.000000000000000000, 0.000000000000000000 ) ) ;
#2655 = LINE ( 'NONE', #2088, #9183 ) ;
#2656 = CARTESIAN_POINT ( 'NONE',  ( -70.42541949054557904, -21.03301371225455441, -6.766399720341551571 ) ) ;
#2657 = AXIS2_PLACEMENT_3D ( 'NONE', #5833, #8726, #9345 ) ;
#2658 = ORIENTED_EDGE ( 'NONE', *, *, #5087, .F. ) ;
#2659 = VECTOR ( 'NONE', #2668, 999.9999999999998863 ) ;
#2660 = EDGE_LOOP ( 'NONE', ( #2853, #7560 ) ) ;
#2661 = ORIENTED_EDGE ( 'NONE', *, *, #1111, .T. ) ;
#2662 = FACE_OUTER_BOUND ( 'NONE', #7365, .T. ) ;
#2663 = EDGE_CURVE ( 'NONE', #533, #814, #133, .T. ) ;
#2664 = FACE_OUTER_BOUND ( 'NONE', #3799, .T. ) ;
#2665 = ADVANCED_FACE ( 'NONE', ( #4561 ), #4657, .F. ) ;
#2666 = CIRCLE ( 'NONE', #7357, 1.600000000000002531 ) ;
#2667 = VERTEX_POINT ( 'NONE', #3072 ) ;
#2668 = DIRECTION ( 'NONE',  ( 0.000000000000000000, 0.7071067811865525687, -0.7071067811865425767 ) ) ;
#2669 = VERTEX_POINT ( 'NONE', #952 ) ;
#2670 = LINE ( 'NONE', #5574, #6578 ) ;
#2671 = FACE_OUTER_BOUND ( 'NONE', #6182, .T. ) ;
#2672 = AXIS2_PLACEMENT_3D ( 'NONE', #4380, #6652, #5134 ) ;
#2673 = ORIENTED_EDGE ( 'NONE', *, *, #7042, .F. ) ;
#2674 = ORIENTED_EDGE ( 'NONE', *, *, #1036, .F. ) ;
#2675 = DIRECTION ( 'NONE',  ( -0.000000000000000000, -1.000000000000000000, -0.000000000000000000 ) ) ;
#2676 = EDGE_LOOP ( 'NONE', ( #5895, #5334, #1889, #9269 ) ) ;
#2677 = ADVANCED_FACE ( 'NONE', ( #7494 ), #1811, .F. ) ;
#2678 = EDGE_CURVE ( 'NONE', #3186, #5989, #5265, .T. ) ;
#2679 = VERTEX_POINT ( 'NONE', #1858 ) ;
#2680 = EDGE_CURVE ( 'NONE', #8395, #4478, #8155, .T. ) ;
#2681 = DIRECTION ( 'NONE',  ( 0.000000000000000000, 0.000000000000000000, 1.000000000000000000 ) ) ;
#2682 = VERTEX_POINT ( 'NONE', #1004 ) ;
#2683 = CARTESIAN_POINT ( 'NONE',  ( 5.406633442833276071, -23.74999999999999645, 2.359344522005430544 ) ) ;
#2684 = CARTESIAN_POINT ( 'NONE',  ( -2.994029756264178221, -26.24999999999999645, 23.43434452200543205 ) ) ;
#2685 = EDGE_LOOP ( 'NONE', ( #3375, #5791, #9327, #3580 ) ) ;
#2686 = ORIENTED_EDGE ( 'NONE', *, *, #5415, .F. ) ;
#2687 = CARTESIAN_POINT ( 'NONE',  ( 3.506559040048433218, -26.24999999999999645, 16.76811097311695065 ) ) ;
#2688 = EDGE_CURVE ( 'NONE', #5996, #4290, #3269, .T. ) ;
#2689 = CARTESIAN_POINT ( 'NONE',  ( -55.39351536273640875, -23.74999999999999645, 20.50934452200542424 ) ) ;
#2690 = DIRECTION ( 'NONE',  ( -0.000000000000000000, 0.000000000000000000, -1.000000000000000000 ) ) ;
#2691 = DIRECTION ( 'NONE',  ( 0.000000000000000000, -1.000000000000000000, 0.000000000000000000 ) ) ;
#2692 = DIRECTION ( 'NONE',  ( 0.000000000000000000, -1.000000000000000000, 0.000000000000000000 ) ) ;
#2693 = ORIENTED_EDGE ( 'NONE', *, *, #435, .F. ) ;
#2694 = DIRECTION ( 'NONE',  ( -0.000000000000000000, -0.000000000000000000, -1.000000000000000000 ) ) ;
#2695 = LINE ( 'NONE', #1946, #2632 ) ;
#2696 = VECTOR ( 'NONE', #3018, 1000.000000000000000 ) ;
#2697 = DIRECTION ( 'NONE',  ( -1.000000000000000000, 0.000000000000000000, 0.000000000000000000 ) ) ;
#2698 = CARTESIAN_POINT ( 'NONE',  ( 7.852138384579761876, -3.250000000000000000, 24.23360027965843955 ) ) ;
#2699 = ADVANCED_FACE ( 'NONE', ( #9061 ), #6790, .F. ) ;
#2700 = ORIENTED_EDGE ( 'NONE', *, *, #3500, .T. ) ;
#2701 = FACE_OUTER_BOUND ( 'NONE', #294, .T. ) ;
#2702 = CARTESIAN_POINT ( 'NONE',  ( -31.99253646513271931, -8.826403837643525208, 35.00000000000000000 ) ) ;
#2703 = LINE ( 'NONE', #7784, #6465 ) ;
#2704 = AXIS2_PLACEMENT_3D ( 'NONE', #8821, #8020, #3606 ) ;
#2705 = EDGE_CURVE ( 'NONE', #5745, #6025, #283, .T. ) ;
#2706 = ORIENTED_EDGE ( 'NONE', *, *, #7433, .F. ) ;
#2707 = ORIENTED_EDGE ( 'NONE', *, *, #7208, .T. ) ;
#2708 = VERTEX_POINT ( 'NONE', #4747 ) ;
#2709 = DIRECTION ( 'NONE',  ( 0.000000000000000000, 1.000000000000000000, 0.000000000000000000 ) ) ;
#2710 = CARTESIAN_POINT ( 'NONE',  ( 4.006559040048433218, -8.929999999999994387, 1.284344522005431699 ) ) ;
#2711 = CIRCLE ( 'NONE', #3007, 1.199999999999999734 ) ;
#2712 = VERTEX_POINT ( 'NONE', #5456 ) ;
#2713 = DIRECTION ( 'NONE',  ( 0.000000000000000000, 1.000000000000000000, 0.000000000000000000 ) ) ;
#2714 = CARTESIAN_POINT ( 'NONE',  ( -7.017521981314792434, -18.91796799097090087, 0.000000000000000000 ) ) ;
#2715 = EDGE_CURVE ( 'NONE', #1792, #13, #6081, .T. ) ;
#2716 = AXIS2_PLACEMENT_3D ( 'NONE', #7908, #7952, #7149 ) ;
#2717 = ORIENTED_EDGE ( 'NONE', *, *, #1112, .T. ) ;
#2718 = ORIENTED_EDGE ( 'NONE', *, *, #3955, .T. ) ;
#2719 = CARTESIAN_POINT ( 'NONE',  ( -53.99344095995156323, -8.929999999999994387, -0.06565547799456880607 ) ) ;
#2720 = ORIENTED_EDGE ( 'NONE', *, *, #5794, .T. ) ;
#2721 = VERTEX_POINT ( 'NONE', #8582 ) ;
#2722 = DIRECTION ( 'NONE',  ( 0.000000000000000000, 0.000000000000000000, 1.000000000000000000 ) ) ;
#2723 = AXIS2_PLACEMENT_3D ( 'NONE', #664, #708, #3596 ) ;
#2724 = ORIENTED_EDGE ( 'NONE', *, *, #5744, .T. ) ;
#2725 = VECTOR ( 'NONE', #6703, 1000.000000000000000 ) ;
#2726 = CARTESIAN_POINT ( 'NONE',  ( 1.206410234478746624, -23.74999999999999645, 22.93434452200542495 ) ) ;
#2727 = CARTESIAN_POINT ( 'NONE',  ( 6.352138384579765429, -26.24999999999999645, -4.766399720341551571 ) ) ;
#2728 = EDGE_CURVE ( 'NONE', #2333, #3328, #6317, .T. ) ;
#2729 = ADVANCED_FACE ( 'NONE', ( #5692 ), #430, .F. ) ;
#2730 = EDGE_LOOP ( 'NONE', ( #7285, #5108, #7793, #7972 ) ) ;
#2731 = VECTOR ( 'NONE', #6577, 1000.000000000000000 ) ;
#2732 = VECTOR ( 'NONE', #4842, 1000.000000000000227 ) ;
#2733 = ORIENTED_EDGE ( 'NONE', *, *, #6043, .T. ) ;
#2734 = CARTESIAN_POINT ( 'NONE',  ( -53.99344095995156323, -21.92999999999999616, -0.06565547799456880607 ) ) ;
#2735 = LINE ( 'NONE', #469, #6211 ) ;
#2736 = LINE ( 'NONE', #7722, #5911 ) ;
#2737 = CARTESIAN_POINT ( 'NONE',  ( -52.59336655716671771, -23.74999999999999645, 20.50934452200542424 ) ) ;
#2738 = DIRECTION ( 'NONE',  ( -0.000000000000000000, 1.000000000000000000, -0.000000000000000000 ) ) ;
#2739 = VECTOR ( 'NONE', #8204, 1000.000000000000000 ) ;
#2740 = VECTOR ( 'NONE', #5430, 1000.000000000000000 ) ;
#2741 = EDGE_CURVE ( 'NONE', #315, #432, #4986, .T. ) ;
#2742 = ORIENTED_EDGE ( 'NONE', *, *, #7840, .T. ) ;
#2743 = DIRECTION ( 'NONE',  ( -1.000000000000000000, 0.000000000000000000, 0.000000000000000000 ) ) ;
#2744 = LINE ( 'NONE', #4172, #8227 ) ;
#2745 = DIRECTION ( 'NONE',  ( 0.000000000000000000, 1.000000000000000000, 0.000000000000000000 ) ) ;
#2746 = FACE_OUTER_BOUND ( 'NONE', #8271, .T. ) ;
#2747 = EDGE_LOOP ( 'NONE', ( #3278, #2289, #6103, #3769 ) ) ;
#2748 = DIRECTION ( 'NONE',  ( -1.137523590804463822E-16, 0.000000000000000000, 1.000000000000000000 ) ) ;
#2749 = DIRECTION ( 'NONE',  ( -0.000000000000000000, -1.000000000000000000, -0.000000000000000000 ) ) ;
#2750 = DIRECTION ( 'NONE',  ( 0.000000000000000000, 0.000000000000000000, 1.000000000000000000 ) ) ;
#2751 = EDGE_LOOP ( 'NONE', ( #2866, #8597, #1053, #7850 ) ) ;
#2752 = ORIENTED_EDGE ( 'NONE', *, *, #1581, .F. ) ;
#2753 = ORIENTED_EDGE ( 'NONE', *, *, #2152, .F. ) ;
#2754 = DIRECTION ( 'NONE',  ( 0.000000000000000000, 0.000000000000000000, 1.000000000000000000 ) ) ;
#2755 = LINE ( 'NONE', #5658, #8007 ) ;
#2756 = EDGE_LOOP ( 'NONE', ( #8603, #6994, #2254, #4800 ) ) ;
#2757 = DIRECTION ( 'NONE',  ( 0.000000000000000000, 0.000000000000000000, 1.000000000000000000 ) ) ;
#2758 = CARTESIAN_POINT ( 'NONE',  ( 0.000000000000000000, -23.74999999999999645, 0.000000000000000000 ) ) ;
#2759 = ORIENTED_EDGE ( 'NONE', *, *, #4772, .T. ) ;
#2760 = VERTEX_POINT ( 'NONE', #8444 ) ;
#2761 = CARTESIAN_POINT ( 'NONE',  ( -0.02117511800357047003, -8.826403837643526984, 27.73360027965844665 ) ) ;
#2762 = ORIENTED_EDGE ( 'NONE', *, *, #1992, .F. ) ;
#2763 = EDGE_CURVE ( 'NONE', #8370, #6247, #1948, .T. ) ;
#2764 = ORIENTED_EDGE ( 'NONE', *, *, #6579, .F. ) ;
#2765 = LINE ( 'NONE', #5005, #6080 ) ;
#2766 = ORIENTED_EDGE ( 'NONE', *, *, #9286, .F. ) ;
#2767 = CARTESIAN_POINT ( 'NONE',  ( 4.006559040048433218, -8.929999999999994387, 22.93434452200543205 ) ) ;
#2768 = DIRECTION ( 'NONE',  ( -1.137523590804463822E-16, 0.000000000000000000, 1.000000000000000000 ) ) ;
#2769 = CIRCLE ( 'NONE', #2627, 4.100000000000000533 ) ;
#2770 = ORIENTED_EDGE ( 'NONE', *, *, #7844, .T. ) ;
#2771 = ORIENTED_EDGE ( 'NONE', *, *, #1017, .F. ) ;
#2772 = DIRECTION ( 'NONE',  ( 0.000000000000000000, 0.000000000000000000, 1.000000000000000000 ) ) ;
#2773 = EDGE_CURVE ( 'NONE', #2911, #1367, #7070, .T. ) ;
#2774 = DIRECTION ( 'NONE',  ( 0.000000000000000000, 0.000000000000000000, -1.000000000000000000 ) ) ;
#2775 = DIRECTION ( 'NONE',  ( 1.000000000000000000, -1.393496285239193958E-16, 0.000000000000000000 ) ) ;
#2776 = VECTOR ( 'NONE', #7007, 1000.000000000000000 ) ;
#2777 = EDGE_CURVE ( 'NONE', #7317, #3215, #5646, .T. ) ;
#2778 = DIRECTION ( 'NONE',  ( 0.000000000000000000, 0.000000000000000000, -1.000000000000000000 ) ) ;
#2779 = CARTESIAN_POINT ( 'NONE',  ( -60.05073236542024517, -25.03301371225455441, -3.266399720341551127 ) ) ;
#2780 = DIRECTION ( 'NONE',  ( 0.000000000000000000, -0.000000000000000000, -1.000000000000000000 ) ) ;
#2781 = ORIENTED_EDGE ( 'NONE', *, *, #4363, .T. ) ;
#2782 = AXIS2_PLACEMENT_3D ( 'NONE', #3042, #6047, #926 ) ;
#2783 = CARTESIAN_POINT ( 'NONE',  ( -20.14526954535771353, -9.806698035614237696, 35.00000000000000000 ) ) ;
#2784 = CARTESIAN_POINT ( 'NONE',  ( -63.55073236542024517, -26.24999999999999645, -4.766399720341551571 ) ) ;
#2785 = DIRECTION ( 'NONE',  ( 0.000000000000000000, 0.000000000000000000, 1.000000000000000000 ) ) ;
#2786 = CARTESIAN_POINT ( 'NONE',  ( 2.606484637263585924, -23.74999999999999645, 20.50934452200543134 ) ) ;
#2787 = EDGE_CURVE ( 'NONE', #7317, #97, #901, .T. ) ;
#2788 = VERTEX_POINT ( 'NONE', #6362 ) ;
#2789 = CARTESIAN_POINT ( 'NONE',  ( -0.02117511800357047003, -15.00699220561814506, 27.73360027965844665 ) ) ;
#2790 = LINE ( 'NONE', #485, #3562 ) ;
#2791 = VECTOR ( 'NONE', #843, 1000.000000000000000 ) ;
#2792 = CARTESIAN_POINT ( 'NONE',  ( 6.597279736212401602, -8.929999999999994387, 2.058177442568553062 ) ) ;
#2793 = ORIENTED_EDGE ( 'NONE', *, *, #7970, .F. ) ;
#2794 = CARTESIAN_POINT ( 'NONE',  ( -47.95232035379806490, -20.31514632978691992, 23.50000000000000000 ) ) ;
#2795 = CYLINDRICAL_SURFACE ( 'NONE', #4856, 1.000000000000000888 ) ;
#2796 = AXIS2_PLACEMENT_3D ( 'NONE', #2294, #5187, #7278 ) ;
#2797 = CARTESIAN_POINT ( 'NONE',  ( 15.98308861578299656, -16.35652330467017634, -3.266399720341551127 ) ) ;
#2798 = EDGE_CURVE ( 'NONE', #967, #2669, #4384, .T. ) ;
#2799 = ORIENTED_EDGE ( 'NONE', *, *, #8446, .T. ) ;
#2800 = LINE ( 'NONE', #5751, #2659 ) ;
#2801 = VECTOR ( 'NONE', #5306, 1000.000000000000000 ) ;
#2802 = CARTESIAN_POINT ( 'NONE',  ( -13.20547322844859828, -8.623712062823797098, 26.77397846476551280 ) ) ;
#2803 = CARTESIAN_POINT ( 'NONE',  ( 0.000000000000000000, 0.000000000000000000, -4.766399720341551571 ) ) ;
#2804 = VECTOR ( 'NONE', #8790, 1000.000000000000114 ) ;
#2805 = ADVANCED_FACE ( 'NONE', ( #3361 ), #1244, .F. ) ;
#2806 = ORIENTED_EDGE ( 'NONE', *, *, #8880, .T. ) ;
#2807 = ORIENTED_EDGE ( 'NONE', *, *, #8301, .F. ) ;
#2808 = DIRECTION ( 'NONE',  ( -1.000000000000000000, 0.000000000000000000, 0.000000000000000000 ) ) ;
#2809 = AXIS2_PLACEMENT_3D ( 'NONE', #8283, #8185, #8139 ) ;
#2810 = VERTEX_POINT ( 'NONE', #3313 ) ;
#2811 = CIRCLE ( 'NONE', #5239, 2.999999999999999112 ) ;
#2812 = ORIENTED_EDGE ( 'NONE', *, *, #2190, .F. ) ;
#2813 = CARTESIAN_POINT ( 'NONE',  ( -0.07410584242694209789, -21.92999999999999616, 0.5000000000000000000 ) ) ;
#2814 = EDGE_LOOP ( 'NONE', ( #1916, #4773, #6653, #355, #954, #8853, #1867, #5485, #810, #7466, #1918, #8935, #317, #6802, #2237, #4069, #7786, #7626, #1763 ) ) ;
#2815 = CARTESIAN_POINT ( 'NONE',  ( 6.352138384579765429, -26.24999999999999645, -4.766399720341551571 ) ) ;
#2816 = DIRECTION ( 'NONE',  ( 0.000000000000000000, 0.7071067811865425767, 0.7071067811865524577 ) ) ;
#2817 = AXIS2_PLACEMENT_3D ( 'NONE', #1907, #4181, #7742 ) ;
#2818 = EDGE_CURVE ( 'NONE', #238, #5376, #4130, .T. ) ;
#2819 = VECTOR ( 'NONE', #8096, 1000.000000000000000 ) ;
#2820 = VERTEX_POINT ( 'NONE', #4086 ) ;
#2821 = ORIENTED_EDGE ( 'NONE', *, *, #5278, .T. ) ;
#2822 = DIRECTION ( 'NONE',  ( 0.000000000000000000, 0.000000000000000000, 1.000000000000000000 ) ) ;
#2823 = AXIS2_PLACEMENT_3D ( 'NONE', #4850, #578, #5652 ) ;
#2824 = CARTESIAN_POINT ( 'NONE',  ( 35.00000000000000000, -14.40530737074389300, 2.675341377437610024 ) ) ;
#2825 = LINE ( 'NONE', #7953, #1383 ) ;
#2826 = PLANE ( 'NONE',  #8077 ) ;
#2827 = DIRECTION ( 'NONE',  ( -1.000000000000000000, 0.000000000000000000, -0.000000000000000000 ) ) ;
#2828 = DIRECTION ( 'NONE',  ( -0.000000000000000000, -0.000000000000000000, 1.000000000000000000 ) ) ;
#2829 = EDGE_CURVE ( 'NONE', #9026, #7169, #8493, .T. ) ;
#2830 = ORIENTED_EDGE ( 'NONE', *, *, #9212, .T. ) ;
#2831 = FACE_OUTER_BOUND ( 'NONE', #2296, .T. ) ;
#2832 = CARTESIAN_POINT ( 'NONE',  ( 6.652244425923801607, -14.57499999999999929, 20.87938738401799199 ) ) ;
#2833 = CARTESIAN_POINT ( 'NONE',  ( 9.852138384579765429, -24.74999999999999645, 8.561872586650322248 ) ) ;
#2834 = VERTEX_POINT ( 'NONE', #6265 ) ;
#2835 = DIRECTION ( 'NONE',  ( 0.000000000000000000, 0.000000000000000000, -1.000000000000000000 ) ) ;
#2836 = PLANE ( 'NONE',  #7503 ) ;
#2837 = FACE_OUTER_BOUND ( 'NONE', #5724, .T. ) ;
#2838 = EDGE_LOOP ( 'NONE', ( #7376, #3181, #3687, #3983, #1636, #3597, #3703, #5963, #7987 ) ) ;
#2839 = EDGE_CURVE ( 'NONE', #5190, #4186, #7022, .T. ) ;
#2840 = AXIS2_PLACEMENT_3D ( 'NONE', #8012, #1522, #4415 ) ;
#2841 = EDGE_CURVE ( 'NONE', #9138, #6097, #1336, .T. ) ;
#2842 = ORIENTED_EDGE ( 'NONE', *, *, #480, .F. ) ;
#2843 = ADVANCED_FACE ( 'NONE', ( #1998 ), #4221, .T. ) ;
#2844 = DIRECTION ( 'NONE',  ( 0.000000000000000000, -0.000000000000000000, 1.000000000000000000 ) ) ;
#2845 = CARTESIAN_POINT ( 'NONE',  ( 0.000000000000000000, 0.000000000000000000, 22.43434452200543205 ) ) ;
#2846 = VERTEX_POINT ( 'NONE', #4887 ) ;
#2847 = CARTESIAN_POINT ( 'NONE',  ( -61.55073236542024517, -6.977067257872924699, 21.90472885406023451 ) ) ;
#2848 = VECTOR ( 'NONE', #2418, 1000.000000000000000 ) ;
#2849 = ADVANCED_FACE ( 'NONE', ( #3502 ), #6407, .T. ) ;
#2850 = CARTESIAN_POINT ( 'NONE',  ( -63.55073236542024517, -11.96570451637611932, 4.952562545487270818 ) ) ;
#2851 = DIRECTION ( 'NONE',  ( 1.000000000000000000, 0.000000000000000000, 0.000000000000000000 ) ) ;
#2852 = EDGE_CURVE ( 'NONE', #7083, #9277, #6811, .T. ) ;
#2853 = ORIENTED_EDGE ( 'NONE', *, *, #2091, .F. ) ;
#2854 = ORIENTED_EDGE ( 'NONE', *, *, #3270, .T. ) ;
#2855 = CARTESIAN_POINT ( 'NONE',  ( 4.006559040048433218, -8.929999999999994387, 20.87938738401799199 ) ) ;
#2856 = VECTOR ( 'NONE', #8596, 1000.000000000000000 ) ;
#2857 = ORIENTED_EDGE ( 'NONE', *, *, #7137, .T. ) ;
#2858 = VERTEX_POINT ( 'NONE', #2605 ) ;
#2859 = CARTESIAN_POINT ( 'NONE',  ( -60.05073236542024517, -26.24999999999999645, 25.73360027965844665 ) ) ;
#2860 = AXIS2_PLACEMENT_3D ( 'NONE', #3147, #6626, #8895 ) ;
#2861 = ORIENTED_EDGE ( 'NONE', *, *, #6944, .T. ) ;
#2862 = DIRECTION ( 'NONE',  ( 0.000000000000000000, 0.000000000000000000, -1.000000000000000000 ) ) ;
#2863 = CIRCLE ( 'NONE', #139, 0.5000000000000004441 ) ;
#2864 = FACE_OUTER_BOUND ( 'NONE', #4661, .T. ) ;
#2865 = VERTEX_POINT ( 'NONE', #802 ) ;
#2866 = ORIENTED_EDGE ( 'NONE', *, *, #1414, .T. ) ;
#2867 = CYLINDRICAL_SURFACE ( 'NONE', #5311, 1.350000000000005640 ) ;
#2868 = VECTOR ( 'NONE', #4845, 1000.000000000000000 ) ;
#2869 = AXIS2_PLACEMENT_3D ( 'NONE', #5761, #7316, #109 ) ;
#2870 = LINE ( 'NONE', #8664, #3935 ) ;
#2871 = DIRECTION ( 'NONE',  ( 0.4999999999999997224, 0.000000000000000000, 0.8660254037844388186 ) ) ;
#2872 = EDGE_CURVE ( 'NONE', #1357, #5627, #5878, .T. ) ;
#2873 = DIRECTION ( 'NONE',  ( 1.137523590804463822E-16, 0.000000000000000000, -1.000000000000000000 ) ) ;
#2874 = CARTESIAN_POINT ( 'NONE',  ( -53.49344095995156323, -21.92999999999999616, 18.83434452200543063 ) ) ;
#2875 = CARTESIAN_POINT ( 'NONE',  ( -53.49344095995156323, -26.24999999999999645, 6.170421253070791145 ) ) ;
#2876 = VECTOR ( 'NONE', #6782, 1000.000000000000000 ) ;
#2877 = ORIENTED_EDGE ( 'NONE', *, *, #4746, .T. ) ;
#2878 = FACE_OUTER_BOUND ( 'NONE', #8536, .T. ) ;
#2879 = DIRECTION ( 'NONE',  ( 0.000000000000000000, 0.000000000000000000, -1.000000000000000000 ) ) ;
#2880 = CARTESIAN_POINT ( 'NONE',  ( 11.11862117367210168, -4.994728181037624282, -3.266399720341551127 ) ) ;
#2882 = EDGE_CURVE ( 'NONE', #5012, #1216, #7158, .T. ) ;
#2881 = VECTOR ( 'NONE', #2871, 1000.000000000000000 ) ;
#2883 = VECTOR ( 'NONE', #2297, 1000.000000000000000 ) ;
#2884 = EDGE_CURVE ( 'NONE', #2185, #1434, #6500, .T. ) ;
#2885 = ORIENTED_EDGE ( 'NONE', *, *, #4021, .T. ) ;
#2886 = DIRECTION ( 'NONE',  ( -0.000000000000000000, -0.000000000000000000, 1.000000000000000000 ) ) ;
#2887 = CARTESIAN_POINT ( 'NONE',  ( 1.206410234478749732, -28.24999999999999645, -0.06565547799456938893 ) ) ;
#2888 = LINE ( 'NONE', #8677, #4810 ) ;
#2889 = VERTEX_POINT ( 'NONE', #3595 ) ;
#2890 = FACE_OUTER_BOUND ( 'NONE', #2537, .T. ) ;
#2891 = CARTESIAN_POINT ( 'NONE',  ( 7.852138384579765429, -3.250000000000000000, -3.266399720341551571 ) ) ;
#2892 = DIRECTION ( 'NONE',  ( 1.000000000000000000, 0.000000000000000000, -0.000000000000000000 ) ) ;
#2893 = EDGE_CURVE ( 'NONE', #4207, #2382, #3016, .T. ) ;
#2894 = CIRCLE ( 'NONE', #8353, 2.999999999999999112 ) ;
#2895 = ORIENTED_EDGE ( 'NONE', *, *, #7458, .T. ) ;
#2896 = DIRECTION ( 'NONE',  ( 0.5000000000000001110, 0.000000000000000000, 0.8660254037844385966 ) ) ;
#2897 = ADVANCED_FACE ( 'NONE', ( #4360 ), #6448, .F. ) ;
#2898 = CARTESIAN_POINT ( 'NONE',  ( 3.506559040048433218, -21.92999999999999616, 3.697039727103057505 ) ) ;
#2899 = LINE ( 'NONE', #5940, #1170 ) ;
#2900 = ORIENTED_EDGE ( 'NONE', *, *, #4312, .T. ) ;
#2901 = ORIENTED_EDGE ( 'NONE', *, *, #8109, .T. ) ;
#2902 = DIRECTION ( 'NONE',  ( 0.000000000000000000, 0.000000000000000000, -1.000000000000000000 ) ) ;
#2903 = ORIENTED_EDGE ( 'NONE', *, *, #5589, .T. ) ;
#2904 = EDGE_LOOP ( 'NONE', ( #8183, #3118, #4907, #1389, #9121 ) ) ;
#2905 = DIRECTION ( 'NONE',  ( 0.000000000000000000, 1.000000000000000000, 0.000000000000000000 ) ) ;
#2906 = LINE ( 'NONE', #6706, #8566 ) ;
#2907 = ORIENTED_EDGE ( 'NONE', *, *, #4970, .F. ) ;
#2908 = ADVANCED_FACE ( 'NONE', ( #9341 ), #8626, .T. ) ;
#2909 = DIRECTION ( 'NONE',  ( -1.000000000000000000, 0.000000000000000000, 0.000000000000000000 ) ) ;
#2910 = PLANE ( 'NONE',  #541 ) ;
#2911 = VERTEX_POINT ( 'NONE', #4454 ) ;
#2912 = ORIENTED_EDGE ( 'NONE', *, *, #1587, .T. ) ;
#2913 = CARTESIAN_POINT ( 'NONE',  ( 4.506559040048433218, -26.24999999999999645, 16.76811097311695065 ) ) ;
#2914 = VERTEX_POINT ( 'NONE', #2832 ) ;
#2915 = CARTESIAN_POINT ( 'NONE',  ( 18.18099059628930192, -20.71838846451663230, -3.266399720341551127 ) ) ;
#2916 = DIRECTION ( 'NONE',  ( 0.000000000000000000, 0.000000000000000000, -1.000000000000000000 ) ) ;
#2917 = EDGE_CURVE ( 'NONE', #972, #263, #7342, .T. ) ;
#2918 = CYLINDRICAL_SURFACE ( 'NONE', #2472, 1.350000000000005640 ) ;
#2919 = CARTESIAN_POINT ( 'NONE',  ( -55.39351536273640164, -23.74999999999999645, 2.359344522005430989 ) ) ;
#2920 = CARTESIAN_POINT ( 'NONE',  ( -63.47315361195479966, 0.000000000000000000, -4.766399720341551571 ) ) ;
#2921 = EDGE_LOOP ( 'NONE', ( #3823, #9072, #8422, #1844 ) ) ;
#2922 = EDGE_LOOP ( 'NONE', ( #7787, #9184, #407, #9324 ) ) ;
#2923 = CARTESIAN_POINT ( 'NONE',  ( 7.852138384579765429, -3.250000000000000000, -4.766399720341551571 ) ) ;
#2924 = VECTOR ( 'NONE', #8437, 1000.000000000000000 ) ;
#2925 = CARTESIAN_POINT ( 'NONE',  ( -45.52049870685441846, -16.10310768233470213, 23.50000000000000000 ) ) ;
#2926 = CARTESIAN_POINT ( 'NONE',  ( -8.274235610263286134, -23.74999999999999645, 0.000000000000000000 ) ) ;
#2927 = CARTESIAN_POINT ( 'NONE',  ( 16.25304598478975393, -21.03051657120438378, -6.766399720341551571 ) ) ;
#2928 = CYLINDRICAL_SURFACE ( 'NONE', #2657, 0.5000000000000004441 ) ;
#2929 = CARTESIAN_POINT ( 'NONE',  ( -53.99344095995156323, -21.92999999999999616, 22.93434452200543205 ) ) ;
#2930 = CIRCLE ( 'NONE', #5367, 4.100000000000007638 ) ;
#2931 = ORIENTED_EDGE ( 'NONE', *, *, #8269, .F. ) ;
#2932 = LINE ( 'NONE', #3555, #1836 ) ;
#2933 = ADVANCED_FACE ( 'NONE', ( #2975 ), #2128, .F. ) ;
#2934 = CARTESIAN_POINT ( 'NONE',  ( -14.95632582902195473, -25.74999999999999645, 3.416424131227112859 ) ) ;
#2935 = CARTESIAN_POINT ( 'NONE',  ( 4.006559040048433218, -21.92999999999999616, 22.93434452200543205 ) ) ;
#2936 = AXIS2_PLACEMENT_3D ( 'NONE', #388, #9285, #6178 ) ;
#2937 = ORIENTED_EDGE ( 'NONE', *, *, #8762, .T. ) ;
#2938 = CARTESIAN_POINT ( 'NONE',  ( 4.006559040048433218, -21.92999999999999616, 21.58434452200543063 ) ) ;
#2939 = CARTESIAN_POINT ( 'NONE',  ( -14.45632582902195473, -23.24999999999999645, 1.129663705710172605 ) ) ;
#2940 = CARTESIAN_POINT ( 'NONE',  ( -63.55073236542024517, -15.66790477302092199, -3.266399720341551571 ) ) ;
#2941 = VERTEX_POINT ( 'NONE', #5071 ) ;
#2942 = EDGE_CURVE ( 'NONE', #4243, #7283, #5120, .T. ) ;
#2943 = ORIENTED_EDGE ( 'NONE', *, *, #1504, .F. ) ;
#2944 = CARTESIAN_POINT ( 'NONE',  ( -53.49344095995156323, -21.92999999999999616, 18.83434452200543063 ) ) ;
#2945 = EDGE_CURVE ( 'NONE', #335, #4982, #4979, .T. ) ;
#2946 = ORIENTED_EDGE ( 'NONE', *, *, #5116, .F. ) ;
#2947 = VECTOR ( 'NONE', #7831, 1000.000000000000000 ) ;
#2948 = ORIENTED_EDGE ( 'NONE', *, *, #7884, .F. ) ;
#2949 = FACE_OUTER_BOUND ( 'NONE', #2477, .T. ) ;
#2950 = AXIS2_PLACEMENT_3D ( 'NONE', #6392, #553, #1888 ) ;
#2951 = ORIENTED_EDGE ( 'NONE', *, *, #2052, .T. ) ;
#2952 = CARTESIAN_POINT ( 'NONE',  ( -13.10069371300876995, -23.24999999999999645, 1.129663705710172605 ) ) ;
#2953 = LINE ( 'NONE', #3763, #9319 ) ;
#2954 = VECTOR ( 'NONE', #6581, 1000.000000000000000 ) ;
#2955 = EDGE_LOOP ( 'NONE', ( #9227, #4884, #4208, #524, #761, #130, #2141, #186, #5142, #7688 ) ) ;
#2956 = EDGE_CURVE ( 'NONE', #1434, #2185, #2711, .T. ) ;
#2957 = CARTESIAN_POINT ( 'NONE',  ( -52.59336655716672482, -28.24999999999999645, 2.359344522005430544 ) ) ;
#2958 = CIRCLE ( 'NONE', #8265, 1.600000000000000755 ) ;
#2959 = EDGE_CURVE ( 'NONE', #6707, #5465, #8057, .T. ) ;
#2960 = EDGE_LOOP ( 'NONE', ( #1015, #8828, #5806, #7464 ) ) ;
#2961 = EDGE_CURVE ( 'NONE', #2243, #5951, #4538, .T. ) ;
#2962 = DIRECTION ( 'NONE',  ( -0.000000000000000000, -1.000000000000000000, 0.000000000000000000 ) ) ;
#2963 = ORIENTED_EDGE ( 'NONE', *, *, #4881, .T. ) ;
#2964 = LINE ( 'NONE', #2120, #921 ) ;
#2965 = VECTOR ( 'NONE', #4429, 1000.000000000000000 ) ;
#2966 = CARTESIAN_POINT ( 'NONE',  ( 4.006559040048433218, -21.92999999999999616, -0.06565547799456880607 ) ) ;
#2967 = DIRECTION ( 'NONE',  ( -0.000000000000000000, 1.000000000000000000, -0.000000000000000000 ) ) ;
#2968 = FACE_BOUND ( 'NONE', #882, .T. ) ;
#2969 = AXIS2_PLACEMENT_3D ( 'NONE', #4271, #8625, #4452 ) ;
#2970 = EDGE_LOOP ( 'NONE', ( #4031, #8884, #1007, #9106 ) ) ;
#2971 = EDGE_CURVE ( 'NONE', #1324, #6288, #450, .T. ) ;
#2972 = VECTOR ( 'NONE', #4507, 1000.000000000000000 ) ;
#2973 = ORIENTED_EDGE ( 'NONE', *, *, #8113, .T. ) ;
#2974 = CARTESIAN_POINT ( 'NONE',  ( 14.65304598478975251, -21.03051657120438378, -6.766399720341551571 ) ) ;
#2975 = FACE_OUTER_BOUND ( 'NONE', #1541, .T. ) ;
#2976 = DIRECTION ( 'NONE',  ( 0.000000000000000000, 0.000000000000000000, -1.000000000000000000 ) ) ;
#2977 = DIRECTION ( 'NONE',  ( 0.000000000000000000, 1.000000000000000000, 0.000000000000000000 ) ) ;
#2978 = CARTESIAN_POINT ( 'NONE',  ( -11.02830546420950242, -15.00699220561814506, 27.73360027965844665 ) ) ;
#2979 = LINE ( 'NONE', #5258, #7681 ) ;
#2980 = ORIENTED_EDGE ( 'NONE', *, *, #6597, .T. ) ;
#2981 = EDGE_LOOP ( 'NONE', ( #6667, #9125, #3571, #7320 ) ) ;
#2982 = CARTESIAN_POINT ( 'NONE',  ( -52.15315098191918253, -8.929999999999994387, 25.73360027965844665 ) ) ;
#2983 = CARTESIAN_POINT ( 'NONE',  ( -43.08867705991077202, -20.31514632978691282, 23.50000000000000000 ) ) ;
#2984 = VERTEX_POINT ( 'NONE', #40 ) ;
#2985 = DIRECTION ( 'NONE',  ( 1.000000000000000000, 0.000000000000000000, 0.000000000000000000 ) ) ;
#2986 = ADVANCED_FACE ( 'NONE', ( #8722 ), #6637, .T. ) ;
#2987 = DIRECTION ( 'NONE',  ( -0.4999999999999996114, 0.000000000000000000, -0.8660254037844389297 ) ) ;
#2988 = PLANE ( 'NONE',  #1471 ) ;
#2989 = EDGE_LOOP ( 'NONE', ( #8977, #9135, #4154, #4438 ) ) ;
#2990 = ORIENTED_EDGE ( 'NONE', *, *, #9040, .T. ) ;
#2991 = DIRECTION ( 'NONE',  ( -0.000000000000000000, -1.000000000000000000, -0.000000000000000000 ) ) ;
#2992 = VERTEX_POINT ( 'NONE', #1381 ) ;
#2993 = VECTOR ( 'NONE', #8339, 1000.000000000000000 ) ;
#2994 = ORIENTED_EDGE ( 'NONE', *, *, #1703, .F. ) ;
#2995 = PLANE ( 'NONE',  #6908 ) ;
#2996 = EDGE_LOOP ( 'NONE', ( #111, #8978, #4543, #5899 ) ) ;
#2997 = EDGE_CURVE ( 'NONE', #9277, #7083, #7255, .T. ) ;
#2998 = FACE_OUTER_BOUND ( 'NONE', #7322, .T. ) ;
#2999 = DIRECTION ( 'NONE',  ( -0.000000000000000000, -0.9021223061229347584, -0.4314804106740396938 ) ) ;
#3000 = AXIS2_PLACEMENT_3D ( 'NONE', #4512, #2892, #7925 ) ;
#3001 = ORIENTED_EDGE ( 'NONE', *, *, #2818, .F. ) ;
#3002 = FACE_OUTER_BOUND ( 'NONE', #7090, .T. ) ;
#3003 = ORIENTED_EDGE ( 'NONE', *, *, #5987, .F. ) ;
#3004 = CARTESIAN_POINT ( 'NONE',  ( 10.17786216458505066, -25.03301371225455441, -3.266399720341551127 ) ) ;
#3005 = ORIENTED_EDGE ( 'NONE', *, *, #8109, .F. ) ;
#3006 = CYLINDRICAL_SURFACE ( 'NONE', #5919, 4.100000000000007638 ) ;
#3007 = AXIS2_PLACEMENT_3D ( 'NONE', #1474, #5163, #5025 ) ;
#3008 = PLANE ( 'NONE',  #5514 ) ;
#3009 = CARTESIAN_POINT ( 'NONE',  ( -13.10069371300876995, -23.24999999999999645, 20.93683708947935429 ) ) ;
#3011 = EDGE_CURVE ( 'NONE', #3958, #872, #4411, .T. ) ;
#3010 = FACE_BOUND ( 'NONE', #6311, .T. ) ;
#3012 = ORIENTED_EDGE ( 'NONE', *, *, #4466, .T. ) ;
#3013 = VECTOR ( 'NONE', #523, 1000.000000000000000 ) ;
#3014 = ORIENTED_EDGE ( 'NONE', *, *, #2444, .F. ) ;
#3015 = DIRECTION ( 'NONE',  ( 0.000000000000000000, -1.000000000000000000, 0.000000000000000000 ) ) ;
#3016 = LINE ( 'NONE', #5923, #2111 ) ;
#3017 = CARTESIAN_POINT ( 'NONE',  ( -5.613509097066130771, -21.34978964097089715, 23.50000000000000000 ) ) ;
#3018 = DIRECTION ( 'NONE',  ( -0.000000000000000000, -0.000000000000000000, 1.000000000000000000 ) ) ;
#3019 = DIRECTION ( 'NONE',  ( 0.7071067811865470176, -0.7071067811865480168, 0.000000000000000000 ) ) ;
#3020 = VECTOR ( 'NONE', #8436, 1000.000000000000000 ) ;
#3021 = VECTOR ( 'NONE', #2475, 1000.000000000000000 ) ;
#3022 = EDGE_CURVE ( 'NONE', #749, #141, #3978, .T. ) ;
#3023 = CARTESIAN_POINT ( 'NONE',  ( -7.791905798005583250, -25.74999999999999645, 22.88956924811451188 ) ) ;
#3024 = ORIENTED_EDGE ( 'NONE', *, *, #1414, .F. ) ;
#3025 = LINE ( 'NONE', #6644, #1531 ) ;
#3026 = PLANE ( 'NONE',  #9088 ) ;
#3027 = AXIS2_PLACEMENT_3D ( 'NONE', #9229, #1929, #408 ) ;
#3028 = VECTOR ( 'NONE', #9108, 1000.000000000000000 ) ;
#3029 = DIRECTION ( 'NONE',  ( 0.4999999999999996669, 0.000000000000000000, 0.8660254037844388186 ) ) ;
#3030 = VERTEX_POINT ( 'NONE', #7388 ) ;
#3031 = LINE ( 'NONE', #2938, #1165 ) ;
#3032 = DIRECTION ( 'NONE',  ( 0.000000000000000000, 0.000000000000000000, 1.000000000000000000 ) ) ;
#3033 = CARTESIAN_POINT ( 'NONE',  ( -14.45632582902195473, -23.24999999999999645, 3.416424131227112859 ) ) ;
#3034 = VECTOR ( 'NONE', #7136, 1000.000000000000000 ) ;
#3035 = ORIENTED_EDGE ( 'NONE', *, *, #6916, .F. ) ;
#3036 = EDGE_LOOP ( 'NONE', ( #6515, #4729, #1166, #7942 ) ) ;
#3037 = DIRECTION ( 'NONE',  ( 0.000000000000000000, 1.000000000000000000, 0.000000000000000000 ) ) ;
#3038 = ORIENTED_EDGE ( 'NONE', *, *, #6260, .T. ) ;
#3039 = EDGE_LOOP ( 'NONE', ( #4521, #846, #5974, #8471 ) ) ;
#3040 = FACE_OUTER_BOUND ( 'NONE', #3395, .T. ) ;
#3041 = EDGE_LOOP ( 'NONE', ( #3081, #7892, #6904, #2585 ) ) ;
#3042 = CARTESIAN_POINT ( 'NONE',  ( 9.758732317341051399, -3.250000000000000444, -3.266399720341551127 ) ) ;
#3043 = FACE_BOUND ( 'NONE', #7426, .T. ) ;
#3044 = ORIENTED_EDGE ( 'NONE', *, *, #3985, .F. ) ;
#3045 = LINE ( 'NONE', #6405, #6528 ) ;
#3046 = EDGE_CURVE ( 'NONE', #6181, #3108, #5968, .T. ) ;
#3047 = ORIENTED_EDGE ( 'NONE', *, *, #2026, .T. ) ;
#3048 = CARTESIAN_POINT ( 'NONE',  ( 1.206410234478746624, -28.24999999999999645, 22.93434452200542495 ) ) ;
#3049 = EDGE_LOOP ( 'NONE', ( #4099, #3567, #716, #5803 ) ) ;
#3050 = CARTESIAN_POINT ( 'NONE',  ( -9.100693713008769947, -24.24999999999999289, 20.93683708947935429 ) ) ;
#3051 = VERTEX_POINT ( 'NONE', #178 ) ;
#3052 = DIRECTION ( 'NONE',  ( -0.000000000000000000, 0.000000000000000000, 1.000000000000000000 ) ) ;
#3053 = CARTESIAN_POINT ( 'NONE',  ( -2.994029756264176889, -26.24999999999999645, 0.5000000000000000000 ) ) ;
#3054 = DIRECTION ( 'NONE',  ( -0.000000000000000000, 1.000000000000000000, 0.000000000000000000 ) ) ;
#3055 = ORIENTED_EDGE ( 'NONE', *, *, #2139, .F. ) ;
#3056 = EDGE_CURVE ( 'NONE', #5664, #9002, #3060, .T. ) ;
#3057 = ORIENTED_EDGE ( 'NONE', *, *, #4981, .T. ) ;
#3058 = DIRECTION ( 'NONE',  ( -1.000000000000000000, 0.000000000000000000, 0.000000000000000000 ) ) ;
#3059 = EDGE_CURVE ( 'NONE', #3143, #4586, #8473, .T. ) ;
#3060 = LINE ( 'NONE', #2407, #8624 ) ;
#3061 = CARTESIAN_POINT ( 'NONE',  ( -11.90198937725307893, -9.721106423667023932, 26.77397846476551280 ) ) ;
#3062 = CARTESIAN_POINT ( 'NONE',  ( -58.06283894982672678, -26.24999999999999645, 23.43434452200543205 ) ) ;
#3063 = DIRECTION ( 'NONE',  ( -0.4999999999999996114, 0.000000000000000000, -0.8660254037844389297 ) ) ;
#3064 = CARTESIAN_POINT ( 'NONE',  ( -13.20649155627549476, -9.123711025831156007, 26.77397846476551280 ) ) ;
#3065 = VERTEX_POINT ( 'NONE', #6114 ) ;
#3066 = AXIS2_PLACEMENT_3D ( 'NONE', #981, #365, #266 ) ;
#3067 = CARTESIAN_POINT ( 'NONE',  ( -8.291905798005583250, -23.24999999999999645, 20.93683708947935429 ) ) ;
#3068 = ADVANCED_FACE ( 'NONE', ( #6161 ), #1092, .T. ) ;
#3069 = CARTESIAN_POINT ( 'NONE',  ( -63.55073236542024517, -10.96570451637611932, 8.048806890340866715 ) ) ;
#3070 = EDGE_CURVE ( 'NONE', #6616, #5876, #1800, .T. ) ;
#3071 = EDGE_CURVE ( 'NONE', #6244, #8370, #8193, .T. ) ;
#3072 = CARTESIAN_POINT ( 'NONE',  ( 4.006559040048433218, -26.24999999999999645, -4.165655477994569367 ) ) ;
#3073 = EDGE_CURVE ( 'NONE', #4895, #4851, #2863, .T. ) ;
#3074 = VECTOR ( 'NONE', #6694, 1000.000000000000000 ) ;
#3075 = ORIENTED_EDGE ( 'NONE', *, *, #3791, .F. ) ;
#3076 = CARTESIAN_POINT ( 'NONE',  ( 5.406633442833272518, -23.74999999999999645, 20.50934452200543134 ) ) ;
#3077 = AXIS2_PLACEMENT_3D ( 'NONE', #7462, #4673, #8127 ) ;
#3078 = CARTESIAN_POINT ( 'NONE',  ( -52.59336655716672482, -23.74999999999999645, -2.490655477994575762 ) ) ;
#3079 = CARTESIAN_POINT ( 'NONE',  ( 7.852138384579761876, -21.92999999999999616, 25.73360027965844665 ) ) ;
#3080 = ORIENTED_EDGE ( 'NONE', *, *, #3690, .T. ) ;
#3081 = ORIENTED_EDGE ( 'NONE', *, *, #6021, .F. ) ;
#3082 = FACE_OUTER_BOUND ( 'NONE', #5091, .T. ) ;
#3083 = AXIS2_PLACEMENT_3D ( 'NONE', #2714, #6238, #1965 ) ;
#3084 = ADVANCED_FACE ( 'NONE', ( #4692 ), #990, .F. ) ;
#3085 = EDGE_LOOP ( 'NONE', ( #6958, #1439, #1159, #8030 ) ) ;
#3086 = VERTEX_POINT ( 'NONE', #3785 ) ;
#3087 = CARTESIAN_POINT ( 'NONE',  ( -9.100693713008769947, -26.24999999999999645, 20.93683708947935429 ) ) ;
#3088 = ORIENTED_EDGE ( 'NONE', *, *, #1284, .T. ) ;
#3089 = PLANE ( 'NONE',  #2184 ) ;
#3090 = AXIS2_PLACEMENT_3D ( 'NONE', #4310, #3635, #7384 ) ;
#3091 = DIRECTION ( 'NONE',  ( -1.000000000000000000, 1.575205997657066192E-16, 0.000000000000000000 ) ) ;
#3092 = ORIENTED_EDGE ( 'NONE', *, *, #4140, .T. ) ;
#3093 = CARTESIAN_POINT ( 'NONE',  ( -14.45632582902195473, -24.24999999999999289, 1.129663705710172605 ) ) ;
#3094 = ORIENTED_EDGE ( 'NONE', *, *, #8274, .F. ) ;
#3095 = DIRECTION ( 'NONE',  ( 0.000000000000000000, 0.000000000000000000, 1.000000000000000000 ) ) ;
#3096 = VECTOR ( 'NONE', #24, 1000.000000000000000 ) ;
#3097 = EDGE_CURVE ( 'NONE', #5465, #1663, #5350, .T. ) ;
#3098 = ORIENTED_EDGE ( 'NONE', *, *, #6553, .T. ) ;
#3099 = CYLINDRICAL_SURFACE ( 'NONE', #5314, 3.500000000000000000 ) ;
#3100 = VERTEX_POINT ( 'NONE', #6068 ) ;
#3101 = DIRECTION ( 'NONE',  ( -1.000000000000000000, 0.000000000000000000, 0.000000000000000000 ) ) ;
#3102 = DIRECTION ( 'NONE',  ( 0.000000000000000000, 0.000000000000000000, -1.000000000000000000 ) ) ;
#3103 = DIRECTION ( 'NONE',  ( 0.000000000000000000, -1.000000000000000000, 0.000000000000000000 ) ) ;
#3104 = VECTOR ( 'NONE', #7345, 1000.000000000000000 ) ;
#3105 = ADVANCED_FACE ( 'NONE', ( #328 ), #6685, .T. ) ;
#3106 = AXIS2_PLACEMENT_3D ( 'NONE', #7170, #676, #3561 ) ;
#3107 = ORIENTED_EDGE ( 'NONE', *, *, #8433, .T. ) ;
#3108 = VERTEX_POINT ( 'NONE', #8097 ) ;
#3109 = CARTESIAN_POINT ( 'NONE',  ( 7.263129686692224141, -21.92999999999999616, 25.42527760489184985 ) ) ;
#3110 = VECTOR ( 'NONE', #5779, 1000.000000000000000 ) ;
#3111 = DIRECTION ( 'NONE',  ( 0.000000000000000000, 0.000000000000000000, -1.000000000000000000 ) ) ;
#3112 = LINE ( 'NONE', #374, #1223 ) ;
#3113 = CARTESIAN_POINT ( 'NONE',  ( 4.006559040048433218, -21.92999999999999616, 22.93434452200543205 ) ) ;
#3114 = CARTESIAN_POINT ( 'NONE',  ( -20.14526954535771353, -11.79005581014418880, 35.00000000000000000 ) ) ;
#3115 = EDGE_CURVE ( 'NONE', #3759, #1726, #8289, .T. ) ;
#3116 = DIRECTION ( 'NONE',  ( -1.000000000000000000, 0.000000000000000000, 0.000000000000000000 ) ) ;
#3117 = AXIS2_PLACEMENT_3D ( 'NONE', #774, #149, #7 ) ;
#3118 = ORIENTED_EDGE ( 'NONE', *, *, #2228, .T. ) ;
#3119 = DIRECTION ( 'NONE',  ( 0.5000000000000001110, 0.000000000000000000, 0.8660254037844385966 ) ) ;
#3120 = VECTOR ( 'NONE', #1938, 1000.000000000000000 ) ;
#3121 = LINE ( 'NONE', #951, #5662 ) ;
#3122 = LINE ( 'NONE', #7448, #7557 ) ;
#3123 = LINE ( 'NONE', #3940, #9239 ) ;
#3124 = CIRCLE ( 'NONE', #1625, 0.5000000000000004441 ) ;
#3125 = ORIENTED_EDGE ( 'NONE', *, *, #7172, .T. ) ;
#3126 = DIRECTION ( 'NONE',  ( 0.000000000000000000, 1.000000000000000000, 0.000000000000000000 ) ) ;
#3127 = DIRECTION ( 'NONE',  ( 0.000000000000000000, -1.000000000000000000, 0.000000000000000000 ) ) ;
#3128 = CARTESIAN_POINT ( 'NONE',  ( -63.55073236542023096, -24.74999999999999645, 14.92435785757280975 ) ) ;
#3129 = DIRECTION ( 'NONE',  ( 0.000000000000000000, 0.000000000000000000, 1.000000000000000000 ) ) ;
#3130 = EDGE_CURVE ( 'NONE', #1638, #3186, #4595, .T. ) ;
#3131 = EDGE_CURVE ( 'NONE', #7142, #7759, #6781, .T. ) ;
#3132 = EDGE_CURVE ( 'NONE', #2063, #8375, #5749, .T. ) ;
#3133 = VERTEX_POINT ( 'NONE', #2456 ) ;
#3134 = VERTEX_POINT ( 'NONE', #4646 ) ;
#3135 = EDGE_LOOP ( 'NONE', ( #5623, #8840, #6131, #4343 ) ) ;
#3136 = DIRECTION ( 'NONE',  ( -0.000000000000000000, -1.000000000000000000, -0.000000000000000000 ) ) ;
#3137 = VERTEX_POINT ( 'NONE', #1040 ) ;
#3138 = DIRECTION ( 'NONE',  ( -0.000000000000000000, 0.8964040148762899562, -0.4432379069006490147 ) ) ;
#3139 = ORIENTED_EDGE ( 'NONE', *, *, #66, .T. ) ;
#3140 = DIRECTION ( 'NONE',  ( -0.000000000000000000, 0.000000000000000000, 1.000000000000000000 ) ) ;
#3141 = PLANE ( 'NONE',  #4176 ) ;
#3142 = EDGE_CURVE ( 'NONE', #3134, #1228, #5400, .T. ) ;
#3143 = VERTEX_POINT ( 'NONE', #7628 ) ;
#3144 = LINE ( 'NONE', #7518, #8955 ) ;
#3145 = VECTOR ( 'NONE', #6268, 1000.000000000000000 ) ;
#3146 = ORIENTED_EDGE ( 'NONE', *, *, #5950, .T. ) ;
#3147 = CARTESIAN_POINT ( 'NONE',  ( 4.006559040048433218, -26.24999999999999645, -0.06565547799456880607 ) ) ;
#3148 = EDGE_LOOP ( 'NONE', ( #352, #7682, #8479, #3055, #6696, #5686, #1206 ) ) ;
#3149 = DIRECTION ( 'NONE',  ( 0.000000000000000000, 0.000000000000000000, 1.000000000000000000 ) ) ;
#3150 = ORIENTED_EDGE ( 'NONE', *, *, #5044, .F. ) ;
#3151 = LINE ( 'NONE', #4635, #3689 ) ;
#3152 = CARTESIAN_POINT ( 'NONE',  ( 7.852138384579761876, -8.826403837643526984, 25.73360027965844665 ) ) ;
#3153 = CIRCLE ( 'NONE', #2105, 1.600000000000004086 ) ;
#3154 = CARTESIAN_POINT ( 'NONE',  ( -9.825547749812113096, -18.91796799097090087, 23.50000000000000000 ) ) ;
#3155 = VERTEX_POINT ( 'NONE', #2030 ) ;
#3156 = ORIENTED_EDGE ( 'NONE', *, *, #7299, .F. ) ;
#3157 = LINE ( 'NONE', #6067, #2523 ) ;
#3158 = VECTOR ( 'NONE', #7827, 1000.000000000000000 ) ;
#3159 = EDGE_CURVE ( 'NONE', #9058, #1216, #3398, .T. ) ;
#3160 = DIRECTION ( 'NONE',  ( -1.000000000000000000, 0.000000000000000000, 0.000000000000000000 ) ) ;
#3161 = DIRECTION ( 'NONE',  ( 0.000000000000000000, 0.000000000000000000, -1.000000000000000000 ) ) ;
#3162 = DIRECTION ( 'NONE',  ( -0.6387037358221615557, 0.7694527521861328490, 0.000000000000000000 ) ) ;
#3163 = PLANE ( 'NONE',  #4788 ) ;
#3164 = CARTESIAN_POINT ( 'NONE',  ( -56.79358976552124716, -23.74999999999999645, 22.93434452200542495 ) ) ;
#3165 = CIRCLE ( 'NONE', #5144, 1.600000000000004086 ) ;
#3166 = ORIENTED_EDGE ( 'NONE', *, *, #1635, .T. ) ;
#3167 = CARTESIAN_POINT ( 'NONE',  ( -60.05073236542024517, -3.249999999999999556, 27.73360027965844665 ) ) ;
#3168 = CARTESIAN_POINT ( 'NONE',  ( 4.506559040048433218, -26.24999999999999645, 6.170421253070792034 ) ) ;
#3169 = EDGE_CURVE ( 'NONE', #8142, #832, #3302, .T. ) ;
#3170 = EDGE_CURVE ( 'NONE', #7993, #4372, #5284, .T. ) ;
#3171 = DIRECTION ( 'NONE',  ( -0.000000000000000000, -1.000000000000000000, -0.000000000000000000 ) ) ;
#3172 = DIRECTION ( 'NONE',  ( -0.000000000000000000, 1.000000000000000000, 0.000000000000000000 ) ) ;
#3173 = CIRCLE ( 'NONE', #4398, 1.500000000000001332 ) ;
#3174 = ORIENTED_EDGE ( 'NONE', *, *, #117, .F. ) ;
#3175 = DIRECTION ( 'NONE',  ( 8.462065736472228863E-16, 0.000000000000000000, -1.000000000000000000 ) ) ;
#3176 = CARTESIAN_POINT ( 'NONE',  ( 3.506559040048433218, -21.92999999999999616, 4.003742511880592936 ) ) ;
#3177 = FACE_OUTER_BOUND ( 'NONE', #3293, .T. ) ;
#3178 = CARTESIAN_POINT ( 'NONE',  ( -4.911502654941800827, -20.13387881597089901, 22.73360027965845021 ) ) ;
#3179 = VECTOR ( 'NONE', #6910, 1000.000000000000114 ) ;
#3180 = AXIS2_PLACEMENT_3D ( 'NONE', #142, #5212, #5360 ) ;
#3181 = ORIENTED_EDGE ( 'NONE', *, *, #2678, .F. ) ;
#3182 = ORIENTED_EDGE ( 'NONE', *, *, #5440, .T. ) ;
#3183 = CARTESIAN_POINT ( 'NONE',  ( -49.91651260195900619, -21.92999999999999616, 22.43434452200543205 ) ) ;
#3184 = EDGE_CURVE ( 'NONE', #5941, #4301, #2735, .T. ) ;
#3185 = EDGE_CURVE ( 'NONE', #7147, #2712, #6206, .T. ) ;
#3186 = VERTEX_POINT ( 'NONE', #3352 ) ;
#3187 = DIRECTION ( 'NONE',  ( 1.000000000000000000, -0.000000000000000000, 0.000000000000000000 ) ) ;
#3188 = CIRCLE ( 'NONE', #3644, 3.499999999999999556 ) ;
#3189 = EDGE_LOOP ( 'NONE', ( #8553, #4901, #3465, #3574 ) ) ;
#3190 = AXIS2_PLACEMENT_3D ( 'NONE', #6765, #3914, #4770 ) ;
#3191 = FACE_OUTER_BOUND ( 'NONE', #4461, .T. ) ;
#3192 = DIRECTION ( 'NONE',  ( -0.3999373064491222318, -0.9165424981473695443, 0.000000000000000000 ) ) ;
#3193 = EDGE_CURVE ( 'NONE', #191, #2473, #7103, .T. ) ;
#3194 = EDGE_LOOP ( 'NONE', ( #3284, #7895, #1021, #1445 ) ) ;
#3195 = FACE_OUTER_BOUND ( 'NONE', #3135, .T. ) ;
#3196 = VERTEX_POINT ( 'NONE', #561 ) ;
#3197 = DIRECTION ( 'NONE',  ( 1.000000000000000000, -0.000000000000000000, 0.000000000000000000 ) ) ;
#3198 = ADVANCED_FACE ( 'NONE', ( #420, #3490 ), #8482, .T. ) ;
#3199 = EDGE_LOOP ( 'NONE', ( #4118, #2771, #5416, #8688 ) ) ;
#3200 = CARTESIAN_POINT ( 'NONE',  ( -14.92158689150289952, -26.24999999999999645, 20.93683708947935429 ) ) ;
#3201 = ORIENTED_EDGE ( 'NONE', *, *, #2384, .T. ) ;
#3202 = CARTESIAN_POINT ( 'NONE',  ( -7.017521981314792434, -18.91796799097090087, 25.73360027965844665 ) ) ;
#3203 = CARTESIAN_POINT ( 'NONE',  ( -58.06283894982672678, -21.92999999999999616, 22.43434452200543205 ) ) ;
#3204 = DIRECTION ( 'NONE',  ( 1.000000000000000000, 0.000000000000000000, 0.000000000000000000 ) ) ;
#3205 = EDGE_CURVE ( 'NONE', #7647, #2846, #4072, .T. ) ;
#3206 = ORIENTED_EDGE ( 'NONE', *, *, #8748, .T. ) ;
#3207 = ORIENTED_EDGE ( 'NONE', *, *, #4021, .F. ) ;
#3208 = LINE ( 'NONE', #6726, #1621 ) ;
#3209 = EDGE_CURVE ( 'NONE', #3583, #670, #8382, .T. ) ;
#3210 = CARTESIAN_POINT ( 'NONE',  ( -53.49344095995156323, -21.92999999999999616, 3.643335177658550528 ) ) ;
#3211 = DIRECTION ( 'NONE',  ( 1.575205997657066192E-16, 1.000000000000000000, 0.000000000000000000 ) ) ;
#3212 = PLANE ( 'NONE',  #8308 ) ;
#3213 = DIRECTION ( 'NONE',  ( -1.000000000000000000, -0.000000000000000000, -0.000000000000000000 ) ) ;
#3214 =( NAMED_UNIT ( * ) PLANE_ANGLE_UNIT ( ) SI_UNIT ( $, .RADIAN. ) );
#3215 = VERTEX_POINT ( 'NONE', #1892 ) ;
#3216 = DIRECTION ( 'NONE',  ( -0.000000000000000000, 0.000000000000000000, 1.000000000000000000 ) ) ;
#3217 = LINE ( 'NONE', #1099, #7633 ) ;
#3218 = CARTESIAN_POINT ( 'NONE',  ( -60.05073236542024517, -26.24999999999999645, -3.266399720341551127 ) ) ;
#3219 = LINE ( 'NONE', #7495, #4998 ) ;
#3220 = ORIENTED_EDGE ( 'NONE', *, *, #3265, .T. ) ;
#3221 = CARTESIAN_POINT ( 'NONE',  ( -0.07410584242694209789, -21.92999999999999616, -0.5000000000000000000 ) ) ;
#3222 = FACE_OUTER_BOUND ( 'NONE', #2838, .T. ) ;
#3223 = CARTESIAN_POINT ( 'NONE',  ( -13.10069371300876995, -24.24999999999999289, 25.00000000000000000 ) ) ;
#3224 = FACE_OUTER_BOUND ( 'NONE', #364, .T. ) ;
#3225 = AXIS2_PLACEMENT_3D ( 'NONE', #7427, #8899, #4732 ) ;
#3226 = EDGE_CURVE ( 'NONE', #4982, #9026, #7261, .T. ) ;
#3227 = EDGE_CURVE ( 'NONE', #5240, #5364, #6968, .T. ) ;
#3228 = VERTEX_POINT ( 'NONE', #9051 ) ;
#3229 = ORIENTED_EDGE ( 'NONE', *, *, #1704, .F. ) ;
#3230 = LINE ( 'NONE', #3183, #8334 ) ;
#3231 = VECTOR ( 'NONE', #5720, 1000.000000000000114 ) ;
#3232 = ORIENTED_EDGE ( 'NONE', *, *, #3605, .F. ) ;
#3233 = CARTESIAN_POINT ( 'NONE',  ( -58.06283894982672678, -21.92999999999999616, 23.43434452200543205 ) ) ;
#3234 = EDGE_LOOP ( 'NONE', ( #1186, #8402, #2576, #7653 ) ) ;
#3235 = FACE_OUTER_BOUND ( 'NONE', #4059, .T. ) ;
#3236 = DIRECTION ( 'NONE',  ( 0.000000000000000000, -0.000000000000000000, -1.000000000000000000 ) ) ;
#3237 = EDGE_CURVE ( 'NONE', #1855, #5092, #6664, .T. ) ;
#3238 = VECTOR ( 'NONE', #7795, 1000.000000000000000 ) ;
#3239 = VERTEX_POINT ( 'NONE', #4024 ) ;
#3240 = CARTESIAN_POINT ( 'NONE',  ( 2.166269062016041858, -8.929999999999994387, 25.73360027965844665 ) ) ;
#3241 = ORIENTED_EDGE ( 'NONE', *, *, #6352, .T. ) ;
#3242 = ORIENTED_EDGE ( 'NONE', *, *, #2189, .F. ) ;
#3243 = CARTESIAN_POINT ( 'NONE',  ( -58.09344095995156465, -21.92999999999999616, 22.43434452200543205 ) ) ;
#3244 = VECTOR ( 'NONE', #3540, 1000.000000000000000 ) ;
#3245 = ORIENTED_EDGE ( 'NONE', *, *, #5744, .F. ) ;
#3246 = DIRECTION ( 'NONE',  ( -0.000000000000000000, -1.000000000000000000, -0.000000000000000000 ) ) ;
#3247 = LINE ( 'NONE', #7383, #5094 ) ;
#3248 = DIRECTION ( 'NONE',  ( 0.000000000000000000, 0.000000000000000000, -1.000000000000000000 ) ) ;
#3249 = EDGE_CURVE ( 'NONE', #8653, #8827, #7769, .T. ) ;
#3250 = EDGE_CURVE ( 'NONE', #6609, #2624, #6353, .T. ) ;
#3251 = EDGE_CURVE ( 'NONE', #8608, #557, #8326, .T. ) ;
#3252 = EDGE_LOOP ( 'NONE', ( #7461, #3412, #4966, #3080 ) ) ;
#3253 = VECTOR ( 'NONE', #7098, 1000.000000000000000 ) ;
#3254 = ORIENTED_EDGE ( 'NONE', *, *, #4219, .T. ) ;
#3255 = FACE_OUTER_BOUND ( 'NONE', #3049, .T. ) ;
#3256 = CARTESIAN_POINT ( 'NONE',  ( -53.49344095995156323, -21.92999999999999616, 18.83434452200543063 ) ) ;
#3257 = DIRECTION ( 'NONE',  ( -0.000000000000000000, -1.000000000000000000, -0.000000000000000000 ) ) ;
#3258 = AXIS2_PLACEMENT_3D ( 'NONE', #4695, #1711, #2410 ) ;
#3259 = CARTESIAN_POINT ( 'NONE',  ( 11.12228341961742117, -3.250000000000000444, -6.766399720341551571 ) ) ;
#3260 = PLANE ( 'NONE',  #5547 ) ;
#3261 = AXIS2_PLACEMENT_3D ( 'NONE', #6995, #3376, #7039 ) ;
#3262 = FACE_OUTER_BOUND ( 'NONE', #3968, .T. ) ;
#3263 = ADVANCED_FACE ( 'NONE', ( #511 ), #8337, .T. ) ;
#3264 = ORIENTED_EDGE ( 'NONE', *, *, #5346, .T. ) ;
#3265 = EDGE_CURVE ( 'NONE', #8375, #2063, #3165, .T. ) ;
#3266 = FACE_OUTER_BOUND ( 'NONE', #4002, .T. ) ;
#3267 = VECTOR ( 'NONE', #9284, 1000.000000000000000 ) ;
#3268 = LINE ( 'NONE', #2604, #2176 ) ;
#3269 = LINE ( 'NONE', #3844, #1807 ) ;
#3270 = EDGE_CURVE ( 'NONE', #1781, #5410, #3631, .T. ) ;
#3271 = DIRECTION ( 'NONE',  ( -0.000000000000000000, -1.000000000000000000, -0.000000000000000000 ) ) ;
#3272 = ORIENTED_EDGE ( 'NONE', *, *, #4510, .F. ) ;
#3273 = CARTESIAN_POINT ( 'NONE',  ( -10.79999054116380997, -12.75000000000000000, 26.77397846476551280 ) ) ;
#3274 = DIRECTION ( 'NONE',  ( 0.000000000000000000, 0.000000000000000000, -1.000000000000000000 ) ) ;
#3275 = VECTOR ( 'NONE', #8876, 1000.000000000000000 ) ;
#3276 = LINE ( 'NONE', #3223, #674 ) ;
#3277 = DIRECTION ( 'NONE',  ( 0.000000000000000000, 0.000000000000000000, 1.000000000000000000 ) ) ;
#3278 = ORIENTED_EDGE ( 'NONE', *, *, #4129, .F. ) ;
#3279 = VERTEX_POINT ( 'NONE', #2915 ) ;
#3280 = ORIENTED_EDGE ( 'NONE', *, *, #4279, .F. ) ;
#3281 = DIRECTION ( 'NONE',  ( -0.000000000000000000, -1.000000000000000000, 0.000000000000000000 ) ) ;
#3282 = AXIS2_PLACEMENT_3D ( 'NONE', #2929, #2227, #2272 ) ;
#3283 = ADVANCED_FACE ( 'NONE', ( #5109 ), #5726, .F. ) ;
#3284 = ORIENTED_EDGE ( 'NONE', *, *, #3779, .T. ) ;
#3285 = DIRECTION ( 'NONE',  ( -0.4999999999999996669, -0.8660254037844388186, 0.000000000000000000 ) ) ;
#3286 = ORIENTED_EDGE ( 'NONE', *, *, #8357, .T. ) ;
#3287 = DIRECTION ( 'NONE',  ( 0.000000000000000000, 0.000000000000000000, -1.000000000000000000 ) ) ;
#3288 = DIRECTION ( 'NONE',  ( 0.000000000000000000, -1.000000000000000000, 0.000000000000000000 ) ) ;
#3289 = ORIENTED_EDGE ( 'NONE', *, *, #7484, .T. ) ;
#3290 = DIRECTION ( 'NONE',  ( 0.000000000000000000, 0.000000000000000000, -1.000000000000000000 ) ) ;
#3291 = VERTEX_POINT ( 'NONE', #30 ) ;
#3292 = EDGE_CURVE ( 'NONE', #1753, #977, #743, .T. ) ;
#3293 = EDGE_LOOP ( 'NONE', ( #6358, #3954, #8452, #8234 ) ) ;
#3294 = DIRECTION ( 'NONE',  ( 1.000000000000000000, 0.000000000000000000, 0.000000000000000000 ) ) ;
#3295 = ORIENTED_EDGE ( 'NONE', *, *, #4918, .F. ) ;
#3296 = CARTESIAN_POINT ( 'NONE',  ( -47.95232035379806490, -20.31514632978691992, 23.50000000000000000 ) ) ;
#3297 = CARTESIAN_POINT ( 'NONE',  ( -21.00632283287208324, -26.24999999999999645, 27.73360027965844665 ) ) ;
#3298 = CARTESIAN_POINT ( 'NONE',  ( -18.95058273853450714, -8.612011228791034867, 26.77397846476551280 ) ) ;
#3299 = ORIENTED_EDGE ( 'NONE', *, *, #840, .T. ) ;
#3300 = EDGE_LOOP ( 'NONE', ( #3904, #324, #5378, #417 ) ) ;
#3301 = CARTESIAN_POINT ( 'NONE',  ( -14.36821656258183566, -4.029645052838367825, 27.73360027965844665 ) ) ;
#3302 = LINE ( 'NONE', #2689, #9375 ) ;
#3303 = DIRECTION ( 'NONE',  ( -1.000000000000000000, 0.000000000000000000, 0.000000000000000000 ) ) ;
#3304 = AXIS2_PLACEMENT_3D ( 'NONE', #3113, #1852, #2362 ) ;
#3305 = EDGE_CURVE ( 'NONE', #5590, #3976, #1515, .T. ) ;
#3306 = DIRECTION ( 'NONE',  ( 0.000000000000000000, 0.000000000000000000, -1.000000000000000000 ) ) ;
#3307 = CARTESIAN_POINT ( 'NONE',  ( 7.845574320346131003, -24.08999999999999275, 24.37377554766827714 ) ) ;
#3308 = CARTESIAN_POINT ( 'NONE',  ( -53.99344095995156323, -26.24999999999999645, 22.93434452200543205 ) ) ;
#3309 = ORIENTED_EDGE ( 'NONE', *, *, #3892, .F. ) ;
#3310 = AXIS2_PLACEMENT_3D ( 'NONE', #2487, #3967, #9305 ) ;
#3311 = DIRECTION ( 'NONE',  ( -1.000000000000000000, 0.000000000000000000, 0.000000000000000000 ) ) ;
#3312 = CARTESIAN_POINT ( 'NONE',  ( -53.99344095995156323, -26.24999999999999645, -0.06565547799456880607 ) ) ;
#3313 = CARTESIAN_POINT ( 'NONE',  ( -65.38095531993472775, -21.03051657120438378, -6.766399720341551571 ) ) ;
#3314 = CARTESIAN_POINT ( 'NONE',  ( 4.506559040048433218, -21.92999999999999616, 18.83434452200543063 ) ) ;
#3315 = EDGE_CURVE ( 'NONE', #8555, #230, #6818, .T. ) ;
#3316 = ORIENTED_EDGE ( 'NONE', *, *, #4393, .F. ) ;
#3317 = FACE_OUTER_BOUND ( 'NONE', #2553, .T. ) ;
#3318 = DIRECTION ( 'NONE',  ( 0.000000000000000000, 0.000000000000000000, 1.000000000000000000 ) ) ;
#3319 = VECTOR ( 'NONE', #5204, 1000.000000000000000 ) ;
#3320 = CARTESIAN_POINT ( 'NONE',  ( -18.74389794097728412, -9.112433212420357975, 26.77397846476551280 ) ) ;
#3321 = CARTESIAN_POINT ( 'NONE',  ( -49.89344095995156891, -21.92999999999999616, -0.5000000000000000000 ) ) ;
#3322 = ORIENTED_EDGE ( 'NONE', *, *, #7416, .F. ) ;
#3323 = VERTEX_POINT ( 'NONE', #1371 ) ;
#3324 = VERTEX_POINT ( 'NONE', #6438 ) ;
#3325 = FACE_OUTER_BOUND ( 'NONE', #170, .T. ) ;
#3326 = VECTOR ( 'NONE', #5693, 1000.000000000000000 ) ;
#3327 = AXIS2_PLACEMENT_3D ( 'NONE', #7081, #5703, #4809 ) ;
#3328 = VERTEX_POINT ( 'NONE', #8710 ) ;
#3329 = LINE ( 'NONE', #7654, #1910 ) ;
#3330 = ORIENTED_EDGE ( 'NONE', *, *, #7616, .F. ) ;
#3331 = DIRECTION ( 'NONE',  ( -0.8660254037844388186, 0.000000000000000000, -0.4999999999999996669 ) ) ;
#3332 = AXIS2_PLACEMENT_3D ( 'NONE', #8009, #9384, #5879 ) ;
#3333 = DIRECTION ( 'NONE',  ( 0.000000000000000000, 1.000000000000000000, 0.000000000000000000 ) ) ;
#3334 = ORIENTED_EDGE ( 'NONE', *, *, #169, .T. ) ;
#3335 = ORIENTED_EDGE ( 'NONE', *, *, #7086, .F. ) ;
#3336 = PLANE ( 'NONE',  #479 ) ;
#3337 = ORIENTED_EDGE ( 'NONE', *, *, #19, .T. ) ;
#3338 = VECTOR ( 'NONE', #5727, 1000.000000000000000 ) ;
#3339 = VECTOR ( 'NONE', #3432, 1000.000000000000000 ) ;
#3340 = EDGE_LOOP ( 'NONE', ( #8817, #5529, #8076, #3182 ) ) ;
#3341 = CARTESIAN_POINT ( 'NONE',  ( -53.99344095995156323, -21.92999999999999616, 22.93434452200543205 ) ) ;
#3342 = ORIENTED_EDGE ( 'NONE', *, *, #3834, .F. ) ;
#3343 = DIRECTION ( 'NONE',  ( 0.000000000000000000, -0.000000000000000000, -1.000000000000000000 ) ) ;
#3344 = DIRECTION ( 'NONE',  ( 1.000000000000000000, 0.000000000000000000, 0.000000000000000000 ) ) ;
#3345 = DIRECTION ( 'NONE',  ( -1.734723475976807094E-15, 0.000000000000000000, -1.000000000000000000 ) ) ;
#3346 = AXIS2_PLACEMENT_3D ( 'NONE', #7270, #3037, #4337 ) ;
#3347 = ADVANCED_FACE ( 'NONE', ( #2211 ), #3679, .T. ) ;
#3348 = ORIENTED_EDGE ( 'NONE', *, *, #6768, .F. ) ;
#3349 = VERTEX_POINT ( 'NONE', #4261 ) ;
#3350 = CARTESIAN_POINT ( 'NONE',  ( 7.622283419617420286, -25.27535387189999128, -6.766399720341551571 ) ) ;
#3351 = AXIS2_PLACEMENT_3D ( 'NONE', #8568, #4967, #2073 ) ;
#3352 = CARTESIAN_POINT ( 'NONE',  ( 9.852138384579763652, -24.74999999999999645, 15.12772820251061034 ) ) ;
#3353 = CARTESIAN_POINT ( 'NONE',  ( -20.14526954535771353, -10.01380481680078383, 27.73360027965844665 ) ) ;
#3354 = DIRECTION ( 'NONE',  ( -1.000000000000000000, 0.000000000000000000, 0.000000000000000000 ) ) ;
#3355 = DIRECTION ( 'NONE',  ( 0.000000000000000000, 0.000000000000000000, -1.000000000000000000 ) ) ;
#3356 = ADVANCED_FACE ( 'NONE', ( #2119 ), #79, .T. ) ;
#3357 = ORIENTED_EDGE ( 'NONE', *, *, #4247, .F. ) ;
#3358 = EDGE_CURVE ( 'NONE', #1588, #6717, #4849, .T. ) ;
#3359 = CARTESIAN_POINT ( 'NONE',  ( -18.74389794097728412, -9.112433212420357975, 27.73360027965844665 ) ) ;
#3360 = DIRECTION ( 'NONE',  ( -0.5599897318154830606, -0.8284995475322984859, -0.000000000000000000 ) ) ;
#3361 = FACE_OUTER_BOUND ( 'NONE', #8763, .T. ) ;
#3362 = CARTESIAN_POINT ( 'NONE',  ( 0.000000000000000000, -3.250000000000000000, 26.77397846476551280 ) ) ;
#3363 = EDGE_LOOP ( 'NONE', ( #5429, #916, #5473, #3925 ) ) ;
#3364 = CARTESIAN_POINT ( 'NONE',  ( 7.852138384579761876, -13.99840717847742511, 25.73360027965844665 ) ) ;
#3365 = DIRECTION ( 'NONE',  ( 0.5000000000000002220, 0.000000000000000000, -0.8660254037844384856 ) ) ;
#3366 = DIRECTION ( 'NONE',  ( 0.000000000000000000, 0.000000000000000000, -1.000000000000000000 ) ) ;
#3367 = VERTEX_POINT ( 'NONE', #654 ) ;
#3368 = ADVANCED_FACE ( 'NONE', ( #6398 ), #794, .F. ) ;
#3369 = EDGE_CURVE ( 'NONE', #8515, #7398, #5060, .T. ) ;
#3370 = ORIENTED_EDGE ( 'NONE', *, *, #39, .T. ) ;
#3371 = ORIENTED_EDGE ( 'NONE', *, *, #8362, .T. ) ;
#3372 = ADVANCED_FACE ( 'NONE', ( #5680 ), #9373, .T. ) ;
#3373 = LINE ( 'NONE', #582, #5912 ) ;
#3374 = FACE_OUTER_BOUND ( 'NONE', #6508, .T. ) ;
#3375 = ORIENTED_EDGE ( 'NONE', *, *, #6567, .F. ) ;
#3376 = DIRECTION ( 'NONE',  ( 0.7071067811865529018, 0.7071067811865421326, 8.043506448175138934E-17 ) ) ;
#3377 = VERTEX_POINT ( 'NONE', #3586 ) ;
#3378 = CYLINDRICAL_SURFACE ( 'NONE', #3083, 1.199999999999999734 ) ;
#3379 = CARTESIAN_POINT ( 'NONE',  ( 0.4141809120160027669, -21.92999999999999616, 23.43434452200543205 ) ) ;
#3380 = AXIS2_PLACEMENT_3D ( 'NONE', #6122, #9014, #2512 ) ;
#3381 = EDGE_CURVE ( 'NONE', #1311, #4184, #2870, .T. ) ;
#3382 = ORIENTED_EDGE ( 'NONE', *, *, #219, .F. ) ;
#3383 = VERTEX_POINT ( 'NONE', #4562 ) ;
#3384 = CARTESIAN_POINT ( 'NONE',  ( -54.49344095995157033, -21.92999999999999616, 18.86494653213027206 ) ) ;
#3385 = VECTOR ( 'NONE', #563, 1000.000000000000000 ) ;
#3386 = ORIENTED_EDGE ( 'NONE', *, *, #325, .T. ) ;
#3387 = VERTEX_POINT ( 'NONE', #8870 ) ;
#3388 = CARTESIAN_POINT ( 'NONE',  ( -63.55073236542024517, -18.64230216687093034, 13.48553141188837401 ) ) ;
#3389 = ORIENTED_EDGE ( 'NONE', *, *, #6675, .T. ) ;
#3390 = DIRECTION ( 'NONE',  ( 0.000000000000000000, -1.000000000000000000, 0.000000000000000000 ) ) ;
#3391 = VECTOR ( 'NONE', #786, 1000.000000000000000 ) ;
#3392 = CARTESIAN_POINT ( 'NONE',  ( -70.42541949054557904, -20.57275651622689949, -6.766399720341551571 ) ) ;
#3393 = EDGE_LOOP ( 'NONE', ( #5707, #8556 ) ) ;
#3394 = EDGE_CURVE ( 'NONE', #4045, #2865, #237, .T. ) ;
#3395 = EDGE_LOOP ( 'NONE', ( #3322, #1063, #7509, #7613, #350, #4056 ) ) ;
#3396 = LINE ( 'NONE', #9238, #8652 ) ;
#3397 = AXIS2_PLACEMENT_3D ( 'NONE', #6468, #2099, #773 ) ;
#3398 = LINE ( 'NONE', #9147, #4083 ) ;
#3399 = CARTESIAN_POINT ( 'NONE',  ( -14.42158689150289952, -23.24999999999999645, 22.88956924811451188 ) ) ;
#3400 = EDGE_CURVE ( 'NONE', #3504, #4640, #606, .T. ) ;
#3401 = CARTESIAN_POINT ( 'NONE',  ( -8.291905798005583250, -23.74999999999999645, 0.000000000000000000 ) ) ;
#3402 = LINE ( 'NONE', #472, #699 ) ;
#3403 = VECTOR ( 'NONE', #3204, 1000.000000000000000 ) ;
#3404 = VERTEX_POINT ( 'NONE', #2515 ) ;
#3405 = CARTESIAN_POINT ( 'NONE',  ( 7.852138384579765429, -26.24999999999999645, 2.675341377437610024 ) ) ;
#3406 = CARTESIAN_POINT ( 'NONE',  ( -44.08372187312362200, -26.24999999999999645, 27.73360027965844665 ) ) ;
#3407 = VECTOR ( 'NONE', #9387, 1000.000000000000000 ) ;
#3408 = DIRECTION ( 'NONE',  ( 0.000000000000000000, 0.000000000000000000, -1.000000000000000000 ) ) ;
#3409 = DIRECTION ( 'NONE',  ( -0.000000000000000000, 1.000000000000000000, -0.000000000000000000 ) ) ;
#3410 = AXIS2_PLACEMENT_3D ( 'NONE', #5949, #8889, #4527 ) ;
#3411 = ADVANCED_FACE ( 'NONE', ( #5414 ), #5979, .F. ) ;
#3412 = ORIENTED_EDGE ( 'NONE', *, *, #4007, .F. ) ;
#3413 = DIRECTION ( 'NONE',  ( -0.000000000000000000, 1.000000000000000000, -0.000000000000000000 ) ) ;
#3414 = DIRECTION ( 'NONE',  ( -0.4999999999999993894, 0.000000000000000000, -0.8660254037844389297 ) ) ;
#3415 = CARTESIAN_POINT ( 'NONE',  ( 0.000000000000000000, 0.000000000000000000, -0.5000000000000000000 ) ) ;
#3416 = AXIS2_PLACEMENT_3D ( 'NONE', #8850, #6676, #7574 ) ;
#3417 = ORIENTED_EDGE ( 'NONE', *, *, #1059, .T. ) ;
#3418 = VECTOR ( 'NONE', #112, 1000.000000000000000 ) ;
#3419 = ORIENTED_EDGE ( 'NONE', *, *, #4761, .F. ) ;
#3420 = ORIENTED_EDGE ( 'NONE', *, *, #257, .T. ) ;
#3421 = DIRECTION ( 'NONE',  ( -0.000000000000000000, -0.000000000000000000, 1.000000000000000000 ) ) ;
#3422 = DIRECTION ( 'NONE',  ( -0.000000000000000000, -0.000000000000000000, -1.000000000000000000 ) ) ;
#3423 = AXIS2_PLACEMENT_3D ( 'NONE', #5492, #7219, #1352 ) ;
#3424 = ORIENTED_EDGE ( 'NONE', *, *, #947, .F. ) ;
#3425 = CARTESIAN_POINT ( 'NONE',  ( -9.100693713008769947, -26.24999999999999645, 22.88956924811451188 ) ) ;
#3426 = EDGE_CURVE ( 'NONE', #9077, #7658, #4711, .T. ) ;
#3427 = CARTESIAN_POINT ( 'NONE',  ( -61.55073236542024517, -13.42906725808352952, 21.90472885406023451 ) ) ;
#3428 = EDGE_CURVE ( 'NONE', #5664, #3383, #3123, .T. ) ;
#3429 = AXIS2_PLACEMENT_3D ( 'NONE', #8646, #1443, #4333 ) ;
#3430 = EDGE_LOOP ( 'NONE', ( #9312, #6031, #7165, #1705 ) ) ;
#3431 = ORIENTED_EDGE ( 'NONE', *, *, #2841, .F. ) ;
#3432 = DIRECTION ( 'NONE',  ( 1.000000000000000000, 0.000000000000000000, 0.000000000000000000 ) ) ;
#3433 = VERTEX_POINT ( 'NONE', #8249 ) ;
#3434 = ORIENTED_EDGE ( 'NONE', *, *, #3115, .F. ) ;
#3435 = CARTESIAN_POINT ( 'NONE',  ( -0.07410584242694209789, -21.92999999999999616, -0.5000000000000000000 ) ) ;
#3436 = VERTEX_POINT ( 'NONE', #7546 ) ;
#3437 = EDGE_CURVE ( 'NONE', #3907, #6242, #4037, .T. ) ;
#3438 = AXIS2_PLACEMENT_3D ( 'NONE', #9256, #6985, #2750 ) ;
#3439 = DIRECTION ( 'NONE',  ( 0.000000000000000000, 1.000000000000000000, 0.000000000000000000 ) ) ;
#3440 = CARTESIAN_POINT ( 'NONE',  ( -7.791905798005583250, -23.74999999999999645, 22.88956924811451188 ) ) ;
#3441 = ORIENTED_EDGE ( 'NONE', *, *, #401, .F. ) ;
#3442 = ORIENTED_EDGE ( 'NONE', *, *, #8038, .T. ) ;
#3443 = PLANE ( 'NONE',  #16 ) ;
#3444 = CARTESIAN_POINT ( 'NONE',  ( -52.59336655716671771, -28.24999999999999645, 25.35934452200542566 ) ) ;
#3445 = CARTESIAN_POINT ( 'NONE',  ( -58.09344095995156465, -21.92999999999999616, -0.5000000000000000000 ) ) ;
#3446 = DIRECTION ( 'NONE',  ( -0.000000000000000000, -1.000000000000000000, -0.000000000000000000 ) ) ;
#3447 = DIRECTION ( 'NONE',  ( 0.000000000000000000, 0.000000000000000000, -1.000000000000000000 ) ) ;
#3448 = ORIENTED_EDGE ( 'NONE', *, *, #9128, .T. ) ;
#3449 = FACE_OUTER_BOUND ( 'NONE', #6529, .T. ) ;
#3450 = CARTESIAN_POINT ( 'NONE',  ( 3.506559040048433218, -21.92999999999999616, 18.83434452200543063 ) ) ;
#3451 = CIRCLE ( 'NONE', #5272, 0.5000000000000004441 ) ;
#3452 = DIRECTION ( 'NONE',  ( -0.4999999999999996114, -0.8660254037844389297, 0.000000000000000000 ) ) ;
#3453 = LINE ( 'NONE', #6363, #1376 ) ;
#3454 = ORIENTED_EDGE ( 'NONE', *, *, #8658, .T. ) ;
#3455 = DIRECTION ( 'NONE',  ( 0.9999979260147231486, -0.002036655653797905634, 0.000000000000000000 ) ) ;
#3456 = LINE ( 'NONE', #1202, #6754 ) ;
#3457 = DIRECTION ( 'NONE',  ( 0.000000000000000000, 0.000000000000000000, 1.000000000000000000 ) ) ;
#3458 = VECTOR ( 'NONE', #1767, 1000.000000000000000 ) ;
#3459 = ORIENTED_EDGE ( 'NONE', *, *, #2315, .T. ) ;
#3460 = ORIENTED_EDGE ( 'NONE', *, *, #1319, .F. ) ;
#3461 = ADVANCED_FACE ( 'NONE', ( #340 ), #7639, .F. ) ;
#3462 = VERTEX_POINT ( 'NONE', #8302 ) ;
#3463 = CARTESIAN_POINT ( 'NONE',  ( -53.99344095995156323, -21.92999999999999616, 22.93434452200543205 ) ) ;
#3464 = DIRECTION ( 'NONE',  ( 0.000000000000000000, -1.000000000000000000, 0.000000000000000000 ) ) ;
#3465 = ORIENTED_EDGE ( 'NONE', *, *, #2315, .F. ) ;
#3466 = CARTESIAN_POINT ( 'NONE',  ( -43.08867705991077202, -18.91796799097089732, 22.73360027965845021 ) ) ;
#3467 = CARTESIAN_POINT ( 'NONE',  ( -53.99344095995156323, -21.92999999999999616, -4.165655477994576472 ) ) ;
#3468 = VECTOR ( 'NONE', #1148, 1000.000000000000000 ) ;
#3469 = EDGE_LOOP ( 'NONE', ( #7672, #5389, #6364, #5036, #8835, #3156, #4601, #3207, #7547, #1030, #8029 ) ) ;
#3470 = EDGE_CURVE ( 'NONE', #6751, #9257, #6935, .T. ) ;
#3471 = ORIENTED_EDGE ( 'NONE', *, *, #8934, .T. ) ;
#3472 = FACE_OUTER_BOUND ( 'NONE', #2479, .T. ) ;
#3473 = EDGE_CURVE ( 'NONE', #2382, #1413, #4606, .T. ) ;
#3474 = ORIENTED_EDGE ( 'NONE', *, *, #6690, .F. ) ;
#3475 = UNCERTAINTY_MEASURE_WITH_UNIT (LENGTH_MEASURE( 1.000000000000000082E-05 ), #6024, 'distance_accuracy_value', 'NONE');
#3476 = ORIENTED_EDGE ( 'NONE', *, *, #2279, .F. ) ;
#3477 = CARTESIAN_POINT ( 'NONE',  ( 14.98308861578299656, -16.35652330467017634, -3.266399720341551127 ) ) ;
#3478 = VECTOR ( 'NONE', #2643, 1000.000000000000000 ) ;
#3479 = ORIENTED_EDGE ( 'NONE', *, *, #516, .F. ) ;
#3480 = AXIS2_PLACEMENT_3D ( 'NONE', #442, #2709, #4096 ) ;
#3481 = CARTESIAN_POINT ( 'NONE',  ( -59.97849175394367194, -26.24999999999999645, -0.5000000000000000000 ) ) ;
#3482 = CARTESIAN_POINT ( 'NONE',  ( -53.99344095995156323, -21.92999999999999616, 24.28434452200542992 ) ) ;
#3483 = EDGE_CURVE ( 'NONE', #4235, #3462, #3219, .T. ) ;
#3484 = ORIENTED_EDGE ( 'NONE', *, *, #8704, .T. ) ;
#3485 = AXIS2_PLACEMENT_3D ( 'NONE', #171, #1601, #3969 ) ;
#3486 = VECTOR ( 'NONE', #2137, 1000.000000000000000 ) ;
#3487 = EDGE_CURVE ( 'NONE', #8285, #4491, #7571, .T. ) ;
#3488 = ORIENTED_EDGE ( 'NONE', *, *, #7758, .F. ) ;
#3489 = PLANE ( 'NONE',  #7743 ) ;
#3490 = FACE_BOUND ( 'NONE', #6857, .T. ) ;
#3491 = CARTESIAN_POINT ( 'NONE',  ( -13.95632582902195296, -23.24999999999999645, 1.129663705710172605 ) ) ;
#3492 = LINE ( 'NONE', #9151, #964 ) ;
#3493 = DIRECTION ( 'NONE',  ( 0.000000000000000000, 0.000000000000000000, -1.000000000000000000 ) ) ;
#3494 = VECTOR ( 'NONE', #1450, 1000.000000000000000 ) ;
#3495 = CIRCLE ( 'NONE', #8798, 0.5000000000000004441 ) ;
#3496 = ADVANCED_FACE ( 'NONE', ( #3897 ), #431, .T. ) ;
#3497 = PLANE ( 'NONE',  #8854 ) ;
#3498 = ORIENTED_EDGE ( 'NONE', *, *, #8609, .F. ) ;
#3499 = LINE ( 'NONE', #165, #9103 ) ;
#3500 = EDGE_CURVE ( 'NONE', #1935, #7993, #2465, .T. ) ;
#3501 = FACE_OUTER_BOUND ( 'NONE', #9172, .T. ) ;
#3502 = FACE_OUTER_BOUND ( 'NONE', #2582, .T. ) ;
#3503 = DIRECTION ( 'NONE',  ( -0.000000000000000000, 1.000000000000000000, 0.000000000000000000 ) ) ;
#3504 = VERTEX_POINT ( 'NONE', #6841 ) ;
#3505 = DIRECTION ( 'NONE',  ( -0.000000000000000000, 0.000000000000000000, 1.000000000000000000 ) ) ;
#3506 = LINE ( 'NONE', #2702, #1605 ) ;
#3507 = LINE ( 'NONE', #2792, #9044 ) ;
#3508 = ORIENTED_EDGE ( 'NONE', *, *, #9236, .F. ) ;
#3509 = DIRECTION ( 'NONE',  ( 0.000000000000000000, 0.000000000000000000, -1.000000000000000000 ) ) ;
#3510 = CARTESIAN_POINT ( 'NONE',  ( 4.006559040048433218, -21.92999999999999616, 22.93434452200543205 ) ) ;
#3511 = EDGE_CURVE ( 'NONE', #6326, #3617, #6124, .T. ) ;
#3512 = DIRECTION ( 'NONE',  ( 0.000000000000000000, 0.000000000000000000, -1.000000000000000000 ) ) ;
#3513 = EDGE_LOOP ( 'NONE', ( #9093, #6302, #8251, #3459, #765, #1913, #9181, #3241, #6848, #214, #8345, #6253, #7046 ) ) ;
#3514 = DIRECTION ( 'NONE',  ( -0.000000000000000000, -1.000000000000000000, -0.000000000000000000 ) ) ;
#3515 = EDGE_CURVE ( 'NONE', #5432, #8395, #1102, .T. ) ;
#3516 = EDGE_CURVE ( 'NONE', #3816, #6483, #1667, .T. ) ;
#3517 = PLANE ( 'NONE',  #7643 ) ;
#3518 = DIRECTION ( 'NONE',  ( -0.000000000000000000, -0.000000000000000000, 1.000000000000000000 ) ) ;
#3519 = VERTEX_POINT ( 'NONE', #2560 ) ;
#3520 = VERTEX_POINT ( 'NONE', #4222 ) ;
#3521 = PLANE ( 'NONE',  #6237 ) ;
#3522 = ORIENTED_EDGE ( 'NONE', *, *, #4530, .T. ) ;
#3523 = VERTEX_POINT ( 'NONE', #3314 ) ;
#3524 = PRESENTATION_STYLE_ASSIGNMENT (( #8656 ) ) ;
#3525 = VERTEX_POINT ( 'NONE', #1902 ) ;
#3526 = EDGE_CURVE ( 'NONE', #5435, #3155, #6266, .T. ) ;
#3527 = DIRECTION ( 'NONE',  ( 0.000000000000000000, 1.000000000000000000, 0.000000000000000000 ) ) ;
#3528 = VECTOR ( 'NONE', #1563, 1000.000000000000000 ) ;
#3529 = LINE ( 'NONE', #2727, #8551 ) ;
#3530 = AXIS2_PLACEMENT_3D ( 'NONE', #8995, #4540, #3921 ) ;
#3531 = ORIENTED_EDGE ( 'NONE', *, *, #1909, .F. ) ;
#3532 = ORIENTED_EDGE ( 'NONE', *, *, #6567, .T. ) ;
#3533 = LINE ( 'NONE', #7148, #334 ) ;
#3534 = VECTOR ( 'NONE', #1622, 1000.000000000000000 ) ;
#3535 = CARTESIAN_POINT ( 'NONE',  ( -56.55073236542025228, -11.96570451637611932, 4.952562545487270818 ) ) ;
#3536 = CARTESIAN_POINT ( 'NONE',  ( -49.92404297007639968, -21.92999999999999616, 22.43434452200543205 ) ) ;
#3537 = VECTOR ( 'NONE', #3527, 1000.000000000000000 ) ;
#3538 = LINE ( 'NONE', #4971, #4903 ) ;
#3539 = CARTESIAN_POINT ( 'NONE',  ( 9.852138384579765429, -24.74999999999999645, 8.561872586650322248 ) ) ;
#3541 = EDGE_CURVE ( 'NONE', #4652, #6289, #7118, .T. ) ;
#3540 = DIRECTION ( 'NONE',  ( 1.000000000000000000, 0.000000000000000000, -0.000000000000000000 ) ) ;
#3542 = EDGE_CURVE ( 'NONE', #5340, #8005, #8583, .T. ) ;
#3543 = ORIENTED_EDGE ( 'NONE', *, *, #2328, .F. ) ;
#3544 = VECTOR ( 'NONE', #3851, 1000.000000000000000 ) ;
#3545 = CARTESIAN_POINT ( 'NONE',  ( -7.774235610263285245, -23.24999999999999645, 1.129663705710172605 ) ) ;
#3546 = DIRECTION ( 'NONE',  ( -0.000000000000000000, -0.000000000000000000, 1.000000000000000000 ) ) ;
#3547 = CARTESIAN_POINT ( 'NONE',  ( 5.406633442833272518, -23.74999999999999645, 20.50934452200543134 ) ) ;
#3548 = ORIENTED_EDGE ( 'NONE', *, *, #6110, .F. ) ;
#3549 = FACE_OUTER_BOUND ( 'NONE', #8855, .T. ) ;
#3550 = PLANE ( 'NONE',  #5839 ) ;
#3551 = AXIS2_PLACEMENT_3D ( 'NONE', #7476, #3103, #2451 ) ;
#3552 = ADVANCED_FACE ( 'NONE', ( #8445 ), #4798, .T. ) ;
#3553 = DIRECTION ( 'NONE',  ( 1.000000000000000000, 0.000000000000000000, 0.000000000000000000 ) ) ;
#3554 = ORIENTED_EDGE ( 'NONE', *, *, #7855, .F. ) ;
#3555 = CARTESIAN_POINT ( 'NONE',  ( 18.18099059628930192, -21.03301371225455441, -3.266399720341551127 ) ) ;
#3556 = EDGE_CURVE ( 'NONE', #1476, #1588, #1949, .T. ) ;
#3557 = CARTESIAN_POINT ( 'NONE',  ( -53.99344095995156323, -21.92999999999999616, 22.93434452200543205 ) ) ;
#3558 = VECTOR ( 'NONE', #7324, 1000.000000000000000 ) ;
#3559 = LINE ( 'NONE', #3701, #5743 ) ;
#3560 = EDGE_LOOP ( 'NONE', ( #1534, #9273, #7471, #8807 ) ) ;
#3561 = DIRECTION ( 'NONE',  ( 0.000000000000000000, 0.000000000000000000, -1.000000000000000000 ) ) ;
#3562 = VECTOR ( 'NONE', #5697, 1000.000000000000000 ) ;
#3563 = LINE ( 'NONE', #3705, #8398 ) ;
#3564 = DIRECTION ( 'NONE',  ( -0.000000000000000000, 1.000000000000000000, -0.000000000000000000 ) ) ;
#3565 = CIRCLE ( 'NONE', #4937, 1.350000000000000533 ) ;
#3566 = ORIENTED_EDGE ( 'NONE', *, *, #2151, .F. ) ;
#3567 = ORIENTED_EDGE ( 'NONE', *, *, #1401, .F. ) ;
#3568 = DIRECTION ( 'NONE',  ( 0.000000000000000000, 0.000000000000000000, -1.000000000000000000 ) ) ;
#3569 = VECTOR ( 'NONE', #1794, 1000.000000000000000 ) ;
#3570 = EDGE_CURVE ( 'NONE', #4771, #646, #6220, .T. ) ;
#3571 = ORIENTED_EDGE ( 'NONE', *, *, #4483, .F. ) ;
#3572 = VERTEX_POINT ( 'NONE', #7828 ) ;
#3573 = DIRECTION ( 'NONE',  ( -0.000000000000000000, -0.000000000000000000, -1.000000000000000000 ) ) ;
#3574 = ORIENTED_EDGE ( 'NONE', *, *, #419, .F. ) ;
#3575 = LINE ( 'NONE', #7143, #3999 ) ;
#3576 = LINE ( 'NONE', #690, #9178 ) ;
#3577 = CIRCLE ( 'NONE', #3889, 4.099999999999999645 ) ;
#3578 = EDGE_CURVE ( 'NONE', #5139, #8848, #1369, .T. ) ;
#3579 = VECTOR ( 'NONE', #3688, 1000.000000000000000 ) ;
#3580 = ORIENTED_EDGE ( 'NONE', *, *, #4469, .T. ) ;
#3581 = EDGE_CURVE ( 'NONE', #2624, #1126, #4087, .T. ) ;
#3582 = EDGE_CURVE ( 'NONE', #579, #640, #482, .T. ) ;
#3583 = VERTEX_POINT ( 'NONE', #1999 ) ;
#3584 = DIRECTION ( 'NONE',  ( -0.000000000000000000, 1.000000000000000000, -0.000000000000000000 ) ) ;
#3585 = AXIS2_PLACEMENT_3D ( 'NONE', #7443, #6786, #5408 ) ;
#3586 = CARTESIAN_POINT ( 'NONE',  ( 7.845574320346131003, -21.92999999999999616, 24.37377554766827714 ) ) ;
#3587 = CARTESIAN_POINT ( 'NONE',  ( -46.30751559817668550, -26.24999999999999645, 0.5000000000000000000 ) ) ;
#3588 = DIRECTION ( 'NONE',  ( -0.000000000000000000, 0.000000000000000000, -1.000000000000000000 ) ) ;
#3589 = PLANE ( 'NONE',  #5236 ) ;
#3590 = DIRECTION ( 'NONE',  ( -0.000000000000000000, 1.000000000000000000, -0.000000000000000000 ) ) ;
#3591 = ORIENTED_EDGE ( 'NONE', *, *, #9274, .T. ) ;
#3592 = DIRECTION ( 'NONE',  ( 0.000000000000000000, 1.000000000000000000, -1.298842177042580110E-16 ) ) ;
#3593 = EDGE_CURVE ( 'NONE', #2109, #8073, #4888, .T. ) ;
#3594 = EDGE_CURVE ( 'NONE', #4372, #1078, #2651, .T. ) ;
#3595 = CARTESIAN_POINT ( 'NONE',  ( 4.006559040048433218, -8.929999999999994387, -1.415655477994569367 ) ) ;
#3596 = DIRECTION ( 'NONE',  ( 0.000000000000000000, -0.000000000000000000, 1.000000000000000000 ) ) ;
#3597 = ORIENTED_EDGE ( 'NONE', *, *, #8439, .T. ) ;
#3598 = CYLINDRICAL_SURFACE ( 'NONE', #4371, 4.100000000000000533 ) ;
#3599 = CARTESIAN_POINT ( 'NONE',  ( -63.55073236542024517, -28.24999999999999645, -4.766399720341551571 ) ) ;
#3600 = DIRECTION ( 'NONE',  ( -0.000000000000000000, 1.000000000000000000, -0.000000000000000000 ) ) ;
#3601 = VERTEX_POINT ( 'NONE', #2698 ) ;
#3602 = CIRCLE ( 'NONE', #1042, 1.600000000000002531 ) ;
#3603 = LINE ( 'NONE', #2274, #3486 ) ;
#3604 = LINE ( 'NONE', #811, #8940 ) ;
#3605 = EDGE_CURVE ( 'NONE', #8559, #8577, #7780, .T. ) ;
#3606 = DIRECTION ( 'NONE',  ( 0.000000000000000000, 0.000000000000000000, -1.000000000000000000 ) ) ;
#3607 = ORIENTED_EDGE ( 'NONE', *, *, #6871, .F. ) ;
#3608 = CARTESIAN_POINT ( 'NONE',  ( -0.02117511800357047003, -14.00699220561814329, 26.73360027965844665 ) ) ;
#3609 = VECTOR ( 'NONE', #5795, 1000.000000000000000 ) ;
#3610 = CARTESIAN_POINT ( 'NONE',  ( -52.59336655716672482, -23.74999999999999645, -2.490655477994575762 ) ) ;
#3611 = FACE_OUTER_BOUND ( 'NONE', #1826, .T. ) ;
#3612 = ORIENTED_EDGE ( 'NONE', *, *, #6078, .T. ) ;
#3613 = EDGE_LOOP ( 'NONE', ( #7408, #5944, #113, #5719 ) ) ;
#3614 = CARTESIAN_POINT ( 'NONE',  ( 4.006559040048433218, -21.92999999999999616, 22.93434452200543205 ) ) ;
#3615 = AXIS2_PLACEMENT_3D ( 'NONE', #1327, #6923, #5497 ) ;
#3616 = ADVANCED_FACE ( 'NONE', ( #6979 ), #1288, .F. ) ;
#3617 = VERTEX_POINT ( 'NONE', #573 ) ;
#3618 = ORIENTED_EDGE ( 'NONE', *, *, #425, .F. ) ;
#3619 = CARTESIAN_POINT ( 'NONE',  ( -13.10069371300876995, -24.24999999999999289, 25.00000000000000000 ) ) ;
#3620 = DIRECTION ( 'NONE',  ( -1.156482317317871331E-15, 0.000000000000000000, -1.000000000000000000 ) ) ;
#3621 = ORIENTED_EDGE ( 'NONE', *, *, #435, .T. ) ;
#3622 = CARTESIAN_POINT ( 'NONE',  ( -53.99344095995156323, -8.929999999999994387, -0.06565547799456880607 ) ) ;
#3623 = VECTOR ( 'NONE', #9159, 1000.000000000000000 ) ;
#3624 = CARTESIAN_POINT ( 'NONE',  ( -51.19329215438187930, -28.24999999999999645, 22.93434452200542495 ) ) ;
#3625 = ORIENTED_EDGE ( 'NONE', *, *, #3878, .F. ) ;
#3626 = ORIENTED_EDGE ( 'NONE', *, *, #9390, .T. ) ;
#3627 = FACE_OUTER_BOUND ( 'NONE', #6986, .T. ) ;
#3628 = VECTOR ( 'NONE', #135, 1000.000000000000227 ) ;
#3629 = AXIS2_PLACEMENT_3D ( 'NONE', #3510, #1868, #8544 ) ;
#3630 = ORIENTED_EDGE ( 'NONE', *, *, #5208, .T. ) ;
#3631 = LINE ( 'NONE', #2075, #8633 ) ;
#3632 = CARTESIAN_POINT ( 'NONE',  ( 14.98308861578300011, -3.250000000000000000, -6.766399720341551571 ) ) ;
#3633 = DIRECTION ( 'NONE',  ( 0.000000000000000000, 1.000000000000000000, 0.000000000000000000 ) ) ;
#3634 = LINE ( 'NONE', #3009, #7670 ) ;
#3635 = DIRECTION ( 'NONE',  ( -0.8284995475322984859, 0.5599897318154830606, 0.000000000000000000 ) ) ;
#3636 = EDGE_CURVE ( 'NONE', #9077, #269, #3453, .T. ) ;
#3637 = AXIS2_PLACEMENT_3D ( 'NONE', #1125, #8374, #4775 ) ;
#3638 = VECTOR ( 'NONE', #5079, 1000.000000000000000 ) ;
#3639 = VERTEX_POINT ( 'NONE', #9250 ) ;
#3640 = EDGE_LOOP ( 'NONE', ( #2292, #7262, #440, #7355 ) ) ;
#3641 = LINE ( 'NONE', #801, #3579 ) ;
#3642 = CARTESIAN_POINT ( 'NONE',  ( -14.95632582902195473, -25.74999999999999645, 1.129663705710172605 ) ) ;
#3643 = DIRECTION ( 'NONE',  ( -1.000000000000000000, 0.000000000000000000, 0.000000000000000000 ) ) ;
#3644 = AXIS2_PLACEMENT_3D ( 'NONE', #7851, #1407, #7141 ) ;
#3645 = VECTOR ( 'NONE', #2441, 1000.000000000000000 ) ;
#3646 = ORIENTED_EDGE ( 'NONE', *, *, #3358, .F. ) ;
#3647 = CARTESIAN_POINT ( 'NONE',  ( 6.352138384579762764, -3.250000000000000000, 25.73360027965844665 ) ) ;
#3648 = DIRECTION ( 'NONE',  ( 1.000000000000000000, 0.000000000000000000, 0.000000000000000000 ) ) ;
#3649 = ADVANCED_FACE ( 'NONE', ( #2746 ), #8534, .F. ) ;
#3650 = DIRECTION ( 'NONE',  ( 0.000000000000000000, 0.000000000000000000, -1.000000000000000000 ) ) ;
#3651 = EDGE_CURVE ( 'NONE', #5490, #8503, #7114, .T. ) ;
#3652 = ORIENTED_EDGE ( 'NONE', *, *, #4712, .F. ) ;
#3653 = DIRECTION ( 'NONE',  ( 1.000000000000000000, -0.000000000000000000, -0.000000000000000000 ) ) ;
#3654 = LINE ( 'NONE', #2231, #7472 ) ;
#3655 = DIRECTION ( 'NONE',  ( 0.000000000000000000, 0.000000000000000000, -1.000000000000000000 ) ) ;
#3656 = ORIENTED_EDGE ( 'NONE', *, *, #8629, .T. ) ;
#3657 = DIRECTION ( 'NONE',  ( 0.5000000000000016653, 0.000000000000000000, -0.8660254037844377084 ) ) ;
#3658 = CARTESIAN_POINT ( 'NONE',  ( 4.506559040048433218, -26.24999999999999645, 16.76811097311695065 ) ) ;
#3659 = CARTESIAN_POINT ( 'NONE',  ( 7.852138384579761876, -26.24999999999999645, 20.20998229243706845 ) ) ;
#3660 = ADVANCED_FACE ( 'NONE', ( #6408, #9294 ), #803, .T. ) ;
#3661 = EDGE_CURVE ( 'NONE', #8501, #7409, #41, .T. ) ;
#3662 = EDGE_CURVE ( 'NONE', #5095, #640, #7916, .T. ) ;
#3663 = EDGE_LOOP ( 'NONE', ( #5287, #1115, #8552, #6189 ) ) ;
#3664 = ORIENTED_EDGE ( 'NONE', *, *, #9266, .F. ) ;
#3665 = LINE ( 'NONE', #6561, #8634 ) ;
#3666 = ORIENTED_EDGE ( 'NONE', *, *, #8758, .T. ) ;
#3667 = ORIENTED_EDGE ( 'NONE', *, *, #3578, .F. ) ;
#3668 = EDGE_CURVE ( 'NONE', #7512, #3349, #2, .T. ) ;
#3669 = DIRECTION ( 'NONE',  ( 0.000000000000000000, 0.000000000000000000, 1.000000000000000000 ) ) ;
#3670 = EDGE_LOOP ( 'NONE', ( #2330, #3871, #589, #6001 ) ) ;
#3671 = LINE ( 'NONE', #6479, #7037 ) ;
#3672 = DIRECTION ( 'NONE',  ( -1.000000000000000000, 0.000000000000000000, 0.000000000000000000 ) ) ;
#3673 = EDGE_CURVE ( 'NONE', #1103, #5745, #8098, .T. ) ;
#3674 = ORIENTED_EDGE ( 'NONE', *, *, #650, .T. ) ;
#3675 = CARTESIAN_POINT ( 'NONE',  ( -0.000000000000000000, -25.03301371225455441, -4.766399720341551571 ) ) ;
#3676 = ORIENTED_EDGE ( 'NONE', *, *, #8629, .F. ) ;
#3677 = DIRECTION ( 'NONE',  ( 0.000000000000000000, 1.000000000000000000, 0.000000000000000000 ) ) ;
#3678 = VERTEX_POINT ( 'NONE', #2223 ) ;
#3679 = CYLINDRICAL_SURFACE ( 'NONE', #6507, 4.000000000000003553 ) ;
#3680 = CARTESIAN_POINT ( 'NONE',  ( -53.99344095995156323, -21.92999999999999616, -0.06565547799456880607 ) ) ;
#3681 = DIRECTION ( 'NONE',  ( 0.000000000000000000, 0.000000000000000000, -1.000000000000000000 ) ) ;
#3682 = FACE_OUTER_BOUND ( 'NONE', #8417, .T. ) ;
#3683 = AXIS2_PLACEMENT_3D ( 'NONE', #7151, #1278, #4124 ) ;
#3684 = PLANE ( 'NONE',  #3090 ) ;
#3685 = ADVANCED_FACE ( 'NONE', ( #4317 ), #6589, .F. ) ;
#3686 = VERTEX_POINT ( 'NONE', #2880 ) ;
#3687 = ORIENTED_EDGE ( 'NONE', *, *, #3766, .T. ) ;
#3688 = DIRECTION ( 'NONE',  ( -1.000000000000000000, 0.000000000000000000, 0.000000000000000000 ) ) ;
#3689 = VECTOR ( 'NONE', #3246, 1000.000000000000000 ) ;
#3690 = EDGE_CURVE ( 'NONE', #209, #3134, #7203, .T. ) ;
#3691 = CARTESIAN_POINT ( 'NONE',  ( -45.52049870685441846, -18.91113344730284851, 27.73360027965844665 ) ) ;
#3692 = CARTESIAN_POINT ( 'NONE',  ( -55.39351536273639454, -23.74999999999999645, -2.490655477994575762 ) ) ;
#3693 = DIRECTION ( 'NONE',  ( 0.000000000000000000, -1.000000000000000000, -0.000000000000000000 ) ) ;
#3694 = CARTESIAN_POINT ( 'NONE',  ( -53.49344095995156323, -26.24999999999999645, 4.003742511880600041 ) ) ;
#3695 = DIRECTION ( 'NONE',  ( 0.000000000000000000, -1.000000000000000000, 0.000000000000000000 ) ) ;
#3696 = AXIS2_PLACEMENT_3D ( 'NONE', #8875, #7358, #1673 ) ;
#3697 = ORIENTED_EDGE ( 'NONE', *, *, #5770, .F. ) ;
#3698 = ORIENTED_EDGE ( 'NONE', *, *, #2945, .T. ) ;
#3699 = CARTESIAN_POINT ( 'NONE',  ( 13.99635887394077827, -24.74999999999999645, 10.17961269154898396 ) ) ;
#3700 = ADVANCED_FACE ( 'NONE', ( #90, #5121, #8627, #7343, #2129, #6495 ), #7250, .F. ) ;
#3701 = CARTESIAN_POINT ( 'NONE',  ( 4.006559040048433218, -8.929999999999994387, 3.284344522005431255 ) ) ;
#3702 = CIRCLE ( 'NONE', #1143, 1.350000000000000533 ) ;
#3703 = ORIENTED_EDGE ( 'NONE', *, *, #6583, .T. ) ;
#3704 = CARTESIAN_POINT ( 'NONE',  ( -51.19329215438187930, -23.74999999999999645, -0.06565547799456866729 ) ) ;
#3705 = CARTESIAN_POINT ( 'NONE',  ( -60.04634611201962713, -25.31482886712318958, -4.766399720341551571 ) ) ;
#3706 = FACE_OUTER_BOUND ( 'NONE', #6109, .T. ) ;
#3707 = VECTOR ( 'NONE', #8367, 1000.000000000000000 ) ;
#3708 = ORIENTED_EDGE ( 'NONE', *, *, #3473, .F. ) ;
#3709 = ORIENTED_EDGE ( 'NONE', *, *, #9063, .F. ) ;
#3710 = CARTESIAN_POINT ( 'NONE',  ( -0.07410584242694209789, -21.92999999999999616, 0.3320556193263901057 ) ) ;
#3711 = VERTEX_POINT ( 'NONE', #8673 ) ;
#3712 = EDGE_CURVE ( 'NONE', #3519, #7361, #1521, .T. ) ;
#3713 = ADVANCED_FACE ( 'NONE', ( #5026 ), #1613, .F. ) ;
#3714 = CIRCLE ( 'NONE', #8416, 1.199999999999999734 ) ;
#3715 = ORIENTED_EDGE ( 'NONE', *, *, #6021, .T. ) ;
#3716 = LINE ( 'NONE', #1637, #5090 ) ;
#3717 = AXIS2_PLACEMENT_3D ( 'NONE', #204, #3091, #5381 ) ;
#3718 = EDGE_LOOP ( 'NONE', ( #175, #2355, #9359, #6377, #5174, #1876, #14, #2220, #2430, #6814, #4376, #7368 ) ) ;
#3719 = LINE ( 'NONE', #4344, #7481 ) ;
#3720 = CARTESIAN_POINT ( 'NONE',  ( -9.100693713008769947, -23.24999999999999645, 3.416424131227112859 ) ) ;
#3721 = CIRCLE ( 'NONE', #9192, 3.500000000000000000 ) ;
#3722 = ORIENTED_EDGE ( 'NONE', *, *, #5406, .F. ) ;
#3723 = CARTESIAN_POINT ( 'NONE',  ( -7.017521981314792434, -18.91796799097090087, 27.73360027965844665 ) ) ;
#3724 = AXIS2_PLACEMENT_3D ( 'NONE', #3704, #4330, #3657 ) ;
#3725 = ORIENTED_EDGE ( 'NONE', *, *, #6078, .F. ) ;
#3726 = DIRECTION ( 'NONE',  ( 0.000000000000000000, 1.000000000000000000, 0.000000000000000000 ) ) ;
#3727 = ADVANCED_FACE ( 'NONE', ( #8768 ), #6542, .T. ) ;
#3728 = EDGE_LOOP ( 'NONE', ( #1014, #1402, #3810, #6627 ) ) ;
#3729 = EDGE_CURVE ( 'NONE', #3155, #2273, #5164, .T. ) ;
#3730 = CARTESIAN_POINT ( 'NONE',  ( -44.08372187312362911, -13.99840717847742511, 26.73360027965844665 ) ) ;
#3731 = AXIS2_PLACEMENT_3D ( 'NONE', #1865, #1723, #1107 ) ;
#3732 = DIRECTION ( 'NONE',  ( 0.000000000000000000, 1.000000000000000000, 0.000000000000000000 ) ) ;
#3733 = FACE_OUTER_BOUND ( 'NONE', #146, .T. ) ;
#3734 = DIRECTION ( 'NONE',  ( 0.000000000000000000, -1.000000000000000000, -0.000000000000000000 ) ) ;
#3735 = VECTOR ( 'NONE', #3058, 1000.000000000000000 ) ;
#3736 = ORIENTED_EDGE ( 'NONE', *, *, #9315, .T. ) ;
#3737 = VECTOR ( 'NONE', #6323, 1000.000000000000000 ) ;
#3738 = ORIENTED_EDGE ( 'NONE', *, *, #892, .T. ) ;
#3739 = FACE_OUTER_BOUND ( 'NONE', #5169, .T. ) ;
#3740 = DIRECTION ( 'NONE',  ( 0.4999999999999997224, -0.8660254037844388186, 0.000000000000000000 ) ) ;
#3741 = LINE ( 'NONE', #6638, #3628 ) ;
#3742 = CYLINDRICAL_SURFACE ( 'NONE', #8146, 3.350000000000002309 ) ;
#3743 = DIRECTION ( 'NONE',  ( 0.000000000000000000, 0.000000000000000000, 1.000000000000000000 ) ) ;
#3744 = LINE ( 'NONE', #807, #9346 ) ;
#3745 = EDGE_LOOP ( 'NONE', ( #2491, #6965, #9084, #8796 ) ) ;
#3746 = PLANE ( 'NONE',  #769 ) ;
#3747 = DIRECTION ( 'NONE',  ( 0.000000000000000000, 0.000000000000000000, -1.000000000000000000 ) ) ;
#3748 = DIRECTION ( 'NONE',  ( 0.000000000000000000, 1.000000000000000000, 0.000000000000000000 ) ) ;
#3749 = VERTEX_POINT ( 'NONE', #6450 ) ;
#3750 = CARTESIAN_POINT ( 'NONE',  ( -0.07410584242694036317, -21.92999999999999616, 23.33205561932640038 ) ) ;
#3751 = DIRECTION ( 'NONE',  ( 0.000000000000000000, 0.000000000000000000, -1.000000000000000000 ) ) ;
#3752 = LINE ( 'NONE', #4568, #4190 ) ;
#3753 = EDGE_CURVE ( 'NONE', #5533, #9301, #3741, .T. ) ;
#3754 = EDGE_LOOP ( 'NONE', ( #2812, #7857, #2524, #4822 ) ) ;
#3755 = ORIENTED_EDGE ( 'NONE', *, *, #4048, .T. ) ;
#3756 = FACE_OUTER_BOUND ( 'NONE', #9070, .T. ) ;
#3757 = ORIENTED_EDGE ( 'NONE', *, *, #639, .F. ) ;
#3758 = CIRCLE ( 'NONE', #3304, 3.350000000000002309 ) ;
#3759 = VERTEX_POINT ( 'NONE', #3017 ) ;
#3760 = FACE_OUTER_BOUND ( 'NONE', #5421, .T. ) ;
#3761 = ORIENTED_EDGE ( 'NONE', *, *, #8406, .T. ) ;
#3762 = DIRECTION ( 'NONE',  ( 0.000000000000000000, 0.000000000000000000, -1.000000000000000000 ) ) ;
#3763 = CARTESIAN_POINT ( 'NONE',  ( -56.55073236542025228, -10.96570451637611932, 8.548806890340868492 ) ) ;
#3764 = EDGE_CURVE ( 'NONE', #6471, #2639, #5924, .T. ) ;
#3765 = VECTOR ( 'NONE', #1147, 1000.000000000000000 ) ;
#3766 = EDGE_CURVE ( 'NONE', #3186, #8653, #9342, .T. ) ;
#3767 = VERTEX_POINT ( 'NONE', #2408 ) ;
#3768 = DIRECTION ( 'NONE',  ( 0.000000000000000000, 0.000000000000000000, -1.000000000000000000 ) ) ;
#3769 = ORIENTED_EDGE ( 'NONE', *, *, #4195, .F. ) ;
#3770 = LINE ( 'NONE', #976, #8318 ) ;
#3771 = VECTOR ( 'NONE', #1028, 1000.000000000000000 ) ;
#3772 = VERTEX_POINT ( 'NONE', #991 ) ;
#3773 = DIRECTION ( 'NONE',  ( 0.000000000000000000, 0.000000000000000000, -1.000000000000000000 ) ) ;
#3774 = AXIS2_PLACEMENT_3D ( 'NONE', #4272, #2222, #8008 ) ;
#3775 = ADVANCED_FACE ( 'NONE', ( #8338 ), #7483, .T. ) ;
#3776 = PLANE ( 'NONE',  #1879 ) ;
#3777 = CARTESIAN_POINT ( 'NONE',  ( -68.27875135252305938, -17.02801943015421671, -3.266399720341551127 ) ) ;
#3778 = CARTESIAN_POINT ( 'NONE',  ( -8.421534865563454986, -21.34978964097089715, 23.50000000000000000 ) ) ;
#3779 = EDGE_CURVE ( 'NONE', #6549, #2914, #5255, .T. ) ;
#3780 = EDGE_LOOP ( 'NONE', ( #3722, #7567 ) ) ;
#3781 = VECTOR ( 'NONE', #1245, 1000.000000000000000 ) ;
#3782 = VECTOR ( 'NONE', #9350, 1000.000000000000000 ) ;
#3783 = EDGE_LOOP ( 'NONE', ( #9161, #1251, #1421, #7226 ) ) ;
#3784 = LINE ( 'NONE', #177, #3735 ) ;
#3785 = CARTESIAN_POINT ( 'NONE',  ( 11.12228341961741940, -15.77033674741690561, -4.766399720341551571 ) ) ;
#3786 = DIRECTION ( 'NONE',  ( 1.692413147294442814E-15, 0.000000000000000000, -1.000000000000000000 ) ) ;
#3787 = FACE_OUTER_BOUND ( 'NONE', #7011, .T. ) ;
#3788 = DIRECTION ( 'NONE',  ( -1.000000000000000000, 0.000000000000000000, 0.000000000000000000 ) ) ;
#3789 = AXIS2_PLACEMENT_3D ( 'NONE', #6020, #2359, #3786 ) ;
#3790 = CARTESIAN_POINT ( 'NONE',  ( -63.55073236542024517, 0.000000000000000000, 21.90472885406023451 ) ) ;
#3791 = EDGE_CURVE ( 'NONE', #8928, #4372, #1756, .T. ) ;
#3792 = VERTEX_POINT ( 'NONE', #5446 ) ;
#3793 = DIRECTION ( 'NONE',  ( 0.000000000000000000, 0.000000000000000000, -1.000000000000000000 ) ) ;
#3794 = CARTESIAN_POINT ( 'NONE',  ( -47.95232035379806490, -17.50712056481877354, 22.73360027965845021 ) ) ;
#3795 = VECTOR ( 'NONE', #7094, 1000.000000000000000 ) ;
#3796 = AXIS2_PLACEMENT_3D ( 'NONE', #73, #8578, #5189 ) ;
#3797 = CARTESIAN_POINT ( 'NONE',  ( -60.05073236542024517, -5.004056775174930749, -3.266399720341551127 ) ) ;
#3798 = EDGE_CURVE ( 'NONE', #4293, #7434, #7439, .T. ) ;
#3799 = EDGE_LOOP ( 'NONE', ( #1751, #1834, #6475, #3476, #3531, #4952 ) ) ;
#3800 = SURFACE_SIDE_STYLE ('',( #1360 ) ) ;
#3801 = CARTESIAN_POINT ( 'NONE',  ( -63.55073236542023096, -24.74999999999999645, 14.92435785757280975 ) ) ;
#3802 = DIRECTION ( 'NONE',  ( -1.000000000000000000, -0.000000000000000000, -0.000000000000000000 ) ) ;
#3803 = DIRECTION ( 'NONE',  ( 3.562839752896116123E-16, 1.000000000000000000, 0.000000000000000000 ) ) ;
#3804 = AXIS2_PLACEMENT_3D ( 'NONE', #1924, #2808, #2104 ) ;
#3805 = ORIENTED_EDGE ( 'NONE', *, *, #7319, .F. ) ;
#3806 = VERTEX_POINT ( 'NONE', #1850 ) ;
#3807 = CARTESIAN_POINT ( 'NONE',  ( -7.291905798005583250, -26.24999999999999645, 22.88956924811451188 ) ) ;
#3808 = ORIENTED_EDGE ( 'NONE', *, *, #9189, .F. ) ;
#3809 = EDGE_CURVE ( 'NONE', #4473, #5837, #7389, .T. ) ;
#3810 = ORIENTED_EDGE ( 'NONE', *, *, #7197, .T. ) ;
#3811 = DIRECTION ( 'NONE',  ( -1.000000000000000000, -0.000000000000000000, -0.000000000000000000 ) ) ;
#3812 = EDGE_LOOP ( 'NONE', ( #3174, #3474, #1025, #6862 ) ) ;
#3813 = LINE ( 'NONE', #2438, #1136 ) ;
#3814 = CARTESIAN_POINT ( 'NONE',  ( -0.07410584242694209789, -21.92999999999999616, 23.43434452200543205 ) ) ;
#3815 = AXIS2_PLACEMENT_3D ( 'NONE', #2160, #4922, #6484 ) ;
#3816 = VERTEX_POINT ( 'NONE', #1801 ) ;
#3817 = DIRECTION ( 'NONE',  ( 0.000000000000000000, -0.7071067811865525687, 0.7071067811865425767 ) ) ;
#3818 = ORIENTED_EDGE ( 'NONE', *, *, #3729, .T. ) ;
#3819 = DIRECTION ( 'NONE',  ( -1.000000000000000000, -0.000000000000000000, -0.000000000000000000 ) ) ;
#3820 = EDGE_CURVE ( 'NONE', #7498, #7169, #6873, .T. ) ;
#3821 = EDGE_LOOP ( 'NONE', ( #1457, #2240, #8747, #7874, #7648 ) ) ;
#3822 = DIRECTION ( 'NONE',  ( 0.000000000000000000, 0.000000000000000000, 1.000000000000000000 ) ) ;
#3823 = ORIENTED_EDGE ( 'NONE', *, *, #7319, .T. ) ;
#3824 = CARTESIAN_POINT ( 'NONE',  ( 0.000000000000000000, -14.57499999999999929, 0.000000000000000000 ) ) ;
#3825 = FACE_OUTER_BOUND ( 'NONE', #7554, .T. ) ;
#3826 = DIRECTION ( 'NONE',  ( -1.000000000000000000, -0.000000000000000000, 0.000000000000000000 ) ) ;
#3827 = EDGE_LOOP ( 'NONE', ( #5502, #3761, #4563, #2842 ) ) ;
#3828 = ORIENTED_EDGE ( 'NONE', *, *, #3237, .T. ) ;
#3829 = EDGE_CURVE ( 'NONE', #1347, #7809, #3112, .T. ) ;
#3830 = DIRECTION ( 'NONE',  ( 0.000000000000000000, 1.000000000000000000, 0.000000000000000000 ) ) ;
#3831 = DIRECTION ( 'NONE',  ( 0.000000000000000000, -0.000000000000000000, 1.000000000000000000 ) ) ;
#3832 = DIRECTION ( 'NONE',  ( -0.000000000000000000, -1.000000000000000000, -0.000000000000000000 ) ) ;
#3833 = ADVANCED_FACE ( 'NONE', ( #8858 ), #2548, .T. ) ;
#3834 = EDGE_CURVE ( 'NONE', #4682, #2618, #8939, .T. ) ;
#3835 = ADVANCED_FACE ( 'NONE', ( #1658 ), #4647, .F. ) ;
#3836 = CARTESIAN_POINT ( 'NONE',  ( -8.274235610263287910, -23.24999999999999645, 3.416424131227112859 ) ) ;
#3837 = EDGE_CURVE ( 'NONE', #2015, #8287, #6829, .T. ) ;
#3838 = DIRECTION ( 'NONE',  ( -0.000000000000000000, 0.000000000000000000, -1.000000000000000000 ) ) ;
#3839 = DIRECTION ( 'NONE',  ( 0.5000000000000008882, 0.000000000000000000, -0.8660254037844381525 ) ) ;
#3840 = ORIENTED_EDGE ( 'NONE', *, *, #8163, .F. ) ;
#3841 = CIRCLE ( 'NONE', #3225, 4.099999999999999645 ) ;
#3842 = CARTESIAN_POINT ( 'NONE',  ( -63.47315361195479966, -5.004056775174929861, -3.266399720341551127 ) ) ;
#3843 = CARTESIAN_POINT ( 'NONE',  ( 1.206410234478749732, -28.24999999999999645, -0.06565547799456938893 ) ) ;
#3844 = CARTESIAN_POINT ( 'NONE',  ( -14.42158689150289952, -26.24999999999999645, 20.93683708947935429 ) ) ;
#3845 = DIRECTION ( 'NONE',  ( 1.000000000000000000, 0.000000000000000000, 0.000000000000000000 ) ) ;
#3846 = EDGE_CURVE ( 'NONE', #6852, #3583, #6686, .T. ) ;
#3847 = EDGE_LOOP ( 'NONE', ( #5382, #4240, #7175, #5483 ) ) ;
#3848 = CARTESIAN_POINT ( 'NONE',  ( -52.59336655716672482, -23.74999999999999645, 2.359344522005430544 ) ) ;
#3849 = DIRECTION ( 'NONE',  ( -1.000000000000000000, 0.000000000000000000, 0.000000000000000000 ) ) ;
#3850 = VECTOR ( 'NONE', #3762, 1000.000000000000000 ) ;
#3851 = DIRECTION ( 'NONE',  ( -0.000000000000000000, -1.000000000000000000, -0.000000000000000000 ) ) ;
#3852 = DIRECTION ( 'NONE',  ( -0.000000000000000000, -1.000000000000000000, -0.000000000000000000 ) ) ;
#3853 = EDGE_LOOP ( 'NONE', ( #6274, #7033 ) ) ;
#3854 = EDGE_LOOP ( 'NONE', ( #4576, #683, #6482, #6229 ) ) ;
#3855 = CYLINDRICAL_SURFACE ( 'NONE', #6375, 4.000000000000000888 ) ;
#3856 = AXIS2_PLACEMENT_3D ( 'NONE', #8686, #4996, #8599 ) ;
#3857 = ORIENTED_EDGE ( 'NONE', *, *, #8298, .F. ) ;
#3858 = LINE ( 'NONE', #8264, #5231 ) ;
#3859 = ORIENTED_EDGE ( 'NONE', *, *, #4905, .F. ) ;
#3860 = CARTESIAN_POINT ( 'NONE',  ( -21.00632283287208324, -13.99840717847742511, 26.73360027965844665 ) ) ;
#3861 = VECTOR ( 'NONE', #7623, 1000.000000000000000 ) ;
#3862 = FACE_BOUND ( 'NONE', #6705, .T. ) ;
#3863 = EDGE_CURVE ( 'NONE', #5532, #4992, #1709, .T. ) ;
#3864 = ORIENTED_EDGE ( 'NONE', *, *, #9247, .T. ) ;
#3865 = CARTESIAN_POINT ( 'NONE',  ( -12.40198937725308070, -9.928213204853571838, 35.00000000000000000 ) ) ;
#3866 = ORIENTED_EDGE ( 'NONE', *, *, #4900, .T. ) ;
#3867 = LINE ( 'NONE', #168, #3771 ) ;
#3868 = VECTOR ( 'NONE', #5493, 1000.000000000000000 ) ;
#3869 = ORIENTED_EDGE ( 'NONE', *, *, #5346, .F. ) ;
#3870 = DIRECTION ( 'NONE',  ( -0.000000000000000000, -1.000000000000000000, -0.000000000000000000 ) ) ;
#3871 = ORIENTED_EDGE ( 'NONE', *, *, #4656, .T. ) ;
#3872 = CARTESIAN_POINT ( 'NONE',  ( -43.08867705991077202, -17.50712056481877710, 22.73360027965845021 ) ) ;
#3873 = CARTESIAN_POINT ( 'NONE',  ( -61.55073236542024517, -13.92906725808352952, 21.40472885406023451 ) ) ;
#3874 = CARTESIAN_POINT ( 'NONE',  ( -49.92404297007639968, -26.24999999999999645, 23.43434452200543205 ) ) ;
#3875 = VECTOR ( 'NONE', #3743, 1000.000000000000000 ) ;
#3876 = EDGE_CURVE ( 'NONE', #7978, #972, #9052, .T. ) ;
#3877 = VECTOR ( 'NONE', #8981, 1000.000000000000000 ) ;
#3878 = EDGE_CURVE ( 'NONE', #4293, #3711, #8961, .T. ) ;
#3879 = ORIENTED_EDGE ( 'NONE', *, *, #947, .T. ) ;
#3880 = ORIENTED_EDGE ( 'NONE', *, *, #3159, .T. ) ;
#3881 = CARTESIAN_POINT ( 'NONE',  ( 2.606484637263591253, -23.74999999999999645, 2.359344522005431877 ) ) ;
#3882 = AXIS2_PLACEMENT_3D ( 'NONE', #3539, #9333, #2827 ) ;
#3883 = CARTESIAN_POINT ( 'NONE',  ( 9.852138384579763652, -24.74999999999999645, 15.12772820251061034 ) ) ;
#3884 = DIRECTION ( 'NONE',  ( 0.8660254037844377084, -0.5000000000000015543, 0.000000000000000000 ) ) ;
#3885 = AXIS2_PLACEMENT_3D ( 'NONE', #6767, #3726, #3095 ) ;
#3886 = DIRECTION ( 'NONE',  ( -1.575205997657066192E-16, -1.000000000000000000, 0.000000000000000000 ) ) ;
#3887 = CARTESIAN_POINT ( 'NONE',  ( 6.352138384579765429, -3.249999999999999556, -6.766399720341551571 ) ) ;
#3888 = CARTESIAN_POINT ( 'NONE',  ( -13.10069371300876995, -26.24999999999999645, 25.00000000000000000 ) ) ;
#3889 = AXIS2_PLACEMENT_3D ( 'NONE', #2634, #5539, #9310 ) ;
#3890 = EDGE_CURVE ( 'NONE', #131, #6137, #6069, .T. ) ;
#3891 = EDGE_LOOP ( 'NONE', ( #9271, #1406, #7959, #8753 ) ) ;
#3892 = EDGE_CURVE ( 'NONE', #7798, #4207, #2502, .T. ) ;
#3893 = CARTESIAN_POINT ( 'NONE',  ( 4.006559040048433218, -14.57499999999999929, 22.93434452200543205 ) ) ;
#3894 = AXIS2_PLACEMENT_3D ( 'NONE', #6587, #619, #6406 ) ;
#3895 = PLANE ( 'NONE',  #3380 ) ;
#3896 = DIRECTION ( 'NONE',  ( 0.000000000000000000, -0.000000000000000000, 1.000000000000000000 ) ) ;
#3897 = FACE_OUTER_BOUND ( 'NONE', #1552, .T. ) ;
#3898 =( GEOMETRIC_REPRESENTATION_CONTEXT ( 3 ) GLOBAL_UNCERTAINTY_ASSIGNED_CONTEXT ( ( #3475 ) ) GLOBAL_UNIT_ASSIGNED_CONTEXT ( ( #6024, #3214, #613 ) ) REPRESENTATION_CONTEXT ( 'NONE', 'WORKASPACE' ) );
#3899 = EDGE_LOOP ( 'NONE', ( #406, #2192, #2437, #4762 ) ) ;
#3900 = DIRECTION ( 'NONE',  ( -0.000000000000000000, 0.000000000000000000, -1.000000000000000000 ) ) ;
#3901 = DIRECTION ( 'NONE',  ( 0.000000000000000000, 0.000000000000000000, -1.000000000000000000 ) ) ;
#3902 = CARTESIAN_POINT ( 'NONE',  ( -21.00632283287208324, -12.75000000000000000, 25.73360027965844665 ) ) ;
#3903 = ADVANCED_FACE ( 'NONE', ( #1093 ), #3979, .T. ) ;
#3904 = ORIENTED_EDGE ( 'NONE', *, *, #8609, .T. ) ;
#3905 = VERTEX_POINT ( 'NONE', #8383 ) ;
#3906 = CARTESIAN_POINT ( 'NONE',  ( -53.99344095995156323, -8.929999999999994387, -3.415655477994570699 ) ) ;
#3907 = VERTEX_POINT ( 'NONE', #1893 ) ;
#3908 = DIRECTION ( 'NONE',  ( 0.000000000000000000, -1.000000000000000000, 0.000000000000000000 ) ) ;
#3909 = VERTEX_POINT ( 'NONE', #512 ) ;
#3910 = DIRECTION ( 'NONE',  ( 0.000000000000000000, -1.000000000000000000, 0.000000000000000000 ) ) ;
#3911 = CARTESIAN_POINT ( 'NONE',  ( -4.209496212817471772, -18.91796799097090087, 23.50000000000000000 ) ) ;
#3912 = EDGE_CURVE ( 'NONE', #4992, #3772, #7678, .T. ) ;
#3913 = VERTEX_POINT ( 'NONE', #9281 ) ;
#3914 = DIRECTION ( 'NONE',  ( 0.000000000000000000, -1.000000000000000000, -0.000000000000000000 ) ) ;
#3915 = AXIS2_PLACEMENT_3D ( 'NONE', #8814, #7390, #5970 ) ;
#3916 = VERTEX_POINT ( 'NONE', #3353 ) ;
#3917 = CARTESIAN_POINT ( 'NONE',  ( -21.00632283287208324, -12.75000000000000000, 26.77397846476551280 ) ) ;
#3918 = ORIENTED_EDGE ( 'NONE', *, *, #1309, .F. ) ;
#3919 = DIRECTION ( 'NONE',  ( 1.000000000000000000, -0.000000000000000000, -0.000000000000000000 ) ) ;
#3920 = ORIENTED_EDGE ( 'NONE', *, *, #7611, .T. ) ;
#3921 = DIRECTION ( 'NONE',  ( -9.912705577010326536E-16, 0.000000000000000000, -1.000000000000000000 ) ) ;
#3922 = FACE_OUTER_BOUND ( 'NONE', #7634, .T. ) ;
#3923 = AXIS2_PLACEMENT_3D ( 'NONE', #8248, #382, #8300 ) ;
#3924 = DIRECTION ( 'NONE',  ( -1.000000000000000000, 0.000000000000000000, 0.000000000000000000 ) ) ;
#3925 = ORIENTED_EDGE ( 'NONE', *, *, #2161, .T. ) ;
#3926 = ORIENTED_EDGE ( 'NONE', *, *, #2026, .F. ) ;
#3927 = FACE_OUTER_BOUND ( 'NONE', #29, .T. ) ;
#3928 = VECTOR ( 'NONE', #2879, 1000.000000000000000 ) ;
#3929 = DIRECTION ( 'NONE',  ( -1.000000000000000000, 0.000000000000000000, 0.000000000000000000 ) ) ;
#3930 = CARTESIAN_POINT ( 'NONE',  ( -0.06283894982672851015, -21.92999999999999616, 22.43434452200543205 ) ) ;
#3931 = ADVANCED_FACE ( 'NONE', ( #1189 ), #4835, .T. ) ;
#3932 = CARTESIAN_POINT ( 'NONE',  ( 7.852138384579765429, -26.24999999999999645, -3.266399720341551127 ) ) ;
#3933 = CARTESIAN_POINT ( 'NONE',  ( 6.352138384579765429, -26.24999999999999645, -3.266399720341551127 ) ) ;
#3934 = DIRECTION ( 'NONE',  ( -0.000000000000000000, 1.000000000000000000, -0.000000000000000000 ) ) ;
#3935 = VECTOR ( 'NONE', #2162, 1000.000000000000000 ) ;
#3936 = ORIENTED_EDGE ( 'NONE', *, *, #8999, .T. ) ;
#3937 = DIRECTION ( 'NONE',  ( -0.000000000000000000, -0.000000000000000000, -1.000000000000000000 ) ) ;
#3938 = DIRECTION ( 'NONE',  ( -0.000000000000000000, -1.000000000000000000, -0.000000000000000000 ) ) ;
#3939 = CARTESIAN_POINT ( 'NONE',  ( -58.05423323242929001, -26.24999999999999645, 0.5000000000000002220 ) ) ;
#3940 = CARTESIAN_POINT ( 'NONE',  ( 9.758732317341049622, -17.35652330467017634, -3.266399720341551127 ) ) ;
#3941 = VECTOR ( 'NONE', #3832, 1000.000000000000000 ) ;
#3942 = VECTOR ( 'NONE', #2008, 1000.000000000000000 ) ;
#3943 = EDGE_CURVE ( 'NONE', #9002, #918, #2736, .T. ) ;
#3944 = ORIENTED_EDGE ( 'NONE', *, *, #6352, .F. ) ;
#3945 = FACE_BOUND ( 'NONE', #9317, .T. ) ;
#3946 = CARTESIAN_POINT ( 'NONE',  ( -11.02830546420950242, -8.826403837643525208, 35.00000000000000000 ) ) ;
#3947 = DIRECTION ( 'NONE',  ( -1.000000000000000000, 0.000000000000000000, 0.000000000000000000 ) ) ;
#3948 = DIRECTION ( 'NONE',  ( -1.000000000000000000, 0.000000000000000000, 0.000000000000000000 ) ) ;
#3949 = AXIS2_PLACEMENT_3D ( 'NONE', #520, #7635, #3311 ) ;
#3950 = ORIENTED_EDGE ( 'NONE', *, *, #7855, .T. ) ;
#3951 = ORIENTED_EDGE ( 'NONE', *, *, #7564, .T. ) ;
#3952 = DIRECTION ( 'NONE',  ( 0.000000000000000000, 0.000000000000000000, -1.000000000000000000 ) ) ;
#3953 = VECTOR ( 'NONE', #4833, 1000.000000000000000 ) ;
#3954 = ORIENTED_EDGE ( 'NONE', *, *, #9107, .T. ) ;
#3955 = EDGE_CURVE ( 'NONE', #4045, #2103, #6969, .T. ) ;
#3956 = CARTESIAN_POINT ( 'NONE',  ( -61.55073236542024517, -13.92906725808352952, 4.952562545487270818 ) ) ;
#3957 = AXIS2_PLACEMENT_3D ( 'NONE', #686, #9365, #8872 ) ;
#3958 = VERTEX_POINT ( 'NONE', #6207 ) ;
#3959 = VECTOR ( 'NONE', #1120, 1000.000000000000000 ) ;
#3960 = ADVANCED_FACE ( 'NONE', ( #1940 ), #5637, .F. ) ;
#3961 = CARTESIAN_POINT ( 'NONE',  ( 11.12228341961742117, -3.250000000000000444, -4.766399720341551571 ) ) ;
#3962 = EDGE_CURVE ( 'NONE', #814, #8287, #5613, .T. ) ;
#3963 = FACE_BOUND ( 'NONE', #1820, .T. ) ;
#3964 = ORIENTED_EDGE ( 'NONE', *, *, #5477, .F. ) ;
#3965 = DIRECTION ( 'NONE',  ( 1.000000000000000000, 0.000000000000000000, 0.000000000000000000 ) ) ;
#3966 = ORIENTED_EDGE ( 'NONE', *, *, #3516, .T. ) ;
#3967 = DIRECTION ( 'NONE',  ( 1.000000000000000000, -2.459462815196287249E-16, 0.000000000000000000 ) ) ;
#3968 = EDGE_LOOP ( 'NONE', ( #7617, #7187, #6826, #3272 ) ) ;
#3969 = DIRECTION ( 'NONE',  ( 0.000000000000000000, 0.000000000000000000, -1.000000000000000000 ) ) ;
#3970 = ORIENTED_EDGE ( 'NONE', *, *, #8844, .T. ) ;
#3971 = ADVANCED_FACE ( 'NONE', ( #6924 ), #8525, .T. ) ;
#3972 = FACE_BOUND ( 'NONE', #5027, .T. ) ;
#3973 = LINE ( 'NONE', #4636, #8721 ) ;
#3974 = DIRECTION ( 'NONE',  ( 0.000000000000000000, 0.000000000000000000, -1.000000000000000000 ) ) ;
#3975 = ORIENTED_EDGE ( 'NONE', *, *, #3829, .T. ) ;
#3976 = VERTEX_POINT ( 'NONE', #2031 ) ;
#3977 = DIRECTION ( 'NONE',  ( -0.6411271701703872283, 0.7674346562863260113, 0.000000000000000000 ) ) ;
#3978 = LINE ( 'NONE', #3256, #6656 ) ;
#3979 = PLANE ( 'NONE',  #1524 ) ;
#3980 = DIRECTION ( 'NONE',  ( 0.000000000000000000, 1.000000000000000000, 0.000000000000000000 ) ) ;
#3981 = LINE ( 'NONE', #946, #6906 ) ;
#3982 = DIRECTION ( 'NONE',  ( -1.000000000000000000, 0.000000000000000000, -0.000000000000000000 ) ) ;
#3983 = ORIENTED_EDGE ( 'NONE', *, *, #3249, .T. ) ;
#3984 = CARTESIAN_POINT ( 'NONE',  ( 14.18099059628930014, -20.71838846451663230, -3.266399720341551127 ) ) ;
#3985 = EDGE_CURVE ( 'NONE', #4358, #2147, #5498, .T. ) ;
#3986 = LINE ( 'NONE', #3168, #3074 ) ;
#3987 = DIRECTION ( 'NONE',  ( 0.000000000000000000, -1.000000000000000000, -0.000000000000000000 ) ) ;
#3988 = CARTESIAN_POINT ( 'NONE',  ( -56.98913239987765422, -21.92999999999999616, 25.73360027965844665 ) ) ;
#3989 = ORIENTED_EDGE ( 'NONE', *, *, #1568, .T. ) ;
#3990 = DIRECTION ( 'NONE',  ( -0.000000000000000000, -0.000000000000000000, -1.000000000000000000 ) ) ;
#3991 = DIRECTION ( 'NONE',  ( 0.000000000000000000, 0.000000000000000000, -1.000000000000000000 ) ) ;
#3992 = CARTESIAN_POINT ( 'NONE',  ( 17.21629301208212226, -24.74999999999999645, 12.12772820251061034 ) ) ;
#3993 = DIRECTION ( 'NONE',  ( -1.000000000000000000, 0.000000000000000000, 0.000000000000000000 ) ) ;
#3994 = EDGE_CURVE ( 'NONE', #3051, #5117, #6305, .T. ) ;
#3995 = ORIENTED_EDGE ( 'NONE', *, *, #1805, .F. ) ;
#3996 = EDGE_CURVE ( 'NONE', #4728, #483, #4925, .T. ) ;
#3997 = ORIENTED_EDGE ( 'NONE', *, *, #5370, .F. ) ;
#3998 = DIRECTION ( 'NONE',  ( 0.000000000000000000, 0.000000000000000000, -1.000000000000000000 ) ) ;
#3999 = VECTOR ( 'NONE', #7229, 1000.000000000000000 ) ;
#4000 = ORIENTED_EDGE ( 'NONE', *, *, #8838, .F. ) ;
#4001 = LINE ( 'NONE', #6093, #4945 ) ;
#4002 = EDGE_LOOP ( 'NONE', ( #604, #3417, #7650, #1684 ) ) ;
#4003 = DIRECTION ( 'NONE',  ( 1.000000000000000000, -0.000000000000000000, -0.000000000000000000 ) ) ;
#4004 = CARTESIAN_POINT ( 'NONE',  ( -53.99344095995156323, -21.92999999999999616, 22.93434452200543205 ) ) ;
#4005 = AXIS2_PLACEMENT_3D ( 'NONE', #7401, #242, #2282 ) ;
#4006 = ORIENTED_EDGE ( 'NONE', *, *, #7595, .T. ) ;
#4007 = EDGE_CURVE ( 'NONE', #7901, #1228, #4211, .T. ) ;
#4008 = DIRECTION ( 'NONE',  ( -1.000000000000000000, 0.000000000000000000, 0.000000000000000000 ) ) ;
#4009 = ADVANCED_FACE ( 'NONE', ( #1234 ), #7014, .T. ) ;
#4010 = ORIENTED_EDGE ( 'NONE', *, *, #2091, .T. ) ;
#4011 = ORIENTED_EDGE ( 'NONE', *, *, #7844, .F. ) ;
#4012 = CIRCLE ( 'NONE', #2860, 4.100000000000000533 ) ;
#4013 = LINE ( 'NONE', #6344, #5620 ) ;
#4014 = CIRCLE ( 'NONE', #2490, 1.199999999999999734 ) ;
#4015 = ORIENTED_EDGE ( 'NONE', *, *, #804, .F. ) ;
#4016 = CARTESIAN_POINT ( 'NONE',  ( -45.51752198131479332, -18.91796799097089732, 22.73360027965845021 ) ) ;
#4017 = CARTESIAN_POINT ( 'NONE',  ( -61.55073236542024517, -11.46570451637611932, -4.766399720341551571 ) ) ;
#4018 = FACE_OUTER_BOUND ( 'NONE', #2981, .T. ) ;
#4019 = VERTEX_POINT ( 'NONE', #7060 ) ;
#4020 = AXIS2_PLACEMENT_3D ( 'NONE', #5011, #736, #5813 ) ;
#4021 = EDGE_CURVE ( 'NONE', #2245, #5842, #7104, .T. ) ;
#4022 = ORIENTED_EDGE ( 'NONE', *, *, #3651, .F. ) ;
#4023 = DIRECTION ( 'NONE',  ( -1.000000000000000000, 0.000000000000000000, 0.000000000000000000 ) ) ;
#4024 = CARTESIAN_POINT ( 'NONE',  ( -61.55073236542024517, -11.46570451637611932, 4.952562545487270818 ) ) ;
#4025 = LINE ( 'NONE', #3536, #9094 ) ;
#4026 = VECTOR ( 'NONE', #3414, 1000.000000000000114 ) ;
#4027 = DIRECTION ( 'NONE',  ( 0.000000000000000000, -1.000000000000000000, 0.000000000000000000 ) ) ;
#4028 = CARTESIAN_POINT ( 'NONE',  ( -63.21301002558863047, -25.31482886712318958, -4.766399720341551571 ) ) ;
#4029 = VECTOR ( 'NONE', #7559, 1000.000000000000000 ) ;
#4030 = PLANE ( 'NONE',  #3585 ) ;
#4031 = ORIENTED_EDGE ( 'NONE', *, *, #8771, .T. ) ;
#4032 = DIRECTION ( 'NONE',  ( -0.000000000000000000, 0.000000000000000000, -1.000000000000000000 ) ) ;
#4033 = VECTOR ( 'NONE', #9200, 1000.000000000000000 ) ;
#4034 = CARTESIAN_POINT ( 'NONE',  ( -53.99344095995156323, -26.24999999999999645, -0.06565547799456880607 ) ) ;
#4035 = VECTOR ( 'NONE', #2896, 1000.000000000000000 ) ;
#4036 = DIRECTION ( 'NONE',  ( 0.8660254037844388186, -0.4999999999999995559, 0.000000000000000000 ) ) ;
#4037 = LINE ( 'NONE', #1718, #1065 ) ;
#4038 = EDGE_LOOP ( 'NONE', ( #2764, #6428 ) ) ;
#4039 = DIRECTION ( 'NONE',  ( -1.000000000000000000, 0.000000000000000000, 0.000000000000000000 ) ) ;
#4040 = LINE ( 'NONE', #4090, #9323 ) ;
#4041 = VECTOR ( 'NONE', #8450, 1000.000000000000114 ) ;
#4042 = CARTESIAN_POINT ( 'NONE',  ( 14.21629301208212226, -28.24999999999999645, 15.12772820251061034 ) ) ;
#4043 = CARTESIAN_POINT ( 'NONE',  ( -8.274235610263286134, -23.74999999999999645, 3.416424131227112859 ) ) ;
#4044 = AXIS2_PLACEMENT_3D ( 'NONE', #8904, #6827, #1799 ) ;
#4045 = VERTEX_POINT ( 'NONE', #3445 ) ;
#4046 = ORIENTED_EDGE ( 'NONE', *, *, #9326, .T. ) ;
#4047 = DIRECTION ( 'NONE',  ( -0.000000000000000000, -1.000000000000000000, -0.000000000000000000 ) ) ;
#4048 = EDGE_CURVE ( 'NONE', #7788, #832, #1328, .T. ) ;
#4049 = CIRCLE ( 'NONE', #1178, 3.999999999999996447 ) ;
#4050 = VERTEX_POINT ( 'NONE', #3491 ) ;
#4051 = LINE ( 'NONE', #5328, #3877 ) ;
#4052 = ORIENTED_EDGE ( 'NONE', *, *, #8421, .F. ) ;
#4053 = EDGE_CURVE ( 'NONE', #3909, #6635, #4025, .T. ) ;
#4054 = PLANE ( 'NONE',  #9004 ) ;
#4055 = CARTESIAN_POINT ( 'NONE',  ( 4.006559040048433218, -21.92999999999999616, 22.93434452200543205 ) ) ;
#4056 = ORIENTED_EDGE ( 'NONE', *, *, #5333, .T. ) ;
#4057 = EDGE_LOOP ( 'NONE', ( #8132, #2980, #6681, #1160 ) ) ;
#4058 = LINE ( 'NONE', #6858, #2740 ) ;
#4059 = EDGE_LOOP ( 'NONE', ( #6657, #5001, #6869, #2434 ) ) ;
#4060 = ORIENTED_EDGE ( 'NONE', *, *, #9212, .F. ) ;
#4061 = DIRECTION ( 'NONE',  ( 0.8660254037844388186, 0.000000000000000000, -0.4999999999999996669 ) ) ;
#4062 = EDGE_LOOP ( 'NONE', ( #2067, #6584, #8903, #1366 ) ) ;
#4063 = EDGE_CURVE ( 'NONE', #2984, #739, #7191, .T. ) ;
#4064 = CARTESIAN_POINT ( 'NONE',  ( -56.79358976552124005, -23.74999999999999645, -0.06565547799457095712 ) ) ;
#4065 = DIRECTION ( 'NONE',  ( -1.000000000000000000, 0.000000000000000000, 0.000000000000000000 ) ) ;
#4067 = EDGE_CURVE ( 'NONE', #3137, #665, #5110, .T. ) ;
#4066 = LINE ( 'NONE', #8561, #5986 ) ;
#4068 = AXIS2_PLACEMENT_3D ( 'NONE', #484, #3413, #2043 ) ;
#4069 = ORIENTED_EDGE ( 'NONE', *, *, #9214, .T. ) ;
#4070 = ORIENTED_EDGE ( 'NONE', *, *, #5741, .T. ) ;
#4071 = CARTESIAN_POINT ( 'NONE',  ( -57.71301570527371183, -26.24999999999999645, -0.5000000000000000000 ) ) ;
#4072 = LINE ( 'NONE', #6304, #906 ) ;
#4073 = CARTESIAN_POINT ( 'NONE',  ( -44.08372187312362911, -8.826403837643525208, 35.00000000000000000 ) ) ;
#4074 = AXIS2_PLACEMENT_3D ( 'NONE', #3797, #8201, #8919 ) ;
#4075 = CARTESIAN_POINT ( 'NONE',  ( -63.55073236542024517, -28.24999999999999645, -3.266399720341551571 ) ) ;
#4076 = EDGE_CURVE ( 'NONE', #4831, #4019, #5777, .T. ) ;
#4077 = EDGE_CURVE ( 'NONE', #6289, #4478, #9330, .T. ) ;
#4078 = CARTESIAN_POINT ( 'NONE',  ( -63.55073236542024517, -6.477067257872925587, 21.40472885406023451 ) ) ;
#4079 = EDGE_CURVE ( 'NONE', #832, #3436, #2255, .T. ) ;
#4080 = APPLICATION_PROTOCOL_DEFINITION ( 'draft international standard', 'automotive_design', 1998, #7220 ) ;
#4081 = EDGE_CURVE ( 'NONE', #5069, #7569, #4306, .T. ) ;
#4082 = ORIENTED_EDGE ( 'NONE', *, *, #3059, .T. ) ;
#4083 = VECTOR ( 'NONE', #9197, 1000.000000000000000 ) ;
#4084 = DIRECTION ( 'NONE',  ( -1.000000000000000000, 0.000000000000000000, 0.000000000000000000 ) ) ;
#4085 = FACE_OUTER_BOUND ( 'NONE', #2631, .T. ) ;
#4086 = CARTESIAN_POINT ( 'NONE',  ( -53.99344095995156323, -8.929999999999994387, -1.415655477994567590 ) ) ;
#4087 = LINE ( 'NONE', #8394, #3781 ) ;
#4088 = ORIENTED_EDGE ( 'NONE', *, *, #4109, .T. ) ;
#4089 = LINE ( 'NONE', #4983, #8908 ) ;
#4090 = CARTESIAN_POINT ( 'NONE',  ( -56.79358976552124716, -23.74999999999999645, 22.93434452200542495 ) ) ;
#4091 = AXIS2_PLACEMENT_3D ( 'NONE', #620, #2040, #9205 ) ;
#4092 = EDGE_CURVE ( 'NONE', #5371, #4777, #2964, .T. ) ;
#4093 = DIRECTION ( 'NONE',  ( 0.000000000000000000, -1.000000000000000000, -0.000000000000000000 ) ) ;
#4094 = VERTEX_POINT ( 'NONE', #3587 ) ;
#4095 = ORIENTED_EDGE ( 'NONE', *, *, #5848, .T. ) ;
#4096 = DIRECTION ( 'NONE',  ( 0.000000000000000000, -0.000000000000000000, 1.000000000000000000 ) ) ;
#4097 = AXIS2_PLACEMENT_3D ( 'NONE', #6255, #5545, #8435 ) ;
#4098 = AXIS2_PLACEMENT_3D ( 'NONE', #632, #143, #4423 ) ;
#4099 = ORIENTED_EDGE ( 'NONE', *, *, #6343, .F. ) ;
#4100 = DIRECTION ( 'NONE',  ( 0.000000000000000000, 0.000000000000000000, -1.000000000000000000 ) ) ;
#4101 = EDGE_LOOP ( 'NONE', ( #4329, #5152, #5921, #7799 ) ) ;
#4102 = CARTESIAN_POINT ( 'NONE',  ( -63.55073236542024517, -28.24999999999999645, -4.766399720341551571 ) ) ;
#4103 = AXIS2_PLACEMENT_3D ( 'NONE', #8239, #6162, #5401 ) ;
#4104 = DIRECTION ( 'NONE',  ( -1.137523590804463822E-16, 0.000000000000000000, 1.000000000000000000 ) ) ;
#4105 = ADVANCED_FACE ( 'NONE', ( #839 ), #4969, .T. ) ;
#4106 = ORIENTED_EDGE ( 'NONE', *, *, #370, .T. ) ;
#4107 = ORIENTED_EDGE ( 'NONE', *, *, #8762, .F. ) ;
#4108 = FACE_OUTER_BOUND ( 'NONE', #251, .T. ) ;
#4109 = EDGE_CURVE ( 'NONE', #4335, #1562, #795, .T. ) ;
#4110 = ORIENTED_EDGE ( 'NONE', *, *, #5641, .T. ) ;
#4111 = VECTOR ( 'NONE', #6486, 1000.000000000000000 ) ;
#4112 = AXIS2_PLACEMENT_3D ( 'NONE', #3723, #4975, #7328 ) ;
#4113 = VERTEX_POINT ( 'NONE', #655 ) ;
#4114 = CARTESIAN_POINT ( 'NONE',  ( -52.59336655716671771, -23.74999999999999645, 20.50934452200542424 ) ) ;
#4115 = ORIENTED_EDGE ( 'NONE', *, *, #3315, .T. ) ;
#4116 = CARTESIAN_POINT ( 'NONE',  ( -52.59336655716671771, -23.74999999999999645, 25.35934452200542566 ) ) ;
#4117 = CYLINDRICAL_SURFACE ( 'NONE', #76, 2.999999999999999112 ) ;
#4118 = ORIENTED_EDGE ( 'NONE', *, *, #4220, .F. ) ;
#4119 = ADVANCED_FACE ( 'NONE', ( #123 ), #5153, .T. ) ;
#4120 = VERTEX_POINT ( 'NONE', #8756 ) ;
#4121 = LINE ( 'NONE', #1984, #781 ) ;
#4122 = CARTESIAN_POINT ( 'NONE',  ( -57.71301570527371183, -26.24999999999999645, 0.5000000000000000000 ) ) ;
#4123 = DIRECTION ( 'NONE',  ( -1.000000000000000000, 0.000000000000000000, -0.000000000000000000 ) ) ;
#4124 = DIRECTION ( 'NONE',  ( 0.000000000000000000, 0.000000000000000000, -1.000000000000000000 ) ) ;
#4125 = CARTESIAN_POINT ( 'NONE',  ( -13.10069371300876995, -26.24999999999999645, 25.00000000000000000 ) ) ;
#4126 = ORIENTED_EDGE ( 'NONE', *, *, #974, .T. ) ;
#4127 = LINE ( 'NONE', #6931, #3028 ) ;
#4128 = DIRECTION ( 'NONE',  ( -0.9999979260147231486, 0.002036655653797905634, 0.000000000000000000 ) ) ;
#4129 = EDGE_CURVE ( 'NONE', #4947, #4682, #2163, .T. ) ;
#4130 = LINE ( 'NONE', #4935, #6205 ) ;
#4131 = CARTESIAN_POINT ( 'NONE',  ( -0.02117511800357047003, -26.24999999999999645, 27.73360027965844665 ) ) ;
#4132 = ORIENTED_EDGE ( 'NONE', *, *, #25, .F. ) ;
#4133 = CYLINDRICAL_SURFACE ( 'NONE', #6643, 3.350000000000002309 ) ;
#4134 = CARTESIAN_POINT ( 'NONE',  ( -53.55073236542024517, -18.64230216687093034, 15.08553141188837721 ) ) ;
#4135 = DIRECTION ( 'NONE',  ( -0.000000000000000000, -0.000000000000000000, 1.000000000000000000 ) ) ;
#4136 = VERTEX_POINT ( 'NONE', #5061 ) ;
#4137 = ORIENTED_EDGE ( 'NONE', *, *, #5302, .F. ) ;
#4138 = EDGE_LOOP ( 'NONE', ( #5183, #9361, #4408, #1608 ) ) ;
#4139 = CARTESIAN_POINT ( 'NONE',  ( -47.95232035379806490, -17.50712056481877354, 23.50000000000000000 ) ) ;
#4140 = EDGE_CURVE ( 'NONE', #8602, #7398, #2825, .T. ) ;
#4141 = FACE_BOUND ( 'NONE', #4792, .T. ) ;
#4142 = EDGE_CURVE ( 'NONE', #5465, #9237, #7998, .T. ) ;
#4143 = ORIENTED_EDGE ( 'NONE', *, *, #4946, .T. ) ;
#4144 = LINE ( 'NONE', #4902, #4185 ) ;
#4145 = AXIS2_PLACEMENT_3D ( 'NONE', #514, #4789, #8527 ) ;
#4146 = LINE ( 'NONE', #6379, #3238 ) ;
#4147 = ORIENTED_EDGE ( 'NONE', *, *, #1236, .T. ) ;
#4148 = ORIENTED_EDGE ( 'NONE', *, *, #8064, .F. ) ;
#4149 = DIRECTION ( 'NONE',  ( 0.000000000000000000, 0.000000000000000000, -1.000000000000000000 ) ) ;
#4150 = AXIS2_PLACEMENT_3D ( 'NONE', #9376, #3732, #6535 ) ;
#4151 = ORIENTED_EDGE ( 'NONE', *, *, #1519, .F. ) ;
#4152 = ORIENTED_EDGE ( 'NONE', *, *, #2295, .F. ) ;
#4153 = DIRECTION ( 'NONE',  ( 1.000000000000000000, 0.000000000000000000, 0.000000000000000000 ) ) ;
#4154 = ORIENTED_EDGE ( 'NONE', *, *, #1137, .T. ) ;
#4155 = CARTESIAN_POINT ( 'NONE',  ( -11.02830546420950242, -12.75000000000000000, 25.73360027965844665 ) ) ;
#4156 = AXIS2_PLACEMENT_3D ( 'NONE', #6060, #8138, #8282 ) ;
#4157 = CARTESIAN_POINT ( 'NONE',  ( 6.352138384579765429, -3.249999999999999556, -3.266399720341551127 ) ) ;
#4158 = EDGE_CURVE ( 'NONE', #5842, #196, #8049, .T. ) ;
#4159 = ORIENTED_EDGE ( 'NONE', *, *, #8063, .T. ) ;
#4160 = VECTOR ( 'NONE', #3819, 1000.000000000000000 ) ;
#4161 = ORIENTED_EDGE ( 'NONE', *, *, #1936, .T. ) ;
#4162 = DIRECTION ( 'NONE',  ( -0.8660254037844389297, 0.4999999999999996114, 0.000000000000000000 ) ) ;
#4163 = AXIS2_PLACEMENT_3D ( 'NONE', #7153, #2566, #5463 ) ;
#4164 = DIRECTION ( 'NONE',  ( 1.000000000000000000, 0.000000000000000000, 0.000000000000000000 ) ) ;
#4165 = DIRECTION ( 'NONE',  ( -1.000000000000000000, 0.000000000000000000, 0.000000000000000000 ) ) ;
#4166 = DIRECTION ( 'NONE',  ( 0.000000000000000000, -0.000000000000000000, 1.000000000000000000 ) ) ;
#4167 = DIRECTION ( 'NONE',  ( 0.000000000000000000, -1.000000000000000000, 0.000000000000000000 ) ) ;
#4168 = ADVANCED_FACE ( 'NONE', ( #4352 ), #3006, .T. ) ;
#4169 = VECTOR ( 'NONE', #4205, 1000.000000000000000 ) ;
#4170 = ORIENTED_EDGE ( 'NONE', *, *, #4311, .F. ) ;
#4171 = CARTESIAN_POINT ( 'NONE',  ( 4.006559040048433218, -21.92999999999999616, 22.93434452200543205 ) ) ;
#4172 = CARTESIAN_POINT ( 'NONE',  ( -2.994029756264176889, -26.24999999999999645, 0.5000000000000000000 ) ) ;
#4173 = VECTOR ( 'NONE', #2312, 1000.000000000000000 ) ;
#4174 = DIRECTION ( 'NONE',  ( 0.000000000000000000, 0.000000000000000000, 1.000000000000000000 ) ) ;
#4175 = DIRECTION ( 'NONE',  ( 1.000000000000000000, 0.000000000000000000, 0.000000000000000000 ) ) ;
#4176 = AXIS2_PLACEMENT_3D ( 'NONE', #7612, #6709, #3192 ) ;
#4177 = EDGE_LOOP ( 'NONE', ( #452, #9336, #643, #2114 ) ) ;
#4178 = DIRECTION ( 'NONE',  ( -0.002036655653797906067, -0.9999979260147232596, 0.000000000000000000 ) ) ;
#4179 = DIRECTION ( 'NONE',  ( -0.000000000000000000, 0.000000000000000000, -1.000000000000000000 ) ) ;
#4180 = ADVANCED_FACE ( 'NONE', ( #7332 ), #5915, .T. ) ;
#4181 = DIRECTION ( 'NONE',  ( 1.000000000000000000, 0.000000000000000000, 0.000000000000000000 ) ) ;
#4182 = EDGE_CURVE ( 'NONE', #4324, #5533, #1372, .T. ) ;
#4183 = AXIS2_PLACEMENT_3D ( 'NONE', #5501, #4167, #3447 ) ;
#4184 = VERTEX_POINT ( 'NONE', #3050 ) ;
#4185 = VECTOR ( 'NONE', #4100, 1000.000000000000000 ) ;
#4186 = VERTEX_POINT ( 'NONE', #5956 ) ;
#4187 = ORIENTED_EDGE ( 'NONE', *, *, #1479, .F. ) ;
#4188 = PLANE ( 'NONE',  #4545 ) ;
#4189 = CARTESIAN_POINT ( 'NONE',  ( -5.613509097066130771, -21.34978964097089715, 23.50000000000000000 ) ) ;
#4190 = VECTOR ( 'NONE', #2378, 1000.000000000000000 ) ;
#4191 = ORIENTED_EDGE ( 'NONE', *, *, #5116, .T. ) ;
#4192 = CARTESIAN_POINT ( 'NONE',  ( -11.02830546420950242, -8.826403837643525208, 27.73360027965844665 ) ) ;
#4193 = LINE ( 'NONE', #495, #1745 ) ;
#4194 = EDGE_CURVE ( 'NONE', #5229, #6777, #1079, .T. ) ;
#4195 = EDGE_CURVE ( 'NONE', #4682, #1957, #1647, .T. ) ;
#4196 = VECTOR ( 'NONE', #3934, 1000.000000000000000 ) ;
#4197 = ORIENTED_EDGE ( 'NONE', *, *, #12, .F. ) ;
#4198 = ORIENTED_EDGE ( 'NONE', *, *, #1559, .T. ) ;
#4199 = CARTESIAN_POINT ( 'NONE',  ( -55.39351536273640875, -23.74999999999999645, 25.35934452200542566 ) ) ;
#4200 = ORIENTED_EDGE ( 'NONE', *, *, #3582, .F. ) ;
#4201 = ORIENTED_EDGE ( 'NONE', *, *, #5756, .F. ) ;
#4202 = CARTESIAN_POINT ( 'NONE',  ( -14.45632582902195473, -23.24999999999999645, 1.129663705710172605 ) ) ;
#4203 = VERTEX_POINT ( 'NONE', #4537 ) ;
#4204 = CARTESIAN_POINT ( 'NONE',  ( 7.852138384579765429, -21.92999999999999616, 1.356146021833720905 ) ) ;
#4205 = DIRECTION ( 'NONE',  ( 0.000000000000000000, -0.000000000000000000, -1.000000000000000000 ) ) ;
#4206 = ADVANCED_FACE ( 'NONE', ( #1744 ), #4585, .T. ) ;
#4207 = VERTEX_POINT ( 'NONE', #6673 ) ;
#4208 = ORIENTED_EDGE ( 'NONE', *, *, #8439, .F. ) ;
#4209 = CARTESIAN_POINT ( 'NONE',  ( 14.21629301208212226, -24.74999999999999645, 12.12772820251061034 ) ) ;
#4210 = DIRECTION ( 'NONE',  ( -0.000000000000000000, -0.000000000000000000, 1.000000000000000000 ) ) ;
#4211 = LINE ( 'NONE', #5593, #3020 ) ;
#4212 = FACE_OUTER_BOUND ( 'NONE', #4943, .T. ) ;
#4213 = DIRECTION ( 'NONE',  ( 0.000000000000000000, -1.000000000000000000, -0.000000000000000000 ) ) ;
#4214 = FACE_OUTER_BOUND ( 'NONE', #393, .T. ) ;
#4215 = ORIENTED_EDGE ( 'NONE', *, *, #4129, .T. ) ;
#4216 = DIRECTION ( 'NONE',  ( -0.000000000000000000, -0.000000000000000000, 1.000000000000000000 ) ) ;
#4217 = DIRECTION ( 'NONE',  ( 0.000000000000000000, -1.000000000000000000, 0.000000000000000000 ) ) ;
#4218 = CIRCLE ( 'NONE', #4068, 4.100000000000007638 ) ;
#4219 = EDGE_CURVE ( 'NONE', #1957, #4094, #6863, .T. ) ;
#4220 = EDGE_CURVE ( 'NONE', #3792, #9257, #8791, .T. ) ;
#4221 = PLANE ( 'NONE',  #601 ) ;
#4222 = CARTESIAN_POINT ( 'NONE',  ( -53.99344095995156323, -23.74999999999999645, 1.284344522005436806 ) ) ;
#4223 = ORIENTED_EDGE ( 'NONE', *, *, #762, .F. ) ;
#4224 = DIRECTION ( 'NONE',  ( 0.000000000000000000, -1.000000000000000000, 0.000000000000000000 ) ) ;
#4225 = CARTESIAN_POINT ( 'NONE',  ( -53.49344095995156323, -21.92999999999999616, 4.034344522005438805 ) ) ;
#4226 = CARTESIAN_POINT ( 'NONE',  ( -49.93264868747384355, -26.24999999999999645, 0.5000000000000000000 ) ) ;
#4227 = VECTOR ( 'NONE', #4328, 1000.000000000000000 ) ;
#4228 = VERTEX_POINT ( 'NONE', #7380 ) ;
#4229 = DIRECTION ( 'NONE',  ( -1.000000000000000000, 0.000000000000000000, 0.000000000000000000 ) ) ;
#4230 = DIRECTION ( 'NONE',  ( 0.000000000000000000, 0.000000000000000000, -1.000000000000000000 ) ) ;
#4231 = AXIS2_PLACEMENT_3D ( 'NONE', #884, #8087, #312 ) ;
#4232 = EDGE_CURVE ( 'NONE', #3367, #4586, #7425, .T. ) ;
#4233 = LINE ( 'NONE', #7168, #592 ) ;
#4234 = VECTOR ( 'NONE', #9005, 1000.000000000000000 ) ;
#4235 = VERTEX_POINT ( 'NONE', #8949 ) ;
#4236 = FACE_OUTER_BOUND ( 'NONE', #5700, .T. ) ;
#4237 = DIRECTION ( 'NONE',  ( 1.000000000000000000, 0.000000000000000000, 0.000000000000000000 ) ) ;
#4238 = DIRECTION ( 'NONE',  ( 0.000000000000000000, 0.000000000000000000, 1.000000000000000000 ) ) ;
#4239 = AXIS2_PLACEMENT_3D ( 'NONE', #3535, #6485, #2774 ) ;
#4240 = ORIENTED_EDGE ( 'NONE', *, *, #9303, .T. ) ;
#4241 = ORIENTED_EDGE ( 'NONE', *, *, #5264, .F. ) ;
#4242 = DIRECTION ( 'NONE',  ( -0.000000000000000000, 0.000000000000000000, 1.000000000000000000 ) ) ;
#4243 = VERTEX_POINT ( 'NONE', #3243 ) ;
#4244 = EDGE_CURVE ( 'NONE', #6194, #4895, #7470, .T. ) ;
#4245 = EDGE_CURVE ( 'NONE', #1241, #8690, #6527, .T. ) ;
#4246 = ORIENTED_EDGE ( 'NONE', *, *, #1845, .F. ) ;
#4247 = EDGE_CURVE ( 'NONE', #4348, #5558, #1239, .T. ) ;
#4248 =( NAMED_UNIT ( * ) SI_UNIT ( $, .STERADIAN. ) SOLID_ANGLE_UNIT ( ) );
#4249 = VECTOR ( 'NONE', #2775, 1000.000000000000000 ) ;
#4250 = VERTEX_POINT ( 'NONE', #6056 ) ;
#4251 = AXIS2_PLACEMENT_3D ( 'NONE', #8361, #349, #249 ) ;
#4252 = CYLINDRICAL_SURFACE ( 'NONE', #6570, 1.500000000000001332 ) ;
#4253 = DIRECTION ( 'NONE',  ( 1.000000000000000000, 0.000000000000000000, 0.000000000000000000 ) ) ;
#4254 = VERTEX_POINT ( 'NONE', #8225 ) ;
#4255 = VECTOR ( 'NONE', #3919, 1000.000000000000000 ) ;
#4256 = VECTOR ( 'NONE', #6214, 1000.000000000000000 ) ;
#4257 = EDGE_LOOP ( 'NONE', ( #8468, #7841, #4289, #7917, #4876, #4241, #4573, #3869, #6898, #2440, #6292, #2638, #6607, #5347, #7762, #3035, #2005, #1904, #2486, #4126, #1955, #8327, #1175, #3232, #1719, #5530, #6053, #9215, #4148, #9119, #5653, #549, #1797, #4716, #5643, #7491, #3442, #8809, #5759, #8992, #6149 ) ) ;
#4258 = CYLINDRICAL_SURFACE ( 'NONE', #1395, 1.350000000000000533 ) ;
#4259 = EDGE_CURVE ( 'NONE', #9081, #455, #2447, .T. ) ;
#4260 = ADVANCED_FACE ( 'NONE', ( #8135 ), #212, .T. ) ;
#4261 = CARTESIAN_POINT ( 'NONE',  ( -61.55073236542024517, -6.477067257872923811, 21.40472885406023451 ) ) ;
#4262 = CARTESIAN_POINT ( 'NONE',  ( -47.95232035379806490, -17.50712056481877354, 23.50000000000000000 ) ) ;
#4263 = AXIS2_PLACEMENT_3D ( 'NONE', #418, #1891, #6870 ) ;
#4264 = CARTESIAN_POINT ( 'NONE',  ( -0.07410584242694209789, -21.92999999999999616, -0.4633665753155277178 ) ) ;
#4265 = PLANE ( 'NONE',  #6155 ) ;
#4266 = VECTOR ( 'NONE', #6243, 1000.000000000000000 ) ;
#4267 = CARTESIAN_POINT ( 'NONE',  ( 0.000000000000000000, -23.74999999999999645, 0.000000000000000000 ) ) ;
#4268 = ADVANCED_FACE ( 'NONE', ( #4492 ), #3099, .T. ) ;
#4269 = ORIENTED_EDGE ( 'NONE', *, *, #5781, .T. ) ;
#4270 = CARTESIAN_POINT ( 'NONE',  ( -19.64526954535771353, -11.79005581014418880, 27.73360027965844665 ) ) ;
#4271 = CARTESIAN_POINT ( 'NONE',  ( -14.95632582902195473, -25.74999999999999645, 1.129663705710172605 ) ) ;
#4272 = CARTESIAN_POINT ( 'NONE',  ( 4.006559040048433218, -21.92999999999999616, -0.06565547799456880607 ) ) ;
#4273 = DIRECTION ( 'NONE',  ( -0.8660254037844382635, 0.000000000000000000, -0.5000000000000008882 ) ) ;
#4274 = ORIENTED_EDGE ( 'NONE', *, *, #4053, .T. ) ;
#4275 = CARTESIAN_POINT ( 'NONE',  ( -53.99344095995156323, -23.74999999999999645, 21.58434452200543063 ) ) ;
#4276 = CARTESIAN_POINT ( 'NONE',  ( -55.39351536273640164, -23.74999999999999645, 2.359344522005430989 ) ) ;
#4277 = AXIS2_PLACEMENT_3D ( 'NONE', #9372, #3677, #28 ) ;
#4278 = DIRECTION ( 'NONE',  ( 0.000000000000000000, 0.000000000000000000, -1.000000000000000000 ) ) ;
#4279 = EDGE_CURVE ( 'NONE', #141, #1150, #2397, .T. ) ;
#4280 = ORIENTED_EDGE ( 'NONE', *, *, #5082, .F. ) ;
#4281 = LINE ( 'NONE', #6415, #623 ) ;
#4282 = CARTESIAN_POINT ( 'NONE',  ( 35.00000000000000000, -14.40530737074389300, 2.675341377437610024 ) ) ;
#4283 = DIRECTION ( 'NONE',  ( -0.8660254037844388186, -0.4999999999999997224, 0.000000000000000000 ) ) ;
#4284 = ORIENTED_EDGE ( 'NONE', *, *, #1623, .T. ) ;
#4285 = CYLINDRICAL_SURFACE ( 'NONE', #3106, 1.350000000000000533 ) ;
#4286 = CARTESIAN_POINT ( 'NONE',  ( 2.606484637263585924, -28.24999999999999645, 20.50934452200543134 ) ) ;
#4287 = CARTESIAN_POINT ( 'NONE',  ( 7.852138384579761876, -14.40530737074389300, 20.20998229243706845 ) ) ;
#4288 = EDGE_CURVE ( 'NONE', #1498, #7303, #1031, .T. ) ;
#4289 = ORIENTED_EDGE ( 'NONE', *, *, #5926, .F. ) ;
#4290 = VERTEX_POINT ( 'NONE', #3200 ) ;
#4291 = DIRECTION ( 'NONE',  ( 1.000000000000000000, -0.000000000000000000, 0.000000000000000000 ) ) ;
#4292 = ORIENTED_EDGE ( 'NONE', *, *, #4350, .F. ) ;
#4293 = VERTEX_POINT ( 'NONE', #8993 ) ;
#4294 = CARTESIAN_POINT ( 'NONE',  ( -0.02117511800357047003, -8.826403837643525208, 25.73360027965844665 ) ) ;
#4295 = EDGE_LOOP ( 'NONE', ( #1619, #2854, #3454, #729 ) ) ;
#4296 = CARTESIAN_POINT ( 'NONE',  ( -21.00632283287208324, -13.99840717847742511, 35.00000000000000000 ) ) ;
#4297 = VECTOR ( 'NONE', #4217, 1000.000000000000000 ) ;
#4298 = LINE ( 'NONE', #877, #228 ) ;
#4299 = VECTOR ( 'NONE', #8667, 1000.000000000000000 ) ;
#4300 = EDGE_CURVE ( 'NONE', #5876, #2846, #7890, .T. ) ;
#4301 = VERTEX_POINT ( 'NONE', #7570 ) ;
#4302 = ORIENTED_EDGE ( 'NONE', *, *, #3184, .T. ) ;
#4303 = LINE ( 'NONE', #7235, #4425 ) ;
#4304 = AXIS2_PLACEMENT_3D ( 'NONE', #2934, #8731, #7213 ) ;
#4305 = CARTESIAN_POINT ( 'NONE',  ( -44.08372187312362911, -8.826403837643525208, 35.00000000000000000 ) ) ;
#4306 = LINE ( 'NONE', #8711, #2731 ) ;
#4307 = AXIS2_PLACEMENT_3D ( 'NONE', #7051, #552, #9231 ) ;
#4308 = CARTESIAN_POINT ( 'NONE',  ( -46.30751559817668550, -26.24999999999999645, 0.5000000000000000000 ) ) ;
#4309 = DIRECTION ( 'NONE',  ( 0.000000000000000000, -1.000000000000000000, 0.000000000000000000 ) ) ;
#4310 = CARTESIAN_POINT ( 'NONE',  ( -2.994029756264176889, -26.24999999999999645, -0.5000000000000000000 ) ) ;
#4311 = EDGE_CURVE ( 'NONE', #8608, #4050, #7618, .T. ) ;
#4312 = EDGE_CURVE ( 'NONE', #1974, #5610, #1222, .T. ) ;
#4313 = ORIENTED_EDGE ( 'NONE', *, *, #6728, .T. ) ;
#4314 = VECTOR ( 'NONE', #4237, 1000.000000000000000 ) ;
#4315 = PLANE ( 'NONE',  #957 ) ;
#4316 = DIRECTION ( 'NONE',  ( 1.000000000000000000, 0.000000000000000000, 0.000000000000000000 ) ) ;
#4317 = FACE_OUTER_BOUND ( 'NONE', #8542, .T. ) ;
#4318 = VERTEX_POINT ( 'NONE', #3388 ) ;
#4319 = FACE_OUTER_BOUND ( 'NONE', #7608, .T. ) ;
#4320 = CARTESIAN_POINT ( 'NONE',  ( -33.12290989087977522, -13.99840717847742511, 26.73360027965844665 ) ) ;
#4321 = CIRCLE ( 'NONE', #378, 3.500000000000000000 ) ;
#4322 = CARTESIAN_POINT ( 'NONE',  ( -70.42541949054557904, -17.02801943015421671, -6.766399720341551571 ) ) ;
#4323 = ADVANCED_FACE ( 'NONE', ( #1176 ), #8325, .T. ) ;
#4324 = VERTEX_POINT ( 'NONE', #1882 ) ;
#4325 = LINE ( 'NONE', #1620, #8496 ) ;
#4326 = DIRECTION ( 'NONE',  ( 0.000000000000000000, 0.000000000000000000, -1.000000000000000000 ) ) ;
#4327 = VECTOR ( 'NONE', #6096, 1000.000000000000000 ) ;
#4328 = DIRECTION ( 'NONE',  ( -0.000000000000000000, -1.000000000000000000, -0.000000000000000000 ) ) ;
#4329 = ORIENTED_EDGE ( 'NONE', *, *, #6916, .T. ) ;
#4330 = DIRECTION ( 'NONE',  ( 0.8660254037844377084, -0.000000000000000000, 0.5000000000000016653 ) ) ;
#4331 = VECTOR ( 'NONE', #3365, 1000.000000000000114 ) ;
#4332 = CARTESIAN_POINT ( 'NONE',  ( -18.74287961315038586, -8.612434249412997289, 26.77397846476551280 ) ) ;
#4333 = DIRECTION ( 'NONE',  ( 0.000000000000000000, 0.000000000000000000, -1.000000000000000000 ) ) ;
#4334 = AXIS2_PLACEMENT_3D ( 'NONE', #2055, #3514, #7842 ) ;
#4335 = VERTEX_POINT ( 'NONE', #4823 ) ;
#4336 = ORIENTED_EDGE ( 'NONE', *, *, #5704, .F. ) ;
#4337 = DIRECTION ( 'NONE',  ( 0.000000000000000000, 0.000000000000000000, 1.000000000000000000 ) ) ;
#4338 = AXIS2_PLACEMENT_3D ( 'NONE', #2919, #8621, #797 ) ;
#4339 = ORIENTED_EDGE ( 'NONE', *, *, #5754, .F. ) ;
#4340 = EDGE_CURVE ( 'NONE', #8477, #7640, #7275, .T. ) ;
#4341 = ORIENTED_EDGE ( 'NONE', *, *, #1219, .F. ) ;
#4342 = CARTESIAN_POINT ( 'NONE',  ( -49.91651260195900619, -21.92999999999999616, 22.50000000000003908 ) ) ;
#4343 = ORIENTED_EDGE ( 'NONE', *, *, #5050, .T. ) ;
#4344 = CARTESIAN_POINT ( 'NONE',  ( 4.506559040048433218, -21.92999999999999616, 4.034344522005438805 ) ) ;
#4345 = FACE_OUTER_BOUND ( 'NONE', #5057, .T. ) ;
#4346 = VECTOR ( 'NONE', #7622, 1000.000000000000000 ) ;
#4347 = ORIENTED_EDGE ( 'NONE', *, *, #6957, .F. ) ;
#4348 = VERTEX_POINT ( 'NONE', #7709 ) ;
#4349 = DIRECTION ( 'NONE',  ( 0.000000000000000000, 0.000000000000000000, -1.000000000000000000 ) ) ;
#4350 = EDGE_CURVE ( 'NONE', #7744, #97, #1973, .T. ) ;
#4351 = CARTESIAN_POINT ( 'NONE',  ( -66.42541949054557904, -20.57275651622689949, -3.266399720341551127 ) ) ;
#4352 = FACE_OUTER_BOUND ( 'NONE', #5424, .T. ) ;
#4353 = EDGE_CURVE ( 'NONE', #2280, #1400, #4013, .T. ) ;
#4354 = PLANE ( 'NONE',  #7171 ) ;
#4355 = CARTESIAN_POINT ( 'NONE',  ( -53.49344095995156323, 0.000000000000000000, 0.000000000000000000 ) ) ;
#4356 = DIRECTION ( 'NONE',  ( 0.000000000000000000, -1.000000000000000000, 0.000000000000000000 ) ) ;
#4357 = ORIENTED_EDGE ( 'NONE', *, *, #4389, .T. ) ;
#4358 = VERTEX_POINT ( 'NONE', #4871 ) ;
#4359 = PLANE ( 'NONE',  #98 ) ;
#4360 = FACE_OUTER_BOUND ( 'NONE', #1788, .T. ) ;
#4361 = ADVANCED_FACE ( 'NONE', ( #2538 ), #598, .F. ) ;
#4362 = CARTESIAN_POINT ( 'NONE',  ( -61.55073236542024517, -6.977067257872925587, 21.40472885406023451 ) ) ;
#4363 = EDGE_CURVE ( 'NONE', #7434, #6633, #5628, .T. ) ;
#4364 = EDGE_CURVE ( 'NONE', #4318, #1582, #5772, .T. ) ;
#4365 = ORIENTED_EDGE ( 'NONE', *, *, #5755, .T. ) ;
#4366 = CARTESIAN_POINT ( 'NONE',  ( 13.99635887394077827, -24.74999999999999645, 11.77961269154898716 ) ) ;
#4367 = ADVANCED_FACE ( 'NONE', ( #4912 ), #7005, .T. ) ;
#4368 = CARTESIAN_POINT ( 'NONE',  ( 4.006559040048433218, -8.929999999999994387, -0.06565547799456880607 ) ) ;
#4369 = DIRECTION ( 'NONE',  ( -0.000000000000000000, -0.000000000000000000, -1.000000000000000000 ) ) ;
#4370 = ORIENTED_EDGE ( 'NONE', *, *, #6270, .T. ) ;
#4371 = AXIS2_PLACEMENT_3D ( 'NONE', #6639, #898, #6497 ) ;
#4372 = VERTEX_POINT ( 'NONE', #2586 ) ;
#4373 = FACE_OUTER_BOUND ( 'NONE', #5104, .T. ) ;
#4374 = PLANE ( 'NONE',  #8467 ) ;
#4375 = EDGE_CURVE ( 'NONE', #692, #7283, #8035, .T. ) ;
#4376 = ORIENTED_EDGE ( 'NONE', *, *, #5220, .F. ) ;
#4377 = CYLINDRICAL_SURFACE ( 'NONE', #4796, 4.099999999999999645 ) ;
#4378 = VECTOR ( 'NONE', #1437, 1000.000000000000000 ) ;
#4379 = DIRECTION ( 'NONE',  ( 0.8660254037844389297, -0.000000000000000000, 0.4999999999999995004 ) ) ;
#4380 = CARTESIAN_POINT ( 'NONE',  ( 4.006559040048433218, -21.92999999999999616, -0.06565547799456880607 ) ) ;
#4381 = ORIENTED_EDGE ( 'NONE', *, *, #6340, .F. ) ;
#4382 = ORIENTED_EDGE ( 'NONE', *, *, #3668, .F. ) ;
#4383 = CARTESIAN_POINT ( 'NONE',  ( -0.09990632572923115184, -21.96817157266930209, 0.06733299309908682972 ) ) ;
#4384 = CIRCLE ( 'NONE', #2256, 3.350000000000001865 ) ;
#4385 = VERTEX_POINT ( 'NONE', #1317 ) ;
#4386 = ORIENTED_EDGE ( 'NONE', *, *, #3470, .T. ) ;
#4387 = CARTESIAN_POINT ( 'NONE',  ( -63.55073236542024517, 0.000000000000000000, 8.548806890340868492 ) ) ;
#4388 = VERTEX_POINT ( 'NONE', #9137 ) ;
#4389 = EDGE_CURVE ( 'NONE', #7809, #4254, #5489, .T. ) ;
#4390 = LINE ( 'NONE', #7277, #3391 ) ;
#4391 = AXIS2_PLACEMENT_3D ( 'NONE', #5603, #5557, #7023 ) ;
#4392 = DIRECTION ( 'NONE',  ( -1.000000000000000000, 0.000000000000000000, -0.000000000000000000 ) ) ;
#4393 = EDGE_CURVE ( 'NONE', #8827, #7418, #5434, .T. ) ;
#4394 = ORIENTED_EDGE ( 'NONE', *, *, #7259, .F. ) ;
#4395 = ORIENTED_EDGE ( 'NONE', *, *, #7468, .F. ) ;
#4396 = CARTESIAN_POINT ( 'NONE',  ( -7.774235610263285245, -23.24999999999999645, 3.416424131227112859 ) ) ;
#4397 = VECTOR ( 'NONE', #3257, 1000.000000000000000 ) ;
#4398 = AXIS2_PLACEMENT_3D ( 'NONE', #1393, #8776, #4326 ) ;
#4399 = ORIENTED_EDGE ( 'NONE', *, *, #6150, .F. ) ;
#4400 = DIRECTION ( 'NONE',  ( 1.000000000000000000, 0.000000000000000000, -0.000000000000000000 ) ) ;
#4401 = DIRECTION ( 'NONE',  ( 0.000000000000000000, 0.000000000000000000, -1.000000000000000000 ) ) ;
#4402 = CARTESIAN_POINT ( 'NONE',  ( 8.852138384579765429, -14.40530737074389300, 2.675341377437610024 ) ) ;
#4403 = CARTESIAN_POINT ( 'NONE',  ( -61.55073236542024517, -11.46570451637611932, 8.048806890340866715 ) ) ;
#4404 = DIRECTION ( 'NONE',  ( 0.000000000000000000, -1.000000000000000000, 0.000000000000000000 ) ) ;
#4405 = AXIS2_PLACEMENT_3D ( 'NONE', #264, #934, #3149 ) ;
#4406 = EDGE_CURVE ( 'NONE', #3711, #1357, #7803, .T. ) ;
#4407 = ORIENTED_EDGE ( 'NONE', *, *, #4970, .T. ) ;
#4408 = ORIENTED_EDGE ( 'NONE', *, *, #764, .T. ) ;
#4409 = LINE ( 'NONE', #5688, #8581 ) ;
#4410 = AXIS2_PLACEMENT_3D ( 'NONE', #5496, #5591, #7627 ) ;
#4411 = LINE ( 'NONE', #4549, #1056 ) ;
#4412 = DIRECTION ( 'NONE',  ( 0.000000000000000000, -0.000000000000000000, 1.000000000000000000 ) ) ;
#4413 = AXIS2_PLACEMENT_3D ( 'NONE', #8823, #4564, #732 ) ;
#4414 = VECTOR ( 'NONE', #5687, 1000.000000000000000 ) ;
#4415 = DIRECTION ( 'NONE',  ( -1.000000000000000000, 0.000000000000000000, 0.000000000000000000 ) ) ;
#4416 = DIRECTION ( 'NONE',  ( 0.000000000000000000, 0.000000000000000000, -1.000000000000000000 ) ) ;
#4417 = CARTESIAN_POINT ( 'NONE',  ( -49.91651260195900619, -21.92999999999999616, 23.43434452200543205 ) ) ;
#4418 = VERTEX_POINT ( 'NONE', #2630 ) ;
#4419 = EDGE_CURVE ( 'NONE', #8142, #4335, #7761, .T. ) ;
#4420 = EDGE_CURVE ( 'NONE', #4592, #5096, #7048, .T. ) ;
#4421 = DIRECTION ( 'NONE',  ( 0.8660254037844389297, -0.4999999999999996114, 0.000000000000000000 ) ) ;
#4422 = EDGE_CURVE ( 'NONE', #644, #1514, #8516, .T. ) ;
#4423 = DIRECTION ( 'NONE',  ( 0.000000000000000000, -0.000000000000000000, 1.000000000000000000 ) ) ;
#4424 = LINE ( 'NONE', #1533, #1954 ) ;
#4425 = VECTOR ( 'NONE', #792, 1000.000000000000000 ) ;
#4426 = ORIENTED_EDGE ( 'NONE', *, *, #8331, .T. ) ;
#4427 = LINE ( 'NONE', #6602, #8117 ) ;
#4428 = DIRECTION ( 'NONE',  ( 1.000000000000000000, 0.000000000000000000, 0.000000000000000000 ) ) ;
#4429 = DIRECTION ( 'NONE',  ( -0.000000000000000000, -1.000000000000000000, -0.000000000000000000 ) ) ;
#4430 = MANIFOLD_SOLID_BREP ( 'Stock-CASE_NO_LETTERS_081123-1', #6680 ) ;
#4431 = EDGE_CURVE ( 'NONE', #6137, #8649, #3188, .T. ) ;
#4432 = ORIENTED_EDGE ( 'NONE', *, *, #8392, .T. ) ;
#4433 = ORIENTED_EDGE ( 'NONE', *, *, #1297, .T. ) ;
#4434 = LINE ( 'NONE', #5137, #7414 ) ;
#4435 = ORIENTED_EDGE ( 'NONE', *, *, #39, .F. ) ;
#4436 = ORIENTED_EDGE ( 'NONE', *, *, #7072, .F. ) ;
#4437 = DIRECTION ( 'NONE',  ( 0.000000000000000000, 1.000000000000000000, 0.000000000000000000 ) ) ;
#4438 = ORIENTED_EDGE ( 'NONE', *, *, #2773, .F. ) ;
#4439 = CARTESIAN_POINT ( 'NONE',  ( 14.65304598478975251, -21.03051657120438378, -3.266399720341551127 ) ) ;
#4440 = LINE ( 'NONE', #3720, #3558 ) ;
#4441 = VERTEX_POINT ( 'NONE', #9318 ) ;
#4442 = CARTESIAN_POINT ( 'NONE',  ( -21.38836543812355373, -12.75000000000000000, 25.73360027965844665 ) ) ;
#4443 = ORIENTED_EDGE ( 'NONE', *, *, #2829, .F. ) ;
#4444 = CARTESIAN_POINT ( 'NONE',  ( -0.06283894982672763585, -21.92999999999999616, 23.43434452200543205 ) ) ;
#4445 = VERTEX_POINT ( 'NONE', #909 ) ;
#4446 = DIRECTION ( 'NONE',  ( 0.000000000000000000, 0.000000000000000000, -1.000000000000000000 ) ) ;
#4447 = DIRECTION ( 'NONE',  ( 0.000000000000000000, -0.000000000000000000, -1.000000000000000000 ) ) ;
#4448 = CARTESIAN_POINT ( 'NONE',  ( -7.274235610263284357, -25.74999999999999645, 1.129663705710172605 ) ) ;
#4449 = DIRECTION ( 'NONE',  ( 0.000000000000000000, 1.000000000000000000, 0.000000000000000000 ) ) ;
#4450 = ORIENTED_EDGE ( 'NONE', *, *, #5332, .F. ) ;
#4451 = VERTEX_POINT ( 'NONE', #645 ) ;
#4452 = DIRECTION ( 'NONE',  ( -1.000000000000000000, 0.000000000000000000, 0.000000000000000000 ) ) ;
#4453 = CIRCLE ( 'NONE', #6727, 4.000000000000000000 ) ;
#4454 = CARTESIAN_POINT ( 'NONE',  ( -45.52049870685441846, -16.10310768233470213, 22.73360027965845021 ) ) ;
#4455 = DIRECTION ( 'NONE',  ( 0.000000000000000000, 0.000000000000000000, -1.000000000000000000 ) ) ;
#4456 = EDGE_CURVE ( 'NONE', #3215, #286, #2108, .T. ) ;
#4457 = CARTESIAN_POINT ( 'NONE',  ( -31.99253646513271931, -13.99840717847742511, 26.73360027965844665 ) ) ;
#4458 = DIRECTION ( 'NONE',  ( -1.000000000000000000, 0.000000000000000000, -0.000000000000000000 ) ) ;
#4459 = CARTESIAN_POINT ( 'NONE',  ( -12.40198937725308070, -9.928213204853571838, 27.73360027965844665 ) ) ;
#4460 = VECTOR ( 'NONE', #4904, 1000.000000000000000 ) ;
#4461 = EDGE_LOOP ( 'NONE', ( #593, #6045, #4675, #1449, #6896, #3926, #2446, #9127, #2386, #3206, #1540, #3970 ) ) ;
#4462 = CYLINDRICAL_SURFACE ( 'NONE', #6073, 0.5000000000000004441 ) ;
#4463 = LINE ( 'NONE', #8019, #2029 ) ;
#4464 = CARTESIAN_POINT ( 'NONE',  ( 5.406633442833277847, -23.74999999999999645, 25.35934452200542921 ) ) ;
#4465 = AXIS2_PLACEMENT_3D ( 'NONE', #1558, #5156, #8052 ) ;
#4466 = EDGE_CURVE ( 'NONE', #2865, #6609, #8111, .T. ) ;
#4467 = ORIENTED_EDGE ( 'NONE', *, *, #231, .T. ) ;
#4468 = DIRECTION ( 'NONE',  ( 0.000000000000000000, 0.000000000000000000, 1.000000000000000000 ) ) ;
#4469 = EDGE_CURVE ( 'NONE', #1150, #1038, #2765, .T. ) ;
#4470 = DIRECTION ( 'NONE',  ( 0.000000000000000000, -0.000000000000000000, 1.000000000000000000 ) ) ;
#4471 = LINE ( 'NONE', #3659, #4645 ) ;
#4472 = VECTOR ( 'NONE', #7807, 1000.000000000000000 ) ;
#4473 = VERTEX_POINT ( 'NONE', #4294 ) ;
#4474 = ORIENTED_EDGE ( 'NONE', *, *, #7766, .T. ) ;
#4475 = CARTESIAN_POINT ( 'NONE',  ( -4.209496212817471772, -18.91796799097090087, 22.73360027965845021 ) ) ;
#4476 = EDGE_CURVE ( 'NONE', #9077, #7658, #8954, .T. ) ;
#4477 = ORIENTED_EDGE ( 'NONE', *, *, #3205, .T. ) ;
#4478 = VERTEX_POINT ( 'NONE', #2859 ) ;
#4479 = CARTESIAN_POINT ( 'NONE',  ( -5.613509097066135212, -16.48614634097089393, 23.50000000000000000 ) ) ;
#4480 = EDGE_LOOP ( 'NONE', ( #4616, #5909, #6713, #3370 ) ) ;
#4481 = EDGE_CURVE ( 'NONE', #7707, #8454, #1990, .T. ) ;
#4482 = CARTESIAN_POINT ( 'NONE',  ( 4.506559040048433218, -21.92999999999999616, 4.003742511880592936 ) ) ;
#4483 = EDGE_CURVE ( 'NONE', #1562, #5329, #5047, .T. ) ;
#4484 = CARTESIAN_POINT ( 'NONE',  ( -44.29939589500797581, -16.80811171946245608, 22.73360027965845021 ) ) ;
#4485 = VECTOR ( 'NONE', #1083, 1000.000000000000000 ) ;
#4486 = VERTEX_POINT ( 'NONE', #4342 ) ;
#4487 = DIRECTION ( 'NONE',  ( 1.000000000000000000, 0.000000000000000000, 0.000000000000000000 ) ) ;
#4488 = AXIS2_PLACEMENT_3D ( 'NONE', #147, #5890, #5131 ) ;
#4489 = ORIENTED_EDGE ( 'NONE', *, *, #4746, .F. ) ;
#4490 = CARTESIAN_POINT ( 'NONE',  ( -21.00632283287208324, -12.75000000000000000, 35.00000000000000000 ) ) ;
#4491 = VERTEX_POINT ( 'NONE', #7227 ) ;
#4492 = FACE_OUTER_BOUND ( 'NONE', #6516, .T. ) ;
#4493 = EDGE_CURVE ( 'NONE', #6907, #1212, #8502, .T. ) ;
#4494 = AXIS2_PLACEMENT_3D ( 'NONE', #913, #5271, #7265 ) ;
#4495 = CARTESIAN_POINT ( 'NONE',  ( -63.55073236542024517, -11.96570451637611932, 4.452562545487269929 ) ) ;
#4496 = DIRECTION ( 'NONE',  ( 0.000000000000000000, 0.000000000000000000, -1.000000000000000000 ) ) ;
#4497 = CARTESIAN_POINT ( 'NONE',  ( -63.47315361195479966, -26.24999999999999645, -3.999224945936909581 ) ) ;
#4498 = CIRCLE ( 'NONE', #6324, 1.600000000000002531 ) ;
#4499 = ORIENTED_EDGE ( 'NONE', *, *, #7096, .F. ) ;
#4500 = VECTOR ( 'NONE', #3600, 1000.000000000000000 ) ;
#4501 = ORIENTED_EDGE ( 'NONE', *, *, #8419, .T. ) ;
#4502 = LINE ( 'NONE', #8856, #1926 ) ;
#4503 = CARTESIAN_POINT ( 'NONE',  ( 13.55308861578300039, -4.994728181037625170, -6.766399720341551571 ) ) ;
#4504 = DIRECTION ( 'NONE',  ( 1.000000000000000000, 0.000000000000000000, 0.000000000000000000 ) ) ;
#4505 = LINE ( 'NONE', #5880, #889 ) ;
#4506 = DIRECTION ( 'NONE',  ( -1.000000000000000000, -0.000000000000000000, -0.000000000000000000 ) ) ;
#4507 = DIRECTION ( 'NONE',  ( 1.000000000000000000, -0.000000000000000000, -0.000000000000000000 ) ) ;
#4508 = ORIENTED_EDGE ( 'NONE', *, *, #8732, .F. ) ;
#4509 = CARTESIAN_POINT ( 'NONE',  ( 14.98308861578300011, -3.250000000000000444, -6.766399720341551571 ) ) ;
#4510 = EDGE_CURVE ( 'NONE', #5136, #6180, #6697, .T. ) ;
#4511 = DIRECTION ( 'NONE',  ( 1.000000000000000000, 0.000000000000000000, -0.000000000000000000 ) ) ;
#4512 = CARTESIAN_POINT ( 'NONE',  ( 17.21629301208212226, -24.74999999999999645, 8.561872586650322248 ) ) ;
#4513 = ORIENTED_EDGE ( 'NONE', *, *, #8959, .T. ) ;
#4514 = LINE ( 'NONE', #910, #2064 ) ;
#4515 = CARTESIAN_POINT ( 'NONE',  ( -13.10069371300876995, -24.24999999999999289, 1.129663705710172605 ) ) ;
#4516 = FACE_BOUND ( 'NONE', #207, .T. ) ;
#4517 = ORIENTED_EDGE ( 'NONE', *, *, #6850, .F. ) ;
#4518 = EDGE_CURVE ( 'NONE', #3806, #4486, #322, .T. ) ;
#4519 = ORIENTED_EDGE ( 'NONE', *, *, #4353, .T. ) ;
#4520 = LINE ( 'NONE', #6803, #3021 ) ;
#4521 = ORIENTED_EDGE ( 'NONE', *, *, #7233, .T. ) ;
#4522 = VECTOR ( 'NONE', #7782, 1000.000000000000000 ) ;
#4523 = ORIENTED_EDGE ( 'NONE', *, *, #2218, .T. ) ;
#4524 = LINE ( 'NONE', #7410, #548 ) ;
#4525 = VERTEX_POINT ( 'NONE', #192 ) ;
#4526 = CARTESIAN_POINT ( 'NONE',  ( -8.421534865563454986, -21.34978964097089715, 23.50000000000000000 ) ) ;
#4527 = DIRECTION ( 'NONE',  ( 0.000000000000000000, 5.204170427930416550E-15, -1.000000000000000000 ) ) ;
#4528 = AXIS2_PLACEMENT_3D ( 'NONE', #7126, #633, #3512 ) ;
#4529 = ORIENTED_EDGE ( 'NONE', *, *, #5033, .T. ) ;
#4530 = EDGE_CURVE ( 'NONE', #6147, #1726, #5670, .T. ) ;
#4531 = CARTESIAN_POINT ( 'NONE',  ( -70.42541949054557904, -20.57275651622689949, -6.766399720341551571 ) ) ;
#4532 = ADVANCED_FACE ( 'NONE', ( #1671 ), #7450, .T. ) ;
#4533 = EDGE_CURVE ( 'NONE', #4586, #8501, #4707, .T. ) ;
#4534 = ORIENTED_EDGE ( 'NONE', *, *, #5805, .T. ) ;
#4535 = DIRECTION ( 'NONE',  ( -1.000000000000000000, -0.000000000000000000, -0.000000000000000000 ) ) ;
#4536 = VERTEX_POINT ( 'NONE', #1054 ) ;
#4537 = CARTESIAN_POINT ( 'NONE',  ( -9.100693713008769947, -26.24999999999999645, 3.416424131227113747 ) ) ;
#4538 = CIRCLE ( 'NONE', #8016, 1.000000000000000888 ) ;
#4539 = ORIENTED_EDGE ( 'NONE', *, *, #1137, .F. ) ;
#4540 = DIRECTION ( 'NONE',  ( 0.000000000000000000, 1.000000000000000000, 0.000000000000000000 ) ) ;
#4541 = FACE_OUTER_BOUND ( 'NONE', #825, .T. ) ;
#4542 = CARTESIAN_POINT ( 'NONE',  ( 7.852138384579761876, -8.826403837643526984, 27.73360027965844665 ) ) ;
#4543 = ORIENTED_EDGE ( 'NONE', *, *, #6177, .F. ) ;
#4544 = AXIS2_PLACEMENT_3D ( 'NONE', #6791, #6883, #3845 ) ;
#4545 = AXIS2_PLACEMENT_3D ( 'NONE', #7035, #7651, #6277 ) ;
#4546 = EDGE_CURVE ( 'NONE', #2528, #3525, #433, .T. ) ;
#4547 = ORIENTED_EDGE ( 'NONE', *, *, #7096, .T. ) ;
#4548 = DIRECTION ( 'NONE',  ( 0.000000000000000000, 0.000000000000000000, -1.000000000000000000 ) ) ;
#4549 = CARTESIAN_POINT ( 'NONE',  ( -4.209496212817471772, -18.91796799097090087, 23.50000000000000000 ) ) ;
#4550 = CARTESIAN_POINT ( 'NONE',  ( 4.006559040048433218, -8.929999999999994387, -0.06565547799456880607 ) ) ;
#4551 = LINE ( 'NONE', #8909, #8685 ) ;
#4552 = CARTESIAN_POINT ( 'NONE',  ( -54.49344095995157033, -21.92999999999999616, 4.034344522005438805 ) ) ;
#4553 = VECTOR ( 'NONE', #2457, 1000.000000000000000 ) ;
#4554 = VECTOR ( 'NONE', #3653, 1000.000000000000000 ) ;
#4555 = DIRECTION ( 'NONE',  ( 0.000000000000000000, 0.000000000000000000, -1.000000000000000000 ) ) ;
#4556 = ORIENTED_EDGE ( 'NONE', *, *, #2839, .T. ) ;
#4557 = FACE_OUTER_BOUND ( 'NONE', #5216, .T. ) ;
#4558 = DIRECTION ( 'NONE',  ( 0.000000000000000000, 0.000000000000000000, -1.000000000000000000 ) ) ;
#4559 = AXIS2_PLACEMENT_3D ( 'NONE', #8846, #363, #5339 ) ;
#4560 = VECTOR ( 'NONE', #4959, 1000.000000000000000 ) ;
#4561 = FACE_OUTER_BOUND ( 'NONE', #2922, .T. ) ;
#4562 = CARTESIAN_POINT ( 'NONE',  ( 9.852138384579765429, -17.35652330467017634, -3.266399720341551127 ) ) ;
#4563 = ORIENTED_EDGE ( 'NONE', *, *, #6632, .T. ) ;
#4564 = DIRECTION ( 'NONE',  ( 0.000000000000000000, 1.000000000000000000, 0.000000000000000000 ) ) ;
#4565 = CARTESIAN_POINT ( 'NONE',  ( 14.21629301208212226, -24.74999999999999645, 8.561872586650322248 ) ) ;
#4566 = EDGE_CURVE ( 'NONE', #2466, #7811, #5417, .T. ) ;
#4567 = FACE_OUTER_BOUND ( 'NONE', #6395, .T. ) ;
#4568 = CARTESIAN_POINT ( 'NONE',  ( -63.55073236542024517, -26.24999999999999645, -3.266399720341551571 ) ) ;
#4569 = VECTOR ( 'NONE', #5851, 1000.000000000000000 ) ;
#4570 = ORIENTED_EDGE ( 'NONE', *, *, #2203, .F. ) ;
#4571 = ORIENTED_EDGE ( 'NONE', *, *, #2839, .F. ) ;
#4572 = LINE ( 'NONE', #963, #307 ) ;
#4573 = ORIENTED_EDGE ( 'NONE', *, *, #6753, .F. ) ;
#4574 = CARTESIAN_POINT ( 'NONE',  ( -0.02117511800357047003, -14.00699220561814329, 26.73360027965844665 ) ) ;
#4575 = EDGE_CURVE ( 'NONE', #2528, #2667, #7552, .T. ) ;
#4576 = ORIENTED_EDGE ( 'NONE', *, *, #4828, .F. ) ;
#4577 = EDGE_CURVE ( 'NONE', #7292, #8073, #386, .T. ) ;
#4578 = LINE ( 'NONE', #968, #1887 ) ;
#4579 = DIRECTION ( 'NONE',  ( 0.000000000000000000, -1.000000000000000000, -0.000000000000000000 ) ) ;
#4580 = ORIENTED_EDGE ( 'NONE', *, *, #5756, .T. ) ;
#4581 = DIRECTION ( 'NONE',  ( 1.000000000000000000, 0.000000000000000000, 0.000000000000000000 ) ) ;
#4582 = ORIENTED_EDGE ( 'NONE', *, *, #8433, .F. ) ;
#4583 = LINE ( 'NONE', #7467, #7400 ) ;
#4584 = ORIENTED_EDGE ( 'NONE', *, *, #5222, .F. ) ;
#4585 = CYLINDRICAL_SURFACE ( 'NONE', #9, 1.000000000000000888 ) ;
#4586 = VERTEX_POINT ( 'NONE', #5365 ) ;
#4587 = ADVANCED_FACE ( 'NONE', ( #3945, #1104, #6032, #7548 ), #8304, .T. ) ;
#4588 = DIRECTION ( 'NONE',  ( -0.000000000000000000, -1.000000000000000000, -0.000000000000000000 ) ) ;
#4589 = CARTESIAN_POINT ( 'NONE',  ( -63.55073236542023096, -28.24999999999999645, 8.651356676155737446 ) ) ;
#4591 = EDGE_CURVE ( 'NONE', #9358, #335, #3451, .T. ) ;
#4590 = CARTESIAN_POINT ( 'NONE',  ( -61.55073236542024517, -13.42906725808352952, 21.40472885406023451 ) ) ;
#4592 = VERTEX_POINT ( 'NONE', #2563 ) ;
#4593 = ORIENTED_EDGE ( 'NONE', *, *, #5468, .F. ) ;
#4594 = CARTESIAN_POINT ( 'NONE',  ( -60.05073236542024517, -25.31482886712318958, -3.266399720341551127 ) ) ;
#4595 = LINE ( 'NONE', #3883, #4841 ) ;
#4596 = DIRECTION ( 'NONE',  ( 0.000000000000000000, 0.000000000000000000, -1.000000000000000000 ) ) ;
#4597 = LINE ( 'NONE', #6117, #5885 ) ;
#4598 = CARTESIAN_POINT ( 'NONE',  ( -9.123541307687784041, -20.13387881597089901, 22.73360027965845021 ) ) ;
#4599 = EDGE_CURVE ( 'NONE', #5876, #8023, #5319, .T. ) ;
#4600 = LINE ( 'NONE', #8911, #5569 ) ;
#4601 = ORIENTED_EDGE ( 'NONE', *, *, #423, .T. ) ;
#4602 = AXIS2_PLACEMENT_3D ( 'NONE', #6164, #5353, #4740 ) ;
#4603 = DIRECTION ( 'NONE',  ( -0.000000000000000000, -0.000000000000000000, 1.000000000000000000 ) ) ;
#4604 = DIRECTION ( 'NONE',  ( -1.000000000000000000, 0.000000000000000000, 0.000000000000000000 ) ) ;
#4605 = CARTESIAN_POINT ( 'NONE',  ( -53.99344095995156323, -26.24999999999999645, -4.165655477994576472 ) ) ;
#4606 = LINE ( 'NONE', #5317, #2261 ) ;
#4607 = ORIENTED_EDGE ( 'NONE', *, *, #7661, .T. ) ;
#4608 = CARTESIAN_POINT ( 'NONE',  ( -43.08867705991077202, -20.31514632978691282, 23.50000000000000000 ) ) ;
#4609 = DIRECTION ( 'NONE',  ( -0.000000000000000000, -0.000000000000000000, 1.000000000000000000 ) ) ;
#4610 = VECTOR ( 'NONE', #8888, 1000.000000000000000 ) ;
#4611 = ADVANCED_FACE ( 'NONE', ( #955 ), #6175, .T. ) ;
#4612 = CARTESIAN_POINT ( 'NONE',  ( 5.406633442833277847, -23.74999999999999645, 25.35934452200542921 ) ) ;
#4613 = FACE_OUTER_BOUND ( 'NONE', #2921, .T. ) ;
#4614 = ORIENTED_EDGE ( 'NONE', *, *, #6903, .F. ) ;
#4615 = ORIENTED_EDGE ( 'NONE', *, *, #7122, .T. ) ;
#4616 = ORIENTED_EDGE ( 'NONE', *, *, #5112, .T. ) ;
#4617 = DIRECTION ( 'NONE',  ( 1.000000000000000000, 0.000000000000000000, 0.000000000000000000 ) ) ;
#4618 = VECTOR ( 'NONE', #959, 1000.000000000000000 ) ;
#4619 = ORIENTED_EDGE ( 'NONE', *, *, #6957, .T. ) ;
#4620 = DIRECTION ( 'NONE',  ( -1.000000000000000000, -0.000000000000000000, -0.000000000000000000 ) ) ;
#4621 = VERTEX_POINT ( 'NONE', #8252 ) ;
#4622 = CARTESIAN_POINT ( 'NONE',  ( -10.79999054116380997, -8.826403837643525208, 25.73360027965844665 ) ) ;
#4623 = VECTOR ( 'NONE', #436, 1000.000000000000000 ) ;
#4624 = LINE ( 'NONE', #4674, #6301 ) ;
#4625 = VERTEX_POINT ( 'NONE', #9065 ) ;
#4626 = FACE_OUTER_BOUND ( 'NONE', #7663, .T. ) ;
#4627 = AXIS2_PLACEMENT_3D ( 'NONE', #1523, #757, #3648 ) ;
#4628 = ADVANCED_FACE ( 'NONE', ( #5461 ), #8972, .F. ) ;
#4629 = EDGE_LOOP ( 'NONE', ( #2963, #6429 ) ) ;
#4630 = DIRECTION ( 'NONE',  ( -0.7071067811865422437, 0.7071067811865529018, 0.000000000000000000 ) ) ;
#4631 = CIRCLE ( 'NONE', #5685, 1.350000000000000533 ) ;
#4632 = ORIENTED_EDGE ( 'NONE', *, *, #4081, .F. ) ;
#4633 = DIRECTION ( 'NONE',  ( 0.000000000000000000, 0.000000000000000000, 1.000000000000000000 ) ) ;
#4634 = EDGE_LOOP ( 'NONE', ( #2613, #7893, #5945, #1047 ) ) ;
#4635 = CARTESIAN_POINT ( 'NONE',  ( -63.55073236542024517, -26.24999999999999645, -3.266399720341551571 ) ) ;
#4636 = CARTESIAN_POINT ( 'NONE',  ( 11.12228341961741940, -15.77033674741690916, -4.766399720341551571 ) ) ;
#4637 = CARTESIAN_POINT ( 'NONE',  ( -63.55073236542024517, -3.249999999999999556, -4.766399720341551571 ) ) ;
#4638 = VECTOR ( 'NONE', #8485, 1000.000000000000000 ) ;
#4639 = AXIS2_PLACEMENT_3D ( 'NONE', #8079, #8886, #1589 ) ;
#4640 = VERTEX_POINT ( 'NONE', #1008 ) ;
#4641 = ADVANCED_FACE ( 'NONE', ( #3317, #2467 ), #6745, .F. ) ;
#4642 = ORIENTED_EDGE ( 'NONE', *, *, #9203, .F. ) ;
#4643 = DIRECTION ( 'NONE',  ( 0.000000000000000000, 0.000000000000000000, -1.000000000000000000 ) ) ;
#4644 = EDGE_CURVE ( 'NONE', #8649, #302, #6793, .T. ) ;
#4645 = VECTOR ( 'NONE', #2188, 1000.000000000000000 ) ;
#4646 = CARTESIAN_POINT ( 'NONE',  ( 13.55308861578300039, -4.994728181037625170, -6.766399720341551571 ) ) ;
#4647 = PLANE ( 'NONE',  #4103 ) ;
#4648 = VECTOR ( 'NONE', #2546, 1000.000000000000000 ) ;
#4649 = LINE ( 'NONE', #7537, #9149 ) ;
#4650 = CYLINDRICAL_SURFACE ( 'NONE', #3258, 0.5000000000000004441 ) ;
#4651 = CIRCLE ( 'NONE', #8281, 2.999999999999999112 ) ;
#4652 = VERTEX_POINT ( 'NONE', #287 ) ;
#4653 = CARTESIAN_POINT ( 'NONE',  ( -53.49344095995156323, -26.24999999999999645, 16.76811097311695065 ) ) ;
#4654 = DIRECTION ( 'NONE',  ( -1.575205997657066192E-16, -1.000000000000000000, 0.000000000000000000 ) ) ;
#4655 = EDGE_CURVE ( 'NONE', #1218, #286, #6843, .T. ) ;
#4656 = EDGE_CURVE ( 'NONE', #5048, #8608, #8396, .T. ) ;
#4657 = PLANE ( 'NONE',  #3923 ) ;
#4658 = EDGE_CURVE ( 'NONE', #5324, #5136, #2517, .T. ) ;
#4659 = DIRECTION ( 'NONE',  ( -0.000000000000000000, -0.000000000000000000, 1.000000000000000000 ) ) ;
#4660 = VECTOR ( 'NONE', #5077, 1000.000000000000000 ) ;
#4661 = EDGE_LOOP ( 'NONE', ( #4395, #2167, #4201, #4399 ) ) ;
#4662 = DIRECTION ( 'NONE',  ( 1.000000000000000000, 0.000000000000000000, -1.548777936842437519E-16 ) ) ;
#4663 = DIRECTION ( 'NONE',  ( -0.4999999999999997224, 0.000000000000000000, -0.8660254037844388186 ) ) ;
#4664 = PLANE ( 'NONE',  #4005 ) ;
#4665 = CARTESIAN_POINT ( 'NONE',  ( -0.02117511800357047003, -14.00699220561814329, 26.73360027965844665 ) ) ;
#4666 = ORIENTED_EDGE ( 'NONE', *, *, #4182, .T. ) ;
#4667 = ORIENTED_EDGE ( 'NONE', *, *, #5564, .F. ) ;
#4668 = CARTESIAN_POINT ( 'NONE',  ( -14.42158689150289952, -23.24999999999999645, 20.93683708947935429 ) ) ;
#4669 = ADVANCED_FACE ( 'NONE', ( #7161 ), #4133, .T. ) ;
#4670 = ORIENTED_EDGE ( 'NONE', *, *, #6625, .T. ) ;
#4671 = CARTESIAN_POINT ( 'NONE',  ( -7.791905798005583250, -23.74999999999999645, 22.88956924811451188 ) ) ;
#4672 = ORIENTED_EDGE ( 'NONE', *, *, #7866, .T. ) ;
#4673 = DIRECTION ( 'NONE',  ( 0.000000000000000000, 0.000000000000000000, -1.000000000000000000 ) ) ;
#4674 = CARTESIAN_POINT ( 'NONE',  ( -63.55073236542023096, -24.74999999999999645, 8.651356676155737446 ) ) ;
#4675 = ORIENTED_EDGE ( 'NONE', *, *, #6934, .F. ) ;
#4676 = CARTESIAN_POINT ( 'NONE',  ( -65.38095531993472775, -21.03051657120438378, -3.266399720341551127 ) ) ;
#4677 = AXIS2_PLACEMENT_3D ( 'NONE', #4366, #8100, #9386 ) ;
#4678 = ORIENTED_EDGE ( 'NONE', *, *, #2882, .F. ) ;
#4679 = CARTESIAN_POINT ( 'NONE',  ( -66.98095531993472207, -21.03051657120438378, -6.766399720341551571 ) ) ;
#4680 = ORIENTED_EDGE ( 'NONE', *, *, #7433, .T. ) ;
#4681 = DIRECTION ( 'NONE',  ( 0.000000000000000000, 0.000000000000000000, 1.000000000000000000 ) ) ;
#4682 = VERTEX_POINT ( 'NONE', #7739 ) ;
#4683 = FACE_OUTER_BOUND ( 'NONE', #8921, .T. ) ;
#4684 = LINE ( 'NONE', #6107, #396 ) ;
#4685 = AXIS2_PLACEMENT_3D ( 'NONE', #6279, #5570, #9171 ) ;
#4686 = DIRECTION ( 'NONE',  ( -0.000000000000000000, -1.000000000000000000, -0.000000000000000000 ) ) ;
#4687 = ADVANCED_FACE ( 'NONE', ( #2701 ), #7875, .F. ) ;
#4688 = ORIENTED_EDGE ( 'NONE', *, *, #5566, .T. ) ;
#4689 = ORIENTED_EDGE ( 'NONE', *, *, #356, .F. ) ;
#4690 = LINE ( 'NONE', #1135, #163 ) ;
#4691 = VECTOR ( 'NONE', #5736, 1000.000000000000000 ) ;
#4692 = FACE_OUTER_BOUND ( 'NONE', #8150, .T. ) ;
#4693 = DIRECTION ( 'NONE',  ( 0.7071067811865474617, -0.7071067811865474617, 0.000000000000000000 ) ) ;
#4694 = CARTESIAN_POINT ( 'NONE',  ( -49.89344095995156891, -21.92999999999999616, -0.5000000000000000000 ) ) ;
#4695 = CARTESIAN_POINT ( 'NONE',  ( -19.64526954535771353, -10.01380481680078383, 35.00000000000000000 ) ) ;
#4696 = EDGE_CURVE ( 'NONE', #2136, #1353, #3602, .T. ) ;
#4697 = DIRECTION ( 'NONE',  ( -1.000000000000000000, 0.000000000000000000, 0.000000000000000000 ) ) ;
#4698 = VECTOR ( 'NONE', #4703, 1000.000000000000000 ) ;
#4699 = ORIENTED_EDGE ( 'NONE', *, *, #8704, .F. ) ;
#4700 = DIRECTION ( 'NONE',  ( 0.000000000000000000, 0.000000000000000000, -1.000000000000000000 ) ) ;
#4701 = FACE_BOUND ( 'NONE', #6539, .T. ) ;
#4702 = DIRECTION ( 'NONE',  ( 0.000000000000000000, 0.000000000000000000, -1.000000000000000000 ) ) ;
#4703 = DIRECTION ( 'NONE',  ( 1.000000000000000000, 0.000000000000000000, 0.000000000000000000 ) ) ;
#4704 = AXIS2_PLACEMENT_3D ( 'NONE', #4362, #5786, #2976 ) ;
#4705 = AXIS2_PLACEMENT_3D ( 'NONE', #295, #395, #1016 ) ;
#4706 = EDGE_LOOP ( 'NONE', ( #5947, #6868, #3725, #8887 ) ) ;
#4707 = LINE ( 'NONE', #6885, #2739 ) ;
#4708 = CARTESIAN_POINT ( 'NONE',  ( -45.52049870685441846, -21.71915921227099844, 23.50000000000000000 ) ) ;
#4709 = LINE ( 'NONE', #6939, #9311 ) ;
#4710 = PLANE ( 'NONE',  #2520 ) ;
#4711 =( BOUNDED_CURVE ( )  B_SPLINE_CURVE ( 3, ( #1006, #6082, #5363, #8970 ),
 .UNSPECIFIED., .F., .T. ) 
 B_SPLINE_CURVE_WITH_KNOTS ( ( 4, 4 ),
 ( 6.186029827843997353, 6.380340786515175111 ),
 .UNSPECIFIED. ) 
 CURVE ( )  GEOMETRIC_REPRESENTATION_ITEM ( )  RATIONAL_B_SPLINE_CURVE ( ( 1.000000000000000000, 0.9968560784512801032, 0.9968560784512801032, 1.000000000000000000 ) ) 
 REPRESENTATION_ITEM ( '' )  );
#4712 = EDGE_CURVE ( 'NONE', #5095, #8074, #1248, .T. ) ;
#4713 = AXIS2_PLACEMENT_3D ( 'NONE', #8803, #8089, #3773 ) ;
#4714 = AXIS2_PLACEMENT_3D ( 'NONE', #7257, #3509, #4229 ) ;
#4715 = ORIENTED_EDGE ( 'NONE', *, *, #2384, .F. ) ;
#4716 = ORIENTED_EDGE ( 'NONE', *, *, #2680, .F. ) ;
#4717 = CARTESIAN_POINT ( 'NONE',  ( -12.40198937725308070, -9.928213204853571838, 26.77397846476551280 ) ) ;
#4718 = ORIENTED_EDGE ( 'NONE', *, *, #8999, .F. ) ;
#4719 = LINE ( 'NONE', #8936, #6451 ) ;
#4720 = ORIENTED_EDGE ( 'NONE', *, *, #1270, .T. ) ;
#4721 = VECTOR ( 'NONE', #2581, 1000.000000000000000 ) ;
#4722 = DIRECTION ( 'NONE',  ( -0.4999999999999996669, 0.000000000000000000, 0.8660254037844388186 ) ) ;
#4723 = FACE_OUTER_BOUND ( 'NONE', #1066, .T. ) ;
#4724 = EDGE_CURVE ( 'NONE', #7498, #1311, #7689, .T. ) ;
#4725 = CIRCLE ( 'NONE', #5482, 1.500000000000000000 ) ;
#4726 = VERTEX_POINT ( 'NONE', #7074 ) ;
#4727 = DIRECTION ( 'NONE',  ( -0.000000000000000000, -0.000000000000000000, -1.000000000000000000 ) ) ;
#4728 = VERTEX_POINT ( 'NONE', #6320 ) ;
#4729 = ORIENTED_EDGE ( 'NONE', *, *, #7182, .T. ) ;
#4730 = DIRECTION ( 'NONE',  ( -1.000000000000000000, -0.000000000000000000, -0.000000000000000000 ) ) ;
#4731 = ORIENTED_EDGE ( 'NONE', *, *, #12, .T. ) ;
#4732 = DIRECTION ( 'NONE',  ( 0.000000000000000000, 0.000000000000000000, 1.000000000000000000 ) ) ;
#4733 = DIRECTION ( 'NONE',  ( -0.000000000000000000, -1.000000000000000000, -0.000000000000000000 ) ) ;
#4734 = DIRECTION ( 'NONE',  ( 0.000000000000000000, 0.000000000000000000, 1.000000000000000000 ) ) ;
#4735 = ORIENTED_EDGE ( 'NONE', *, *, #7367, .F. ) ;
#4736 = VERTEX_POINT ( 'NONE', #8448 ) ;
#4737 = DIRECTION ( 'NONE',  ( 0.000000000000000000, 0.000000000000000000, -1.000000000000000000 ) ) ;
#4738 = DIRECTION ( 'NONE',  ( -1.000000000000000000, 0.000000000000000000, 0.000000000000000000 ) ) ;
#4739 = DIRECTION ( 'NONE',  ( -1.000000000000000000, 0.000000000000000000, 0.000000000000000000 ) ) ;
#4740 = DIRECTION ( 'NONE',  ( 0.000000000000000000, 0.000000000000000000, -1.000000000000000000 ) ) ;
#4741 = CARTESIAN_POINT ( 'NONE',  ( 11.12228341961742117, -3.250000000000000444, -4.766399720341551571 ) ) ;
#4742 = CARTESIAN_POINT ( 'NONE',  ( 4.506559040048433218, -26.24999999999999645, 6.170421253070791145 ) ) ;
#4743 = VERTEX_POINT ( 'NONE', #4847 ) ;
#4744 = DIRECTION ( 'NONE',  ( 1.000000000000000000, 0.000000000000000000, -0.000000000000000000 ) ) ;
#4745 = CARTESIAN_POINT ( 'NONE',  ( 5.406633442833276071, -28.24999999999999645, 2.359344522005430544 ) ) ;
#4746 = EDGE_CURVE ( 'NONE', #5565, #6735, #7025, .T. ) ;
#4747 = CARTESIAN_POINT ( 'NONE',  ( 7.852138384579763652, -26.24999999999999645, 1.356146021833723125 ) ) ;
#4748 = DIRECTION ( 'NONE',  ( 0.000000000000000000, -0.000000000000000000, 1.000000000000000000 ) ) ;
#4749 = ORIENTED_EDGE ( 'NONE', *, *, #607, .F. ) ;
#4750 = CARTESIAN_POINT ( 'NONE',  ( 4.006559040048433218, -26.24999999999999645, -0.06565547799456880607 ) ) ;
#4751 = PLANE ( 'NONE',  #8574 ) ;
#4752 = FACE_OUTER_BOUND ( 'NONE', #7080, .T. ) ;
#4753 = CARTESIAN_POINT ( 'NONE',  ( -63.54634611201960581, -3.250000000000000444, -4.766399720341551571 ) ) ;
#4754 = ORIENTED_EDGE ( 'NONE', *, *, #2688, .T. ) ;
#4755 = ORIENTED_EDGE ( 'NONE', *, *, #6343, .T. ) ;
#4756 = ORIENTED_EDGE ( 'NONE', *, *, #8406, .F. ) ;
#4757 = DIRECTION ( 'NONE',  ( 0.000000000000000000, 0.000000000000000000, -1.000000000000000000 ) ) ;
#4758 = VECTOR ( 'NONE', #4654, 1000.000000000000000 ) ;
#4759 = ADVANCED_FACE ( 'NONE', ( #1201, #8498, #3549 ), #2087, .T. ) ;
#4760 = CIRCLE ( 'NONE', #4909, 3.999999999999996447 ) ;
#4761 = EDGE_CURVE ( 'NONE', #4824, #2021, #6454, .T. ) ;
#4762 = ORIENTED_EDGE ( 'NONE', *, *, #6369, .F. ) ;
#4763 = CARTESIAN_POINT ( 'NONE',  ( -58.06283894982672678, -21.92999999999999616, 22.43434452200543205 ) ) ;
#4764 = ORIENTED_EDGE ( 'NONE', *, *, #3892, .T. ) ;
#4765 = DIRECTION ( 'NONE',  ( -1.000000000000000000, 0.000000000000000000, -0.000000000000000000 ) ) ;
#4766 = CARTESIAN_POINT ( 'NONE',  ( 15.98308861578300011, -4.250000000000000000, -3.266399720341551127 ) ) ;
#4767 = VECTOR ( 'NONE', #2610, 1000.000000000000000 ) ;
#4768 = EDGE_LOOP ( 'NONE', ( #5597, #4735, #7572, #8294 ) ) ;
#4769 = EDGE_LOOP ( 'NONE', ( #5385, #2158, #68, #8674 ) ) ;
#4770 = DIRECTION ( 'NONE',  ( 0.000000000000000000, 0.000000000000000000, -1.000000000000000000 ) ) ;
#4771 = VERTEX_POINT ( 'NONE', #2789 ) ;
#4772 = EDGE_CURVE ( 'NONE', #1367, #1347, #4089, .T. ) ;
#4773 = ORIENTED_EDGE ( 'NONE', *, *, #6217, .T. ) ;
#4774 = EDGE_CURVE ( 'NONE', #7707, #8655, #576, .T. ) ;
#4775 = DIRECTION ( 'NONE',  ( 0.000000000000000000, 0.000000000000000000, -1.000000000000000000 ) ) ;
#4776 = CIRCLE ( 'NONE', #6436, 1.600000000000004086 ) ;
#4777 = VERTEX_POINT ( 'NONE', #4275 ) ;
#4778 = CYLINDRICAL_SURFACE ( 'NONE', #2635, 3.499999999999999556 ) ;
#4779 = FACE_OUTER_BOUND ( 'NONE', #3560, .T. ) ;
#4780 = CARTESIAN_POINT ( 'NONE',  ( -33.12290989087977522, -13.99840717847742511, 26.73360027965844665 ) ) ;
#4781 = ORIENTED_EDGE ( 'NONE', *, *, #4364, .T. ) ;
#4782 = VECTOR ( 'NONE', #7230, 1000.000000000000000 ) ;
#4783 = ORIENTED_EDGE ( 'NONE', *, *, #4232, .F. ) ;
#4784 = LINE ( 'NONE', #7768, #6835 ) ;
#4785 = EDGE_CURVE ( 'NONE', #2618, #4228, #4218, .T. ) ;
#4786 = CARTESIAN_POINT ( 'NONE',  ( 6.806707845618117148, -23.74999999999999645, 22.93434452200543561 ) ) ;
#4787 = CARTESIAN_POINT ( 'NONE',  ( 9.852138384579765429, -8.826329982690658937, -4.766399720341551571 ) ) ;
#4788 = AXIS2_PLACEMENT_3D ( 'NONE', #4741, #9008, #6732 ) ;
#4789 = DIRECTION ( 'NONE',  ( -0.000000000000000000, -1.000000000000000000, 0.000000000000000000 ) ) ;
#4790 = DIRECTION ( 'NONE',  ( -1.000000000000000000, 0.000000000000000000, 0.000000000000000000 ) ) ;
#4791 = AXIS2_PLACEMENT_3D ( 'NONE', #9076, #3187, #1782 ) ;
#4792 = EDGE_LOOP ( 'NONE', ( #7079, #4197, #3879, #3309, #6545, #2343, #6661, #8764, #5889, #4022, #731, #7456 ) ) ;
#4793 = PLANE ( 'NONE',  #8342 ) ;
#4794 = VECTOR ( 'NONE', #8427, 1000.000000000000000 ) ;
#4795 = CARTESIAN_POINT ( 'NONE',  ( -56.55073236542025228, -13.42906725808352952, 21.90472885406023451 ) ) ;
#4796 = AXIS2_PLACEMENT_3D ( 'NONE', #5843, #6698, #7263 ) ;
#4797 = CARTESIAN_POINT ( 'NONE',  ( -69.60685805559241146, -28.24999999999999645, 8.651356676155737446 ) ) ;
#4798 = PLANE ( 'NONE',  #5450 ) ;
#4799 = ADVANCED_FACE ( 'NONE', ( #9344 ), #9254, .T. ) ;
#4800 = ORIENTED_EDGE ( 'NONE', *, *, #6776, .F. ) ;
#4801 = DIRECTION ( 'NONE',  ( -1.000000000000000000, 0.000000000000000000, 0.000000000000000000 ) ) ;
#4802 = DIRECTION ( 'NONE',  ( 0.000000000000000000, -1.000000000000000000, 0.000000000000000000 ) ) ;
#4803 = AXIS2_PLACEMENT_3D ( 'NONE', #243, #3993, #3129 ) ;
#4804 = CARTESIAN_POINT ( 'NONE',  ( -58.07036931794412737, -21.92999999999999616, -0.5000000000000000000 ) ) ;
#4805 = EDGE_CURVE ( 'NONE', #5460, #1088, #9208, .T. ) ;
#4806 = CIRCLE ( 'NONE', #3894, 1.350000000000000533 ) ;
#4807 = ORIENTED_EDGE ( 'NONE', *, *, #4918, .T. ) ;
#4808 = ORIENTED_EDGE ( 'NONE', *, *, #1532, .F. ) ;
#4809 = DIRECTION ( 'NONE',  ( 0.000000000000000000, -0.000000000000000000, 1.000000000000000000 ) ) ;
#4810 = VECTOR ( 'NONE', #6691, 1000.000000000000000 ) ;
#4811 = ORIENTED_EDGE ( 'NONE', *, *, #6553, .F. ) ;
#4812 = DIRECTION ( 'NONE',  ( -2.459462815196287249E-16, -1.000000000000000000, 0.000000000000000000 ) ) ;
#4813 = ORIENTED_EDGE ( 'NONE', *, *, #183, .F. ) ;
#4814 = CARTESIAN_POINT ( 'NONE',  ( -53.55073236542024517, -18.64230216687093034, 13.48553141188837401 ) ) ;
#4815 = CYLINDRICAL_SURFACE ( 'NONE', #392, 0.5000000000000004441 ) ;
#4816 = ADVANCED_FACE ( 'NONE', ( #6365, #5649 ), #8537, .T. ) ;
#4817 = ORIENTED_EDGE ( 'NONE', *, *, #828, .F. ) ;
#4818 = ORIENTED_EDGE ( 'NONE', *, *, #4194, .F. ) ;
#4819 = CARTESIAN_POINT ( 'NONE',  ( -8.421534865563454986, -21.34978964097089715, 23.50000000000000000 ) ) ;
#4820 = VERTEX_POINT ( 'NONE', #2927 ) ;
#4821 = UNCERTAINTY_MEASURE_WITH_UNIT (LENGTH_MEASURE( 1.000000000000000082E-05 ), #5982, 'distance_accuracy_value', 'NONE');
#4822 = ORIENTED_EDGE ( 'NONE', *, *, #2637, .F. ) ;
#4823 = CARTESIAN_POINT ( 'NONE',  ( -52.59336655716671771, -23.74999999999999645, 20.50934452200542424 ) ) ;
#4824 = VERTEX_POINT ( 'NONE', #8675 ) ;
#4825 = DIRECTION ( 'NONE',  ( 0.000000000000000000, 0.000000000000000000, 1.000000000000000000 ) ) ;
#4826 = PLANE ( 'NONE',  #5553 ) ;
#4827 = CARTESIAN_POINT ( 'NONE',  ( -69.60685805559241146, -24.74999999999999645, 11.65135667615573745 ) ) ;
#4828 = EDGE_CURVE ( 'NONE', #2153, #1732, #8059, .T. ) ;
#4829 = VECTOR ( 'NONE', #7344, 999.9999999999998863 ) ;
#4830 = EDGE_CURVE ( 'NONE', #4640, #7522, #712, .T. ) ;
#4831 = VERTEX_POINT ( 'NONE', #3062 ) ;
#4832 = ORIENTED_EDGE ( 'NONE', *, *, #1689, .F. ) ;
#4833 = DIRECTION ( 'NONE',  ( 1.000000000000000000, -0.000000000000000000, -0.000000000000000000 ) ) ;
#4834 = DIRECTION ( 'NONE',  ( 0.000000000000000000, 1.000000000000000000, 0.000000000000000000 ) ) ;
#4835 = PLANE ( 'NONE',  #4855 ) ;
#4836 = VECTOR ( 'NONE', #7750, 1000.000000000000114 ) ;
#4837 = DIRECTION ( 'NONE',  ( -0.000000000000000000, -1.000000000000000000, -0.000000000000000000 ) ) ;
#4838 = LINE ( 'NONE', #515, #88 ) ;
#4839 = EDGE_CURVE ( 'NONE', #5435, #6174, #4505, .T. ) ;
#4840 = EDGE_LOOP ( 'NONE', ( #8705, #6453, #5066, #9025 ) ) ;
#4841 = VECTOR ( 'NONE', #2501, 1000.000000000000000 ) ;
#4842 = DIRECTION ( 'NONE',  ( 0.5599897318154831716, 0.8284995475322983749, -0.000000000000000000 ) ) ;
#4843 = CARTESIAN_POINT ( 'NONE',  ( -63.55073236542024517, -6.477067257872928252, 8.412688138066887060E-16 ) ) ;
#4844 = CARTESIAN_POINT ( 'NONE',  ( -0.05423323242928317078, -21.92999999999999616, 0.5000000000000000000 ) ) ;
#4845 = DIRECTION ( 'NONE',  ( 1.000000000000000000, 0.000000000000000000, 0.000000000000000000 ) ) ;
#4846 = ORIENTED_EDGE ( 'NONE', *, *, #3011, .T. ) ;
#4847 = CARTESIAN_POINT ( 'NONE',  ( 15.72409668150152839, -17.02801943015421671, -6.766399720341551571 ) ) ;
#4848 = CARTESIAN_POINT ( 'NONE',  ( -12.85293816568222525, -8.770157635237879390, 26.77397846476551280 ) ) ;
#4849 = CIRCLE ( 'NONE', #6057, 2.999999999999999112 ) ;
#4850 = CARTESIAN_POINT ( 'NONE',  ( 14.18099059628930014, -20.71838846451663230, -3.266399720341551127 ) ) ;
#4851 = VERTEX_POINT ( 'NONE', #136 ) ;
#4852 = ORIENTED_EDGE ( 'NONE', *, *, #1688, .T. ) ;
#4853 = ORIENTED_EDGE ( 'NONE', *, *, #7833, .F. ) ;
#4854 = DIRECTION ( 'NONE',  ( 1.000000000000000000, 0.000000000000000000, 0.000000000000000000 ) ) ;
#4855 = AXIS2_PLACEMENT_3D ( 'NONE', #4073, #5681, #1276 ) ;
#4856 = AXIS2_PLACEMENT_3D ( 'NONE', #6416, #2754, #4854 ) ;
#4857 = DIRECTION ( 'NONE',  ( 0.000000000000000000, 0.000000000000000000, 1.000000000000000000 ) ) ;
#4858 = ADVANCED_FACE ( 'NONE', ( #7297 ), #3598, .T. ) ;
#4859 = ORIENTED_EDGE ( 'NONE', *, *, #337, .F. ) ;
#4860 = DIRECTION ( 'NONE',  ( 0.8660254037844388186, -0.000000000000000000, 0.4999999999999997224 ) ) ;
#4861 = LINE ( 'NONE', #6187, #5973 ) ;
#4862 = VECTOR ( 'NONE', #3216, 1000.000000000000000 ) ;
#4863 = ORIENTED_EDGE ( 'NONE', *, *, #478, .T. ) ;
#4864 = VERTEX_POINT ( 'NONE', #5074 ) ;
#4865 = PLANE ( 'NONE',  #9110 ) ;
#4866 = ORIENTED_EDGE ( 'NONE', *, *, #7620, .T. ) ;
#4867 = ADVANCED_FACE ( 'NONE', ( #182 ), #5122, .T. ) ;
#4868 = AXIS2_PLACEMENT_3D ( 'NONE', #9156, #2647, #5552 ) ;
#4869 = EDGE_CURVE ( 'NONE', #3239, #6242, #438, .T. ) ;
#4870 = EDGE_LOOP ( 'NONE', ( #4187, #4432, #494, #1824, #8871, #391, #6039, #8504, #1333, #3342, #1073, #3254, #1113 ) ) ;
#4871 = CARTESIAN_POINT ( 'NONE',  ( -60.05073236542024517, -25.31482886712318958, -6.766399720341551571 ) ) ;
#4872 = VERTEX_POINT ( 'NONE', #3647 ) ;
#4873 = CARTESIAN_POINT ( 'NONE',  ( 4.006559040048433218, -14.57499999999999929, 3.284344522005431255 ) ) ;
#4874 = CARTESIAN_POINT ( 'NONE',  ( -14.42158689150289952, -23.24999999999999645, 20.93683708947935429 ) ) ;
#4875 = ORIENTED_EDGE ( 'NONE', *, *, #7711, .F. ) ;
#4876 = ORIENTED_EDGE ( 'NONE', *, *, #1675, .T. ) ;
#4877 = DIRECTION ( 'NONE',  ( -0.000000000000000000, -1.000000000000000000, -0.000000000000000000 ) ) ;
#4878 = EDGE_CURVE ( 'NONE', #8203, #211, #6590, .T. ) ;
#4879 = DIRECTION ( 'NONE',  ( -1.000000000000000000, 0.000000000000000000, 0.000000000000000000 ) ) ;
#4880 = CARTESIAN_POINT ( 'NONE',  ( -58.09344095995156465, -21.92999999999999616, -0.5000000000000000000 ) ) ;
#4881 = EDGE_CURVE ( 'NONE', #6477, #36, #1651, .T. ) ;
#4882 = FACE_OUTER_BOUND ( 'NONE', #4768, .T. ) ;
#4883 = DIRECTION ( 'NONE',  ( 0.000000000000000000, 0.000000000000000000, -1.000000000000000000 ) ) ;
#4884 = ORIENTED_EDGE ( 'NONE', *, *, #8343, .F. ) ;
#4885 = CARTESIAN_POINT ( 'NONE',  ( 4.006559040048433218, -21.92999999999999616, 19.58434452200542708 ) ) ;
#4886 = CARTESIAN_POINT ( 'NONE',  ( -12.85293816568222525, -8.770157635237881166, 27.73360027965844665 ) ) ;
#4887 = CARTESIAN_POINT ( 'NONE',  ( -49.93264868747384355, -21.92999999999999616, 0.5000000000000002220 ) ) ;
#4888 = LINE ( 'NONE', #3362, #2868 ) ;
#4889 = EDGE_CURVE ( 'NONE', #2461, #8697, #6546, .T. ) ;
#4890 = ORIENTED_EDGE ( 'NONE', *, *, #3071, .F. ) ;
#4891 = ADVANCED_FACE ( 'NONE', ( #3787 ), #5832, .F. ) ;
#4892 = CARTESIAN_POINT ( 'NONE',  ( 7.852138384579765429, -8.826329982690658937, -4.766399720341551571 ) ) ;
#4893 = CARTESIAN_POINT ( 'NONE',  ( 18.18099059628930192, -20.71838846451663230, -6.766399720341551571 ) ) ;
#4894 = LINE ( 'NONE', #7027, #7676 ) ;
#4895 = VERTEX_POINT ( 'NONE', #5206 ) ;
#4896 = VERTEX_POINT ( 'NONE', #2224 ) ;
#4897 = ORIENTED_EDGE ( 'NONE', *, *, #3570, .F. ) ;
#4898 = LINE ( 'NONE', #4139, #3942 ) ;
#4899 = CARTESIAN_POINT ( 'NONE',  ( -54.49344095995157033, -21.92999999999999616, 3.643335177658550528 ) ) ;
#4900 = EDGE_CURVE ( 'NONE', #4728, #6194, #1947, .T. ) ;
#4901 = ORIENTED_EDGE ( 'NONE', *, *, #1281, .T. ) ;
#4902 = CARTESIAN_POINT ( 'NONE',  ( -8.421534865563451433, -16.48614634097089393, 23.50000000000000000 ) ) ;
#4903 = VECTOR ( 'NONE', #6400, 1000.000000000000000 ) ;
#4904 = DIRECTION ( 'NONE',  ( -0.000000000000000000, -0.000000000000000000, 1.000000000000000000 ) ) ;
#4905 = EDGE_CURVE ( 'NONE', #651, #7147, #6688, .T. ) ;
#4906 = EDGE_LOOP ( 'NONE', ( #4499, #2907 ) ) ;
#4907 = ORIENTED_EDGE ( 'NONE', *, *, #2917, .F. ) ;
#4908 = CARTESIAN_POINT ( 'NONE',  ( -11.90198937725307893, -9.928213204853570062, 26.77397846476551280 ) ) ;
#4909 = AXIS2_PLACEMENT_3D ( 'NONE', #4016, #5538, #5491 ) ;
#4910 = ORIENTED_EDGE ( 'NONE', *, *, #3251, .F. ) ;
#4911 = ORIENTED_EDGE ( 'NONE', *, *, #7086, .T. ) ;
#4912 = FACE_OUTER_BOUND ( 'NONE', #4840, .T. ) ;
#4913 = ORIENTED_EDGE ( 'NONE', *, *, #5873, .F. ) ;
#4914 = EDGE_CURVE ( 'NONE', #5901, #6725, #5587, .T. ) ;
#4915 = CARTESIAN_POINT ( 'NONE',  ( 9.758732317341049622, -17.35652330467017634, -3.266399720341551127 ) ) ;
#4916 = VECTOR ( 'NONE', #723, 1000.000000000000000 ) ;
#4917 = DIRECTION ( 'NONE',  ( 0.000000000000000000, 0.000000000000000000, 1.000000000000000000 ) ) ;
#4918 = EDGE_CURVE ( 'NONE', #7479, #8751, #7918, .T. ) ;
#4919 = EDGE_CURVE ( 'NONE', #302, #131, #1495, .T. ) ;
#4920 = EDGE_LOOP ( 'NONE', ( #6672, #1411, #2762, #7228 ) ) ;
#4921 = VERTEX_POINT ( 'NONE', #4457 ) ;
#4922 = DIRECTION ( 'NONE',  ( 0.000000000000000000, 1.000000000000000000, 0.000000000000000000 ) ) ;
#4923 = CIRCLE ( 'NONE', #7804, 1.600000000000004086 ) ;
#4924 = CARTESIAN_POINT ( 'NONE',  ( -66.98095531993472207, -21.03051657120438378, -3.266399720341551127 ) ) ;
#4925 = LINE ( 'NONE', #5546, #7124 ) ;
#4926 = CARTESIAN_POINT ( 'NONE',  ( -49.51752198131478622, -18.91796799097089732, 25.73360027965844665 ) ) ;
#4927 = CARTESIAN_POINT ( 'NONE',  ( -63.47315361195479966, -5.004056775174929861, -4.766399720341551571 ) ) ;
#4928 = FACE_OUTER_BOUND ( 'NONE', #3821, .T. ) ;
#4929 = VECTOR ( 'NONE', #2340, 1000.000000000000000 ) ;
#4930 = ADVANCED_FACE ( 'NONE', ( #4319 ), #3742, .T. ) ;
#4931 = VERTEX_POINT ( 'NONE', #2458 ) ;
#4932 = LINE ( 'NONE', #2957, #6687 ) ;
#4933 = DIRECTION ( 'NONE',  ( -0.000000000000000000, 1.000000000000000000, -0.000000000000000000 ) ) ;
#4934 = VECTOR ( 'NONE', #1761, 1000.000000000000114 ) ;
#4935 = CARTESIAN_POINT ( 'NONE',  ( -11.02830546420950242, -8.826403837643525208, 26.77397846476551280 ) ) ;
#4936 = CARTESIAN_POINT ( 'NONE',  ( -47.95232035379806490, -20.31514632978691992, 23.50000000000000000 ) ) ;
#4937 = AXIS2_PLACEMENT_3D ( 'NONE', #5097, #4437, #7988 ) ;
#4938 = ORIENTED_EDGE ( 'NONE', *, *, #3766, .F. ) ;
#4939 = CARTESIAN_POINT ( 'NONE',  ( -45.51752198131479332, -18.91796799097089732, 22.73360027965845021 ) ) ;
#4940 = LINE ( 'NONE', #4225, #2947 ) ;
#4941 = CARTESIAN_POINT ( 'NONE',  ( -3.017521981314791102, -18.91796799097090087, 22.73360027965845021 ) ) ;
#4942 = AXIS2_PLACEMENT_3D ( 'NONE', #4448, #5064, #6488 ) ;
#4943 = EDGE_LOOP ( 'NONE', ( #5509, #9194, #3075, #4813 ) ) ;
#4944 = EDGE_CURVE ( 'NONE', #6342, #1638, #4597, .T. ) ;
#4945 = VECTOR ( 'NONE', #6897, 1000.000000000000000 ) ;
#4946 = EDGE_CURVE ( 'NONE', #1545, #2065, #945, .T. ) ;
#4947 = VERTEX_POINT ( 'NONE', #8291 ) ;
#4948 = EDGE_CURVE ( 'NONE', #6725, #4045, #2504, .T. ) ;
#4949 = FACE_OUTER_BOUND ( 'NONE', #293, .T. ) ;
#4950 = DIRECTION ( 'NONE',  ( -1.000000000000000000, 0.000000000000000000, 0.000000000000000000 ) ) ;
#4951 = AXIS2_PLACEMENT_3D ( 'NONE', #4043, #6940, #437 ) ;
#4952 = ORIENTED_EDGE ( 'NONE', *, *, #4566, .F. ) ;
#4953 = PLANE ( 'NONE',  #6146 ) ;
#4954 = CYLINDRICAL_SURFACE ( 'NONE', #3397, 4.100000000000007638 ) ;
#4955 = ADVANCED_FACE ( 'NONE', ( #993 ), #3212, .T. ) ;
#4956 = AXIS2_PLACEMENT_3D ( 'NONE', #5209, #5835, #8727 ) ;
#4957 = ORIENTED_EDGE ( 'NONE', *, *, #4533, .F. ) ;
#4958 = VERTEX_POINT ( 'NONE', #375 ) ;
#4959 = DIRECTION ( 'NONE',  ( -0.4999999999999997224, 0.000000000000000000, -0.8660254037844388186 ) ) ;
#4960 = ORIENTED_EDGE ( 'NONE', *, *, #7711, .T. ) ;
#4961 = EDGE_LOOP ( 'NONE', ( #5766, #8717 ) ) ;
#4962 = ORIENTED_EDGE ( 'NONE', *, *, #2649, .T. ) ;
#4963 = DIRECTION ( 'NONE',  ( 0.000000000000000000, -1.000000000000000000, 0.000000000000000000 ) ) ;
#4964 = CARTESIAN_POINT ( 'NONE',  ( 7.852138384579761876, -26.24999999999999645, 25.73360027965844665 ) ) ;
#4965 = EDGE_LOOP ( 'NONE', ( #629, #5955, #4749, #3441 ) ) ;
#4966 = ORIENTED_EDGE ( 'NONE', *, *, #8489, .F. ) ;
#4967 = DIRECTION ( 'NONE',  ( -0.000000000000000000, 1.000000000000000000, 0.000000000000000000 ) ) ;
#4968 = DIRECTION ( 'NONE',  ( -0.4999999999999997224, 0.000000000000000000, 0.8660254037844387076 ) ) ;
#4969 = PLANE ( 'NONE',  #2276 ) ;
#4970 = EDGE_CURVE ( 'NONE', #3520, #2354, #7856, .T. ) ;
#4971 = CARTESIAN_POINT ( 'NONE',  ( 11.11862117367210168, -4.994728181037624282, -3.266399720341551127 ) ) ;
#4972 = DIRECTION ( 'NONE',  ( 1.000000000000000000, -3.562839752896116123E-16, 0.000000000000000000 ) ) ;
#4973 = FACE_OUTER_BOUND ( 'NONE', #3812, .T. ) ;
#4974 = ORIENTED_EDGE ( 'NONE', *, *, #1232, .T. ) ;
#4975 = DIRECTION ( 'NONE',  ( -0.000000000000000000, -0.000000000000000000, -1.000000000000000000 ) ) ;
#4976 = EDGE_CURVE ( 'NONE', #5095, #315, #3758, .T. ) ;
#4977 = LINE ( 'NONE', #2126, #9340 ) ;
#4978 = AXIS2_PLACEMENT_3D ( 'NONE', #4939, #9162, #7830 ) ;
#4979 = LINE ( 'NONE', #7295, #4691 ) ;
#4980 = CARTESIAN_POINT ( 'NONE',  ( -2.994029756264177777, -26.24999999999999645, 22.43434452200543205 ) ) ;
#4981 = EDGE_CURVE ( 'NONE', #742, #1247, #276, .T. ) ;
#4982 = VERTEX_POINT ( 'NONE', #6830 ) ;
#4983 = CARTESIAN_POINT ( 'NONE',  ( -47.95232035379806490, -18.91796799097089732, 22.73360027965845021 ) ) ;
#4984 = LINE ( 'NONE', #667, #2503 ) ;
#4985 = CARTESIAN_POINT ( 'NONE',  ( 4.006559040048433218, -8.929999999999994387, -0.06565547799456880607 ) ) ;
#4986 = CIRCLE ( 'NONE', #6199, 3.350000000000002309 ) ;
#4987 = VERTEX_POINT ( 'NONE', #2409 ) ;
#4988 = CARTESIAN_POINT ( 'NONE',  ( -67.52198187529464235, -3.250000000000000444, -3.266399720341551127 ) ) ;
#4989 = CARTESIAN_POINT ( 'NONE',  ( -0.07036931794412223939, -21.92999999999999616, -0.4999999999999998890 ) ) ;
#4990 = LINE ( 'NONE', #7885, #6804 ) ;
#4991 = VECTOR ( 'NONE', #2697, 1000.000000000000000 ) ;
#4992 = VERTEX_POINT ( 'NONE', #8147 ) ;
#4993 = EDGE_CURVE ( 'NONE', #5136, #7109, #5256, .T. ) ;
#4994 = DIRECTION ( 'NONE',  ( -1.000000000000000000, 0.000000000000000000, -0.000000000000000000 ) ) ;
#4995 = ADVANCED_FACE ( 'NONE', ( #330 ), #6925, .T. ) ;
#4996 = DIRECTION ( 'NONE',  ( 0.000000000000000000, -1.000000000000000000, 0.000000000000000000 ) ) ;
#4997 = CARTESIAN_POINT ( 'NONE',  ( -9.825547749812113096, -18.91796799097090087, 23.50000000000000000 ) ) ;
#4998 = VECTOR ( 'NONE', #8202, 1000.000000000000000 ) ;
#4999 = CIRCLE ( 'NONE', #9389, 1.350000000000000533 ) ;
#5000 = ORIENTED_EDGE ( 'NONE', *, *, #6543, .T. ) ;
#5001 = ORIENTED_EDGE ( 'NONE', *, *, #2715, .T. ) ;
#5002 = CARTESIAN_POINT ( 'NONE',  ( -55.39351536273640164, -28.24999999999999645, 25.35934452200542566 ) ) ;
#5003 = ORIENTED_EDGE ( 'NONE', *, *, #8808, .F. ) ;
#5004 = ORIENTED_EDGE ( 'NONE', *, *, #6240, .F. ) ;
#5005 = CARTESIAN_POINT ( 'NONE',  ( -54.49344095995157033, -26.24999999999999645, 16.76811097311695065 ) ) ;
#5006 = VECTOR ( 'NONE', #5869, 1000.000000000000000 ) ;
#5007 = ORIENTED_EDGE ( 'NONE', *, *, #6762, .T. ) ;
#5008 = VECTOR ( 'NONE', #6461, 1000.000000000000000 ) ;
#5009 = ADVANCED_FACE ( 'NONE', ( #422 ), #5305, .T. ) ;
#5010 = CARTESIAN_POINT ( 'NONE',  ( -11.90198937725307893, -9.928213204853571838, 25.73360027965844665 ) ) ;
#5011 = CARTESIAN_POINT ( 'NONE',  ( 35.00000000000000000, -8.826329982690657161, 20.20998229243706845 ) ) ;
#5012 = VERTEX_POINT ( 'NONE', #6022 ) ;
#5013 = COLOUR_RGB ( '',0.7921568627450980005, 0.8196078431372548767, 0.9333333333333333481 ) ;
#5014 = AXIS2_PLACEMENT_3D ( 'NONE', #4171, #476, #7683 ) ;
#5015 = ORIENTED_EDGE ( 'NONE', *, *, #2959, .F. ) ;
#5016 = PLANE ( 'NONE',  #3351 ) ;
#5017 = DIRECTION ( 'NONE',  ( -0.000000000000000000, -1.000000000000000000, -0.000000000000000000 ) ) ;
#5018 = CARTESIAN_POINT ( 'NONE',  ( -53.99344095995156323, -21.92999999999999616, 22.93434452200543205 ) ) ;
#5019 = CARTESIAN_POINT ( 'NONE',  ( -13.95632582902195296, -23.24999999999999645, 3.416424131227112859 ) ) ;
#5020 = FACE_OUTER_BOUND ( 'NONE', #8280, .T. ) ;
#5021 = VECTOR ( 'NONE', #8075, 1000.000000000000000 ) ;
#5022 = CARTESIAN_POINT ( 'NONE',  ( -7.017521981314792434, -18.91796799097090087, 27.73360027965844665 ) ) ;
#5023 = ORIENTED_EDGE ( 'NONE', *, *, #4007, .T. ) ;
#5024 = CARTESIAN_POINT ( 'NONE',  ( -20.14526954535771353, -11.29005581014418880, 25.73360027965844665 ) ) ;
#5025 = DIRECTION ( 'NONE',  ( -1.000000000000000000, 0.000000000000000000, 0.000000000000000000 ) ) ;
#5026 = FACE_OUTER_BOUND ( 'NONE', #5625, .T. ) ;
#5027 = EDGE_LOOP ( 'NONE', ( #9132, #8104 ) ) ;
#5028 = DIRECTION ( 'NONE',  ( 0.000000000000000000, 0.000000000000000000, 1.000000000000000000 ) ) ;
#5029 = DIRECTION ( 'NONE',  ( -0.000000000000000000, 1.000000000000000000, 0.000000000000000000 ) ) ;
#5030 = LINE ( 'NONE', #6413, #4041 ) ;
#5031 = EDGE_LOOP ( 'NONE', ( #5293, #935, #5452, #2931 ) ) ;
#5032 = CARTESIAN_POINT ( 'NONE',  ( -58.09344095995156465, -21.92999999999999616, 23.43434452200543205 ) ) ;
#5033 = EDGE_CURVE ( 'NONE', #8577, #7317, #1710, .T. ) ;
#5034 = CARTESIAN_POINT ( 'NONE',  ( -31.99253646513271931, -13.99840717847742511, 35.00000000000000000 ) ) ;
#5035 = DIRECTION ( 'NONE',  ( 0.000000000000000000, 1.000000000000000000, 0.000000000000000000 ) ) ;
#5036 = ORIENTED_EDGE ( 'NONE', *, *, #9063, .T. ) ;
#5037 = DIRECTION ( 'NONE',  ( 0.000000000000000000, 0.000000000000000000, -1.000000000000000000 ) ) ;
#5038 = DIRECTION ( 'NONE',  ( 0.000000000000000000, 0.000000000000000000, 1.000000000000000000 ) ) ;
#5039 = LINE ( 'NONE', #1933, #1463 ) ;
#5040 = ORIENTED_EDGE ( 'NONE', *, *, #5804, .T. ) ;
#5041 = EDGE_CURVE ( 'NONE', #97, #1027, #4551, .T. ) ;
#5042 = ORIENTED_EDGE ( 'NONE', *, *, #6738, .T. ) ;
#5043 = CARTESIAN_POINT ( 'NONE',  ( -13.10069371300876995, -24.24999999999999289, 25.00000000000000000 ) ) ;
#5044 = EDGE_CURVE ( 'NONE', #6642, #9237, #7441, .T. ) ;
#5045 = ORIENTED_EDGE ( 'NONE', *, *, #7042, .T. ) ;
#5046 = ORIENTED_EDGE ( 'NONE', *, *, #454, .F. ) ;
#5047 = LINE ( 'NONE', #7941, #3494 ) ;
#5048 = VERTEX_POINT ( 'NONE', #3836 ) ;
#5049 = DIRECTION ( 'NONE',  ( 0.000000000000000000, 1.000000000000000000, 0.000000000000000000 ) ) ;
#5050 = EDGE_CURVE ( 'NONE', #4441, #8517, #8532, .T. ) ;
#5051 = VECTOR ( 'NONE', #7637, 1000.000000000000000 ) ;
#5052 = CYLINDRICAL_SURFACE ( 'NONE', #7504, 1.600000000000002531 ) ;
#5053 = VECTOR ( 'NONE', #3354, 1000.000000000000000 ) ;
#5054 = ORIENTED_EDGE ( 'NONE', *, *, #2519, .F. ) ;
#5055 = EDGE_CURVE ( 'NONE', #1663, #7905, #8195, .T. ) ;
#5056 = EDGE_CURVE ( 'NONE', #5117, #3523, #4649, .T. ) ;
#5057 = EDGE_LOOP ( 'NONE', ( #6554, #5796, #3419, #8896 ) ) ;
#5058 = EDGE_CURVE ( 'NONE', #3772, #4525, #5447, .T. ) ;
#5059 = FACE_OUTER_BOUND ( 'NONE', #5723, .T. ) ;
#5060 = LINE ( 'NONE', #2824, #1668 ) ;
#5061 = CARTESIAN_POINT ( 'NONE',  ( -31.99253646513271221, -14.99840717847743932, 27.73360027965844665 ) ) ;
#5062 = AXIS2_PLACEMENT_3D ( 'NONE', #4915, #4963, #3343 ) ;
#5063 = LINE ( 'NONE', #2214, #2316 ) ;
#5064 = DIRECTION ( 'NONE',  ( 0.000000000000000000, 0.000000000000000000, 1.000000000000000000 ) ) ;
#5065 = LINE ( 'NONE', #5114, #9170 ) ;
#5066 = ORIENTED_EDGE ( 'NONE', *, *, #1284, .F. ) ;
#5067 = VECTOR ( 'NONE', #6557, 1000.000000000000000 ) ;
#5068 = EDGE_CURVE ( 'NONE', #238, #2210, #6971, .T. ) ;
#5069 = VERTEX_POINT ( 'NONE', #1894 ) ;
#5070 = DIRECTION ( 'NONE',  ( -1.000000000000000000, 0.000000000000000000, 0.000000000000000000 ) ) ;
#5071 = CARTESIAN_POINT ( 'NONE',  ( -68.52198187529464235, -4.250000000000000000, -3.266399720341551127 ) ) ;
#5072 = DIRECTION ( 'NONE',  ( 0.000000000000000000, 0.000000000000000000, -1.000000000000000000 ) ) ;
#5073 = ORIENTED_EDGE ( 'NONE', *, *, #5689, .F. ) ;
#5074 = CARTESIAN_POINT ( 'NONE',  ( -13.10069371300876995, -26.24999999999999645, 1.129663705710173716 ) ) ;
#5075 = CARTESIAN_POINT ( 'NONE',  ( -49.89344095995156891, -21.92999999999999616, -0.5000000000000000000 ) ) ;
#5076 = AXIS2_PLACEMENT_3D ( 'NONE', #6200, #8953, #1795 ) ;
#5077 = DIRECTION ( 'NONE',  ( -1.000000000000000000, 0.000000000000000000, 0.000000000000000000 ) ) ;
#5078 = ORIENTED_EDGE ( 'NONE', *, *, #2705, .T. ) ;
#5079 = DIRECTION ( 'NONE',  ( 0.4999999999999997224, 0.000000000000000000, 0.8660254037844388186 ) ) ;
#5080 = DIRECTION ( 'NONE',  ( 0.000000000000000000, 0.000000000000000000, -1.000000000000000000 ) ) ;
#5081 = AXIS2_PLACEMENT_3D ( 'NONE', #4157, #1227, #3345 ) ;
#5082 = EDGE_CURVE ( 'NONE', #4536, #4743, #7776, .T. ) ;
#5083 = DIRECTION ( 'NONE',  ( -0.000000000000000000, -1.000000000000000000, -0.000000000000000000 ) ) ;
#5084 = ORIENTED_EDGE ( 'NONE', *, *, #4142, .T. ) ;
#5085 = DIRECTION ( 'NONE',  ( 0.000000000000000000, 0.000000000000000000, -1.000000000000000000 ) ) ;
#5086 = VECTOR ( 'NONE', #6886, 1000.000000000000000 ) ;
#5087 = EDGE_CURVE ( 'NONE', #6008, #2914, #8221, .T. ) ;
#5088 = CARTESIAN_POINT ( 'NONE',  ( 6.352138384579765429, -28.24999999999999645, -3.266399720341551127 ) ) ;
#5089 = CARTESIAN_POINT ( 'NONE',  ( 11.12228341961742117, -4.994728181037624282, -4.766399720341551571 ) ) ;
#5090 = VECTOR ( 'NONE', #6521, 1000.000000000000000 ) ;
#5091 = EDGE_LOOP ( 'NONE', ( #9201, #197, #5774, #1343, #6792, #1378 ) ) ;
#5092 = VERTEX_POINT ( 'NONE', #4926 ) ;
#5093 = CARTESIAN_POINT ( 'NONE',  ( -0.09990632572923120736, -21.96817157266930209, -0.1986439490882254688 ) ) ;
#5094 = VECTOR ( 'NONE', #7527, 1000.000000000000000 ) ;
#5095 = VERTEX_POINT ( 'NONE', #7015 ) ;
#5096 = VERTEX_POINT ( 'NONE', #4264 ) ;
#5097 = CARTESIAN_POINT ( 'NONE',  ( 4.006559040048433218, -8.929999999999994387, 22.93434452200543205 ) ) ;
#5098 = EDGE_LOOP ( 'NONE', ( #6327, #7904, #1134, #2509, #547, #2900, #1821, #5648, #1690, #9036, #3950 ) ) ;
#5099 = EDGE_CURVE ( 'NONE', #1247, #3601, #3492, .T. ) ;
#5100 = DIRECTION ( 'NONE',  ( -0.000000000000000000, -1.000000000000000000, -0.000000000000000000 ) ) ;
#5101 = PLANE ( 'NONE',  #5542 ) ;
#5102 = AXIS2_PLACEMENT_3D ( 'NONE', #5369, #2426, #3948 ) ;
#5103 = AXIS2_PLACEMENT_3D ( 'NONE', #1609, #8810, #327 ) ;
#5104 = EDGE_LOOP ( 'NONE', ( #1459, #7043, #8892, #2951 ) ) ;
#5105 = ORIENTED_EDGE ( 'NONE', *, *, #4976, .T. ) ;
#5106 = CARTESIAN_POINT ( 'NONE',  ( -21.38836543812355373, -3.249999999999999556, 26.77397846476551280 ) ) ;
#5107 = AXIS2_PLACEMENT_3D ( 'NONE', #1192, #565, #7727 ) ;
#5108 = ORIENTED_EDGE ( 'NONE', *, *, #7056, .T. ) ;
#5109 = FACE_OUTER_BOUND ( 'NONE', #5227, .T. ) ;
#5110 = LINE ( 'NONE', #7909, #914 ) ;
#5111 = CARTESIAN_POINT ( 'NONE',  ( -9.100693713008769947, -24.24999999999999289, 3.416424131227112859 ) ) ;
#5112 = EDGE_CURVE ( 'NONE', #1305, #3686, #3538, .T. ) ;
#5113 = DIRECTION ( 'NONE',  ( 0.000000000000000000, -0.000000000000000000, 1.000000000000000000 ) ) ;
#5115 = ADVANCED_FACE ( 'NONE', ( #9100 ), #1373, .T. ) ;
#5114 = CARTESIAN_POINT ( 'NONE',  ( 6.859799299065990397, -14.57499999999999929, 2.058177442568553062 ) ) ;
#5116 = EDGE_CURVE ( 'NONE', #248, #4777, #358, .T. ) ;
#5117 = VERTEX_POINT ( 'NONE', #8484 ) ;
#5118 = ORIENTED_EDGE ( 'NONE', *, *, #2600, .F. ) ;
#5119 = CYLINDRICAL_SURFACE ( 'NONE', #2969, 0.5000000000000004441 ) ;
#5120 = LINE ( 'NONE', #850, #6050 ) ;
#5121 = FACE_BOUND ( 'NONE', #1897, .T. ) ;
#5122 = PLANE ( 'NONE',  #8459 ) ;
#5123 = CARTESIAN_POINT ( 'NONE',  ( 3.506559040048432774, -26.24999999999999645, 18.86494653213027206 ) ) ;
#5124 = EDGE_CURVE ( 'NONE', #2846, #9018, #9282, .T. ) ;
#5125 = DIRECTION ( 'NONE',  ( 0.000000000000000000, -1.000000000000000000, 0.000000000000000000 ) ) ;
#5126 = ORIENTED_EDGE ( 'NONE', *, *, #7208, .F. ) ;
#5127 = CYLINDRICAL_SURFACE ( 'NONE', #4714, 1.000000000000000888 ) ;
#5128 = CARTESIAN_POINT ( 'NONE',  ( -5.817521981314792257, -18.91796799097090087, 27.73360027965844665 ) ) ;
#5129 = FACE_OUTER_BOUND ( 'NONE', #949, .T. ) ;
#5130 = ORIENTED_EDGE ( 'NONE', *, *, #4493, .T. ) ;
#5131 = DIRECTION ( 'NONE',  ( -0.000000000000000000, 0.000000000000000000, 1.000000000000000000 ) ) ;
#5132 = VECTOR ( 'NONE', #3987, 1000.000000000000000 ) ;
#5133 = CARTESIAN_POINT ( 'NONE',  ( -14.42158689150289952, -23.24999999999999645, 20.93683708947935429 ) ) ;
#5134 = DIRECTION ( 'NONE',  ( 0.000000000000000000, 0.000000000000000000, -1.000000000000000000 ) ) ;
#5135 = ORIENTED_EDGE ( 'NONE', *, *, #6219, .F. ) ;
#5136 = VERTEX_POINT ( 'NONE', #2032 ) ;
#5137 = CARTESIAN_POINT ( 'NONE',  ( 1.415838343884464390, -8.929999999999994387, 2.058177442568553062 ) ) ;
#5138 = AXIS2_PLACEMENT_3D ( 'NONE', #3642, #6541, #4316 ) ;
#5139 = VERTEX_POINT ( 'NONE', #7723 ) ;
#5140 = ORIENTED_EDGE ( 'NONE', *, *, #659, .F. ) ;
#5141 = DIRECTION ( 'NONE',  ( 0.000000000000000000, 0.000000000000000000, 1.000000000000000000 ) ) ;
#5142 = ORIENTED_EDGE ( 'NONE', *, *, #5055, .T. ) ;
#5143 = CARTESIAN_POINT ( 'NONE',  ( 15.98308861578300011, -4.250000000000000000, -6.766399720341551571 ) ) ;
#5144 = AXIS2_PLACEMENT_3D ( 'NONE', #4924, #1849, #4738 ) ;
#5145 = DIRECTION ( 'NONE',  ( 0.000000000000000000, 0.000000000000000000, 1.000000000000000000 ) ) ;
#5146 = ORIENTED_EDGE ( 'NONE', *, *, #3662, .F. ) ;
#5147 = LINE ( 'NONE', #4531, #4414 ) ;
#5148 = EDGE_CURVE ( 'NONE', #1498, #4931, #2598, .T. ) ;
#5149 = ORIENTED_EDGE ( 'NONE', *, *, #6785, .T. ) ;
#5150 = LINE ( 'NONE', #4490, #1299 ) ;
#5151 = AXIS2_PLACEMENT_3D ( 'NONE', #3463, #5517, #490 ) ;
#5152 = ORIENTED_EDGE ( 'NONE', *, *, #3994, .T. ) ;
#5153 = CYLINDRICAL_SURFACE ( 'NONE', #7131, 4.099999999999999645 ) ;
#5154 = CARTESIAN_POINT ( 'NONE',  ( -13.10069371300876995, -24.24999999999999289, 25.00000000000000000 ) ) ;
#5155 = PLANE ( 'NONE',  #8571 ) ;
#5156 = DIRECTION ( 'NONE',  ( 0.000000000000000000, -0.000000000000000000, 1.000000000000000000 ) ) ;
#5157 = CIRCLE ( 'NONE', #7132, 0.5000000000000004441 ) ;
#5158 = ORIENTED_EDGE ( 'NONE', *, *, #6299, .T. ) ;
#5159 = ADVANCED_FACE ( 'NONE', ( #4882 ), #1941, .T. ) ;
#5160 = ORIENTED_EDGE ( 'NONE', *, *, #8254, .T. ) ;
#5161 = PLANE ( 'NONE',  #5722 ) ;
#5162 = EDGE_CURVE ( 'NONE', #3228, #8630, #5595, .T. ) ;
#5163 = DIRECTION ( 'NONE',  ( -0.000000000000000000, -0.000000000000000000, -1.000000000000000000 ) ) ;
#5164 = LINE ( 'NONE', #3547, #6522 ) ;
#5165 = AXIS2_PLACEMENT_3D ( 'NONE', #569, #4700, #4084 ) ;
#5166 = CARTESIAN_POINT ( 'NONE',  ( -60.05073236542024517, -3.249999999999999556, 24.23360027965844665 ) ) ;
#5167 = LINE ( 'NONE', #5207, #7662 ) ;
#5168 = CARTESIAN_POINT ( 'NONE',  ( 11.12228341961741762, -25.27535387189999128, -6.766399720341551571 ) ) ;
#5169 = EDGE_LOOP ( 'NONE', ( #8078, #8086, #5991, #1727 ) ) ;
#5170 = CARTESIAN_POINT ( 'NONE',  ( -63.47315361195479966, -15.66790477302092199, -3.266399720341551127 ) ) ;
#5171 = DIRECTION ( 'NONE',  ( 0.000000000000000000, 0.000000000000000000, -1.000000000000000000 ) ) ;
#5172 = ADVANCED_FACE ( 'NONE', ( #4212 ), #1987, .T. ) ;
#5173 = DIRECTION ( 'NONE',  ( 0.000000000000000000, -0.000000000000000000, 1.000000000000000000 ) ) ;
#5174 = ORIENTED_EDGE ( 'NONE', *, *, #3437, .F. ) ;
#5175 = DIRECTION ( 'NONE',  ( 0.000000000000000000, -1.000000000000000000, 0.000000000000000000 ) ) ;
#5176 = LINE ( 'NONE', #3078, #6585 ) ;
#5177 = DIRECTION ( 'NONE',  ( 1.000000000000000000, 0.000000000000000000, 0.000000000000000000 ) ) ;
#5178 = ORIENTED_EDGE ( 'NONE', *, *, #8298, .T. ) ;
#5179 = ORIENTED_EDGE ( 'NONE', *, *, #359, .T. ) ;
#5180 = FACE_OUTER_BOUND ( 'NONE', #4295, .T. ) ;
#5181 = EDGE_CURVE ( 'NONE', #8655, #5139, #7063, .T. ) ;
#5182 = ORIENTED_EDGE ( 'NONE', *, *, #425, .T. ) ;
#5183 = ORIENTED_EDGE ( 'NONE', *, *, #762, .T. ) ;
#5184 = PLANE ( 'NONE',  #4639 ) ;
#5185 = VERTEX_POINT ( 'NONE', #4075 ) ;
#5186 = DIRECTION ( 'NONE',  ( -1.000000000000000000, 0.000000000000000000, -0.000000000000000000 ) ) ;
#5187 = DIRECTION ( 'NONE',  ( 1.000000000000000000, 0.000000000000000000, -0.000000000000000000 ) ) ;
#5188 = ORIENTED_EDGE ( 'NONE', *, *, #7921, .F. ) ;
#5189 = DIRECTION ( 'NONE',  ( 1.000000000000000000, 0.000000000000000000, 0.000000000000000000 ) ) ;
#5190 = VERTEX_POINT ( 'NONE', #9242 ) ;
#5191 = DIRECTION ( 'NONE',  ( 0.000000000000000000, 0.000000000000000000, 1.000000000000000000 ) ) ;
#5192 = ORIENTED_EDGE ( 'NONE', *, *, #3132, .F. ) ;
#5193 = DIRECTION ( 'NONE',  ( 1.000000000000000000, 0.000000000000000000, 0.000000000000000000 ) ) ;
#5194 = CARTESIAN_POINT ( 'NONE',  ( -9.100693713008769947, -26.24999999999999645, 25.00000000000000000 ) ) ;
#5195 = DIRECTION ( 'NONE',  ( 0.000000000000000000, 0.000000000000000000, -1.000000000000000000 ) ) ;
#5196 = VECTOR ( 'NONE', #3886, 1000.000000000000000 ) ;
#5197 = CARTESIAN_POINT ( 'NONE',  ( 7.852138384579761876, -26.24999999999999645, 27.73360027965844665 ) ) ;
#5198 = EDGE_CURVE ( 'NONE', #4335, #3436, #7105, .T. ) ;
#5199 = ORIENTED_EDGE ( 'NONE', *, *, #5198, .T. ) ;
#5200 = AXIS2_PLACEMENT_3D ( 'NONE', #5361, #4558, #5262 ) ;
#5201 = ORIENTED_EDGE ( 'NONE', *, *, #4530, .F. ) ;
#5202 = LINE ( 'NONE', #8958, #6316 ) ;
#5203 = CIRCLE ( 'NONE', #5822, 4.099999999999999645 ) ;
#5204 = DIRECTION ( 'NONE',  ( -0.000000000000000000, 0.000000000000000000, 1.000000000000000000 ) ) ;
#5205 = DIRECTION ( 'NONE',  ( 0.000000000000000000, 0.000000000000000000, -1.000000000000000000 ) ) ;
#5206 = CARTESIAN_POINT ( 'NONE',  ( -12.40198937725308248, -11.79005581014418880, 26.77397846476551280 ) ) ;
#5207 = CARTESIAN_POINT ( 'NONE',  ( -0.07410584242694209789, -21.92999999999999616, -0.5000000000000000000 ) ) ;
#5208 = EDGE_CURVE ( 'NONE', #1353, #2136, #513, .T. ) ;
#5209 = CARTESIAN_POINT ( 'NONE',  ( -53.99344095995156323, -8.929999999999994387, 22.93434452200543205 ) ) ;
#5210 = AXIS2_PLACEMENT_3D ( 'NONE', #2758, #818, #1442 ) ;
#5211 = ORIENTED_EDGE ( 'NONE', *, *, #8478, .T. ) ;
#5212 = DIRECTION ( 'NONE',  ( 0.000000000000000000, 1.000000000000000000, 0.000000000000000000 ) ) ;
#5213 = CARTESIAN_POINT ( 'NONE',  ( -46.30751559817667840, -26.24999999999999645, 22.43434452200543205 ) ) ;
#5214 = LINE ( 'NONE', #7976, #5891 ) ;
#5215 = AXIS2_PLACEMENT_3D ( 'NONE', #3778, #3054, #2166 ) ;
#5216 = EDGE_LOOP ( 'NONE', ( #1743, #1746, #5494, #3880, #4678, #9142, #5135 ) ) ;
#5217 = CARTESIAN_POINT ( 'NONE',  ( -21.00632283287208324, -14.99840717847743932, 27.73360027965844665 ) ) ;
#5218 = LINE ( 'NONE', #148, #2332 ) ;
#5219 = CARTESIAN_POINT ( 'NONE',  ( -14.45632582902195473, -26.24999999999999645, 3.416424131227112859 ) ) ;
#5220 = EDGE_CURVE ( 'NONE', #4625, #3349, #5682, .T. ) ;
#5221 = ADVANCED_FACE ( 'NONE', ( #841, #8804 ), #5778, .T. ) ;
#5222 = EDGE_CURVE ( 'NONE', #3030, #3133, #7192, .T. ) ;
#5223 = VECTOR ( 'NONE', #5428, 1000.000000000000000 ) ;
#5224 = VERTEX_POINT ( 'NONE', #5019 ) ;
#5225 = EDGE_LOOP ( 'NONE', ( #4614, #7565, #8324, #202 ) ) ;
#5226 = CARTESIAN_POINT ( 'NONE',  ( -53.99344095995156323, -21.92999999999999616, 19.58434452200542708 ) ) ;
#5227 = EDGE_LOOP ( 'NONE', ( #4052, #4754, #6132, #6911, #6945, #8380, #2422, #3698, #2525, #6423, #4715, #1983 ) ) ;
#5228 = VECTOR ( 'NONE', #2044, 1000.000000000000000 ) ;
#5229 = VERTEX_POINT ( 'NONE', #7334 ) ;
#5230 = DIRECTION ( 'NONE',  ( 0.000000000000000000, 0.4432379069006490147, 0.8964040148762899562 ) ) ;
#5231 = VECTOR ( 'NONE', #3138, 999.9999999999998863 ) ;
#5232 = ORIENTED_EDGE ( 'NONE', *, *, #4420, .F. ) ;
#5233 = LINE ( 'NONE', #304, #8839 ) ;
#5234 = DIRECTION ( 'NONE',  ( 0.000000000000000000, 0.000000000000000000, -1.000000000000000000 ) ) ;
#5235 = EDGE_CURVE ( 'NONE', #1994, #8515, #8091, .T. ) ;
#5236 = AXIS2_PLACEMENT_3D ( 'NONE', #4355, #8805, #6536 ) ;
#5237 = ORIENTED_EDGE ( 'NONE', *, *, #3779, .F. ) ;
#5238 = CARTESIAN_POINT ( 'NONE',  ( -33.12290989087977522, -13.99840717847742511, 26.73360027965844665 ) ) ;
#5239 = AXIS2_PLACEMENT_3D ( 'NONE', #5462, #3127, #3274 ) ;
#5240 = VERTEX_POINT ( 'NONE', #4495 ) ;
#5241 = CARTESIAN_POINT ( 'NONE',  ( -33.12290989087977522, -8.826403837643525208, 35.00000000000000000 ) ) ;
#5242 = VERTEX_POINT ( 'NONE', #6580 ) ;
#5243 = CARTESIAN_POINT ( 'NONE',  ( -12.40198937725308070, -11.79005581014418880, 25.73360027965844665 ) ) ;
#5244 = ORIENTED_EDGE ( 'NONE', *, *, #3834, .T. ) ;
#5245 = AXIS2_PLACEMENT_3D ( 'NONE', #4985, #8500, #3457 ) ;
#5246 = PLANE ( 'NONE',  #4156 ) ;
#5247 = DIRECTION ( 'NONE',  ( -1.000000000000000000, 0.000000000000000000, -0.000000000000000000 ) ) ;
#5248 = CARTESIAN_POINT ( 'NONE',  ( 9.758732317341051399, -3.250000000000000444, -4.766399720341551571 ) ) ;
#5249 = EDGE_LOOP ( 'NONE', ( #3676, #5140, #2125, #9366 ) ) ;
#5250 = AXIS2_PLACEMENT_3D ( 'NONE', #3308, #5309, #1854 ) ;
#5251 = ORIENTED_EDGE ( 'NONE', *, *, #9160, .T. ) ;
#5252 = CARTESIAN_POINT ( 'NONE',  ( 9.758732317341049622, -17.35652330467017634, -4.069591962133022101 ) ) ;
#5253 = EDGE_CURVE ( 'NONE', #9018, #4094, #5870, .T. ) ;
#5254 = DIRECTION ( 'NONE',  ( 1.000000000000000000, 0.000000000000000000, -0.000000000000000000 ) ) ;
#5255 = LINE ( 'NONE', #7582, #4397 ) ;
#5256 = LINE ( 'NONE', #7584, #7475 ) ;
#5257 = CARTESIAN_POINT ( 'NONE',  ( 18.18099059628930192, -21.03301371225455441, -6.766399720341551571 ) ) ;
#5258 = CARTESIAN_POINT ( 'NONE',  ( -7.774235610263285245, -23.74999999999999645, 3.416424131227112859 ) ) ;
#5259 = EDGE_CURVE ( 'NONE', #7205, #6142, #7381, .T. ) ;
#5260 = EDGE_LOOP ( 'NONE', ( #7615, #4731, #475, #7674 ) ) ;
#5261 = PLANE ( 'NONE',  #465 ) ;
#5262 = DIRECTION ( 'NONE',  ( -1.000000000000000000, 0.000000000000000000, 0.000000000000000000 ) ) ;
#5263 = EDGE_CURVE ( 'NONE', #196, #5677, #7318, .T. ) ;
#5264 = EDGE_CURVE ( 'NONE', #3137, #6559, #1121, .T. ) ;
#5265 = LINE ( 'NONE', #2369, #5132 ) ;
#5266 = DIRECTION ( 'NONE',  ( -0.7071067811865474617, 0.7071067811865474617, 0.000000000000000000 ) ) ;
#5267 = ORIENTED_EDGE ( 'NONE', *, *, #1422, .T. ) ;
#5268 = DIRECTION ( 'NONE',  ( 1.000000000000000000, 0.000000000000000000, 0.000000000000000000 ) ) ;
#5269 = LINE ( 'NONE', #7598, #999 ) ;
#5270 = CARTESIAN_POINT ( 'NONE',  ( 4.006559040048433218, -8.929999999999994387, -0.06565547799456880607 ) ) ;
#5271 = DIRECTION ( 'NONE',  ( -0.000000000000000000, -0.000000000000000000, 1.000000000000000000 ) ) ;
#5272 = AXIS2_PLACEMENT_3D ( 'NONE', #6084, #3990, #1814 ) ;
#5273 = ORIENTED_EDGE ( 'NONE', *, *, #190, .F. ) ;
#5274 = ORIENTED_EDGE ( 'NONE', *, *, #2190, .T. ) ;
#5275 = LINE ( 'NONE', #6133, #6665 ) ;
#5276 = ORIENTED_EDGE ( 'NONE', *, *, #3673, .T. ) ;
#5277 = VECTOR ( 'NONE', #1101, 1000.000000000000000 ) ;
#5278 = EDGE_CURVE ( 'NONE', #9230, #3065, #5063, .T. ) ;
#5279 = EDGE_LOOP ( 'NONE', ( #371, #3286, #6779, #8157 ) ) ;
#5280 = CARTESIAN_POINT ( 'NONE',  ( 4.506559040048433218, -21.92999999999999616, 4.034344522005438805 ) ) ;
#5281 = ORIENTED_EDGE ( 'NONE', *, *, #6166, .T. ) ;
#5282 = CARTESIAN_POINT ( 'NONE',  ( -21.00632283287208324, -8.826403837643525208, 26.77397846476551280 ) ) ;
#5283 = DIRECTION ( 'NONE',  ( -0.5000000000000000000, 0.8660254037844385966, 0.000000000000000000 ) ) ;
#5284 = CIRCLE ( 'NONE', #3615, 4.099999999999999645 ) ;
#5285 = ORIENTED_EDGE ( 'NONE', *, *, #8242, .T. ) ;
#5286 = CARTESIAN_POINT ( 'NONE',  ( -52.15315098191918253, -21.92999999999999616, 25.73360027965844665 ) ) ;
#5287 = ORIENTED_EDGE ( 'NONE', *, *, #3250, .T. ) ;
#5288 = DIRECTION ( 'NONE',  ( 0.000000000000000000, 0.000000000000000000, -1.000000000000000000 ) ) ;
#5289 = ADVANCED_FACE ( 'NONE', ( #6629 ), #4354, .F. ) ;
#5290 = VERTEX_POINT ( 'NONE', #7239 ) ;
#5291 = CARTESIAN_POINT ( 'NONE',  ( -54.49344095995157033, -21.92999999999999616, 18.83434452200543063 ) ) ;
#5292 = AXIS2_PLACEMENT_3D ( 'NONE', #9240, #5636, #8524 ) ;
#5293 = ORIENTED_EDGE ( 'NONE', *, *, #8702, .F. ) ;
#5294 = LINE ( 'NONE', #1840, #9292 ) ;
#5295 = DIRECTION ( 'NONE',  ( 1.000000000000000000, 0.000000000000000000, 0.000000000000000000 ) ) ;
#5296 = FACE_OUTER_BOUND ( 'NONE', #3039, .T. ) ;
#5297 = ORIENTED_EDGE ( 'NONE', *, *, #7604, .F. ) ;
#5298 = AXIS2_PLACEMENT_3D ( 'NONE', #6029, #8920, #1812 ) ;
#5299 = AXIS2_PLACEMENT_3D ( 'NONE', #4668, #1064, #3952 ) ;
#5300 = EDGE_LOOP ( 'NONE', ( #3755, #7331, #603, #3626 ) ) ;
#5301 = DIRECTION ( 'NONE',  ( 0.000000000000000000, 1.000000000000000000, 0.000000000000000000 ) ) ;
#5302 = EDGE_CURVE ( 'NONE', #3525, #6907, #2769, .T. ) ;
#5303 = DIRECTION ( 'NONE',  ( -0.000000000000000000, -0.000000000000000000, -1.000000000000000000 ) ) ;
#5304 = CARTESIAN_POINT ( 'NONE',  ( -51.19329215438187930, -23.74999999999999645, -0.06565547799456866729 ) ) ;
#5305 = PLANE ( 'NONE',  #4602 ) ;
#5306 = DIRECTION ( 'NONE',  ( 1.000000000000000000, 0.000000000000000000, -0.000000000000000000 ) ) ;
#5307 = VECTOR ( 'NONE', #1426, 1000.000000000000000 ) ;
#5308 = CIRCLE ( 'NONE', #1677, 0.5000000000000004441 ) ;
#5309 = DIRECTION ( 'NONE',  ( 0.000000000000000000, 1.000000000000000000, 0.000000000000000000 ) ) ;
#5310 = EDGE_LOOP ( 'NONE', ( #4756, #2432, #1724, #6884 ) ) ;
#5311 = AXIS2_PLACEMENT_3D ( 'NONE', #5775, #8663, #4349 ) ;
#5312 = LINE ( 'NONE', #3067, #7587 ) ;
#5313 = PLANE ( 'NONE',  #6718 ) ;
#5314 = AXIS2_PLACEMENT_3D ( 'NONE', #6009, #7523, #8897 ) ;
#5315 = CIRCLE ( 'NONE', #2131, 0.5000000000000004441 ) ;
#5316 = LINE ( 'NONE', #905, #1501 ) ;
#5317 = CARTESIAN_POINT ( 'NONE',  ( 6.239521291829825955, -27.86261709274993237, 27.73360027965844665 ) ) ;
#5318 = ORIENTED_EDGE ( 'NONE', *, *, #3394, .T. ) ;
#5319 = LINE ( 'NONE', #6937, #8002 ) ;
#5320 = DIRECTION ( 'NONE',  ( 1.000000000000000000, 0.000000000000000000, 0.000000000000000000 ) ) ;
#5321 = LINE ( 'NONE', #2470, #823 ) ;
#5322 = DIRECTION ( 'NONE',  ( 0.000000000000000000, 1.000000000000000000, 0.000000000000000000 ) ) ;
#5323 = ADVANCED_FACE ( 'NONE', ( #745 ), #2918, .F. ) ;
#5324 = VERTEX_POINT ( 'NONE', #5111 ) ;
#5325 = ORIENTED_EDGE ( 'NONE', *, *, #7134, .T. ) ;
#5326 = CARTESIAN_POINT ( 'NONE',  ( 0.000000000000000000, 0.000000000000000000, 23.43434452200543205 ) ) ;
#5327 = EDGE_LOOP ( 'NONE', ( #2625, #1937, #4426, #2706 ) ) ;
#5328 = CARTESIAN_POINT ( 'NONE',  ( -63.55073236542024517, -11.96570451637611932, 4.452562545487269929 ) ) ;
#5329 = VERTEX_POINT ( 'NONE', #8000 ) ;
#5330 = LINE ( 'NONE', #6139, #2641 ) ;
#5331 = PLANE ( 'NONE',  #9024 ) ;
#5332 = EDGE_CURVE ( 'NONE', #2820, #2354, #1511, .T. ) ;
#5333 = EDGE_CURVE ( 'NONE', #6707, #6642, #5916, .T. ) ;
#5334 = ORIENTED_EDGE ( 'NONE', *, *, #2416, .F. ) ;
#5335 = DIRECTION ( 'NONE',  ( -0.000000000000000000, 0.000000000000000000, 1.000000000000000000 ) ) ;
#5336 = EDGE_LOOP ( 'NONE', ( #8730, #1163, #5040, #2006, #8788 ) ) ;
#5337 = DIRECTION ( 'NONE',  ( 0.000000000000000000, -1.000000000000000000, -0.000000000000000000 ) ) ;
#5338 = ORIENTED_EDGE ( 'NONE', *, *, #528, .T. ) ;
#5339 = DIRECTION ( 'NONE',  ( -1.000000000000000000, 0.000000000000000000, 0.000000000000000000 ) ) ;
#5340 = VERTEX_POINT ( 'NONE', #81 ) ;
#5341 = CARTESIAN_POINT ( 'NONE',  ( 7.263129686692224141, -26.24999999999999645, 25.42527760489184985 ) ) ;
#5342 = CARTESIAN_POINT ( 'NONE',  ( 8.852138384579767205, -14.40530737074389300, 2.675341377437610024 ) ) ;
#5343 = CARTESIAN_POINT ( 'NONE',  ( -7.017521981314792434, -18.91796799097090087, 23.50000000000000000 ) ) ;
#5344 = ADVANCED_FACE ( 'NONE', ( #2257 ), #2826, .T. ) ;
#5345 = ADVANCED_FACE ( 'NONE', ( #124 ), #3008, .T. ) ;
#5346 = EDGE_CURVE ( 'NONE', #5229, #3133, #3841, .T. ) ;
#5347 = ORIENTED_EDGE ( 'NONE', *, *, #6101, .F. ) ;
#5348 = ORIENTED_EDGE ( 'NONE', *, *, #7616, .T. ) ;
#5349 = LINE ( 'NONE', #5922, #250 ) ;
#5350 = LINE ( 'NONE', #1657, #2565 ) ;
#5351 = DIRECTION ( 'NONE',  ( 1.000000000000000000, -1.575205997657066192E-16, 0.000000000000000000 ) ) ;
#5352 = AXIS2_PLACEMENT_3D ( 'NONE', #7771, #1190, #7816 ) ;
#5353 = DIRECTION ( 'NONE',  ( 1.000000000000000000, 0.000000000000000000, 0.000000000000000000 ) ) ;
#5354 = CARTESIAN_POINT ( 'NONE',  ( 6.352138384579762764, -21.92999999999999616, 25.73360027965844665 ) ) ;
#5355 = CARTESIAN_POINT ( 'NONE',  ( 2.606484637263592141, -23.74999999999999645, -2.490655477994568656 ) ) ;
#5356 = VECTOR ( 'NONE', #1146, 1000.000000000000000 ) ;
#5357 = ADVANCED_FACE ( 'NONE', ( #8229 ), #5392, .F. ) ;
#5358 = ORIENTED_EDGE ( 'NONE', *, *, #9123, .T. ) ;
#5359 = VECTOR ( 'NONE', #5811, 1000.000000000000000 ) ;
#5360 = DIRECTION ( 'NONE',  ( 0.000000000000000000, 0.000000000000000000, 1.000000000000000000 ) ) ;
#5361 = CARTESIAN_POINT ( 'NONE',  ( -45.51752198131479332, -18.91796799097089732, 22.73360027965845021 ) ) ;
#5362 = DIRECTION ( 'NONE',  ( 0.000000000000000000, 1.000000000000000000, 0.000000000000000000 ) ) ;
#5363 = CARTESIAN_POINT ( 'NONE',  ( -0.09990632572923256738, -21.96817157266930209, 23.06733299309908602 ) ) ;
#5364 = VERTEX_POINT ( 'NONE', #6773 ) ;
#5365 = CARTESIAN_POINT ( 'NONE',  ( -63.55073236542024517, -13.92906725808352952, 21.40472885406023451 ) ) ;
#5366 = LINE ( 'NONE', #1009, #9334 ) ;
#5367 = AXIS2_PLACEMENT_3D ( 'NONE', #6663, #6808, #8836 ) ;
#5368 = DIRECTION ( 'NONE',  ( 0.000000000000000000, 1.000000000000000000, 0.000000000000000000 ) ) ;
#5369 = CARTESIAN_POINT ( 'NONE',  ( 0.000000000000000000, 0.000000000000000000, -6.766399720341551571 ) ) ;
#5370 = EDGE_CURVE ( 'NONE', #8559, #2679, #5294, .T. ) ;
#5371 = VERTEX_POINT ( 'NONE', #936 ) ;
#5372 = ORIENTED_EDGE ( 'NONE', *, *, #6608, .T. ) ;
#5373 = DIRECTION ( 'NONE',  ( 0.000000000000000000, -0.000000000000000000, 1.000000000000000000 ) ) ;
#5374 = VECTOR ( 'NONE', #2377, 1000.000000000000000 ) ;
#5375 = EDGE_CURVE ( 'NONE', #1663, #5941, #6563, .T. ) ;
#5376 = VERTEX_POINT ( 'NONE', #172 ) ;
#5377 = LINE ( 'NONE', #252, #4029 ) ;
#5378 = ORIENTED_EDGE ( 'NONE', *, *, #2150, .T. ) ;
#5379 = DIRECTION ( 'NONE',  ( 1.000000000000000000, -0.000000000000000000, -0.000000000000000000 ) ) ;
#5380 = AXIS2_PLACEMENT_3D ( 'NONE', #2636, #6432, #9322 ) ;
#5381 = DIRECTION ( 'NONE',  ( -1.575205997657066192E-16, -1.000000000000000000, 0.000000000000000000 ) ) ;
#5382 = ORIENTED_EDGE ( 'NONE', *, *, #9226, .F. ) ;
#5383 = FACE_OUTER_BOUND ( 'NONE', #2996, .T. ) ;
#5384 = AXIS2_PLACEMENT_3D ( 'NONE', #7075, #4179, #8449 ) ;
#5385 = ORIENTED_EDGE ( 'NONE', *, *, #7970, .T. ) ;
#5386 = CARTESIAN_POINT ( 'NONE',  ( -12.04843598665980942, -9.574659814260296997, 27.73360027965844665 ) ) ;
#5387 = AXIS2_PLACEMENT_3D ( 'NONE', #1875, #3288, #6999 ) ;
#5388 = ADVANCED_FACE ( 'NONE', ( #8951 ), #7621, .F. ) ;
#5389 = ORIENTED_EDGE ( 'NONE', *, *, #542, .T. ) ;
#5390 = DIRECTION ( 'NONE',  ( 0.000000000000000000, 1.000000000000000000, 0.000000000000000000 ) ) ;
#5391 = VERTEX_POINT ( 'NONE', #2400 ) ;
#5392 = CYLINDRICAL_SURFACE ( 'NONE', #6420, 1.600000000000002531 ) ;
#5393 = LINE ( 'NONE', #2450, #3569 ) ;
#5394 = LINE ( 'NONE', #4542, #1896 ) ;
#5395 = VECTOR ( 'NONE', #3493, 1000.000000000000000 ) ;
#5396 = AXIS2_PLACEMENT_3D ( 'NONE', #8034, #5141, #874 ) ;
#5397 = ORIENTED_EDGE ( 'NONE', *, *, #2777, .T. ) ;
#5398 = EDGE_LOOP ( 'NONE', ( #8513, #2830, #247, #4938, #7029, #2049 ) ) ;
#5399 = CARTESIAN_POINT ( 'NONE',  ( -50.33068858115953503, -21.92999999999999616, -0.5000000000000000000 ) ) ;
#5400 = LINE ( 'NONE', #4503, #8159 ) ;
#5401 = DIRECTION ( 'NONE',  ( 0.000000000000000000, -0.000000000000000000, -1.000000000000000000 ) ) ;
#5402 = ADVANCED_FACE ( 'NONE', ( #6151 ), #8184, .F. ) ;
#5403 = ADVANCED_FACE ( 'NONE', ( #4683 ), #3776, .T. ) ;
#5404 = AXIS2_PLACEMENT_3D ( 'NONE', #3881, #8288, #223 ) ;
#5405 = DIRECTION ( 'NONE',  ( -0.000000000000000000, -0.000000000000000000, 1.000000000000000000 ) ) ;
#5406 = EDGE_CURVE ( 'NONE', #6433, #3404, #8389, .T. ) ;
#5407 = LINE ( 'NONE', #4552, #8866 ) ;
#5408 = DIRECTION ( 'NONE',  ( 0.000000000000000000, -0.8964040148762899562, 0.4432379069006490147 ) ) ;
#5409 = VECTOR ( 'NONE', #6641, 1000.000000000000000 ) ;
#5410 = VERTEX_POINT ( 'NONE', #5341 ) ;
#5411 = FACE_OUTER_BOUND ( 'NONE', #2081, .T. ) ;
#5412 = CARTESIAN_POINT ( 'NONE',  ( -47.95232035379806490, -20.31514632978691992, 22.73360027965845021 ) ) ;
#5413 = CARTESIAN_POINT ( 'NONE',  ( 6.806707845618117148, -23.74999999999999645, -0.06565547799456904199 ) ) ;
#5414 = FACE_OUTER_BOUND ( 'NONE', #3728, .T. ) ;
#5415 = EDGE_CURVE ( 'NONE', #6483, #6288, #2493, .T. ) ;
#5416 = ORIENTED_EDGE ( 'NONE', *, *, #3226, .F. ) ;
#5417 = LINE ( 'NONE', #4608, #6947 ) ;
#5418 = CARTESIAN_POINT ( 'NONE',  ( -49.91651260195900619, -21.92999999999999616, 23.36868904401082503 ) ) ;
#5419 = CARTESIAN_POINT ( 'NONE',  ( -13.10069371300876995, -24.24999999999999289, 20.93683708947935429 ) ) ;
#5420 = DIRECTION ( 'NONE',  ( 0.000000000000000000, -0.000000000000000000, 1.000000000000000000 ) ) ;
#5421 = EDGE_LOOP ( 'NONE', ( #6384, #7781, #8122, #5273 ) ) ;
#5422 = ORIENTED_EDGE ( 'NONE', *, *, #4245, .T. ) ;
#5423 = CARTESIAN_POINT ( 'NONE',  ( 4.006559040048433218, -23.74999999999999645, 22.93434452200543205 ) ) ;
#5424 = EDGE_LOOP ( 'NONE', ( #3859, #8430, #416, #1122 ) ) ;
#5425 = CARTESIAN_POINT ( 'NONE',  ( -0.05423323242928317078, -26.24999999999999645, 0.5000000000000000000 ) ) ;
#5426 = ORIENTED_EDGE ( 'NONE', *, *, #3890, .T. ) ;
#5427 = CARTESIAN_POINT ( 'NONE',  ( -12.85293816568222169, -8.770157635237881166, 25.73360027965845021 ) ) ;
#5428 = DIRECTION ( 'NONE',  ( -1.137523590804463822E-16, 0.000000000000000000, 1.000000000000000000 ) ) ;
#5429 = ORIENTED_EDGE ( 'NONE', *, *, #4244, .T. ) ;
#5430 = DIRECTION ( 'NONE',  ( -1.000000000000000000, 0.000000000000000000, 0.000000000000000000 ) ) ;
#5431 = VECTOR ( 'NONE', #2268, 1000.000000000000000 ) ;
#5432 = VERTEX_POINT ( 'NONE', #6012 ) ;
#5433 = ORIENTED_EDGE ( 'NONE', *, *, #3578, .T. ) ;
#5434 = LINE ( 'NONE', #8470, #6832 ) ;
#5435 = VERTEX_POINT ( 'NONE', #5958 ) ;
#5436 = PLANE ( 'NONE',  #6280 ) ;
#5437 = DIRECTION ( 'NONE',  ( -1.000000000000000000, 0.000000000000000000, 0.000000000000000000 ) ) ;
#5438 = VECTOR ( 'NONE', #3171, 1000.000000000000000 ) ;
#5439 = CARTESIAN_POINT ( 'NONE',  ( -49.92404297007639968, -26.24999999999999645, 22.43434452200543205 ) ) ;
#5440 = EDGE_CURVE ( 'NONE', #8894, #3108, #4453, .T. ) ;
#5441 = VERTEX_POINT ( 'NONE', #3872 ) ;
#5442 = ORIENTED_EDGE ( 'NONE', *, *, #1059, .F. ) ;
#5443 = CARTESIAN_POINT ( 'NONE',  ( -41.51752198131479332, -18.91796799097089732, 25.73360027965844665 ) ) ;
#5444 = AXIS2_PLACEMENT_3D ( 'NONE', #7581, #943, #8906 ) ;
#5445 = DIRECTION ( 'NONE',  ( 0.000000000000000000, -1.000000000000000000, 0.000000000000000000 ) ) ;
#5446 = CARTESIAN_POINT ( 'NONE',  ( -7.291905798005583250, -26.24999999999999645, 22.88956924811451188 ) ) ;
#5447 = LINE ( 'NONE', #7679, #7028 ) ;
#5448 = FACE_OUTER_BOUND ( 'NONE', #3363, .T. ) ;
#5449 = DIRECTION ( 'NONE',  ( 0.000000000000000000, 0.000000000000000000, -1.000000000000000000 ) ) ;
#5450 = AXIS2_PLACEMENT_3D ( 'NONE', #4936, #2085, #7687 ) ;
#5451 = EDGE_CURVE ( 'NONE', #3639, #8779, #3151, .T. ) ;
#5452 = ORIENTED_EDGE ( 'NONE', *, *, #6502, .F. ) ;
#5453 = ADVANCED_FACE ( 'NONE', ( #8849 ), #5246, .F. ) ;
#5454 = CARTESIAN_POINT ( 'NONE',  ( -33.12290989087977522, -8.826403837643525208, 25.73360027965844665 ) ) ;
#5455 = CARTESIAN_POINT ( 'NONE',  ( -56.79358976552124005, -23.74999999999999645, -0.06565547799457095712 ) ) ;
#5456 = CARTESIAN_POINT ( 'NONE',  ( -54.49344095995157033, -26.24999999999999645, 6.170421253070792034 ) ) ;
#5457 = CARTESIAN_POINT ( 'NONE',  ( -45.52049870685441846, -18.91113344730284851, 23.50000000000000000 ) ) ;
#5458 = VECTOR ( 'NONE', #5737, 1000.000000000000000 ) ;
#5459 = VECTOR ( 'NONE', #4230, 1000.000000000000000 ) ;
#5460 = VERTEX_POINT ( 'NONE', #1793 ) ;
#5461 = FACE_OUTER_BOUND ( 'NONE', #348, .T. ) ;
#5462 = CARTESIAN_POINT ( 'NONE',  ( -66.60685805559241146, -28.24999999999999645, 11.65135667615573745 ) ) ;
#5463 = DIRECTION ( 'NONE',  ( 0.000000000000000000, 0.000000000000000000, -1.000000000000000000 ) ) ;
#5464 = LINE ( 'NONE', #3178, #8270 ) ;
#5465 = VERTEX_POINT ( 'NONE', #1033 ) ;
#5466 = VECTOR ( 'NONE', #4153, 1000.000000000000000 ) ;
#5467 = VECTOR ( 'NONE', #1809, 1000.000000000000000 ) ;
#5468 = EDGE_CURVE ( 'NONE', #4290, #4621, #2178, .T. ) ;
#5469 = ORIENTED_EDGE ( 'NONE', *, *, #305, .F. ) ;
#5470 = ADVANCED_FACE ( 'NONE', ( #6106, #1082, #3972 ), #5436, .T. ) ;
#5471 = ORIENTED_EDGE ( 'NONE', *, *, #3473, .T. ) ;
#5472 = CARTESIAN_POINT ( 'NONE',  ( -0.07410584242694209789, -21.92999999999999616, 23.43434452200543205 ) ) ;
#5473 = ORIENTED_EDGE ( 'NONE', *, *, #401, .T. ) ;
#5474 = DIRECTION ( 'NONE',  ( 0.000000000000000000, 0.000000000000000000, -1.000000000000000000 ) ) ;
#5475 = ORIENTED_EDGE ( 'NONE', *, *, #1543, .F. ) ;
#5476 = AXIS2_PLACEMENT_3D ( 'NONE', #8043, #1551, #208 ) ;
#5477 = EDGE_CURVE ( 'NONE', #9385, #2536, #4760, .T. ) ;
#5478 = CARTESIAN_POINT ( 'NONE',  ( -55.39351536273640875, -23.74999999999999645, 20.50934452200542424 ) ) ;
#5479 = CARTESIAN_POINT ( 'NONE',  ( 4.006559040048433218, -21.92999999999999616, 3.284344522005431255 ) ) ;
#5480 = EDGE_CURVE ( 'NONE', #4050, #5224, #7667, .T. ) ;
#5481 = ORIENTED_EDGE ( 'NONE', *, *, #9071, .F. ) ;
#5482 = AXIS2_PLACEMENT_3D ( 'NONE', #75, #3584, #6435 ) ;
#5483 = ORIENTED_EDGE ( 'NONE', *, *, #3837, .F. ) ;
#5484 = CARTESIAN_POINT ( 'NONE',  ( -19.64526954535771353, -10.01380481680078383, 27.73360027965844665 ) ) ;
#5485 = ORIENTED_EDGE ( 'NONE', *, *, #2416, .T. ) ;
#5486 = PRODUCT_DEFINITION_CONTEXT ( 'detailed design', #443, 'design' ) ;
#5487 = ADVANCED_FACE ( 'NONE', ( #6248 ), #2068, .T. ) ;
#5488 = ORIENTED_EDGE ( 'NONE', *, *, #2544, .T. ) ;
#5489 = LINE ( 'NONE', #9042, #3179 ) ;
#5490 = VERTEX_POINT ( 'NONE', #1179 ) ;
#5491 = DIRECTION ( 'NONE',  ( -1.000000000000000000, 0.000000000000000000, 0.000000000000000000 ) ) ;
#5492 = CARTESIAN_POINT ( 'NONE',  ( -66.53120306077292412, -24.74999999999999645, 11.77961269154898716 ) ) ;
#5493 = DIRECTION ( 'NONE',  ( -0.000000000000000000, -1.000000000000000000, -0.000000000000000000 ) ) ;
#5494 = ORIENTED_EDGE ( 'NONE', *, *, #635, .T. ) ;
#5495 = VERTEX_POINT ( 'NONE', #2726 ) ;
#5496 = CARTESIAN_POINT ( 'NONE',  ( -53.99344095995156323, -21.92999999999999616, 22.93434452200543205 ) ) ;
#5497 = DIRECTION ( 'NONE',  ( 0.000000000000000000, 0.000000000000000000, 1.000000000000000000 ) ) ;
#5498 = LINE ( 'NONE', #470, #6671 ) ;
#5499 = ADVANCED_FACE ( 'NONE', ( #6391 ), #5585, .T. ) ;
#5500 = CARTESIAN_POINT ( 'NONE',  ( -61.55073236542024517, -18.64230216687093034, 15.08553141188837721 ) ) ;
#5501 = CARTESIAN_POINT ( 'NONE',  ( 14.21629301208212226, -28.24999999999999645, 11.56187258665032225 ) ) ;
#5502 = ORIENTED_EDGE ( 'NONE', *, *, #2956, .F. ) ;
#5503 = VECTOR ( 'NONE', #2083, 1000.000000000000000 ) ;
#5504 = DIRECTION ( 'NONE',  ( 0.000000000000000000, 1.000000000000000000, 0.000000000000000000 ) ) ;
#5505 = CARTESIAN_POINT ( 'NONE',  ( -14.42158689150289952, -23.24999999999999645, 22.88956924811451188 ) ) ;
#5506 = CARTESIAN_POINT ( 'NONE',  ( 4.006559040048433218, -26.24999999999999645, -0.06565547799456880607 ) ) ;
#5507 = DIRECTION ( 'NONE',  ( -1.000000000000000000, 0.000000000000000000, 0.000000000000000000 ) ) ;
#5508 = EDGE_CURVE ( 'NONE', #8980, #5117, #5203, .T. ) ;
#5509 = ORIENTED_EDGE ( 'NONE', *, *, #2039, .F. ) ;
#5510 = DIRECTION ( 'NONE',  ( -0.000000000000000000, 1.000000000000000000, 0.000000000000000000 ) ) ;
#5511 = DIRECTION ( 'NONE',  ( 0.000000000000000000, 1.000000000000000000, 0.000000000000000000 ) ) ;
#5512 = DIRECTION ( 'NONE',  ( 0.000000000000000000, 0.000000000000000000, 1.000000000000000000 ) ) ;
#5513 = CARTESIAN_POINT ( 'NONE',  ( -66.60685805559241146, -24.74999999999999645, 11.92435785757281153 ) ) ;
#5514 = AXIS2_PLACEMENT_3D ( 'NONE', #5194, #5728, #1747 ) ;
#5515 = ORIENTED_EDGE ( 'NONE', *, *, #4696, .F. ) ;
#5516 = ORIENTED_EDGE ( 'NONE', *, *, #6059, .T. ) ;
#5517 = DIRECTION ( 'NONE',  ( -0.000000000000000000, -1.000000000000000000, -0.000000000000000000 ) ) ;
#5518 = VECTOR ( 'NONE', #521, 1000.000000000000000 ) ;
#5519 = VECTOR ( 'NONE', #6760, 1000.000000000000000 ) ;
#5520 = VERTEX_POINT ( 'NONE', #4204 ) ;
#5521 = EDGE_CURVE ( 'NONE', #1491, #2251, #8426, .T. ) ;
#5522 = DIRECTION ( 'NONE',  ( -0.000000000000000000, -0.000000000000000000, -1.000000000000000000 ) ) ;
#5523 = ORIENTED_EDGE ( 'NONE', *, *, #6543, .F. ) ;
#5524 = ADVANCED_FACE ( 'NONE', ( #8472 ), #2633, .T. ) ;
#5525 = CARTESIAN_POINT ( 'NONE',  ( -19.09745133157055719, -8.758879821827083134, 27.73360027965844665 ) ) ;
#5526 = ADVANCED_FACE ( 'NONE', ( #6297 ), #4778, .T. ) ;
#5527 = CARTESIAN_POINT ( 'NONE',  ( -63.55073236542024517, -3.249999999999999556, -3.266399720341551571 ) ) ;
#5528 = VECTOR ( 'NONE', #866, 1000.000000000000000 ) ;
#5529 = ORIENTED_EDGE ( 'NONE', *, *, #325, .F. ) ;
#5530 = ORIENTED_EDGE ( 'NONE', *, *, #7611, .F. ) ;
#5531 = CARTESIAN_POINT ( 'NONE',  ( 2.606484637263591253, -23.74999999999999645, 2.359344522005431877 ) ) ;
#5532 = VERTEX_POINT ( 'NONE', #6961 ) ;
#5533 = VERTEX_POINT ( 'NONE', #3296 ) ;
#5534 = DIRECTION ( 'NONE',  ( -0.5000000000000016653, 0.000000000000000000, 0.8660254037844377084 ) ) ;
#5535 = AXIS2_PLACEMENT_3D ( 'NONE', #5343, #268, #368 ) ;
#5536 = ORIENTED_EDGE ( 'NONE', *, *, #5451, .F. ) ;
#5537 = ADVANCED_FACE ( 'NONE', ( #1885 ), #1128, .F. ) ;
#5538 = DIRECTION ( 'NONE',  ( 0.000000000000000000, 0.000000000000000000, -1.000000000000000000 ) ) ;
#5539 = DIRECTION ( 'NONE',  ( 0.000000000000000000, 1.000000000000000000, 0.000000000000000000 ) ) ;
#5540 = CARTESIAN_POINT ( 'NONE',  ( -58.07036931794412737, -21.92999999999999616, -0.5000000000000004441 ) ) ;
#5541 = ORIENTED_EDGE ( 'NONE', *, *, #5874, .F. ) ;
#5542 = AXIS2_PLACEMENT_3D ( 'NONE', #1500, #1593, #4392 ) ;
#5543 = ORIENTED_EDGE ( 'NONE', *, *, #5900, .T. ) ;
#5544 = LINE ( 'NONE', #3301, #3120 ) ;
#5545 = DIRECTION ( 'NONE',  ( 0.000000000000000000, 0.000000000000000000, -1.000000000000000000 ) ) ;
#5546 = CARTESIAN_POINT ( 'NONE',  ( -11.90198937725308070, -26.24999999999999645, 27.73360027965844665 ) ) ;
#5547 = AXIS2_PLACEMENT_3D ( 'NONE', #376, #8292, #1044 ) ;
#5548 = CARTESIAN_POINT ( 'NONE',  ( -49.93264868747384355, -21.92999999999999616, 0.5000000000000000000 ) ) ;
#5549 = CARTESIAN_POINT ( 'NONE',  ( 11.11862117367210168, -4.994728181037624282, -6.766399720341551571 ) ) ;
#5550 = CIRCLE ( 'NONE', #6758, 1.500000000000001332 ) ;
#5551 = ORIENTED_EDGE ( 'NONE', *, *, #129, .T. ) ;
#5552 = DIRECTION ( 'NONE',  ( 1.156482317317870344E-15, 0.000000000000000000, 1.000000000000000000 ) ) ;
#5553 = AXIS2_PLACEMENT_3D ( 'NONE', #2541, #724, #6249 ) ;
#5554 = EDGE_CURVE ( 'NONE', #5329, #3583, #7712, .T. ) ;
#5555 = FACE_OUTER_BOUND ( 'NONE', #3189, .T. ) ;
#5556 = DIRECTION ( 'NONE',  ( -0.000000000000000000, -0.000000000000000000, -1.000000000000000000 ) ) ;
#5557 = DIRECTION ( 'NONE',  ( -0.000000000000000000, 1.000000000000000000, -0.000000000000000000 ) ) ;
#5558 = VERTEX_POINT ( 'NONE', #4873 ) ;
#5559 = CARTESIAN_POINT ( 'NONE',  ( -61.55073236542024517, -26.24999999999999645, -4.766399720341551571 ) ) ;
#5560 = LINE ( 'NONE', #4276, #4026 ) ;
#5561 = VECTOR ( 'NONE', #413, 1000.000000000000000 ) ;
#5562 = CARTESIAN_POINT ( 'NONE',  ( -66.09198187529463553, -5.004056775174929861, -6.766399720341551571 ) ) ;
#5563 = ORIENTED_EDGE ( 'NONE', *, *, #6890, .T. ) ;
#5564 = EDGE_CURVE ( 'NONE', #7505, #2405, #504, .T. ) ;
#5565 = VERTEX_POINT ( 'NONE', #9190 ) ;
#5566 = EDGE_CURVE ( 'NONE', #2984, #6735, #5672, .T. ) ;
#5567 = EDGE_LOOP ( 'NONE', ( #3975, #4357, #4680, #8623, #8742, #2759 ) ) ;
#5568 = FACE_OUTER_BOUND ( 'NONE', #8831, .T. ) ;
#5569 = VECTOR ( 'NONE', #3839, 1000.000000000000114 ) ;
#5570 = DIRECTION ( 'NONE',  ( -0.000000000000000000, -0.000000000000000000, -1.000000000000000000 ) ) ;
#5571 = VERTEX_POINT ( 'NONE', #4155 ) ;
#5572 = PLANE ( 'NONE',  #3261 ) ;
#5573 = ORIENTED_EDGE ( 'NONE', *, *, #5807, .T. ) ;
#5574 = CARTESIAN_POINT ( 'NONE',  ( -63.55073236542023096, -24.74999999999999645, 8.651356676155737446 ) ) ;
#5575 = CARTESIAN_POINT ( 'NONE',  ( -14.45632582902195473, -25.74999999999999645, 3.416424131227112859 ) ) ;
#5576 = VERTEX_POINT ( 'NONE', #2022 ) ;
#5577 = EDGE_CURVE ( 'NONE', #2810, #7459, #56, .T. ) ;
#5578 = ORIENTED_EDGE ( 'NONE', *, *, #5112, .F. ) ;
#5579 = DIRECTION ( 'NONE',  ( 0.000000000000000000, 0.000000000000000000, -1.000000000000000000 ) ) ;
#5580 = ADVANCED_FACE ( 'NONE', ( #1320 ), #7097, .T. ) ;
#5581 = EDGE_LOOP ( 'NONE', ( #8226, #253, #3488, #965, #7765, #5849, #3330 ) ) ;
#5582 = ORIENTED_EDGE ( 'NONE', *, *, #6981, .T. ) ;
#5583 = DIRECTION ( 'NONE',  ( 0.000000000000000000, 0.000000000000000000, 1.000000000000000000 ) ) ;
#5584 = ORIENTED_EDGE ( 'NONE', *, *, #4599, .T. ) ;
#5585 = PLANE ( 'NONE',  #5062 ) ;
#5586 = DIRECTION ( 'NONE',  ( 0.4999999999999996669, 0.000000000000000000, -0.8660254037844388186 ) ) ;
#5587 = CIRCLE ( 'NONE', #587, 4.100000000000007638 ) ;
#5588 = ORIENTED_EDGE ( 'NONE', *, *, #4077, .F. ) ;
#5589 = EDGE_CURVE ( 'NONE', #2820, #575, #5666, .T. ) ;
#5590 = VERTEX_POINT ( 'NONE', #7902 ) ;
#5591 = DIRECTION ( 'NONE',  ( 0.000000000000000000, 1.000000000000000000, 0.000000000000000000 ) ) ;
#5592 = DIRECTION ( 'NONE',  ( -0.4999999999999997224, 0.000000000000000000, 0.8660254037844387076 ) ) ;
#5593 = CARTESIAN_POINT ( 'NONE',  ( 13.55308861578299862, -15.77033674741690916, -3.266399720341551127 ) ) ;
#5594 = AXIS2_PLACEMENT_3D ( 'NONE', #2935, #3748, #719 ) ;
#5595 = LINE ( 'NONE', #7863, #662 ) ;
#5596 = CARTESIAN_POINT ( 'NONE',  ( -46.72049870685442130, -18.91113344730284851, 23.50000000000000000 ) ) ;
#5597 = ORIENTED_EDGE ( 'NONE', *, *, #1884, .F. ) ;
#5598 = VECTOR ( 'NONE', #1198, 1000.000000000000000 ) ;
#5599 = CARTESIAN_POINT ( 'NONE',  ( 0.000000000000000000, 0.000000000000000000, -4.766399720341551571 ) ) ;
#5600 = ADVANCED_FACE ( 'NONE', ( #2998 ), #7183, .F. ) ;
#5601 = DIRECTION ( 'NONE',  ( -0.5000000000000001110, 0.8660254037844385966, 0.000000000000000000 ) ) ;
#5602 = DIRECTION ( 'NONE',  ( 0.000000000000000000, 1.000000000000000000, 0.000000000000000000 ) ) ;
#5603 = CARTESIAN_POINT ( 'NONE',  ( -60.05073236542024517, -3.249999999999999556, 24.23360027965844665 ) ) ;
#5604 = ORIENTED_EDGE ( 'NONE', *, *, #3070, .F. ) ;
#5605 = DIRECTION ( 'NONE',  ( 0.000000000000000000, 1.000000000000000000, 0.000000000000000000 ) ) ;
#5606 = DIRECTION ( 'NONE',  ( 0.000000000000000000, -1.000000000000000000, 0.000000000000000000 ) ) ;
#5607 = VECTOR ( 'NONE', #7721, 1000.000000000000000 ) ;
#5608 = CARTESIAN_POINT ( 'NONE',  ( -7.291905798005583250, -26.24999999999999645, 20.93683708947935429 ) ) ;
#5609 = ORIENTED_EDGE ( 'NONE', *, *, #7728, .T. ) ;
#5610 = VERTEX_POINT ( 'NONE', #114 ) ;
#5611 = VERTEX_POINT ( 'NONE', #7990 ) ;
#5612 = LINE ( 'NONE', #1302, #8028 ) ;
#5613 = CIRCLE ( 'NONE', #6824, 3.350000000000002309 ) ;
#5614 = CIRCLE ( 'NONE', #4304, 0.5000000000000004441 ) ;
#5615 = CARTESIAN_POINT ( 'NONE',  ( 6.806707845618117148, -23.74999999999999645, 22.93434452200543561 ) ) ;
#5616 = ORIENTED_EDGE ( 'NONE', *, *, #2678, .T. ) ;
#5617 = PLANE ( 'NONE',  #9185 ) ;
#5618 = EDGE_CURVE ( 'NONE', #8927, #5571, #3671, .T. ) ;
#5619 = CARTESIAN_POINT ( 'NONE',  ( -13.10069371300876995, -26.24999999999999645, 20.93683708947935429 ) ) ;
#5620 = VECTOR ( 'NONE', #2020, 1000.000000000000000 ) ;
#5621 = VECTOR ( 'NONE', #2415, 1000.000000000000000 ) ;
#5622 = ORIENTED_EDGE ( 'NONE', *, *, #6739, .T. ) ;
#5623 = ORIENTED_EDGE ( 'NONE', *, *, #2266, .F. ) ;
#5624 = CARTESIAN_POINT ( 'NONE',  ( 13.05304598478975109, -21.03051657120438378, -6.766399720341551571 ) ) ;
#5625 = EDGE_LOOP ( 'NONE', ( #7708, #5192, #7145, #7092 ) ) ;
#5626 = VECTOR ( 'NONE', #5718, 1000.000000000000000 ) ;
#5627 = VERTEX_POINT ( 'NONE', #5904 ) ;
#5628 = LINE ( 'NONE', #6294, #1835 ) ;
#5629 = ORIENTED_EDGE ( 'NONE', *, *, #5124, .F. ) ;
#5630 = EDGE_CURVE ( 'NONE', #483, #705, #9367, .T. ) ;
#5631 = DIRECTION ( 'NONE',  ( 0.000000000000000000, 1.000000000000000000, 0.000000000000000000 ) ) ;
#5632 = FACE_OUTER_BOUND ( 'NONE', #6088, .T. ) ;
#5633 = ORIENTED_EDGE ( 'NONE', *, *, #5873, .T. ) ;
#5634 = ORIENTED_EDGE ( 'NONE', *, *, #3846, .F. ) ;
#5635 = CARTESIAN_POINT ( 'NONE',  ( -10.79999054116380997, -3.250000000000000000, 0.000000000000000000 ) ) ;
#5636 = DIRECTION ( 'NONE',  ( 0.000000000000000000, 0.7071067811865475727, 0.7071067811865475727 ) ) ;
#5637 = PLANE ( 'NONE',  #1828 ) ;
#5638 = DIRECTION ( 'NONE',  ( 1.000000000000000000, 0.000000000000000000, -0.000000000000000000 ) ) ;
#5639 = EDGE_CURVE ( 'NONE', #749, #199, #2156, .T. ) ;
#5640 = PLANE ( 'NONE',  #2213 ) ;
#5641 = EDGE_CURVE ( 'NONE', #1103, #9268, #3719, .T. ) ;
#5642 = ADVANCED_FACE ( 'NONE', ( #6430 ), #1363, .F. ) ;
#5643 = ORIENTED_EDGE ( 'NONE', *, *, #9351, .F. ) ;
#5644 = DIRECTION ( 'NONE',  ( 0.000000000000000000, 0.000000000000000000, -1.000000000000000000 ) ) ;
#5645 = FACE_BOUND ( 'NONE', #1271, .T. ) ;
#5646 = LINE ( 'NONE', #4844, #5598 ) ;
#5647 = CARTESIAN_POINT ( 'NONE',  ( -63.55073236542024517, -6.977067257872927364, 9.048806890340868492 ) ) ;
#5648 = ORIENTED_EDGE ( 'NONE', *, *, #5263, .T. ) ;
#5649 = FACE_BOUND ( 'NONE', #5567, .T. ) ;
#5650 = CARTESIAN_POINT ( 'NONE',  ( -63.55073236542023096, -24.74999999999999645, 8.651356676155737446 ) ) ;
#5651 = ADVANCED_FACE ( 'NONE', ( #8794 ), #9321, .T. ) ;
#5652 = DIRECTION ( 'NONE',  ( 1.000000000000000000, 0.000000000000000000, 0.000000000000000000 ) ) ;
#5653 = ORIENTED_EDGE ( 'NONE', *, *, #7302, .F. ) ;
#5654 = ORIENTED_EDGE ( 'NONE', *, *, #3798, .T. ) ;
#5655 = ORIENTED_EDGE ( 'NONE', *, *, #8933, .F. ) ;
#5656 = ADVANCED_FACE ( 'NONE', ( #1548 ), #4252, .F. ) ;
#5657 = CARTESIAN_POINT ( 'NONE',  ( -19.09745133157055719, -8.758879821827083134, 26.77397846476551280 ) ) ;
#5658 = CARTESIAN_POINT ( 'NONE',  ( -0.02117511800357047003, -26.24999999999999645, 25.73360027965844665 ) ) ;
#5659 = ORIENTED_EDGE ( 'NONE', *, *, #5630, .F. ) ;
#5660 = LINE ( 'NONE', #7752, #7352 ) ;
#5661 = LINE ( 'NONE', #4286, #7184 ) ;
#5662 = VECTOR ( 'NONE', #6837, 1000.000000000000000 ) ;
#5663 = EDGE_LOOP ( 'NONE', ( #1575, #4755, #6560, #4435, #5023, #6669 ) ) ;
#5664 = VERTEX_POINT ( 'NONE', #5768 ) ;
#5665 = LINE ( 'NONE', #7091, #924 ) ;
#5666 = CIRCLE ( 'NONE', #2476, 1.349999999999998757 ) ;
#5667 = EDGE_CURVE ( 'NONE', #580, #8084, #3575, .T. ) ;
#5668 = ORIENTED_EDGE ( 'NONE', *, *, #7564, .F. ) ;
#5669 = EDGE_LOOP ( 'NONE', ( #1631, #3431, #9272, #5541 ) ) ;
#5670 = LINE ( 'NONE', #2374, #6838 ) ;
#5671 = ORIENTED_EDGE ( 'NONE', *, *, #2152, .T. ) ;
#5672 = LINE ( 'NONE', #2683, #1737 ) ;
#5673 = CIRCLE ( 'NONE', #3856, 1.600000000000004086 ) ;
#5674 = CARTESIAN_POINT ( 'NONE',  ( -66.09198187529463553, -5.004056775174929861, -6.766399720341551571 ) ) ;
#5675 = ORIENTED_EDGE ( 'NONE', *, *, #3662, .T. ) ;
#5676 = EDGE_CURVE ( 'NONE', #3976, #5590, #1130, .T. ) ;
#5677 = VERTEX_POINT ( 'NONE', #5143 ) ;
#5678 = CARTESIAN_POINT ( 'NONE',  ( -68.58095531993473060, -21.03051657120438378, -3.266399720341551127 ) ) ;
#5679 = AXIS2_PLACEMENT_3D ( 'NONE', #1035, #7528, #321 ) ;
#5680 = FACE_OUTER_BOUND ( 'NONE', #2970, .T. ) ;
#5681 = DIRECTION ( 'NONE',  ( 1.000000000000000000, 0.000000000000000000, 0.000000000000000000 ) ) ;
#5682 = LINE ( 'NONE', #8385, #5814 ) ;
#5683 = DIRECTION ( 'NONE',  ( 0.000000000000000000, 1.000000000000000000, 0.000000000000000000 ) ) ;
#5684 = FACE_OUTER_BOUND ( 'NONE', #9354, .T. ) ;
#5685 = AXIS2_PLACEMENT_3D ( 'NONE', #7669, #1181, #462 ) ;
#5686 = ORIENTED_EDGE ( 'NONE', *, *, #1270, .F. ) ;
#5687 = DIRECTION ( 'NONE',  ( -0.000000000000000000, -0.000000000000000000, -1.000000000000000000 ) ) ;
#5688 = CARTESIAN_POINT ( 'NONE',  ( -41.51752198131479332, -18.91796799097089732, 22.73360027965845021 ) ) ;
#5689 = EDGE_CURVE ( 'NONE', #4864, #6180, #8610, .T. ) ;
#5690 = EDGE_CURVE ( 'NONE', #5920, #7512, #8698, .T. ) ;
#5691 = CIRCLE ( 'NONE', #84, 4.000000000000000000 ) ;
#5692 = FACE_OUTER_BOUND ( 'NONE', #3827, .T. ) ;
#5693 = DIRECTION ( 'NONE',  ( 1.000000000000000000, 0.000000000000000000, 0.000000000000000000 ) ) ;
#5694 = AXIS2_PLACEMENT_3D ( 'NONE', #5856, #2244, #8124 ) ;
#5695 = VERTEX_POINT ( 'NONE', #2815 ) ;
#5696 = DIRECTION ( 'NONE',  ( 0.000000000000000000, 0.000000000000000000, -1.000000000000000000 ) ) ;
#5697 = DIRECTION ( 'NONE',  ( 1.137523590804463822E-16, 0.000000000000000000, -1.000000000000000000 ) ) ;
#5698 = DIRECTION ( 'NONE',  ( 0.000000000000000000, 1.000000000000000000, 0.000000000000000000 ) ) ;
#5699 = VECTOR ( 'NONE', #125, 1000.000000000000000 ) ;
#5700 = EDGE_LOOP ( 'NONE', ( #1971, #5078, #1396, #9253 ) ) ;
#5701 = CIRCLE ( 'NONE', #399, 4.100000000000000533 ) ;
#5702 = DIRECTION ( 'NONE',  ( 0.4999999999999996114, 0.8660254037844389297, 0.000000000000000000 ) ) ;
#5703 = DIRECTION ( 'NONE',  ( -0.000000000000000000, 1.000000000000000000, 0.000000000000000000 ) ) ;
#5704 = EDGE_CURVE ( 'NONE', #5750, #670, #6568, .T. ) ;
#5705 = LINE ( 'NONE', #5615, #737 ) ;
#5706 = CIRCLE ( 'NONE', #555, 0.5000000000000004441 ) ;
#5707 = ORIENTED_EDGE ( 'NONE', *, *, #3237, .F. ) ;
#5708 = CARTESIAN_POINT ( 'NONE',  ( -68.52198187529464235, -16.37433758220721103, -3.266399720341551127 ) ) ;
#5709 = VECTOR ( 'NONE', #7294, 1000.000000000000000 ) ;
#5710 = DIRECTION ( 'NONE',  ( -1.000000000000000000, 0.000000000000000000, 0.000000000000000000 ) ) ;
#5711 = DIRECTION ( 'NONE',  ( 0.4999999999999997224, -0.8660254037844388186, 0.000000000000000000 ) ) ;
#5712 = CIRCLE ( 'NONE', #5250, 4.099999999999999645 ) ;
#5713 = EDGE_LOOP ( 'NONE', ( #7541, #8584, #2314, #3656, #7293, #4347 ) ) ;
#5714 = ORIENTED_EDGE ( 'NONE', *, *, #7766, .F. ) ;
#5715 = DIRECTION ( 'NONE',  ( 0.000000000000000000, 0.000000000000000000, -1.000000000000000000 ) ) ;
#5716 = ORIENTED_EDGE ( 'NONE', *, *, #9143, .T. ) ;
#5717 = ORIENTED_EDGE ( 'NONE', *, *, #6219, .T. ) ;
#5718 = DIRECTION ( 'NONE',  ( 0.000000000000000000, 0.000000000000000000, 1.000000000000000000 ) ) ;
#5719 = ORIENTED_EDGE ( 'NONE', *, *, #1979, .T. ) ;
#5720 = DIRECTION ( 'NONE',  ( 0.000000000000000000, -0.9021223061229347584, -0.4314804106740396938 ) ) ;
#5721 = CARTESIAN_POINT ( 'NONE',  ( -21.38836543812355373, -8.826403837643525208, 25.73360027965844665 ) ) ;
#5722 = AXIS2_PLACEMENT_3D ( 'NONE', #5783, #7961, #8720 ) ;
#5723 = EDGE_LOOP ( 'NONE', ( #8350, #4764, #9166, #5471 ) ) ;
#5724 = EDGE_LOOP ( 'NONE', ( #4539, #4666, #1961, #5853 ) ) ;
#5725 = CARTESIAN_POINT ( 'NONE',  ( -11.90198937725307893, -9.721106423667023932, 35.00000000000000000 ) ) ;
#5726 = PLANE ( 'NONE',  #750 ) ;
#5727 = DIRECTION ( 'NONE',  ( -0.000000000000000000, -1.000000000000000000, -0.000000000000000000 ) ) ;
#5728 = DIRECTION ( 'NONE',  ( -1.000000000000000000, 0.000000000000000000, 0.000000000000000000 ) ) ;
#5729 = FACE_OUTER_BOUND ( 'NONE', #1626, .T. ) ;
#5730 = AXIS2_PLACEMENT_3D ( 'NONE', #3848, #1862, #4662 ) ;
#5731 = DIRECTION ( 'NONE',  ( -1.000000000000000000, 0.000000000000000000, 0.000000000000000000 ) ) ;
#5732 = EDGE_CURVE ( 'NONE', #4621, #2721, #4390, .T. ) ;
#5733 = ORIENTED_EDGE ( 'NONE', *, *, #4785, .T. ) ;
#5734 = CARTESIAN_POINT ( 'NONE',  ( -63.55073236542024517, -18.64230216687093034, 16.68553141188837685 ) ) ;
#5735 = VECTOR ( 'NONE', #2608, 1000.000000000000000 ) ;
#5736 = DIRECTION ( 'NONE',  ( -0.000000000000000000, -1.000000000000000000, -0.000000000000000000 ) ) ;
#5737 = DIRECTION ( 'NONE',  ( 2.642037195862881643E-16, -0.000000000000000000, -1.000000000000000000 ) ) ;
#5738 = ORIENTED_EDGE ( 'NONE', *, *, #4431, .F. ) ;
#5739 = DIRECTION ( 'NONE',  ( 1.000000000000000000, 0.000000000000000000, -0.000000000000000000 ) ) ;
#5740 = DIRECTION ( 'NONE',  ( 0.7071067811865480168, 0.7071067811865470176, 0.000000000000000000 ) ) ;
#5741 = EDGE_CURVE ( 'NONE', #9380, #1088, #8039, .T. ) ;
#5742 = PLANE ( 'NONE',  #2226 ) ;
#5743 = VECTOR ( 'NONE', #5083, 1000.000000000000000 ) ;
#5744 = EDGE_CURVE ( 'NONE', #4947, #5901, #2930, .T. ) ;
#5745 = VERTEX_POINT ( 'NONE', #4482 ) ;
#5746 = LINE ( 'NONE', #5170, #7737 ) ;
#5747 = CARTESIAN_POINT ( 'NONE',  ( -56.55073236542025228, 0.000000000000000000, 21.90472885406023451 ) ) ;
#5748 = DIRECTION ( 'NONE',  ( 1.000000000000000000, 0.000000000000000000, -0.000000000000000000 ) ) ;
#5749 = CIRCLE ( 'NONE', #1662, 1.600000000000004086 ) ;
#5750 = VERTEX_POINT ( 'NONE', #203 ) ;
#5751 = CARTESIAN_POINT ( 'NONE',  ( -31.99253646513271931, -13.99840717847742511, 26.73360027965844665 ) ) ;
#5752 = DIRECTION ( 'NONE',  ( 1.000000000000000000, 0.000000000000000000, -0.000000000000000000 ) ) ;
#5753 = CARTESIAN_POINT ( 'NONE',  ( -7.274235610263286134, -26.24999999999999645, 3.416424131227112859 ) ) ;
#5754 = EDGE_CURVE ( 'NONE', #7913, #3279, #5233, .T. ) ;
#5755 = EDGE_CURVE ( 'NONE', #685, #3759, #5997, .T. ) ;
#5756 = EDGE_CURVE ( 'NONE', #9380, #7659, #1735, .T. ) ;
#5757 = VECTOR ( 'NONE', #5445, 1000.000000000000000 ) ;
#5758 = CIRCLE ( 'NONE', #8487, 1.350000000000000533 ) ;
#5759 = ORIENTED_EDGE ( 'NONE', *, *, #129, .F. ) ;
#5760 = VERTEX_POINT ( 'NONE', #5948 ) ;
#5761 = CARTESIAN_POINT ( 'NONE',  ( -13.95632582902195296, -23.74999999999999645, 1.129663705710172605 ) ) ;
#5762 = ORIENTED_EDGE ( 'NONE', *, *, #4655, .T. ) ;
#5763 = ORIENTED_EDGE ( 'NONE', *, *, #7484, .F. ) ;
#5764 = DIRECTION ( 'NONE',  ( 1.000000000000000000, 0.000000000000000000, -0.000000000000000000 ) ) ;
#5765 = VECTOR ( 'NONE', #4693, 1000.000000000000114 ) ;
#5766 = ORIENTED_EDGE ( 'NONE', *, *, #2884, .T. ) ;
#5767 = AXIS2_PLACEMENT_3D ( 'NONE', #2462, #5976, #8865 ) ;
#5768 = CARTESIAN_POINT ( 'NONE',  ( 10.17786216458505066, -17.35652330467017634, -3.266399720341551127 ) ) ;
#5769 = LINE ( 'NONE', #7903, #4782 ) ;
#5770 = EDGE_CURVE ( 'NONE', #4640, #2243, #7561, .T. ) ;
#5771 = ORIENTED_EDGE ( 'NONE', *, *, #4919, .F. ) ;
#5772 = CIRCLE ( 'NONE', #1530, 1.600000000000000755 ) ;
#5773 = AXIS2_PLACEMENT_3D ( 'NONE', #5865, #8131, #3768 ) ;
#5774 = ORIENTED_EDGE ( 'NONE', *, *, #1964, .F. ) ;
#5775 = CARTESIAN_POINT ( 'NONE',  ( -53.99344095995156323, -21.92999999999999616, -0.06565547799456880607 ) ) ;
#5776 = DIRECTION ( 'NONE',  ( 0.000000000000000000, 0.000000000000000000, -1.000000000000000000 ) ) ;
#5777 = LINE ( 'NONE', #6439, #2436 ) ;
#5778 = PLANE ( 'NONE',  #1269 ) ;
#5779 = DIRECTION ( 'NONE',  ( -0.000000000000000000, -0.000000000000000000, -1.000000000000000000 ) ) ;
#5780 = FACE_OUTER_BOUND ( 'NONE', #7836, .T. ) ;
#5781 = EDGE_CURVE ( 'NONE', #5376, #7292, #4578, .T. ) ;
#5782 = ORIENTED_EDGE ( 'NONE', *, *, #6481, .F. ) ;
#5783 = CARTESIAN_POINT ( 'NONE',  ( -21.38836543812355373, -12.75000000000000000, 25.73360027965844665 ) ) ;
#5784 = EDGE_CURVE ( 'NONE', #3108, #8894, #8237, .T. ) ;
#5785 = CARTESIAN_POINT ( 'NONE',  ( -56.55073236542025228, -6.977067257872925587, 21.40472885406023451 ) ) ;
#5786 = DIRECTION ( 'NONE',  ( -1.000000000000000000, -0.000000000000000000, 0.000000000000000000 ) ) ;
#5787 = EDGE_LOOP ( 'NONE', ( #1089, #4246, #8775, #962 ) ) ;
#5788 = DIRECTION ( 'NONE',  ( 0.000000000000000000, 0.000000000000000000, -1.000000000000000000 ) ) ;
#5789 = CARTESIAN_POINT ( 'NONE',  ( -59.97849175394367194, -26.24999999999999645, 0.5000000000000000000 ) ) ;
#5790 = LINE ( 'NONE', #4322, #4500 ) ;
#5791 = ORIENTED_EDGE ( 'NONE', *, *, #9299, .T. ) ;
#5792 = LINE ( 'NONE', #2794, #2277 ) ;
#5793 = LINE ( 'NONE', #2182, #9146 ) ;
#5794 = EDGE_CURVE ( 'NONE', #8515, #5532, #1069, .T. ) ;
#5795 = DIRECTION ( 'NONE',  ( -0.000000000000000000, -1.000000000000000000, -0.000000000000000000 ) ) ;
#5796 = ORIENTED_EDGE ( 'NONE', *, *, #8286, .T. ) ;
#5797 = DIRECTION ( 'NONE',  ( -0.000000000000000000, 1.000000000000000000, -0.000000000000000000 ) ) ;
#5798 = CARTESIAN_POINT ( 'NONE',  ( -63.55073236542024517, -10.96570451637611932, 8.548806890340868492 ) ) ;
#5799 = LINE ( 'NONE', #1537, #2965 ) ;
#5800 = VERTEX_POINT ( 'NONE', #7412 ) ;
#5801 = ORIENTED_EDGE ( 'NONE', *, *, #530, .F. ) ;
#5802 = CARTESIAN_POINT ( 'NONE',  ( 4.006559040048433218, -8.929999999999994387, 22.93434452200543205 ) ) ;
#5803 = ORIENTED_EDGE ( 'NONE', *, *, #9298, .F. ) ;
#5804 = EDGE_CURVE ( 'NONE', #5941, #1974, #1591, .T. ) ;
#5805 = EDGE_CURVE ( 'NONE', #7905, #6474, #2388, .T. ) ;
#5806 = ORIENTED_EDGE ( 'NONE', *, *, #8666, .T. ) ;
#5807 = EDGE_CURVE ( 'NONE', #263, #2760, #5330, .T. ) ;
#5808 = FILL_AREA_STYLE ('',( #8607 ) ) ;
#5809 = FACE_OUTER_BOUND ( 'NONE', #3513, .T. ) ;
#5810 = ORIENTED_EDGE ( 'NONE', *, *, #1193, .T. ) ;
#5811 = DIRECTION ( 'NONE',  ( 0.000000000000000000, 1.000000000000000000, -0.000000000000000000 ) ) ;
#5812 = VECTOR ( 'NONE', #1000, 1000.000000000000000 ) ;
#5813 = DIRECTION ( 'NONE',  ( 0.000000000000000000, 0.000000000000000000, -1.000000000000000000 ) ) ;
#5814 = VECTOR ( 'NONE', #8620, 1000.000000000000000 ) ;
#5815 = ORIENTED_EDGE ( 'NONE', *, *, #6074, .T. ) ;
#5816 = ORIENTED_EDGE ( 'NONE', *, *, #2680, .T. ) ;
#5817 = PLANE ( 'NONE',  #8965 ) ;
#5818 = EDGE_CURVE ( 'NONE', #7913, #8080, #254, .T. ) ;
#5819 = ORIENTED_EDGE ( 'NONE', *, *, #2017, .F. ) ;
#5820 = DIRECTION ( 'NONE',  ( -1.000000000000000000, 0.000000000000000000, 0.000000000000000000 ) ) ;
#5821 = DIRECTION ( 'NONE',  ( -0.000000000000000000, -1.000000000000000000, -0.000000000000000000 ) ) ;
#5822 = AXIS2_PLACEMENT_3D ( 'NONE', #9139, #3439, #8376 ) ;
#5823 = DIRECTION ( 'NONE',  ( -0.000000000000000000, -1.000000000000000000, -0.000000000000000000 ) ) ;
#5824 = DIRECTION ( 'NONE',  ( 0.000000000000000000, 0.9021223061229347584, 0.4314804106740395828 ) ) ;
#5825 = LINE ( 'NONE', #1420, #2498 ) ;
#5826 = ORIENTED_EDGE ( 'NONE', *, *, #2146, .T. ) ;
#5827 = AXIS2_PLACEMENT_3D ( 'NONE', #8781, #5939, #8825 ) ;
#5828 = ORIENTED_EDGE ( 'NONE', *, *, #7485, .F. ) ;
#5829 = PLANE ( 'NONE',  #244 ) ;
#5830 = DIRECTION ( 'NONE',  ( 0.8660254037844388186, 0.4999999999999997224, 0.000000000000000000 ) ) ;
#5831 = DIRECTION ( 'NONE',  ( -1.000000000000000000, 0.000000000000000000, -0.000000000000000000 ) ) ;
#5832 = PLANE ( 'NONE',  #6037 ) ;
#5833 = CARTESIAN_POINT ( 'NONE',  ( -13.20649155627549476, -9.123711025831156007, 35.00000000000000000 ) ) ;
#5834 = AXIS2_PLACEMENT_3D ( 'NONE', #414, #9276, #5586 ) ;
#5835 = DIRECTION ( 'NONE',  ( 0.000000000000000000, 1.000000000000000000, 0.000000000000000000 ) ) ;
#5836 = ADVANCED_FACE ( 'NONE', ( #3235 ), #8217, .T. ) ;
#5837 = VERTEX_POINT ( 'NONE', #4622 ) ;
#5838 = EDGE_LOOP ( 'NONE', ( #4060, #8719, #9167, #4642 ) ) ;
#5839 = AXIS2_PLACEMENT_3D ( 'NONE', #6321, #2002, #2609 ) ;
#5840 = CARTESIAN_POINT ( 'NONE',  ( 4.006559040048433218, -21.92999999999999616, 22.93434452200543205 ) ) ;
#5841 = LINE ( 'NONE', #2183, #7247 ) ;
#5842 = VERTEX_POINT ( 'NONE', #1022 ) ;
#5843 = CARTESIAN_POINT ( 'NONE',  ( 4.006559040048433218, -21.92999999999999616, 22.93434452200543205 ) ) ;
#5844 = AXIS2_PLACEMENT_3D ( 'NONE', #6926, #4213, #3355 ) ;
#5845 = CARTESIAN_POINT ( 'NONE',  ( -11.02830546420950242, -14.00699220561814329, 25.73360027965844665 ) ) ;
#5846 = CARTESIAN_POINT ( 'NONE',  ( -0.07036931794412309982, -21.92999999999999616, -0.5000000000000000000 ) ) ;
#5847 = EDGE_CURVE ( 'NONE', #3678, #7434, #3813, .T. ) ;
#5848 = EDGE_CURVE ( 'NONE', #7569, #2210, #6708, .T. ) ;
#5849 = ORIENTED_EDGE ( 'NONE', *, *, #639, .T. ) ;
#5850 = ORIENTED_EDGE ( 'NONE', *, *, #4575, .T. ) ;
#5851 = DIRECTION ( 'NONE',  ( -0.4999999999999995559, 0.000000000000000000, 0.8660254037844389297 ) ) ;
#5852 = VECTOR ( 'NONE', #1818, 1000.000000000000000 ) ;
#5853 = ORIENTED_EDGE ( 'NONE', *, *, #4772, .F. ) ;
#5854 = AXIS2_PLACEMENT_3D ( 'NONE', #6922, #8381, #4023 ) ;
#5855 = ORIENTED_EDGE ( 'NONE', *, *, #5087, .T. ) ;
#5856 = CARTESIAN_POINT ( 'NONE',  ( 10.17786216458505066, -25.03301371225455441, -3.266399720341551127 ) ) ;
#5857 = ORIENTED_EDGE ( 'NONE', *, *, #2052, .F. ) ;
#5858 = DIRECTION ( 'NONE',  ( 0.000000000000000000, 1.000000000000000000, 0.000000000000000000 ) ) ;
#5859 = CARTESIAN_POINT ( 'NONE',  ( 14.65304598478975251, -21.03051657120438378, -3.266399720341551127 ) ) ;
#5860 = AXIS2_PLACEMENT_3D ( 'NONE', #8197, #1712, #3982 ) ;
#5861 = ADVANCED_FACE ( 'NONE', ( #3191 ), #3089, .F. ) ;
#5862 = AXIS2_PLACEMENT_3D ( 'NONE', #5910, #3197, #5288 ) ;
#5863 = ADVANCED_FACE ( 'NONE', ( #6095, #8983 ), #2481, .F. ) ;
#5864 = ORIENTED_EDGE ( 'NONE', *, *, #3526, .F. ) ;
#5865 = CARTESIAN_POINT ( 'NONE',  ( -56.55073236542025228, -13.42906725808352952, 4.952562545487270818 ) ) ;
#5866 = ORIENTED_EDGE ( 'NONE', *, *, #650, .F. ) ;
#5867 = CARTESIAN_POINT ( 'NONE',  ( 7.852138384579761876, -8.826329982690657161, 20.20998229243706845 ) ) ;
#5868 = ORIENTED_EDGE ( 'NONE', *, *, #3753, .T. ) ;
#5869 = DIRECTION ( 'NONE',  ( -1.000000000000000000, 0.000000000000000000, 4.646333810527297518E-16 ) ) ;
#5870 = LINE ( 'NONE', #4308, #4299 ) ;
#5871 = LINE ( 'NONE', #2258, #2205 ) ;
#5872 = LINE ( 'NONE', #2920, #9010 ) ;
#5873 = EDGE_CURVE ( 'NONE', #1027, #9268, #1919, .T. ) ;
#5874 = EDGE_CURVE ( 'NONE', #1144, #500, #588, .T. ) ;
#5875 = ORIENTED_EDGE ( 'NONE', *, *, #4944, .T. ) ;
#5876 = VERTEX_POINT ( 'NONE', #7610 ) ;
#5877 = FACE_OUTER_BOUND ( 'NONE', #6281, .T. ) ;
#5878 = LINE ( 'NONE', #663, #9232 ) ;
#5879 = DIRECTION ( 'NONE',  ( 0.000000000000000000, -0.000000000000000000, -1.000000000000000000 ) ) ;
#5880 = CARTESIAN_POINT ( 'NONE',  ( 2.606484637263585924, -23.74999999999999645, 20.50934452200543134 ) ) ;
#5881 = FACE_OUTER_BOUND ( 'NONE', #2071, .T. ) ;
#5882 = DIRECTION ( 'NONE',  ( 0.000000000000000000, 0.000000000000000000, -1.000000000000000000 ) ) ;
#5883 = ADVANCED_FACE ( 'NONE', ( #6284 ), #3378, .F. ) ;
#5884 = ORIENTED_EDGE ( 'NONE', *, *, #4905, .T. ) ;
#5885 = VECTOR ( 'NONE', #6875, 1000.000000000000000 ) ;
#5886 = ORIENTED_EDGE ( 'NONE', *, *, #2798, .T. ) ;
#5887 = PLANE ( 'NONE',  #1975 ) ;
#5888 = FACE_OUTER_BOUND ( 'NONE', #5279, .T. ) ;
#5889 = ORIENTED_EDGE ( 'NONE', *, *, #337, .T. ) ;
#5890 = DIRECTION ( 'NONE',  ( -1.000000000000000000, 0.000000000000000000, -0.000000000000000000 ) ) ;
#5891 = VECTOR ( 'NONE', #3655, 1000.000000000000000 ) ;
#5892 = PLANE ( 'NONE',  #5827 ) ;
#5893 = LINE ( 'NONE', #3079, #9196 ) ;
#5894 = ADVANCED_FACE ( 'NONE', ( #1116 ), #402, .F. ) ;
#5895 = ORIENTED_EDGE ( 'NONE', *, *, #2376, .F. ) ;
#5896 = ORIENTED_EDGE ( 'NONE', *, *, #6861, .F. ) ;
#5897 = DIRECTION ( 'NONE',  ( -1.000000000000000000, 0.000000000000000000, 0.000000000000000000 ) ) ;
#5898 = VECTOR ( 'NONE', #3408, 1000.000000000000000 ) ;
#5899 = ORIENTED_EDGE ( 'NONE', *, *, #219, .T. ) ;
#5900 = EDGE_CURVE ( 'NONE', #5364, #3907, #7701, .T. ) ;
#5901 = VERTEX_POINT ( 'NONE', #3467 ) ;
#5902 = FACE_BOUND ( 'NONE', #7135, .T. ) ;
#5903 = ORIENTED_EDGE ( 'NONE', *, *, #1872, .F. ) ;
#5904 = CARTESIAN_POINT ( 'NONE',  ( -55.39351536273640164, -28.24999999999999645, 2.359344522005430989 ) ) ;
#5905 = VECTOR ( 'NONE', #3271, 1000.000000000000000 ) ;
#5906 = CARTESIAN_POINT ( 'NONE',  ( 6.597279736212401602, -8.929999999999994387, 2.058177442568553062 ) ) ;
#5907 = ORIENTED_EDGE ( 'NONE', *, *, #9189, .T. ) ;
#5908 = LINE ( 'NONE', #8797, #1539 ) ;
#5909 = ORIENTED_EDGE ( 'NONE', *, *, #6202, .T. ) ;
#5910 = CARTESIAN_POINT ( 'NONE',  ( -54.49344095995157033, 0.000000000000000000, 0.000000000000000000 ) ) ;
#5911 = VECTOR ( 'NONE', #3303, 1000.000000000000000 ) ;
#5912 = VECTOR ( 'NONE', #3421, 1000.000000000000000 ) ;
#5913 = EDGE_CURVE ( 'NONE', #270, #5996, #6900, .T. ) ;
#5914 = ORIENTED_EDGE ( 'NONE', *, *, #6427, .T. ) ;
#5915 = PLANE ( 'NONE',  #1981 ) ;
#5916 = LINE ( 'NONE', #796, #7929 ) ;
#5917 = FACE_OUTER_BOUND ( 'NONE', #6942, .T. ) ;
#5918 = FACE_BOUND ( 'NONE', #1570, .T. ) ;
#5919 = AXIS2_PLACEMENT_3D ( 'NONE', #3680, #80, #4446 ) ;
#5920 = VERTEX_POINT ( 'NONE', #3427 ) ;
#5921 = ORIENTED_EDGE ( 'NONE', *, *, #5508, .F. ) ;
#5922 = CARTESIAN_POINT ( 'NONE',  ( -53.99344095995156323, -21.92999999999999616, 1.284344522005436806 ) ) ;
#5923 = CARTESIAN_POINT ( 'NONE',  ( -12.04843598665980586, -9.574659814260296997, 27.73360027965844665 ) ) ;
#5924 = LINE ( 'NONE', #8813, #2271 ) ;
#5925 = AXIS2_PLACEMENT_3D ( 'NONE', #8176, #310, #1739 ) ;
#5926 = EDGE_CURVE ( 'NONE', #1400, #6635, #4193, .T. ) ;
#5927 = CARTESIAN_POINT ( 'NONE',  ( -44.08372187312362911, -13.99840717847742511, 26.73360027965844665 ) ) ;
#5928 = EDGE_CURVE ( 'NONE', #6276, #7303, #4861, .T. ) ;
#5929 = CARTESIAN_POINT ( 'NONE',  ( 13.99635887394077827, -24.74999999999999645, 11.77961269154898716 ) ) ;
#5930 = CARTESIAN_POINT ( 'NONE',  ( 3.506559040048433218, -21.92999999999999616, 4.034344522005438805 ) ) ;
#5931 = EDGE_LOOP ( 'NONE', ( #4699, #4137, #6339, #5850 ) ) ;
#5932 = DIRECTION ( 'NONE',  ( 0.000000000000000000, 0.000000000000000000, -1.000000000000000000 ) ) ;
#5933 = ADVANCED_FACE ( 'NONE', ( #6949 ), #9078, .F. ) ;
#5934 = CARTESIAN_POINT ( 'NONE',  ( -58.09344095995156465, -21.92999999999999616, 22.43434452200543205 ) ) ;
#5935 = CYLINDRICAL_SURFACE ( 'NONE', #2704, 3.350000000000001865 ) ;
#5936 = EDGE_CURVE ( 'NONE', #1980, #5185, #6335, .T. ) ;
#5937 = ORIENTED_EDGE ( 'NONE', *, *, #1246, .F. ) ;
#5938 = LINE ( 'NONE', #6509, #1002 ) ;
#5939 = DIRECTION ( 'NONE',  ( 0.000000000000000000, 0.000000000000000000, -1.000000000000000000 ) ) ;
#5940 = CARTESIAN_POINT ( 'NONE',  ( 7.852138384579761876, -8.826403837643526984, 27.73360027965844665 ) ) ;
#5941 = VERTEX_POINT ( 'NONE', #2012 ) ;
#5942 = ORIENTED_EDGE ( 'NONE', *, *, #3516, .F. ) ;
#5943 = CYLINDRICAL_SURFACE ( 'NONE', #1225, 4.099999999999999645 ) ;
#5944 = ORIENTED_EDGE ( 'NONE', *, *, #1635, .F. ) ;
#5945 = ORIENTED_EDGE ( 'NONE', *, *, #7271, .F. ) ;
#5946 = LINE ( 'NONE', #7369, #8107 ) ;
#5947 = ORIENTED_EDGE ( 'NONE', *, *, #4869, .F. ) ;
#5948 = CARTESIAN_POINT ( 'NONE',  ( -9.100693713008769947, -24.24999999999999289, 1.129663705710173716 ) ) ;
#5949 = CARTESIAN_POINT ( 'NONE',  ( -61.55073236542024517, -6.977067257872927364, 9.048806890340868492 ) ) ;
#5950 = EDGE_CURVE ( 'NONE', #1798, #6289, #4146, .T. ) ;
#5951 = VERTEX_POINT ( 'NONE', #1213 ) ;
#5952 = DIRECTION ( 'NONE',  ( -1.000000000000000000, 0.000000000000000000, 0.000000000000000000 ) ) ;
#5953 = ORIENTED_EDGE ( 'NONE', *, *, #6046, .F. ) ;
#5954 = LINE ( 'NONE', #6006, #701 ) ;
#5955 = ORIENTED_EDGE ( 'NONE', *, *, #1568, .F. ) ;
#5956 = CARTESIAN_POINT ( 'NONE',  ( -7.774235610263285245, -25.74999999999999645, 1.129663705710172605 ) ) ;
#5957 = ORIENTED_EDGE ( 'NONE', *, *, #6256, .T. ) ;
#5958 = CARTESIAN_POINT ( 'NONE',  ( 2.606484637263585924, -23.74999999999999645, 20.50934452200543134 ) ) ;
#5959 = CARTESIAN_POINT ( 'NONE',  ( -14.45632582902195473, -23.24999999999999645, 1.129663705710172605 ) ) ;
#5960 = VECTOR ( 'NONE', #1556, 1000.000000000000000 ) ;
#5961 = DIRECTION ( 'NONE',  ( 0.000000000000000000, -1.000000000000000000, 0.000000000000000000 ) ) ;
#5962 = ADVANCED_FACE ( 'NONE', ( #7753, #1167 ), #4054, .T. ) ;
#5963 = ORIENTED_EDGE ( 'NONE', *, *, #1493, .T. ) ;
#5964 = CIRCLE ( 'NONE', #1127, 0.5000000000000004441 ) ;
#5965 = ORIENTED_EDGE ( 'NONE', *, *, #3193, .T. ) ;
#5966 = LINE ( 'NONE', #2356, #9038 ) ;
#5967 = VECTOR ( 'NONE', #7513, 999.9999999999998863 ) ;
#5968 = LINE ( 'NONE', #7482, #1816 ) ;
#5969 = CARTESIAN_POINT ( 'NONE',  ( -60.05073236542024517, -26.24999999999999645, 27.73360027965844665 ) ) ;
#5970 = DIRECTION ( 'NONE',  ( 0.000000000000000000, 0.000000000000000000, -1.000000000000000000 ) ) ;
#5971 = DIRECTION ( 'NONE',  ( 0.000000000000000000, 0.000000000000000000, -1.000000000000000000 ) ) ;
#5972 = LINE ( 'NONE', #6593, #2972 ) ;
#5973 = VECTOR ( 'NONE', #2577, 1000.000000000000000 ) ;
#5974 = ORIENTED_EDGE ( 'NONE', *, *, #1193, .F. ) ;
#5975 = EDGE_CURVE ( 'NONE', #1353, #4318, #7040, .T. ) ;
#5976 = DIRECTION ( 'NONE',  ( 0.000000000000000000, 1.000000000000000000, 0.000000000000000000 ) ) ;
#5977 = CARTESIAN_POINT ( 'NONE',  ( -14.95632582902195473, -26.24999999999999645, 1.129663705710172605 ) ) ;
#5978 = DIRECTION ( 'NONE',  ( -0.000000000000000000, -1.000000000000000000, -0.000000000000000000 ) ) ;
#5979 = PLANE ( 'NONE',  #5298 ) ;
#5980 = CIRCLE ( 'NONE', #7652, 0.5000000000000004441 ) ;
#5981 = ORIENTED_EDGE ( 'NONE', *, *, #4656, .F. ) ;
#5982 =( LENGTH_UNIT ( ) NAMED_UNIT ( * ) SI_UNIT ( .MILLI., .METRE. ) );
#5983 = CARTESIAN_POINT ( 'NONE',  ( 1.415838343884463946, -8.929999999999994387, 2.058177442568553062 ) ) ;
#5984 = CARTESIAN_POINT ( 'NONE',  ( -21.00632283287208324, -13.99840717847742511, 26.73360027965844665 ) ) ;
#5985 = DIRECTION ( 'NONE',  ( 1.000000000000000000, 0.000000000000000000, 0.000000000000000000 ) ) ;
#5986 = VECTOR ( 'NONE', #2768, 1000.000000000000000 ) ;
#5987 = EDGE_CURVE ( 'NONE', #1413, #7798, #2531, .T. ) ;
#5988 = VERTEX_POINT ( 'NONE', #6998 ) ;
#5989 = VERTEX_POINT ( 'NONE', #9221 ) ;
#5990 = CARTESIAN_POINT ( 'NONE',  ( -7.017521981314792434, -18.91796799097090087, 22.73360027965845021 ) ) ;
#5991 = ORIENTED_EDGE ( 'NONE', *, *, #8206, .F. ) ;
#5992 = CIRCLE ( 'NONE', #7053, 3.499999999999999556 ) ;
#5993 = ORIENTED_EDGE ( 'NONE', *, *, #218, .F. ) ;
#5994 = LINE ( 'NONE', #8746, #3418 ) ;
#5995 = VECTOR ( 'NONE', #7321, 1000.000000000000000 ) ;
#5996 = VERTEX_POINT ( 'NONE', #5619 ) ;
#5997 = LINE ( 'NONE', #4526, #669 ) ;
#5998 = CYLINDRICAL_SURFACE ( 'NONE', #8716, 4.099999999999999645 ) ;
#5999 = EDGE_CURVE ( 'NONE', #3291, #1980, #2670, .T. ) ;
#6000 = VECTOR ( 'NONE', #5437, 1000.000000000000000 ) ;
#6001 = ORIENTED_EDGE ( 'NONE', *, *, #5480, .T. ) ;
#6002 = CYLINDRICAL_SURFACE ( 'NONE', #5925, 4.100000000000000533 ) ;
#6003 = AXIS2_PLACEMENT_3D ( 'NONE', #7399, #2324, #2985 ) ;
#6004 = VERTEX_POINT ( 'NONE', #1307 ) ;
#6005 = ADVANCED_FACE ( 'NONE', ( #2187 ), #4954, .T. ) ;
#6006 = CARTESIAN_POINT ( 'NONE',  ( -53.55073236542024517, -18.64230216687093034, 16.68553141188837685 ) ) ;
#6007 = ADVANCED_BREP_SHAPE_REPRESENTATION ( 'BOT_NO_LETTERS_290824', ( #4430, #5107 ), #3898 ) ;
#6008 = VERTEX_POINT ( 'NONE', #9309 ) ;
#6009 = CARTESIAN_POINT ( 'NONE',  ( -60.05073236542024517, -26.24999999999999645, -3.266399720341551127 ) ) ;
#6010 = ORIENTED_EDGE ( 'NONE', *, *, #7084, .T. ) ;
#6011 = CIRCLE ( 'NONE', #1773, 1.000000000000000888 ) ;
#6012 = CARTESIAN_POINT ( 'NONE',  ( -56.98913239987765422, -21.92999999999999616, 25.73360027965844665 ) ) ;
#6013 = DIRECTION ( 'NONE',  ( -1.000000000000000000, 0.000000000000000000, 0.000000000000000000 ) ) ;
#6014 = CARTESIAN_POINT ( 'NONE',  ( -52.59336655716672482, -28.24999999999999645, 2.359344522005430544 ) ) ;
#6015 = ORIENTED_EDGE ( 'NONE', *, *, #106, .T. ) ;
#6016 = AXIS2_PLACEMENT_3D ( 'NONE', #3888, #2601, #5449 ) ;
#6017 = ORIENTED_EDGE ( 'NONE', *, *, #6503, .T. ) ;
#6018 = PLANE ( 'NONE',  #4044 ) ;
#6019 = DIRECTION ( 'NONE',  ( -1.000000000000000000, 0.000000000000000000, 0.000000000000000000 ) ) ;
#6020 = CARTESIAN_POINT ( 'NONE',  ( -53.99344095995156323, -26.24999999999999645, -0.06565547799456880607 ) ) ;
#6021 = EDGE_CURVE ( 'NONE', #2153, #4235, #5673, .T. ) ;
#6022 = CARTESIAN_POINT ( 'NONE',  ( -63.54634611201960581, -5.004056775174929861, -4.766399720341551571 ) ) ;
#6023 = CARTESIAN_POINT ( 'NONE',  ( -66.42541949054557904, -25.03301371225455441, -3.266399720341551127 ) ) ;
#6024 =( LENGTH_UNIT ( ) NAMED_UNIT ( * ) SI_UNIT ( .MILLI., .METRE. ) );
#6025 = VERTEX_POINT ( 'NONE', #6421 ) ;
#6026 = LINE ( 'NONE', #8915, #5621 ) ;
#6027 = CARTESIAN_POINT ( 'NONE',  ( 11.11862117367209990, -15.77033674741690916, -3.266399720341551127 ) ) ;
#6028 = CARTESIAN_POINT ( 'NONE',  ( -53.99344095995156323, -21.92999999999999616, 22.93434452200543205 ) ) ;
#6029 = CARTESIAN_POINT ( 'NONE',  ( -56.55073236542025228, 0.000000000000000000, 8.548806890340868492 ) ) ;
#6030 = ADVANCED_FACE ( 'NONE', ( #7309, #9356 ), #9267, .T. ) ;
#6031 = ORIENTED_EDGE ( 'NONE', *, *, #4533, .T. ) ;
#6032 = FACE_BOUND ( 'NONE', #3393, .T. ) ;
#6033 = CARTESIAN_POINT ( 'NONE',  ( -7.791905798005583250, -23.24999999999999645, 20.93683708947935429 ) ) ;
#6034 = EDGE_CURVE ( 'NONE', #6174, #2273, #5661, .T. ) ;
#6035 = CARTESIAN_POINT ( 'NONE',  ( -11.01752198131479155, -18.91796799097090087, 22.73360027965845021 ) ) ;
#6036 = PLANE ( 'NONE',  #5102 ) ;
#6037 = AXIS2_PLACEMENT_3D ( 'NONE', #852, #5788, #8725 ) ;
#6038 = EDGE_LOOP ( 'NONE', ( #5738, #1507, #5771, #1385 ) ) ;
#6039 = ORIENTED_EDGE ( 'NONE', *, *, #4466, .F. ) ;
#6040 = DIRECTION ( 'NONE',  ( -0.6387037358221615557, 0.7694527521861328490, -0.000000000000000000 ) ) ;
#6041 = CIRCLE ( 'NONE', #4528, 1.350000000000000533 ) ;
#6042 = VERTEX_POINT ( 'NONE', #3610 ) ;
#6043 = EDGE_CURVE ( 'NONE', #8358, #2018, #8090, .T. ) ;
#6044 = CARTESIAN_POINT ( 'NONE',  ( 7.852138384579765429, -14.40530737074389300, 2.675341377437610024 ) ) ;
#6045 = ORIENTED_EDGE ( 'NONE', *, *, #4658, .F. ) ;
#6046 = EDGE_CURVE ( 'NONE', #8266, #2788, #3563, .T. ) ;
#6047 = DIRECTION ( 'NONE',  ( -1.000000000000000000, 1.229731407598143378E-16, 0.000000000000000000 ) ) ;
#6048 = ADVANCED_FACE ( 'NONE', ( #2057 ), #1398, .F. ) ;
#6049 = CARTESIAN_POINT ( 'NONE',  ( 7.852138384579761876, -13.99840717847742511, 25.73360027965844665 ) ) ;
#6050 = VECTOR ( 'NONE', #7963, 1000.000000000000000 ) ;
#6051 = ORIENTED_EDGE ( 'NONE', *, *, #1111, .F. ) ;
#6052 = DIRECTION ( 'NONE',  ( -1.000000000000000000, -0.000000000000000000, -0.000000000000000000 ) ) ;
#6053 = ORIENTED_EDGE ( 'NONE', *, *, #4575, .F. ) ;
#6054 = DIRECTION ( 'NONE',  ( 0.000000000000000000, 0.000000000000000000, -1.000000000000000000 ) ) ;
#6055 = ORIENTED_EDGE ( 'NONE', *, *, #4158, .F. ) ;
#6056 = CARTESIAN_POINT ( 'NONE',  ( -49.91651260195900619, -21.92999999999999616, 22.43434452200543205 ) ) ;
#6057 = AXIS2_PLACEMENT_3D ( 'NONE', #9329, #1416, #7286 ) ;
#6058 = ORIENTED_EDGE ( 'NONE', *, *, #3943, .F. ) ;
#6059 = EDGE_CURVE ( 'NONE', #1305, #4958, #7980, .T. ) ;
#6060 = CARTESIAN_POINT ( 'NONE',  ( -63.47315361195479966, -5.004056775174929861, -3.266399720341551127 ) ) ;
#6061 = CARTESIAN_POINT ( 'NONE',  ( -20.14526954535771353, -11.29005581014418880, 27.73360027965844665 ) ) ;
#6062 = DIRECTION ( 'NONE',  ( -0.4999999999999996669, 0.8660254037844388186, 0.000000000000000000 ) ) ;
#6063 = ORIENTED_EDGE ( 'NONE', *, *, #7299, .T. ) ;
#6064 = VECTOR ( 'NONE', #7406, 1000.000000000000114 ) ;
#6065 = EDGE_CURVE ( 'NONE', #5432, #8287, #7264, .T. ) ;
#6066 = ORIENTED_EDGE ( 'NONE', *, *, #7259, .T. ) ;
#6067 = CARTESIAN_POINT ( 'NONE',  ( 10.17786216458505066, 0.000000000000000000, -4.766399720341551571 ) ) ;
#6068 = CARTESIAN_POINT ( 'NONE',  ( 2.606484637263592141, -28.24999999999999645, -2.490655477994568656 ) ) ;
#6069 = LINE ( 'NONE', #5969, #4553 ) ;
#6070 = DIRECTION ( 'NONE',  ( 0.000000000000000000, 1.000000000000000000, 0.000000000000000000 ) ) ;
#6071 = DIRECTION ( 'NONE',  ( -0.000000000000000000, 1.000000000000000000, 0.000000000000000000 ) ) ;
#6072 = VECTOR ( 'NONE', #3822, 1000.000000000000000 ) ;
#6073 = AXIS2_PLACEMENT_3D ( 'NONE', #7349, #857, #8246 ) ;
#6074 = EDGE_CURVE ( 'NONE', #6008, #315, #637, .T. ) ;
#6075 = FACE_OUTER_BOUND ( 'NONE', #847, .T. ) ;
#6076 = VERTEX_POINT ( 'NONE', #5845 ) ;
#6077 = DIRECTION ( 'NONE',  ( -1.000000000000000000, 0.000000000000000000, 0.000000000000000000 ) ) ;
#6078 = EDGE_CURVE ( 'NONE', #5240, #3572, #2483, .T. ) ;
#6079 = LINE ( 'NONE', #1766, #4758 ) ;
#6080 = VECTOR ( 'NONE', #7900, 1000.000000000000000 ) ;
#6081 = LINE ( 'NONE', #2464, #7862 ) ;
#6082 = CARTESIAN_POINT ( 'NONE',  ( -0.09990632572923263677, -21.96817157266930209, 22.80135605091177453 ) ) ;
#6083 = EDGE_LOOP ( 'NONE', ( #9041, #397, #4011, #467 ) ) ;
#6084 = CARTESIAN_POINT ( 'NONE',  ( -8.291905798005583250, -23.74999999999999645, 20.93683708947935429 ) ) ;
#6085 = CARTESIAN_POINT ( 'NONE',  ( -49.91651260195900619, -21.92999999999999616, 22.50000000000003908 ) ) ;
#6086 = CARTESIAN_POINT ( 'NONE',  ( -12.40198937725308248, -11.79005581014418880, 27.73360027965844665 ) ) ;
#6087 = CARTESIAN_POINT ( 'NONE',  ( -63.55073236542024517, -6.977067257872925587, 21.90472885406023451 ) ) ;
#6088 = EDGE_LOOP ( 'NONE', ( #1446, #5584, #74, #5629 ) ) ;
#6089 = ADVANCED_FACE ( 'NONE', ( #8645 ), #3517, .F. ) ;
#6090 = EDGE_LOOP ( 'NONE', ( #7579, #6759, #3201, #2380 ) ) ;
#6091 = DIRECTION ( 'NONE',  ( 0.6411271701703872283, -0.7674346562863260113, 0.000000000000000000 ) ) ;
#6092 = ORIENTED_EDGE ( 'NONE', *, *, #8038, .F. ) ;
#6093 = CARTESIAN_POINT ( 'NONE',  ( -61.55073236542024517, -11.46570451637611932, 4.952562545487270818 ) ) ;
#6094 = VERTEX_POINT ( 'NONE', #2802 ) ;
#6095 = FACE_BOUND ( 'NONE', #7449, .T. ) ;
#6096 = DIRECTION ( 'NONE',  ( 1.000000000000000000, 0.000000000000000000, 0.000000000000000000 ) ) ;
#6097 = VERTEX_POINT ( 'NONE', #4332 ) ;
#6098 = FACE_OUTER_BOUND ( 'NONE', #258, .T. ) ;
#6099 = EDGE_CURVE ( 'NONE', #3905, #4621, #7218, .T. ) ;
#6100 = ORIENTED_EDGE ( 'NONE', *, *, #2453, .F. ) ;
#6101 = EDGE_CURVE ( 'NONE', #8359, #1935, #6510, .T. ) ;
#6102 = LINE ( 'NONE', #1255, #6493 ) ;
#6103 = ORIENTED_EDGE ( 'NONE', *, *, #8879, .F. ) ;
#6104 = CARTESIAN_POINT ( 'NONE',  ( -2.994029756264177777, -26.24999999999999645, 23.43434452200543205 ) ) ;
#6105 = ORIENTED_EDGE ( 'NONE', *, *, #3996, .F. ) ;
#6106 = FACE_OUTER_BOUND ( 'NONE', #3469, .T. ) ;
#6107 = CARTESIAN_POINT ( 'NONE',  ( 7.852138384579761876, -8.929999999999992610, 25.73360027965844665 ) ) ;
#6108 = CARTESIAN_POINT ( 'NONE',  ( 11.12228341961741762, -25.03301371225455441, -6.766399720341551571 ) ) ;
#6109 = EDGE_LOOP ( 'NONE', ( #3295, #5285, #6805, #8363, #6859, #1272 ) ) ;
#6110 = EDGE_CURVE ( 'NONE', #9268, #7744, #8025, .T. ) ;
#6111 = EDGE_LOOP ( 'NONE', ( #902, #3014, #543, #7370 ) ) ;
#6112 = DIRECTION ( 'NONE',  ( 1.000000000000000000, 0.000000000000000000, 0.000000000000000000 ) ) ;
#6113 = VECTOR ( 'NONE', #8391, 1000.000000000000000 ) ;
#6114 = CARTESIAN_POINT ( 'NONE',  ( -9.825547749812113096, -18.91796799097090087, 22.73360027965845021 ) ) ;
#6115 = DIRECTION ( 'NONE',  ( -0.5000000000000016653, 0.000000000000000000, 0.8660254037844377084 ) ) ;
#6116 = VECTOR ( 'NONE', #8962, 1000.000000000000000 ) ;
#6117 = CARTESIAN_POINT ( 'NONE',  ( 14.21629301208212226, -24.74999999999999645, 15.12772820251061034 ) ) ;
#6118 = CARTESIAN_POINT ( 'NONE',  ( -44.08372187312362200, -14.99840717847743932, 27.73360027965844665 ) ) ;
#6119 = CARTESIAN_POINT ( 'NONE',  ( -63.55073236542024517, -11.46570451637611932, 8.048806890340866715 ) ) ;
#6120 = ORIENTED_EDGE ( 'NONE', *, *, #64, .T. ) ;
#6121 = DIRECTION ( 'NONE',  ( -0.000000000000000000, 0.000000000000000000, 1.000000000000000000 ) ) ;
#6122 = CARTESIAN_POINT ( 'NONE',  ( 0.000000000000000000, -23.74999999999999645, 0.000000000000000000 ) ) ;
#6123 = LINE ( 'NONE', #2514, #280 ) ;
#6124 = LINE ( 'NONE', #8156, #4698 ) ;
#6125 = EDGE_LOOP ( 'NONE', ( #6120, #439, #4632, #5000, #4672, #1019 ) ) ;
#6126 = CARTESIAN_POINT ( 'NONE',  ( -8.274235610263286134, -23.24999999999999645, 1.129663705710172605 ) ) ;
#6127 = CARTESIAN_POINT ( 'NONE',  ( -60.05073236542024517, -28.24999999999999645, -3.266399720341551127 ) ) ;
#6128 = AXIS2_PLACEMENT_3D ( 'NONE', #5478, #2619, #4765 ) ;
#6129 = PLANE ( 'NONE',  #4163 ) ;
#6130 = CARTESIAN_POINT ( 'NONE',  ( 7.852138384579761876, -28.24999999999999645, 27.73360027965844665 ) ) ;
#6131 = ORIENTED_EDGE ( 'NONE', *, *, #1209, .T. ) ;
#6132 = ORIENTED_EDGE ( 'NONE', *, *, #5468, .T. ) ;
#6133 = CARTESIAN_POINT ( 'NONE',  ( -56.55073236542025228, -11.46570451637611932, 8.048806890340866715 ) ) ;
#6134 = CIRCLE ( 'NONE', #6295, 0.5000000000000004441 ) ;
#6135 = VERTEX_POINT ( 'NONE', #5798 ) ;
#6136 = CARTESIAN_POINT ( 'NONE',  ( -66.09198187529463553, -15.66790477302092199, -6.766399720341551571 ) ) ;
#6137 = VERTEX_POINT ( 'NONE', #8738 ) ;
#6138 = EDGE_CURVE ( 'NONE', #2366, #1632, #2235, .T. ) ;
#6139 = CARTESIAN_POINT ( 'NONE',  ( 7.852138384579761876, -8.826403837643526984, 25.73360027965844665 ) ) ;
#6140 = VECTOR ( 'NONE', #2621, 1000.000000000000000 ) ;
#6141 = FACE_OUTER_BOUND ( 'NONE', #3148, .T. ) ;
#6142 = VERTEX_POINT ( 'NONE', #8207 ) ;
#6143 = CARTESIAN_POINT ( 'NONE',  ( -19.64526954535771353, -11.29005581014418880, 27.73360027965844665 ) ) ;
#6144 = AXIS2_PLACEMENT_3D ( 'NONE', #5929, #1429, #4416 ) ;
#6145 = ORIENTED_EDGE ( 'NONE', *, *, #4724, .F. ) ;
#6146 = AXIS2_PLACEMENT_3D ( 'NONE', #8508, #6378, #9265 ) ;
#6147 = VERTEX_POINT ( 'NONE', #6747 ) ;
#6148 = DIRECTION ( 'NONE',  ( 0.000000000000000000, 0.4314804106740396383, -0.9021223061229348694 ) ) ;
#6149 = ORIENTED_EDGE ( 'NONE', *, *, #1713, .F. ) ;
#6150 = EDGE_CURVE ( 'NONE', #4921, #9380, #1629, .T. ) ;
#6151 = FACE_OUTER_BOUND ( 'NONE', #8212, .T. ) ;
#6152 = DIRECTION ( 'NONE',  ( -0.000000000000000000, -1.000000000000000000, -0.000000000000000000 ) ) ;
#6154 = ADVANCED_FACE ( 'NONE', ( #8115 ), #4664, .T. ) ;
#6153 = CARTESIAN_POINT ( 'NONE',  ( 11.11862117367209990, -15.77033674741690916, -6.766399720341551571 ) ) ;
#6155 = AXIS2_PLACEMENT_3D ( 'NONE', #7152, #4309, #7194 ) ;
#6156 = AXIS2_PLACEMENT_3D ( 'NONE', #1440, #722, #2281 ) ;
#6157 = ORIENTED_EDGE ( 'NONE', *, *, #1112, .F. ) ;
#6158 = ORIENTED_EDGE ( 'NONE', *, *, #3511, .F. ) ;
#6159 = FACE_OUTER_BOUND ( 'NONE', #6496, .T. ) ;
#6160 = AXIS2_PLACEMENT_3D ( 'NONE', #8377, #3518, #2851 ) ;
#6161 = FACE_OUTER_BOUND ( 'NONE', #6236, .T. ) ;
#6162 = DIRECTION ( 'NONE',  ( 0.000000000000000000, -1.000000000000000000, 0.000000000000000000 ) ) ;
#6163 = VECTOR ( 'NONE', #6112, 1000.000000000000000 ) ;
#6164 = CARTESIAN_POINT ( 'NONE',  ( -11.02830546420950242, -8.826403837643525208, 35.00000000000000000 ) ) ;
#6165 = LINE ( 'NONE', #227, #1456 ) ;
#6166 = EDGE_CURVE ( 'NONE', #580, #3519, #6699, .T. ) ;
#6167 = CARTESIAN_POINT ( 'NONE',  ( -8.421534865563451433, -16.48614634097089393, 22.73360027965845021 ) ) ;
#6168 = CIRCLE ( 'NONE', #7532, 0.5000000000000004441 ) ;
#6169 = ORIENTED_EDGE ( 'NONE', *, *, #3251, .T. ) ;
#6170 = LINE ( 'NONE', #3405, #1077 ) ;
#6171 = DIRECTION ( 'NONE',  ( 0.000000000000000000, 0.000000000000000000, -1.000000000000000000 ) ) ;
#6172 = CARTESIAN_POINT ( 'NONE',  ( 4.506559040048433218, -21.92999999999999616, 4.003742511880592936 ) ) ;
#6173 = CARTESIAN_POINT ( 'NONE',  ( -14.45632582902195473, -23.74999999999999645, 1.129663705710172605 ) ) ;
#6174 = VERTEX_POINT ( 'NONE', #7501 ) ;
#6175 = PLANE ( 'NONE',  #6798 ) ;
#6176 = CARTESIAN_POINT ( 'NONE',  ( -62.07683474757660491, -25.03301371225455441, -6.766399720341551571 ) ) ;
#6177 = EDGE_CURVE ( 'NONE', #6042, #4293, #5176, .T. ) ;
#6178 = DIRECTION ( 'NONE',  ( 0.000000000000000000, 0.000000000000000000, -1.000000000000000000 ) ) ;
#6179 = DIRECTION ( 'NONE',  ( 0.000000000000000000, -1.000000000000000000, 0.000000000000000000 ) ) ;
#6180 = VERTEX_POINT ( 'NONE', #4515 ) ;
#6181 = VERTEX_POINT ( 'NONE', #6035 ) ;
#6182 = EDGE_LOOP ( 'NONE', ( #9343, #8745, #3088, #9222, #7276, #3024, #4, #2602, #532, #4615, #1956, #2990, #8987, #8095, #7555, #2334, #4147, #22, #7386 ) ) ;
#6183 = DIRECTION ( 'NONE',  ( -0.5000000000000024425, 0.8660254037844372643, 0.000000000000000000 ) ) ;
#6184 = EDGE_LOOP ( 'NONE', ( #3299, #2543, #5358, #3840 ) ) ;
#6185 = DIRECTION ( 'NONE',  ( 0.000000000000000000, -1.000000000000000000, 0.000000000000000000 ) ) ;
#6186 = ORIENTED_EDGE ( 'NONE', *, *, #4889, .F. ) ;
#6187 = CARTESIAN_POINT ( 'NONE',  ( 17.21629301208212226, -24.74999999999999645, 12.12772820251061034 ) ) ;
#6188 = LINE ( 'NONE', #9079, #1308 ) ;
#6189 = ORIENTED_EDGE ( 'NONE', *, *, #7999, .T. ) ;
#6190 = CARTESIAN_POINT ( 'NONE',  ( -53.99344095995156323, -8.929999999999994387, 1.284344522005429923 ) ) ;
#6191 = VECTOR ( 'NONE', #9019, 1000.000000000000000 ) ;
#6192 = ADVANCED_FACE ( 'NONE', ( #8974, #4567 ), #1577, .T. ) ;
#6193 = ORIENTED_EDGE ( 'NONE', *, *, #6110, .T. ) ;
#6194 = VERTEX_POINT ( 'NONE', #6086 ) ;
#6195 = DIRECTION ( 'NONE',  ( -1.000000000000000000, 0.000000000000000000, 1.548777936842437519E-16 ) ) ;
#6196 = ORIENTED_EDGE ( 'NONE', *, *, #8852, .T. ) ;
#6197 = DIRECTION ( 'NONE',  ( 1.000000000000000000, 0.000000000000000000, 0.000000000000000000 ) ) ;
#6198 = LINE ( 'NONE', #9140, #4794 ) ;
#6199 = AXIS2_PLACEMENT_3D ( 'NONE', #1287, #5602, #7686 ) ;
#6200 = CARTESIAN_POINT ( 'NONE',  ( 13.55308861578300039, -4.994728181037625170, -3.266399720341551127 ) ) ;
#6201 = ORIENTED_EDGE ( 'NONE', *, *, #1232, .F. ) ;
#6202 = EDGE_CURVE ( 'NONE', #3686, #209, #8925, .T. ) ;
#6203 = ORIENTED_EDGE ( 'NONE', *, *, #1516, .F. ) ;
#6204 = FACE_OUTER_BOUND ( 'NONE', #8360, .T. ) ;
#6205 = VECTOR ( 'NONE', #8393, 1000.000000000000000 ) ;
#6206 = LINE ( 'NONE', #7813, #9086 ) ;
#6207 = CARTESIAN_POINT ( 'NONE',  ( -4.209496212817471772, -18.91796799097090087, 23.50000000000000000 ) ) ;
#6208 = CARTESIAN_POINT ( 'NONE',  ( -58.09344095995156465, -21.92999999999999616, -0.5000000000000000000 ) ) ;
#6209 = LINE ( 'NONE', #4125, #5395 ) ;
#6210 = LINE ( 'NONE', #8964, #1480 ) ;
#6211 = VECTOR ( 'NONE', #1138, 1000.000000000000000 ) ;
#6212 = VECTOR ( 'NONE', #4047, 1000.000000000000000 ) ;
#6213 = ORIENTED_EDGE ( 'NONE', *, *, #4420, .T. ) ;
#6214 = DIRECTION ( 'NONE',  ( -0.000000000000000000, -1.000000000000000000, -0.000000000000000000 ) ) ;
#6215 = DIRECTION ( 'NONE',  ( -1.000000000000000000, 0.000000000000000000, 0.000000000000000000 ) ) ;
#6216 = ADVANCED_FACE ( 'NONE', ( #1722 ), #8160, .T. ) ;
#6217 = EDGE_CURVE ( 'NONE', #2992, #749, #1011, .T. ) ;
#6218 = DIRECTION ( 'NONE',  ( -1.000000000000000000, -0.000000000000000000, 0.000000000000000000 ) ) ;
#6219 = EDGE_CURVE ( 'NONE', #1221, #8259, #2425, .T. ) ;
#6220 = LINE ( 'NONE', #4131, #3623 ) ;
#6221 = VECTOR ( 'NONE', #3503, 1000.000000000000000 ) ;
#6222 = ORIENTED_EDGE ( 'NONE', *, *, #4518, .F. ) ;
#6223 = DIRECTION ( 'NONE',  ( -1.000000000000000000, 0.000000000000000000, 0.000000000000000000 ) ) ;
#6224 = CARTESIAN_POINT ( 'NONE',  ( 9.852138384579765429, -26.24999999999999645, -4.766399720341551571 ) ) ;
#6225 = CARTESIAN_POINT ( 'NONE',  ( -70.42541949054557904, -21.03301371225455441, -3.266399720341551127 ) ) ;
#6226 = DIRECTION ( 'NONE',  ( 0.000000000000000000, 1.000000000000000000, 0.000000000000000000 ) ) ;
#6227 = STYLED_ITEM ( 'NONE', ( #3524 ), #4430 ) ;
#6228 = AXIS2_PLACEMENT_3D ( 'NONE', #7894, #1355, #4242 ) ;
#6229 = ORIENTED_EDGE ( 'NONE', *, *, #6579, .T. ) ;
#6230 = ORIENTED_EDGE ( 'NONE', *, *, #1675, .F. ) ;
#6231 = CYLINDRICAL_SURFACE ( 'NONE', #5151, 1.350000000000000533 ) ;
#6232 = EDGE_CURVE ( 'NONE', #2669, #967, #527, .T. ) ;
#6233 = CIRCLE ( 'NONE', #4410, 4.099999999999999645 ) ;
#6234 = EDGE_LOOP ( 'NONE', ( #3386, #6424 ) ) ;
#6235 = CARTESIAN_POINT ( 'NONE',  ( -45.52049870685441846, -18.91113344730284851, 0.000000000000000000 ) ) ;
#6236 = EDGE_LOOP ( 'NONE', ( #1607, #6766, #3460, #1427 ) ) ;
#6237 = AXIS2_PLACEMENT_3D ( 'NONE', #591, #5715, #6425 ) ;
#6238 = DIRECTION ( 'NONE',  ( -0.000000000000000000, -0.000000000000000000, -1.000000000000000000 ) ) ;
#6240 = EDGE_CURVE ( 'NONE', #6342, #5989, #5321, .T. ) ;
#6239 = CARTESIAN_POINT ( 'NONE',  ( -13.10069371300876995, -26.24999999999999645, 3.416424131227113747 ) ) ;
#6241 = ORIENTED_EDGE ( 'NONE', *, *, #4805, .T. ) ;
#6242 = VERTEX_POINT ( 'NONE', #6651 ) ;
#6243 = DIRECTION ( 'NONE',  ( -0.000000000000000000, 1.000000000000000000, -0.000000000000000000 ) ) ;
#6244 = VERTEX_POINT ( 'NONE', #8255 ) ;
#6245 = EDGE_LOOP ( 'NONE', ( #7576, #2614, #8198, #680 ) ) ;
#6246 = DIRECTION ( 'NONE',  ( -0.4999999999999996669, 0.000000000000000000, -0.8660254037844388186 ) ) ;
#6247 = VERTEX_POINT ( 'NONE', #1774 ) ;
#6248 = FACE_OUTER_BOUND ( 'NONE', #7531, .T. ) ;
#6249 = DIRECTION ( 'NONE',  ( -0.5000000000000002220, 0.000000000000000000, 0.8660254037844384856 ) ) ;
#6250 = DIRECTION ( 'NONE',  ( -0.000000000000000000, -1.000000000000000000, -0.000000000000000000 ) ) ;
#6251 = EDGE_CURVE ( 'NONE', #8755, #8005, #5218, .T. ) ;
#6252 = ORIENTED_EDGE ( 'NONE', *, *, #3022, .F. ) ;
#6253 = ORIENTED_EDGE ( 'NONE', *, *, #3985, .T. ) ;
#6254 = DIRECTION ( 'NONE',  ( 0.000000000000000000, 0.000000000000000000, -1.000000000000000000 ) ) ;
#6255 = CARTESIAN_POINT ( 'NONE',  ( -45.51752198131479332, -18.91796799097089732, 25.73360027965844665 ) ) ;
#6256 = EDGE_CURVE ( 'NONE', #3601, #4385, #7452, .T. ) ;
#6257 = CARTESIAN_POINT ( 'NONE',  ( 4.506559040048433218, -21.92999999999999616, 18.86494653213027206 ) ) ;
#6258 = DIRECTION ( 'NONE',  ( -1.000000000000000000, 0.000000000000000000, 0.000000000000000000 ) ) ;
#6259 = DIRECTION ( 'NONE',  ( -0.000000000000000000, 1.000000000000000000, -0.000000000000000000 ) ) ;
#6260 = EDGE_CURVE ( 'NONE', #2473, #8541, #6604, .T. ) ;
#6261 = ADVANCED_FACE ( 'NONE', ( #3177 ), #5892, .T. ) ;
#6262 = ORIENTED_EDGE ( 'NONE', *, *, #9298, .T. ) ;
#6263 = CARTESIAN_POINT ( 'NONE',  ( -0.07410584242694209789, -21.92999999999999616, 22.43434452200543205 ) ) ;
#6264 = DIRECTION ( 'NONE',  ( 0.000000000000000000, -0.000000000000000000, -1.000000000000000000 ) ) ;
#6265 = CARTESIAN_POINT ( 'NONE',  ( -14.92158689150289952, -26.24999999999999645, 22.88956924811451188 ) ) ;
#6266 = LINE ( 'NONE', #2786, #6973 ) ;
#6267 = ORIENTED_EDGE ( 'NONE', *, *, #7716, .T. ) ;
#6268 = DIRECTION ( 'NONE',  ( 1.000000000000000000, 0.000000000000000000, 0.000000000000000000 ) ) ;
#6269 = LINE ( 'NONE', #8538, #5228 ) ;
#6270 = EDGE_CURVE ( 'NONE', #800, #6717, #6443, .T. ) ;
#6271 = DIRECTION ( 'NONE',  ( 0.000000000000000000, 0.000000000000000000, -1.000000000000000000 ) ) ;
#6272 = AXIS2_PLACEMENT_3D ( 'NONE', #471, #1237, #2644 ) ;
#6273 = EDGE_CURVE ( 'NONE', #7176, #6388, #3276, .T. ) ;
#6274 = ORIENTED_EDGE ( 'NONE', *, *, #5477, .T. ) ;
#6275 = ORIENTED_EDGE ( 'NONE', *, *, #8732, .T. ) ;
#6276 = VERTEX_POINT ( 'NONE', #3992 ) ;
#6277 = DIRECTION ( 'NONE',  ( -1.609861257756964304E-16, -1.000000000000000000, 0.000000000000000000 ) ) ;
#6278 = VECTOR ( 'NONE', #6215, 1000.000000000000000 ) ;
#6279 = CARTESIAN_POINT ( 'NONE',  ( -66.42541949054557904, -20.57275651622689949, -6.766399720341551571 ) ) ;
#6280 = AXIS2_PLACEMENT_3D ( 'NONE', #2588, #1226, #600 ) ;
#6281 = EDGE_LOOP ( 'NONE', ( #6586, #864, #1252, #5907 ) ) ;
#6282 = LINE ( 'NONE', #3466, #6606 ) ;
#6283 = ORIENTED_EDGE ( 'NONE', *, *, #1441, .F. ) ;
#6284 = FACE_OUTER_BOUND ( 'NONE', #2059, .T. ) ;
#6285 = CARTESIAN_POINT ( 'NONE',  ( 13.99635887394077827, -28.24999999999999645, 11.77961269154898716 ) ) ;
#6286 = ADVANCED_FACE ( 'NONE', ( #4928 ), #6888, .T. ) ;
#6287 = AXIS2_PLACEMENT_3D ( 'NONE', #5270, #2326, #4470 ) ;
#6288 = VERTEX_POINT ( 'NONE', #9116 ) ;
#6289 = VERTEX_POINT ( 'NONE', #2521 ) ;
#6290 = PLANE ( 'NONE',  #3804 ) ;
#6291 = EDGE_LOOP ( 'NONE', ( #120, #5671, #2821, #7738 ) ) ;
#6292 = ORIENTED_EDGE ( 'NONE', *, *, #3594, .F. ) ;
#6293 = VECTOR ( 'NONE', #2299, 1000.000000000000000 ) ;
#6294 = CARTESIAN_POINT ( 'NONE',  ( -51.19329215438187930, -28.24999999999999645, -0.06565547799456866729 ) ) ;
#6295 = AXIS2_PLACEMENT_3D ( 'NONE', #4590, #3826, #983 ) ;
#6296 = EDGE_LOOP ( 'NONE', ( #7160, #5211, #7755, #4807 ) ) ;
#6297 = FACE_OUTER_BOUND ( 'NONE', #1561, .T. ) ;
#6298 = LINE ( 'NONE', #4964, #8558 ) ;
#6299 = EDGE_CURVE ( 'NONE', #7479, #260, #2123, .T. ) ;
#6300 = ORIENTED_EDGE ( 'NONE', *, *, #1329, .F. ) ;
#6301 = VECTOR ( 'NONE', #1117, 1000.000000000000000 ) ;
#6302 = ORIENTED_EDGE ( 'NONE', *, *, #6341, .T. ) ;
#6303 = DIRECTION ( 'NONE',  ( 0.000000000000000000, 0.000000000000000000, -1.000000000000000000 ) ) ;
#6304 = CARTESIAN_POINT ( 'NONE',  ( -50.33068858115953503, -21.92999999999999616, 0.5000000000000000000 ) ) ;
#6305 = LINE ( 'NONE', #6257, #3478 ) ;
#6306 = AXIS2_PLACEMENT_3D ( 'NONE', #4368, #7919, #8815 ) ;
#6307 = DIRECTION ( 'NONE',  ( 1.000000000000000000, 0.000000000000000000, 0.000000000000000000 ) ) ;
#6308 = LINE ( 'NONE', #3307, #4033 ) ;
#6309 = VECTOR ( 'NONE', #1870, 1000.000000000000000 ) ;
#6310 = SHAPE_DEFINITION_REPRESENTATION ( #1080, #6007 ) ;
#6311 = EDGE_LOOP ( 'NONE', ( #7992, #5182 ) ) ;
#6312 = FACE_OUTER_BOUND ( 'NONE', #8425, .T. ) ;
#6313 = VECTOR ( 'NONE', #3063, 1000.000000000000000 ) ;
#6314 = DIRECTION ( 'NONE',  ( 0.000000000000000000, -1.000000000000000000, 0.000000000000000000 ) ) ;
#6315 = ADVANCED_FACE ( 'NONE', ( #4752 ), #6129, .T. ) ;
#6316 = VECTOR ( 'NONE', #1655, 1000.000000000000000 ) ;
#6317 = LINE ( 'NONE', #4797, #3765 ) ;
#6318 = CARTESIAN_POINT ( 'NONE',  ( 7.852138384579761876, -8.929999999999992610, 25.73360027965844665 ) ) ;
#6319 = ORIENTED_EDGE ( 'NONE', *, *, #860, .F. ) ;
#6320 = CARTESIAN_POINT ( 'NONE',  ( -11.90198937725308070, -11.29005581014418880, 27.73360027965844665 ) ) ;
#6321 = CARTESIAN_POINT ( 'NONE',  ( 7.852138384579765429, -26.24999999999999645, -4.766399720341551571 ) ) ;
#6322 = VECTOR ( 'NONE', #195, 1000.000000000000000 ) ;
#6323 = DIRECTION ( 'NONE',  ( 1.000000000000000000, 0.000000000000000000, 0.000000000000000000 ) ) ;
#6324 = AXIS2_PLACEMENT_3D ( 'NONE', #2974, #8006, #5070 ) ;
#6325 = EDGE_LOOP ( 'NONE', ( #3522, #8460, #8441, #6345, #6350, #4159 ) ) ;
#6326 = VERTEX_POINT ( 'NONE', #1106 ) ;
#6327 = ORIENTED_EDGE ( 'NONE', *, *, #5818, .T. ) ;
#6328 = CARTESIAN_POINT ( 'NONE',  ( 4.006559040048433218, -21.92999999999999616, 24.28434452200542992 ) ) ;
#6329 = CIRCLE ( 'NONE', #8129, 0.5000000000000004441 ) ;
#6330 = ADVANCED_FACE ( 'NONE', ( #4973 ), #7107, .T. ) ;
#6331 = CARTESIAN_POINT ( 'NONE',  ( -69.60685805559241146, -28.24999999999999645, 11.92435785757281153 ) ) ;
#6332 = EDGE_CURVE ( 'NONE', #4987, #1282, #4014, .T. ) ;
#6333 = VERTEX_POINT ( 'NONE', #7644 ) ;
#6334 = CYLINDRICAL_SURFACE ( 'NONE', #2353, 0.5000000000000004441 ) ;
#6335 = LINE ( 'NONE', #4102, #7333 ) ;
#6336 = ORIENTED_EDGE ( 'NONE', *, *, #5058, .T. ) ;
#6337 = ORIENTED_EDGE ( 'NONE', *, *, #6166, .F. ) ;
#6338 = LINE ( 'NONE', #7800, #930 ) ;
#6339 = ORIENTED_EDGE ( 'NONE', *, *, #4546, .F. ) ;
#6340 = EDGE_CURVE ( 'NONE', #102, #2941, #7189, .T. ) ;
#6341 = EDGE_CURVE ( 'NONE', #3387, #9039, #7496, .T. ) ;
#6342 = VERTEX_POINT ( 'NONE', #4042 ) ;
#6343 = EDGE_CURVE ( 'NONE', #3086, #4958, #4709, .T. ) ;
#6344 = CARTESIAN_POINT ( 'NONE',  ( -46.30751559817667840, -26.24999999999999645, 23.43434452200543205 ) ) ;
#6345 = ORIENTED_EDGE ( 'NONE', *, *, #709, .T. ) ;
#6346 = DIRECTION ( 'NONE',  ( 0.000000000000000000, 0.000000000000000000, -1.000000000000000000 ) ) ;
#6347 = CARTESIAN_POINT ( 'NONE',  ( 11.12228341961741940, -25.03301371225455441, -4.766399720341551571 ) ) ;
#6348 = VECTOR ( 'NONE', #2654, 1000.000000000000000 ) ;
#6349 = ORIENTED_EDGE ( 'NONE', *, *, #8418, .F. ) ;
#6350 = ORIENTED_EDGE ( 'NONE', *, *, #8706, .T. ) ;
#6351 = LINE ( 'NONE', #5635, #6992 ) ;
#6352 = EDGE_CURVE ( 'NONE', #5951, #8167, #1332, .T. ) ;
#6353 = LINE ( 'NONE', #4122, #7877 ) ;
#6354 = DIRECTION ( 'NONE',  ( -1.137523590804463822E-16, 0.000000000000000000, 1.000000000000000000 ) ) ;
#6355 = AXIS2_PLACEMENT_3D ( 'NONE', #8869, #6840, #4702 ) ;
#6356 = CARTESIAN_POINT ( 'NONE',  ( 17.21629301208212226, -24.74999999999999645, 11.56187258665032225 ) ) ;
#6357 = DIRECTION ( 'NONE',  ( -8.921435019309294079E-15, 0.000000000000000000, -1.000000000000000000 ) ) ;
#6358 = ORIENTED_EDGE ( 'NONE', *, *, #4053, .F. ) ;
#6359 = AXIS2_PLACEMENT_3D ( 'NONE', #7535, #5254, #3111 ) ;
#6360 = CARTESIAN_POINT ( 'NONE',  ( -52.59336655716672482, -23.74999999999999645, 2.359344522005430544 ) ) ;
#6361 = LINE ( 'NONE', #9248, #5503 ) ;
#6362 = CARTESIAN_POINT ( 'NONE',  ( -63.54634611201960581, -25.31482886712318958, -4.766399720341551571 ) ) ;
#6363 = CARTESIAN_POINT ( 'NONE',  ( -0.07410584242694209789, -21.92999999999999616, 23.43434452200543205 ) ) ;
#6364 = ORIENTED_EDGE ( 'NONE', *, *, #7835, .F. ) ;
#6365 = FACE_OUTER_BOUND ( 'NONE', #3853, .T. ) ;
#6366 = CARTESIAN_POINT ( 'NONE',  ( -43.08867705991077202, -17.50712056481877710, 23.50000000000000000 ) ) ;
#6367 = AXIS2_PLACEMENT_3D ( 'NONE', #7059, #1275, #4164 ) ;
#6368 = CARTESIAN_POINT ( 'NONE',  ( -0.07410584242694036317, -21.92999999999999616, 22.53663342468446018 ) ) ;
#6369 = EDGE_CURVE ( 'NONE', #5324, #5760, #658, .T. ) ;
#6370 = ORIENTED_EDGE ( 'NONE', *, *, #5784, .F. ) ;
#6371 = ORIENTED_EDGE ( 'NONE', *, *, #4805, .F. ) ;
#6372 = ORIENTED_EDGE ( 'NONE', *, *, #9274, .F. ) ;
#6373 = CARTESIAN_POINT ( 'NONE',  ( 3.506559040048433218, -26.24999999999999645, 6.170421253070792034 ) ) ;
#6374 = VECTOR ( 'NONE', #7873, 1000.000000000000000 ) ;
#6375 = AXIS2_PLACEMENT_3D ( 'NONE', #5990, #8930, #4617 ) ;
#6376 = CARTESIAN_POINT ( 'NONE',  ( -46.30751559817667840, -26.24999999999999645, 23.43434452200543205 ) ) ;
#6377 = ORIENTED_EDGE ( 'NONE', *, *, #4869, .T. ) ;
#6378 = DIRECTION ( 'NONE',  ( 0.000000000000000000, 1.000000000000000000, -0.000000000000000000 ) ) ;
#6379 = CARTESIAN_POINT ( 'NONE',  ( 7.852138384579761876, -3.250000000000000000, 25.73360027965844665 ) ) ;
#6380 = VECTOR ( 'NONE', #316, 1000.000000000000000 ) ;
#6381 = AXIS2_PLACEMENT_3D ( 'NONE', #671, #4421, #5702 ) ;
#6382 = ADVANCED_FACE ( 'NONE', ( #612, #4214 ), #3497, .T. ) ;
#6383 = ORIENTED_EDGE ( 'NONE', *, *, #2411, .T. ) ;
#6384 = ORIENTED_EDGE ( 'NONE', *, *, #3073, .F. ) ;
#6385 = LINE ( 'NONE', #4199, #4560 ) ;
#6386 = ORIENTED_EDGE ( 'NONE', *, *, #5754, .T. ) ;
#6387 = AXIS2_PLACEMENT_3D ( 'NONE', #2783, #618, #5644 ) ;
#6388 = VERTEX_POINT ( 'NONE', #5419 ) ;
#6389 = CARTESIAN_POINT ( 'NONE',  ( 3.506559040048433218, -21.92999999999999616, 18.83434452200543063 ) ) ;
#6390 = ORIENTED_EDGE ( 'NONE', *, *, #9011, .F. ) ;
#6391 = FACE_OUTER_BOUND ( 'NONE', #8164, .T. ) ;
#6392 = CARTESIAN_POINT ( 'NONE',  ( -53.99344095995156323, -21.92999999999999616, -0.06565547799456880607 ) ) ;
#6393 = EDGE_CURVE ( 'NONE', #6097, #1144, #985, .T. ) ;
#6394 = VERTEX_POINT ( 'NONE', #6225 ) ;
#6395 = EDGE_LOOP ( 'NONE', ( #6562, #885, #2086 ) ) ;
#6396 = CARTESIAN_POINT ( 'NONE',  ( 10.17786216458505066, -25.03301371225455441, -3.266399720341551127 ) ) ;
#6397 = CIRCLE ( 'NONE', #3815, 1.350000000000000533 ) ;
#6398 = FACE_OUTER_BOUND ( 'NONE', #4706, .T. ) ;
#6399 = DIRECTION ( 'NONE',  ( 0.000000000000000000, 0.000000000000000000, -1.000000000000000000 ) ) ;
#6400 = DIRECTION ( 'NONE',  ( 1.609861257756964057E-16, 1.000000000000000000, -0.000000000000000000 ) ) ;
#6401 = CARTESIAN_POINT ( 'NONE',  ( -43.08867705991077202, -17.50712056481877710, 23.50000000000000000 ) ) ;
#6402 = DIRECTION ( 'NONE',  ( 0.000000000000000000, -1.000000000000000000, 0.000000000000000000 ) ) ;
#6403 = ADVANCED_FACE ( 'NONE', ( #5684 ), #6845, .T. ) ;
#6404 = ORIENTED_EDGE ( 'NONE', *, *, #8947, .F. ) ;
#6405 = CARTESIAN_POINT ( 'NONE',  ( -58.09344095995156465, -21.92999999999999616, 0.5000000000000000000 ) ) ;
#6406 = DIRECTION ( 'NONE',  ( 0.000000000000000000, 0.000000000000000000, -1.000000000000000000 ) ) ;
#6407 = PLANE ( 'NONE',  #289 ) ;
#6408 = FACE_BOUND ( 'NONE', #3780, .T. ) ;
#6409 = ADVANCED_FACE ( 'NONE', ( #5780, #6677 ), #8806, .F. ) ;
#6410 = ORIENTED_EDGE ( 'NONE', *, *, #6251, .F. ) ;
#6411 = CARTESIAN_POINT ( 'NONE',  ( -9.100693713008769947, -23.24999999999999645, 22.88956924811451188 ) ) ;
#6412 = FACE_OUTER_BOUND ( 'NONE', #6125, .T. ) ;
#6413 = CARTESIAN_POINT ( 'NONE',  ( -2.994029756264176889, -26.24999999999999645, -0.5000000000000000000 ) ) ;
#6414 = ORIENTED_EDGE ( 'NONE', *, *, #595, .T. ) ;
#6415 = CARTESIAN_POINT ( 'NONE',  ( 11.11862117367209990, -15.77033674741690916, -3.266399720341551127 ) ) ;
#6416 = CARTESIAN_POINT ( 'NONE',  ( -67.52198187529464235, -4.250000000000000000, -3.266399720341551127 ) ) ;
#6417 = LINE ( 'NONE', #4899, #8618 ) ;
#6418 = ORIENTED_EDGE ( 'NONE', *, *, #7313, .T. ) ;
#6419 = FACE_OUTER_BOUND ( 'NONE', #2904, .T. ) ;
#6420 = AXIS2_PLACEMENT_3D ( 'NONE', #6674, #2540, #215 ) ;
#6421 = CARTESIAN_POINT ( 'NONE',  ( 4.506559040048433218, -26.24999999999999645, 4.003742511880592048 ) ) ;
#6422 = FACE_OUTER_BOUND ( 'NONE', #5225, .T. ) ;
#6423 = ORIENTED_EDGE ( 'NONE', *, *, #2829, .T. ) ;
#6424 = ORIENTED_EDGE ( 'NONE', *, *, #6903, .T. ) ;
#6425 = DIRECTION ( 'NONE',  ( -1.000000000000000000, 0.000000000000000000, -0.000000000000000000 ) ) ;
#6426 = VERTEX_POINT ( 'NONE', #2875 ) ;
#6427 = EDGE_CURVE ( 'NONE', #1632, #7221, #3702, .T. ) ;
#6428 = ORIENTED_EDGE ( 'NONE', *, *, #7927, .F. ) ;
#6429 = ORIENTED_EDGE ( 'NONE', *, *, #8013, .T. ) ;
#6430 = FACE_OUTER_BOUND ( 'NONE', #3234, .T. ) ;
#6431 = VECTOR ( 'NONE', #161, 1000.000000000000000 ) ;
#6432 = DIRECTION ( 'NONE',  ( 1.000000000000000000, 0.000000000000000000, -0.000000000000000000 ) ) ;
#6433 = VERTEX_POINT ( 'NONE', #7242 ) ;
#6434 = ORIENTED_EDGE ( 'NONE', *, *, #7378, .F. ) ;
#6435 = DIRECTION ( 'NONE',  ( 0.000000000000000000, 0.000000000000000000, -1.000000000000000000 ) ) ;
#6436 = AXIS2_PLACEMENT_3D ( 'NONE', #1467, #4356, #6489 ) ;
#6437 = EDGE_CURVE ( 'NONE', #4896, #2911, #5825, .T. ) ;
#6438 = CARTESIAN_POINT ( 'NONE',  ( -8.291905798005583250, -23.24999999999999645, 22.88956924811451188 ) ) ;
#6439 = CARTESIAN_POINT ( 'NONE',  ( -59.97849175394367194, -26.24999999999999645, 23.43434452200543205 ) ) ;
#6440 = ADVANCED_FACE ( 'NONE', ( #2259 ), #8669, .T. ) ;
#6441 = DIRECTION ( 'NONE',  ( -0.000000000000000000, -1.000000000000000000, -0.000000000000000000 ) ) ;
#6442 = CARTESIAN_POINT ( 'NONE',  ( 4.506559040048433218, -26.24999999999999645, 16.76811097311695065 ) ) ;
#6443 = LINE ( 'NONE', #344, #4767 ) ;
#6444 = VECTOR ( 'NONE', #255, 1000.000000000000000 ) ;
#6445 = EDGE_LOOP ( 'NONE', ( #6158, #9083, #6230, #1264 ) ) ;
#6446 = LINE ( 'NONE', #9338, #1013 ) ;
#6447 = CIRCLE ( 'NONE', #5384, 4.000000000000000000 ) ;
#6448 = CYLINDRICAL_SURFACE ( 'NONE', #1510, 0.5000000000000004441 ) ;
#6449 = EDGE_CURVE ( 'NONE', #7640, #2858, #2216, .T. ) ;
#6450 = CARTESIAN_POINT ( 'NONE',  ( 14.18099059628930014, -25.03301371225455441, -6.766399720341551571 ) ) ;
#6451 = VECTOR ( 'NONE', #2435, 1000.000000000000000 ) ;
#6452 = EDGE_CURVE ( 'NONE', #13, #7905, #4321, .T. ) ;
#6453 = ORIENTED_EDGE ( 'NONE', *, *, #6810, .F. ) ;
#6454 = LINE ( 'NONE', #4892, #8760 ) ;
#6455 = EDGE_CURVE ( 'NONE', #3196, #4348, #5065, .T. ) ;
#6456 = CARTESIAN_POINT ( 'NONE',  ( -21.38836543812355373, -8.826403837643525208, 26.77397846476551280 ) ) ;
#6457 = DIRECTION ( 'NONE',  ( -0.000000000000000000, -0.000000000000000000, 1.000000000000000000 ) ) ;
#6458 = VECTOR ( 'NONE', #8952, 1000.000000000000000 ) ;
#6459 = ORIENTED_EDGE ( 'NONE', *, *, #8564, .F. ) ;
#6460 = AXIS2_PLACEMENT_3D ( 'NONE', #1863, #8923, #434 ) ;
#6461 = DIRECTION ( 'NONE',  ( -0.000000000000000000, 0.000000000000000000, 1.000000000000000000 ) ) ;
#6462 = CARTESIAN_POINT ( 'NONE',  ( -53.49344095995156323, -26.24999999999999645, 6.170421253070792034 ) ) ;
#6463 = CARTESIAN_POINT ( 'NONE',  ( 7.852138384579763652, -26.24999999999999645, -1.487456977822859905 ) ) ;
#6464 = EDGE_CURVE ( 'NONE', #4235, #2153, #4776, .T. ) ;
#6465 = VECTOR ( 'NONE', #2004, 1000.000000000000114 ) ;
#6466 = ORIENTED_EDGE ( 'NONE', *, *, #5302, .T. ) ;
#6467 = LINE ( 'NONE', #9355, #8420 ) ;
#6468 = CARTESIAN_POINT ( 'NONE',  ( -53.99344095995156323, -21.92999999999999616, -0.06565547799456880607 ) ) ;
#6469 = CARTESIAN_POINT ( 'NONE',  ( -14.42158689150289952, -24.24999999999999289, 22.88956924811451188 ) ) ;
#6470 = VECTOR ( 'NONE', #668, 1000.000000000000000 ) ;
#6471 = VERTEX_POINT ( 'NONE', #8851 ) ;
#6472 = EDGE_LOOP ( 'NONE', ( #3038, #5810, #791, #1527, #2048, #5965 ) ) ;
#6473 = DIRECTION ( 'NONE',  ( -1.000000000000000000, 0.000000000000000000, -0.000000000000000000 ) ) ;
#6474 = VERTEX_POINT ( 'NONE', #5248 ) ;
#6475 = ORIENTED_EDGE ( 'NONE', *, *, #4182, .F. ) ;
#6476 = CARTESIAN_POINT ( 'NONE',  ( -59.97849175394367194, -26.24999999999999645, -0.5000000000000000000 ) ) ;
#6477 = VERTEX_POINT ( 'NONE', #83 ) ;
#6478 = EDGE_CURVE ( 'NONE', #6244, #8779, #1444, .T. ) ;
#6479 = CARTESIAN_POINT ( 'NONE',  ( -10.79999054116380997, -12.75000000000000000, 25.73360027965844665 ) ) ;
#6480 = LINE ( 'NONE', #4484, #7198 ) ;
#6481 = EDGE_CURVE ( 'NONE', #1221, #6244, #1513, .T. ) ;
#6482 = ORIENTED_EDGE ( 'NONE', *, *, #3483, .T. ) ;
#6483 = VERTEX_POINT ( 'NONE', #6631 ) ;
#6484 = DIRECTION ( 'NONE',  ( 0.000000000000000000, 0.000000000000000000, 1.000000000000000000 ) ) ;
#6485 = DIRECTION ( 'NONE',  ( 1.000000000000000000, 0.000000000000000000, 0.000000000000000000 ) ) ;
#6486 = DIRECTION ( 'NONE',  ( 1.000000000000000000, 0.000000000000000000, 0.000000000000000000 ) ) ;
#6487 = CARTESIAN_POINT ( 'NONE',  ( -5.613509097066135212, -16.48614634097089393, 23.50000000000000000 ) ) ;
#6488 = DIRECTION ( 'NONE',  ( 1.000000000000000000, 0.000000000000000000, 0.000000000000000000 ) ) ;
#6489 = DIRECTION ( 'NONE',  ( 0.000000000000000000, 0.000000000000000000, -1.000000000000000000 ) ) ;
#6490 = ADVANCED_FACE ( 'NONE', ( #127 ), #3684, .T. ) ;
#6491 = ORIENTED_EDGE ( 'NONE', *, *, #5333, .F. ) ;
#6492 = LINE ( 'NONE', #1380, #7382 ) ;
#6493 = VECTOR ( 'NONE', #4283, 1000.000000000000000 ) ;
#6494 = CARTESIAN_POINT ( 'NONE',  ( -33.12290989087977522, -26.24999999999999645, 25.73360027965844665 ) ) ;
#6495 = FACE_OUTER_BOUND ( 'NONE', #4257, .T. ) ;
#6496 = EDGE_LOOP ( 'NONE', ( #8046, #3057, #2707, #7703 ) ) ;
#6497 = DIRECTION ( 'NONE',  ( 0.000000000000000000, 0.000000000000000000, -1.000000000000000000 ) ) ;
#6498 = LINE ( 'NONE', #5789, #3407 ) ;
#6499 = CARTESIAN_POINT ( 'NONE',  ( 7.852138384579761876, -21.92999999999999616, 21.51254302217713388 ) ) ;
#6500 = CIRCLE ( 'NONE', #8773, 1.199999999999999734 ) ;
#6501 = EDGE_LOOP ( 'NONE', ( #6201, #3245, #4215, #5244 ) ) ;
#6502 = EDGE_CURVE ( 'NONE', #3367, #5364, #5980, .T. ) ;
#6503 = EDGE_CURVE ( 'NONE', #8259, #8370, #5872, .T. ) ;
#6504 = ORIENTED_EDGE ( 'NONE', *, *, #7947, .T. ) ;
#6505 = DIRECTION ( 'NONE',  ( 0.000000000000000000, 1.000000000000000000, 0.000000000000000000 ) ) ;
#6506 = CARTESIAN_POINT ( 'NONE',  ( 1.206410234478746624, -23.74999999999999645, 22.93434452200542495 ) ) ;
#6507 = AXIS2_PLACEMENT_3D ( 'NONE', #7997, #1508, #8616 ) ;
#6508 = EDGE_LOOP ( 'NONE', ( #2752, #923, #6063, #2145 ) ) ;
#6509 = CARTESIAN_POINT ( 'NONE',  ( -9.100693713008769947, -23.24999999999999645, 1.129663705710172605 ) ) ;
#6510 = LINE ( 'NONE', #3658, #1438 ) ;
#6511 = DIRECTION ( 'NONE',  ( -0.000000000000000000, -1.000000000000000000, -0.000000000000000000 ) ) ;
#6512 = VECTOR ( 'NONE', #9206, 1000.000000000000000 ) ;
#6513 = VECTOR ( 'NONE', #6598, 1000.000000000000000 ) ;
#6514 = ADVANCED_FACE ( 'NONE', ( #7195, #3010, #7290, #5918, #704, #6582, #2968 ), #8761, .F. ) ;
#6515 = ORIENTED_EDGE ( 'NONE', *, *, #9283, .F. ) ;
#6516 = EDGE_LOOP ( 'NONE', ( #6787, #2937, #8864, #2307, #6715, #8606 ) ) ;
#6517 = DIRECTION ( 'NONE',  ( 0.000000000000000000, -1.000000000000000000, 0.000000000000000000 ) ) ;
#6518 = ORIENTED_EDGE ( 'NONE', *, *, #1132, .T. ) ;
#6519 = EDGE_LOOP ( 'NONE', ( #2593, #4302, #3420, #8168 ) ) ;
#6520 = DIRECTION ( 'NONE',  ( 0.000000000000000000, 0.000000000000000000, -1.000000000000000000 ) ) ;
#6521 = DIRECTION ( 'NONE',  ( 0.000000000000000000, 0.000000000000000000, -1.000000000000000000 ) ) ;
#6522 = VECTOR ( 'NONE', #851, 1000.000000000000000 ) ;
#6523 = ORIENTED_EDGE ( 'NONE', *, *, #1519, .T. ) ;
#6524 = DIRECTION ( 'NONE',  ( 0.000000000000000000, 0.000000000000000000, 1.000000000000000000 ) ) ;
#6525 = DIRECTION ( 'NONE',  ( -0.8660254037844389297, 0.4999999999999996114, 0.000000000000000000 ) ) ;
#6526 = VERTEX_POINT ( 'NONE', #890 ) ;
#6527 = CIRCLE ( 'NONE', #4405, 3.350000000000002309 ) ;
#6528 = VECTOR ( 'NONE', #1379, 1000.000000000000000 ) ;
#6529 = EDGE_LOOP ( 'NONE', ( #7385, #8729 ) ) ;
#6530 = CYLINDRICAL_SURFACE ( 'NONE', #1235, 1.350000000000000533 ) ;
#6531 = ORIENTED_EDGE ( 'NONE', *, *, #8591, .F. ) ;
#6532 = CARTESIAN_POINT ( 'NONE',  ( -14.42158689150289952, -23.24999999999999645, 20.93683708947935429 ) ) ;
#6533 = CARTESIAN_POINT ( 'NONE',  ( 5.406633442833276071, -23.74999999999999645, 2.359344522005430544 ) ) ;
#6534 = ADVANCED_FACE ( 'NONE', ( #1749 ), #1652, .T. ) ;
#6535 = DIRECTION ( 'NONE',  ( 0.000000000000000000, 0.000000000000000000, 1.000000000000000000 ) ) ;
#6536 = DIRECTION ( 'NONE',  ( 0.000000000000000000, 0.000000000000000000, -1.000000000000000000 ) ) ;
#6537 = CARTESIAN_POINT ( 'NONE',  ( -63.55073236542024517, -13.42906725808352952, 4.952562545487270818 ) ) ;
#6538 = ORIENTED_EDGE ( 'NONE', *, *, #4599, .F. ) ;
#6539 = EDGE_LOOP ( 'NONE', ( #7936, #2946 ) ) ;
#6540 = CARTESIAN_POINT ( 'NONE',  ( 4.006559040048433218, -23.74999999999999645, 1.284344522005431699 ) ) ;
#6541 = DIRECTION ( 'NONE',  ( 0.000000000000000000, 0.000000000000000000, 1.000000000000000000 ) ) ;
#6542 = CYLINDRICAL_SURFACE ( 'NONE', #150, 0.5000000000000004441 ) ;
#6543 = EDGE_CURVE ( 'NONE', #5069, #652, #5394, .T. ) ;
#6544 = ADVANCED_FACE ( 'NONE', ( #8901 ), #7575, .F. ) ;
#6545 = ORIENTED_EDGE ( 'NONE', *, *, #9286, .T. ) ;
#6546 = LINE ( 'NONE', #7252, #274 ) ;
#6547 = LINE ( 'NONE', #2978, #2196 ) ;
#6548 = LINE ( 'NONE', #1481, #4660 ) ;
#6549 = VERTEX_POINT ( 'NONE', #2590 ) ;
#6550 = CARTESIAN_POINT ( 'NONE',  ( 9.758732317341051399, -3.250000000000000000, -4.069591962133014107 ) ) ;
#6551 = LINE ( 'NONE', #6462, #6513 ) ;
#6552 = CARTESIAN_POINT ( 'NONE',  ( -33.12290989087977522, -26.24999999999999645, 27.73360027965844665 ) ) ;
#6553 = EDGE_CURVE ( 'NONE', #7303, #6342, #6743, .T. ) ;
#6554 = ORIENTED_EDGE ( 'NONE', *, *, #3912, .T. ) ;
#6555 = FACE_OUTER_BOUND ( 'NONE', #6445, .T. ) ;
#6556 = EDGE_CURVE ( 'NONE', #1228, #260, #7429, .T. ) ;
#6557 = DIRECTION ( 'NONE',  ( -0.000000000000000000, -0.000000000000000000, -1.000000000000000000 ) ) ;
#6558 = DIRECTION ( 'NONE',  ( -0.000000000000000000, 0.000000000000000000, 1.000000000000000000 ) ) ;
#6559 = VERTEX_POINT ( 'NONE', #3874 ) ;
#6560 = ORIENTED_EDGE ( 'NONE', *, *, #6059, .F. ) ;
#6561 = CARTESIAN_POINT ( 'NONE',  ( 4.006559040048433218, -8.929999999999994387, -3.415655477994568923 ) ) ;
#6562 = ORIENTED_EDGE ( 'NONE', *, *, #9000, .T. ) ;
#6563 = CIRCLE ( 'NONE', #3530, 3.500000000000000000 ) ;
#6564 = ORIENTED_EDGE ( 'NONE', *, *, #1441, .T. ) ;
#6565 = DIRECTION ( 'NONE',  ( -0.000000000000000000, 1.000000000000000000, 0.000000000000000000 ) ) ;
#6566 = ORIENTED_EDGE ( 'NONE', *, *, #8, .T. ) ;
#6567 = EDGE_CURVE ( 'NONE', #692, #1038, #2403, .T. ) ;
#6568 = LINE ( 'NONE', #1499, #7178 ) ;
#6569 = LINE ( 'NONE', #8040, #2652 ) ;
#6570 = AXIS2_PLACEMENT_3D ( 'NONE', #69, #23, #1454 ) ;
#6571 = ORIENTED_EDGE ( 'NONE', *, *, #1611, .T. ) ;
#6572 = LINE ( 'NONE', #4270, #776 ) ;
#6573 = ORIENTED_EDGE ( 'NONE', *, *, #3059, .F. ) ;
#6574 = CARTESIAN_POINT ( 'NONE',  ( 3.506559040048433218, -21.92999999999999616, 18.86494653213027206 ) ) ;
#6575 = ORIENTED_EDGE ( 'NONE', *, *, #106, .F. ) ;
#6576 = CARTESIAN_POINT ( 'NONE',  ( 14.65304598478975251, -21.03051657120438378, -3.266399720341551127 ) ) ;
#6577 = DIRECTION ( 'NONE',  ( 0.000000000000000000, 0.000000000000000000, -1.000000000000000000 ) ) ;
#6578 = VECTOR ( 'NONE', #8509, 1000.000000000000000 ) ;
#6579 = EDGE_CURVE ( 'NONE', #3462, #1732, #4923, .T. ) ;
#6580 = CARTESIAN_POINT ( 'NONE',  ( -53.99344095995156323, -8.929999999999994387, 24.28434452200543703 ) ) ;
#6581 = DIRECTION ( 'NONE',  ( -0.000000000000000000, 1.000000000000000000, -0.000000000000000000 ) ) ;
#6582 = FACE_BOUND ( 'NONE', #1316, .T. ) ;
#6583 = EDGE_CURVE ( 'NONE', #3383, #2245, #9091, .T. ) ;
#6584 = ORIENTED_EDGE ( 'NONE', *, *, #2389, .T. ) ;
#6585 = VECTOR ( 'NONE', #8070, 1000.000000000000114 ) ;
#6586 = ORIENTED_EDGE ( 'NONE', *, *, #5220, .T. ) ;
#6587 = CARTESIAN_POINT ( 'NONE',  ( -53.99344095995156323, -23.74999999999999645, 22.93434452200543205 ) ) ;
#6588 = DIRECTION ( 'NONE',  ( 0.000000000000000000, 0.000000000000000000, 1.000000000000000000 ) ) ;
#6589 = PLANE ( 'NONE',  #1676 ) ;
#6590 = LINE ( 'NONE', #5927, #4829 ) ;
#6591 = LINE ( 'NONE', #93, #3104 ) ;
#6592 = AXIS2_PLACEMENT_3D ( 'NONE', #8575, #2828, #1817 ) ;
#6593 = CARTESIAN_POINT ( 'NONE',  ( -61.55073236542024517, -6.477067257872927364, 9.048806890340868492 ) ) ;
#6594 = ORIENTED_EDGE ( 'NONE', *, *, #9203, .T. ) ;
#6595 = ORIENTED_EDGE ( 'NONE', *, *, #9226, .T. ) ;
#6596 = VECTOR ( 'NONE', #1105, 1000.000000000000000 ) ;
#6597 = EDGE_CURVE ( 'NONE', #8630, #1144, #6867, .T. ) ;
#6598 = DIRECTION ( 'NONE',  ( -1.000000000000000000, 0.000000000000000000, 0.000000000000000000 ) ) ;
#6599 = CIRCLE ( 'NONE', #2506, 4.000000000000000000 ) ;
#6600 = CARTESIAN_POINT ( 'NONE',  ( -49.51752198131478622, -18.91796799097089732, 22.73360027965845021 ) ) ;
#6601 = ORIENTED_EDGE ( 'NONE', *, *, #8844, .F. ) ;
#6602 = CARTESIAN_POINT ( 'NONE',  ( -68.52198187529464235, -4.250000000000000000, -6.766399720341551571 ) ) ;
#6603 = VECTOR ( 'NONE', #2967, 1000.000000000000000 ) ;
#6604 = LINE ( 'NONE', #4612, #8847 ) ;
#6605 = CARTESIAN_POINT ( 'NONE',  ( 1.206410234478749732, -23.74999999999999645, -0.06565547799456938893 ) ) ;
#6606 = VECTOR ( 'NONE', #2713, 1000.000000000000000 ) ;
#6607 = ORIENTED_EDGE ( 'NONE', *, *, #3500, .F. ) ;
#6608 = EDGE_CURVE ( 'NONE', #5988, #3323, #830, .T. ) ;
#6609 = VERTEX_POINT ( 'NONE', #1131 ) ;
#6610 = FACE_OUTER_BOUND ( 'NONE', #4101, .T. ) ;
#6611 = VECTOR ( 'NONE', #4733, 1000.000000000000000 ) ;
#6612 = ORIENTED_EDGE ( 'NONE', *, *, #6632, .F. ) ;
#6613 = VECTOR ( 'NONE', #661, 1000.000000000000114 ) ;
#6614 = ORIENTED_EDGE ( 'NONE', *, *, #9339, .T. ) ;
#6615 = CARTESIAN_POINT ( 'NONE',  ( -60.05073236542024517, -26.24999999999999645, -3.266399720341551127 ) ) ;
#6616 = VERTEX_POINT ( 'NONE', #8232 ) ;
#6617 = DIRECTION ( 'NONE',  ( -1.000000000000000000, 0.000000000000000000, 0.000000000000000000 ) ) ;
#6618 = DIRECTION ( 'NONE',  ( -0.000000000000000000, -1.000000000000000000, -0.000000000000000000 ) ) ;
#6619 = VECTOR ( 'NONE', #1096, 1000.000000000000000 ) ;
#6620 = EDGE_LOOP ( 'NONE', ( #7867, #9073, #2025, #4832, #2000, #2693 ) ) ;
#6621 = ADVANCED_FACE ( 'NONE', ( #5296 ), #8140, .F. ) ;
#6622 = DIRECTION ( 'NONE',  ( 0.6411271701703872283, -0.7674346562863260113, 0.000000000000000000 ) ) ;
#6623 = EDGE_CURVE ( 'NONE', #8501, #5920, #6134, .T. ) ;
#6624 = ORIENTED_EDGE ( 'NONE', *, *, #7196, .T. ) ;
#6625 = EDGE_CURVE ( 'NONE', #302, #7140, #8330, .T. ) ;
#6626 = DIRECTION ( 'NONE',  ( -0.000000000000000000, 1.000000000000000000, -0.000000000000000000 ) ) ;
#6627 = ORIENTED_EDGE ( 'NONE', *, *, #6800, .T. ) ;
#6628 = DIRECTION ( 'NONE',  ( 1.137523590804463822E-16, 0.000000000000000000, -1.000000000000000000 ) ) ;
#6629 = FACE_OUTER_BOUND ( 'NONE', #2452, .T. ) ;
#6630 = CARTESIAN_POINT ( 'NONE',  ( 9.852138384579765429, -26.24999999999999645, -3.266399720341551571 ) ) ;
#6631 = CARTESIAN_POINT ( 'NONE',  ( -14.45632582902195473, -23.74999999999999645, 1.129663705710172605 ) ) ;
#6632 = EDGE_CURVE ( 'NONE', #4491, #8285, #2191, .T. ) ;
#6633 = VERTEX_POINT ( 'NONE', #6014 ) ;
#6634 = EDGE_CURVE ( 'NONE', #4120, #3678, #9047, .T. ) ;
#6635 = VERTEX_POINT ( 'NONE', #5439 ) ;
#6636 = CYLINDRICAL_SURFACE ( 'NONE', #2217, 2.999999999999999112 ) ;
#6637 = PLANE ( 'NONE',  #8166 ) ;
#6638 = CARTESIAN_POINT ( 'NONE',  ( -47.95232035379806490, -20.31514632978691992, 23.50000000000000000 ) ) ;
#6639 = CARTESIAN_POINT ( 'NONE',  ( 4.006559040048433218, -21.92999999999999616, -0.06565547799456880607 ) ) ;
#6640 = CARTESIAN_POINT ( 'NONE',  ( -18.95058273853450714, -8.612011228791034867, 35.00000000000000000 ) ) ;
#6641 = DIRECTION ( 'NONE',  ( -0.000000000000000000, -0.000000000000000000, -1.000000000000000000 ) ) ;
#6642 = VERTEX_POINT ( 'NONE', #6108 ) ;
#6643 = AXIS2_PLACEMENT_3D ( 'NONE', #1951, #8631, #2835 ) ;
#6644 = CARTESIAN_POINT ( 'NONE',  ( -7.774235610263285245, -23.24999999999999645, 1.129663705710172605 ) ) ;
#6645 = FACE_OUTER_BOUND ( 'NONE', #17, .T. ) ;
#6646 = DIRECTION ( 'NONE',  ( -0.8660254037844388186, 0.000000000000000000, 0.4999999999999996669 ) ) ;
#6647 = ORIENTED_EDGE ( 'NONE', *, *, #116, .F. ) ;
#6648 = FACE_OUTER_BOUND ( 'NONE', #1871, .T. ) ;
#6649 = AXIS2_PLACEMENT_3D ( 'NONE', #2140, #6646, #3029 ) ;
#6650 = EDGE_CURVE ( 'NONE', #575, #2820, #8708, .T. ) ;
#6651 = CARTESIAN_POINT ( 'NONE',  ( -61.55073236542024517, -11.96570451637611932, 4.452562545487269929 ) ) ;
#6652 = DIRECTION ( 'NONE',  ( -0.000000000000000000, -1.000000000000000000, -0.000000000000000000 ) ) ;
#6653 = ORIENTED_EDGE ( 'NONE', *, *, #3022, .T. ) ;
#6654 = ORIENTED_EDGE ( 'NONE', *, *, #2852, .F. ) ;
#6655 = DIRECTION ( 'NONE',  ( 0.000000000000000000, 1.000000000000000000, 0.000000000000000000 ) ) ;
#6656 = VECTOR ( 'NONE', #3929, 1000.000000000000000 ) ;
#6657 = ORIENTED_EDGE ( 'NONE', *, *, #684, .F. ) ;
#6658 = ADVANCED_FACE ( 'NONE', ( #4018 ), #6914, .F. ) ;
#6659 = ORIENTED_EDGE ( 'NONE', *, *, #6452, .T. ) ;
#6660 = CYLINDRICAL_SURFACE ( 'NONE', #5396, 0.5000000000000004441 ) ;
#6661 = ORIENTED_EDGE ( 'NONE', *, *, #6393, .T. ) ;
#6662 = EDGE_CURVE ( 'NONE', #6682, #5695, #3529, .T. ) ;
#6663 = CARTESIAN_POINT ( 'NONE',  ( -53.99344095995156323, -21.92999999999999616, -0.06565547799456880607 ) ) ;
#6664 = CIRCLE ( 'NONE', #4097, 3.999999999999996447 ) ;
#6665 = VECTOR ( 'NONE', #8211, 1000.000000000000000 ) ;
#6666 = DIRECTION ( 'NONE',  ( 1.137523590804463822E-16, 0.000000000000000000, -1.000000000000000000 ) ) ;
#6667 = ORIENTED_EDGE ( 'NONE', *, *, #3846, .T. ) ;
#6668 = LINE ( 'NONE', #7111, #1991 ) ;
#6669 = ORIENTED_EDGE ( 'NONE', *, *, #6556, .T. ) ;
#6670 = CARTESIAN_POINT ( 'NONE',  ( -54.49344095995157033, -21.92999999999999616, 4.034344522005438805 ) ) ;
#6671 = VECTOR ( 'NONE', #4739, 1000.000000000000000 ) ;
#6672 = ORIENTED_EDGE ( 'NONE', *, *, #3994, .F. ) ;
#6673 = CARTESIAN_POINT ( 'NONE',  ( -12.04843598665980942, -9.574659814260293444, 26.77397846476551280 ) ) ;
#6674 = CARTESIAN_POINT ( 'NONE',  ( 13.99635887394077827, -24.74999999999999645, 11.77961269154898716 ) ) ;
#6675 = EDGE_CURVE ( 'NONE', #9358, #7142, #1365, .T. ) ;
#6676 = DIRECTION ( 'NONE',  ( 0.000000000000000000, 0.000000000000000000, -1.000000000000000000 ) ) ;
#6678 = ADVANCED_FACE ( 'NONE', ( #9141 ), #4117, .T. ) ;
#6677 = FACE_BOUND ( 'NONE', #1972, .T. ) ;
#6679 = VECTOR ( 'NONE', #2722, 1000.000000000000000 ) ;
#6680 = CLOSED_SHELL ( 'NONE', ( #2729, #5883, #4260, #2469, #6403, #8693, #7796, #8680, #5357, #5402, #6891, #566, #7726, #7530, #318, #2113, #2101, #8010, #4930, #571, #3700, #4168, #5172, #1295, #1860, #8689, #4119, #1072, #777, #8811, #7516, #6741, #4587, #1466, #156, #7871, #5009, #7779, #415, #8214, #695, #2013, #4799, #8041, #583, #7156, #7646, #8099, #7986, #8011, #817, #4816, #3660, #5580, #6192, #3775, #5221, #7088, #2573, #5861, #6089, #3960, #3283, #7232, #710, #299, #3833, #8175, #1874, #5323, #1061, #2080, #2677, #8177, #275, #7741, #6514, #1560, #7248, #7030, #5526, #5115, #4268, #2908, #4759, #7907, #5600, #1912, #2699, #5656, #6286, #1997, #4611, #7609, #3931, #3496, #7529, #3372, #1123, #1220, #6918, #4009, #3411, #1645, #1182, #3835, #734, #1100, #1156, #6005, #6970, #813, #7636, #4858, #6048, #2665, #6919, #2805, #1760, #3084, #6030, #8932, #7444, #3461, #2933, #8619, #6621, #8463, #8423, #6658, #4361, #5933, #5894, #2442, #1392, #7542, #594, #3685, #3616, #8368, #4628, #6382, #8526, #1579, #4955, #1003, #7684, #6154, #5537, #7432, #1594, #9392, #5159, #3727, #180, #6330, #6956, #5651, #8588, #8877, #5403, #8233, #8594, #5836, #1060, #5499, #2305, #5470, #7009, #6544, #8718, #5453, #8737, #4641, #181, #4687, #7017, #4206, #4532, #35, #1045, #2127, #7325, #7193, #5642, #4180, #6315, #3713, #5487, #303, #3347, #1436, #3105, #2492, #8475, #7454, #554, #8476, #2849, #7553, #5863, #8862, #1831, #8905, #6678, #3971, #8918, #7146, #2897, #8998, #3368, #3068, #411, #881, #4323, #5344, #7673, #466, #9352, #5345, #763, #3198, #649, #5962, #4669, #5388, #1404, #4867, #5289, #3649, #7341, #2269, #878, #206, #2843, #2986, #9131, #3552, #6409, #7417, #6216, #3903, #51, #6534, #6440, #1580, #1819, #2285, #1702, #9029, #4891, #4995, #3356, #9288, #5524, #8022, #8547, #6490, #8216, #2557, #911, #7649, #6261, #1988, #883, #939, #7031, #738, #698, #7244, #246, #6712, #4367, #8451, #2253, #9379, #1362, #8917, #8405, #4105, #7497, #3263, #6851 ) ) ;
#6681 = ORIENTED_EDGE ( 'NONE', *, *, #5874, .T. ) ;
#6682 = VERTEX_POINT ( 'NONE', #648 ) ;
#6683 = CARTESIAN_POINT ( 'NONE',  ( -14.45632582902195473, -26.24999999999999645, 3.416424131227112859 ) ) ;
#6684 = AXIS2_PLACEMENT_3D ( 'NONE', #2734, #7675, #9145 ) ;
#6685 = PLANE ( 'NONE',  #9080 ) ;
#6686 = LINE ( 'NONE', #8907, #6980 ) ;
#6687 = VECTOR ( 'NONE', #8841, 1000.000000000000000 ) ;
#6688 = LINE ( 'NONE', #805, #9220 ) ;
#6689 = CARTESIAN_POINT ( 'NONE',  ( 2.606484637263591253, -23.74999999999999645, 2.359344522005431877 ) ) ;
#6690 = EDGE_CURVE ( 'NONE', #8136, #3905, #2023, .T. ) ;
#6691 = DIRECTION ( 'NONE',  ( -1.000000000000000000, 0.000000000000000000, 0.000000000000000000 ) ) ;
#6692 = VERTEX_POINT ( 'NONE', #3392 ) ;
#6693 = CARTESIAN_POINT ( 'NONE',  ( -20.14526954535771353, -10.01380481680078383, 27.73360027965844665 ) ) ;
#6694 = DIRECTION ( 'NONE',  ( -0.000000000000000000, -0.000000000000000000, 1.000000000000000000 ) ) ;
#6695 = LINE ( 'NONE', #1717, #5277 ) ;
#6696 = ORIENTED_EDGE ( 'NONE', *, *, #1805, .T. ) ;
#6697 = LINE ( 'NONE', #3619, #7591 ) ;
#6698 = DIRECTION ( 'NONE',  ( -0.000000000000000000, -1.000000000000000000, -0.000000000000000000 ) ) ;
#6699 = LINE ( 'NONE', #3128, #7792 ) ;
#6700 = CARTESIAN_POINT ( 'NONE',  ( 2.606484637263591253, -28.24999999999999645, 2.359344522005431877 ) ) ;
#6701 = ORIENTED_EDGE ( 'NONE', *, *, #347, .F. ) ;
#6702 = ORIENTED_EDGE ( 'NONE', *, *, #6427, .F. ) ;
#6703 = DIRECTION ( 'NONE',  ( -0.000000000000000000, -0.000000000000000000, 1.000000000000000000 ) ) ;
#6704 = ORIENTED_EDGE ( 'NONE', *, *, #2622, .T. ) ;
#6705 = EDGE_LOOP ( 'NONE', ( #152, #3335 ) ) ;
#6706 = CARTESIAN_POINT ( 'NONE',  ( 9.758732317341051399, -1.200061962897730318E-15, -4.766399720341551571 ) ) ;
#6707 = VERTEX_POINT ( 'NONE', #6347 ) ;
#6708 = LINE ( 'NONE', #5282, #7041 ) ;
#6709 = DIRECTION ( 'NONE',  ( -0.9165424981473695443, 0.3999373064491222318, 0.000000000000000000 ) ) ;
#6710 = ORIENTED_EDGE ( 'NONE', *, *, #7595, .F. ) ;
#6711 = PLANE ( 'NONE',  #6387 ) ;
#6712 = ADVANCED_FACE ( 'NONE', ( #1321 ), #1934, .F. ) ;
#6713 = ORIENTED_EDGE ( 'NONE', *, *, #8489, .T. ) ;
#6714 = LINE ( 'NONE', #7377, #6899 ) ;
#6715 = ORIENTED_EDGE ( 'NONE', *, *, #7724, .F. ) ;
#6716 = CARTESIAN_POINT ( 'NONE',  ( -46.30751559817668550, -26.24999999999999645, -0.5000000000000000000 ) ) ;
#6717 = VERTEX_POINT ( 'NONE', #4827 ) ;
#6718 = AXIS2_PLACEMENT_3D ( 'NONE', #8200, #4604, #8296 ) ;
#6719 = CARTESIAN_POINT ( 'NONE',  ( -14.92158689150289952, -25.74999999999999645, 20.93683708947935429 ) ) ;
#6720 = CARTESIAN_POINT ( 'NONE',  ( 0.000000000000000000, 0.000000000000000000, -4.766399720341551571 ) ) ;
#6721 = VECTOR ( 'NONE', #7486, 1000.000000000000000 ) ;
#6722 = DIRECTION ( 'NONE',  ( -0.8660254037844388186, 0.000000000000000000, 0.4999999999999996669 ) ) ;
#6723 = EDGE_LOOP ( 'NONE', ( #6319, #5942, #4000, #868 ) ) ;
#6724 = EDGE_CURVE ( 'NONE', #2708, #4418, #4066, .T. ) ;
#6725 = VERTEX_POINT ( 'NONE', #5540 ) ;
#6726 = CARTESIAN_POINT ( 'NONE',  ( -53.49344095995156323, -26.24999999999999645, 16.76811097311695065 ) ) ;
#6727 = AXIS2_PLACEMENT_3D ( 'NONE', #3202, #7473, #3101 ) ;
#6728 = EDGE_CURVE ( 'NONE', #4301, #8167, #2051, .T. ) ;
#6729 = DIRECTION ( 'NONE',  ( 0.000000000000000000, 0.000000000000000000, -1.000000000000000000 ) ) ;
#6730 = DIRECTION ( 'NONE',  ( -1.000000000000000000, 0.000000000000000000, 0.000000000000000000 ) ) ;
#6731 = DIRECTION ( 'NONE',  ( 0.000000000000000000, -1.000000000000000000, 0.000000000000000000 ) ) ;
#6732 = DIRECTION ( 'NONE',  ( 1.575205997657066192E-16, 1.000000000000000000, 0.000000000000000000 ) ) ;
#6733 = CYLINDRICAL_SURFACE ( 'NONE', #256, 0.5000000000000004441 ) ;
#6734 = VECTOR ( 'NONE', #3901, 1000.000000000000000 ) ;
#6735 = VERTEX_POINT ( 'NONE', #7008 ) ;
#6736 = PLANE ( 'NONE',  #314 ) ;
#6737 = DIRECTION ( 'NONE',  ( -1.000000000000000000, -0.000000000000000000, 0.000000000000000000 ) ) ;
#6738 = EDGE_CURVE ( 'NONE', #5242, #248, #8474, .T. ) ;
#6739 = EDGE_CURVE ( 'NONE', #9257, #4982, #1978, .T. ) ;
#6740 = DIRECTION ( 'NONE',  ( -0.000000000000000000, 1.000000000000000000, 0.000000000000000000 ) ) ;
#6741 = ADVANCED_FACE ( 'NONE', ( #5632 ), #7052, .T. ) ;
#6742 = DIRECTION ( 'NONE',  ( -0.000000000000000000, -1.000000000000000000, -0.000000000000000000 ) ) ;
#6743 = CIRCLE ( 'NONE', #3551, 2.999999999999999112 ) ;
#6744 = ORIENTED_EDGE ( 'NONE', *, *, #7835, .T. ) ;
#6745 = PLANE ( 'NONE',  #2098 ) ;
#6746 = CYLINDRICAL_SURFACE ( 'NONE', #6917, 4.100000000000007638 ) ;
#6747 = CARTESIAN_POINT ( 'NONE',  ( -8.421534865563454986, -21.34978964097089715, 22.73360027965845021 ) ) ;
#6748 = FACE_BOUND ( 'NONE', #2173, .T. ) ;
#6749 = CIRCLE ( 'NONE', #7957, 1.600000000000002531 ) ;
#6750 = ORIENTED_EDGE ( 'NONE', *, *, #474, .T. ) ;
#6751 = VERTEX_POINT ( 'NONE', #3440 ) ;
#6752 = DIRECTION ( 'NONE',  ( -0.8284995475322984859, 0.5599897318154832826, 0.000000000000000000 ) ) ;
#6753 = EDGE_CURVE ( 'NONE', #3133, #3137, #6298, .T. ) ;
#6754 = VECTOR ( 'NONE', #2749, 1000.000000000000000 ) ;
#6755 = ORIENTED_EDGE ( 'NONE', *, *, #2841, .T. ) ;
#6756 = EDGE_CURVE ( 'NONE', #7327, #9058, #8519, .T. ) ;
#6757 = CARTESIAN_POINT ( 'NONE',  ( -66.60685805559241146, -28.24999999999999645, 14.92435785757280975 ) ) ;
#6758 = AXIS2_PLACEMENT_3D ( 'NONE', #193, #8069, #5085 ) ;
#6759 = ORIENTED_EDGE ( 'NONE', *, *, #3381, .T. ) ;
#6760 = DIRECTION ( 'NONE',  ( 0.7071067811865422437, -0.7071067811865529018, -0.000000000000000000 ) ) ;
#6762 = EDGE_CURVE ( 'NONE', #5745, #5520, #7346, .T. ) ;
#6761 = FACE_BOUND ( 'NONE', #1950, .T. ) ;
#6763 = CIRCLE ( 'NONE', #855, 2.999999999999999112 ) ;
#6764 = ORIENTED_EDGE ( 'NONE', *, *, #530, .T. ) ;
#6765 = CARTESIAN_POINT ( 'NONE',  ( 13.99635887394077827, -24.74999999999999645, 11.77961269154898716 ) ) ;
#6766 = ORIENTED_EDGE ( 'NONE', *, *, #6800, .F. ) ;
#6767 = CARTESIAN_POINT ( 'NONE',  ( 4.006559040048433218, -8.929999999999994387, -0.06565547799456880607 ) ) ;
#6768 = EDGE_CURVE ( 'NONE', #2147, #1545, #602, .T. ) ;
#6769 = ORIENTED_EDGE ( 'NONE', *, *, #3470, .F. ) ;
#6770 = CARTESIAN_POINT ( 'NONE',  ( 14.98308861578300011, -4.250000000000000000, 0.000000000000000000 ) ) ;
#6771 = ORIENTED_EDGE ( 'NONE', *, *, #3729, .F. ) ;
#6772 = CIRCLE ( 'NONE', #4494, 0.5000000000000004441 ) ;
#6773 = CARTESIAN_POINT ( 'NONE',  ( -63.55073236542024517, -13.42906725808352952, 4.452562545487269929 ) ) ;
#6774 = DIRECTION ( 'NONE',  ( -1.000000000000000000, 0.000000000000000000, 0.000000000000000000 ) ) ;
#6775 = DIRECTION ( 'NONE',  ( -1.000000000000000000, -0.000000000000000000, -0.000000000000000000 ) ) ;
#6776 = EDGE_CURVE ( 'NONE', #211, #7978, #9191, .T. ) ;
#6777 = VERTEX_POINT ( 'NONE', #2684 ) ;
#6778 = CIRCLE ( 'NONE', #3438, 1.350000000000004086 ) ;
#6779 = ORIENTED_EDGE ( 'NONE', *, *, #1976, .T. ) ;
#6780 = CARTESIAN_POINT ( 'NONE',  ( -66.53120306077292412, -28.24999999999999645, 13.37961269154899036 ) ) ;
#6781 = LINE ( 'NONE', #2309, #3319 ) ;
#6782 = DIRECTION ( 'NONE',  ( 0.000000000000000000, 1.000000000000000000, 0.000000000000000000 ) ) ;
#6783 = CARTESIAN_POINT ( 'NONE',  ( -63.54634611201960581, -25.03301371225455441, -4.766399720341551571 ) ) ;
#6784 = CARTESIAN_POINT ( 'NONE',  ( -66.60685805559241146, -24.74999999999999645, 14.92435785757280975 ) ) ;
#6785 = EDGE_CURVE ( 'NONE', #2366, #2889, #4631, .T. ) ;
#6786 = DIRECTION ( 'NONE',  ( 0.000000000000000000, 0.4432379069006490147, 0.8964040148762899562 ) ) ;
#6787 = ORIENTED_EDGE ( 'NONE', *, *, #8254, .F. ) ;
#6788 = DIRECTION ( 'NONE',  ( 0.000000000000000000, -1.000000000000000000, 0.000000000000000000 ) ) ;
#6789 = FACE_OUTER_BOUND ( 'NONE', #6184, .T. ) ;
#6790 = CYLINDRICAL_SURFACE ( 'NONE', #1356, 1.500000000000000000 ) ;
#6791 = CARTESIAN_POINT ( 'NONE',  ( -67.52198187529464235, -16.37433758220721458, -6.766399720341551571 ) ) ;
#6792 = ORIENTED_EDGE ( 'NONE', *, *, #261, .T. ) ;
#6793 = LINE ( 'NONE', #8351, #730 ) ;
#6794 = FACE_OUTER_BOUND ( 'NONE', #1109, .T. ) ;
#6795 = DIRECTION ( 'NONE',  ( -1.000000000000000000, 0.000000000000000000, 0.000000000000000000 ) ) ;
#6796 = CARTESIAN_POINT ( 'NONE',  ( -14.92158689150289952, -25.74999999999999645, 22.88956924811451188 ) ) ;
#6797 = PRODUCT_RELATED_PRODUCT_CATEGORY ( 'part', '', ( #7821 ) ) ;
#6798 = AXIS2_PLACEMENT_3D ( 'NONE', #1720, #5510, #1151 ) ;
#6799 = EDGE_CURVE ( 'NONE', #9301, #2466, #4298, .T. ) ;
#6800 = EDGE_CURVE ( 'NONE', #6135, #7707, #2953, .T. ) ;
#6801 = ORIENTED_EDGE ( 'NONE', *, *, #7353, .T. ) ;
#6802 = ORIENTED_EDGE ( 'NONE', *, *, #1184, .T. ) ;
#6803 = CARTESIAN_POINT ( 'NONE',  ( 4.506559040048433218, -26.24999999999999645, 6.170421253070792034 ) ) ;
#6804 = VECTOR ( 'NONE', #1394, 1000.000000000000000 ) ;
#6805 = ORIENTED_EDGE ( 'NONE', *, *, #3690, .F. ) ;
#6806 = CARTESIAN_POINT ( 'NONE',  ( 17.21629301208212226, -28.24999999999999645, 12.12772820251061034 ) ) ;
#6807 = ORIENTED_EDGE ( 'NONE', *, *, #9214, .F. ) ;
#6808 = DIRECTION ( 'NONE',  ( 0.000000000000000000, 1.000000000000000000, 0.000000000000000000 ) ) ;
#6809 = CARTESIAN_POINT ( 'NONE',  ( -14.45632582902195473, -23.24999999999999645, 3.416424131227112859 ) ) ;
#6810 = EDGE_CURVE ( 'NONE', #1514, #1935, #7185, .T. ) ;
#6811 = CIRCLE ( 'NONE', #7110, 3.350000000000000089 ) ;
#6812 = ORIENTED_EDGE ( 'NONE', *, *, #2039, .T. ) ;
#6813 = CARTESIAN_POINT ( 'NONE',  ( -63.55073236542023096, -24.74999999999999645, 14.92435785757280975 ) ) ;
#6814 = ORIENTED_EDGE ( 'NONE', *, *, #3668, .T. ) ;
#6815 = CARTESIAN_POINT ( 'NONE',  ( 6.352138384579762764, -26.24999999999999645, 25.73360027965844665 ) ) ;
#6816 = VERTEX_POINT ( 'NONE', #5906 ) ;
#6817 = CARTESIAN_POINT ( 'NONE',  ( 17.21629301208212226, -28.24999999999999645, 8.561872586650322248 ) ) ;
#6818 = CIRCLE ( 'NONE', #7720, 4.000000000000003553 ) ;
#6819 = EDGE_LOOP ( 'NONE', ( #6193, #7756, #7057, #5633 ) ) ;
#6820 = DIRECTION ( 'NONE',  ( 0.000000000000000000, 0.000000000000000000, 1.000000000000000000 ) ) ;
#6821 = LINE ( 'NONE', #6866, #4485 ) ;
#6822 = CARTESIAN_POINT ( 'NONE',  ( -54.49344095995157033, -21.92999999999999616, 18.86494653213027206 ) ) ;
#6823 = ORIENTED_EDGE ( 'NONE', *, *, #8362, .F. ) ;
#6824 = AXIS2_PLACEMENT_3D ( 'NONE', #1139, #9099, #7814 ) ;
#6825 = CIRCLE ( 'NONE', #2869, 0.5000000000000004441 ) ;
#6826 = ORIENTED_EDGE ( 'NONE', *, *, #5689, .T. ) ;
#6827 = DIRECTION ( 'NONE',  ( -1.000000000000000000, 0.000000000000000000, 0.000000000000000000 ) ) ;
#6828 = CARTESIAN_POINT ( 'NONE',  ( 9.852138384579763652, -24.74999999999999645, 15.12772820251061034 ) ) ;
#6829 = LINE ( 'NONE', #329, #9244 ) ;
#6830 = CARTESIAN_POINT ( 'NONE',  ( -7.791905798005583250, -25.74999999999999645, 20.93683708947935429 ) ) ;
#6831 = CARTESIAN_POINT ( 'NONE',  ( -7.017521981314792434, -18.91796799097090087, 23.50000000000000000 ) ) ;
#6832 = VECTOR ( 'NONE', #3294, 1000.000000000000000 ) ;
#6833 = AXIS2_PLACEMENT_3D ( 'NONE', #7020, #4744, #4032 ) ;
#6834 = ORIENTED_EDGE ( 'NONE', *, *, #356, .T. ) ;
#6835 = VECTOR ( 'NONE', #468, 1000.000000000000227 ) ;
#6836 = DIRECTION ( 'NONE',  ( 0.000000000000000000, 0.000000000000000000, 1.000000000000000000 ) ) ;
#6837 = DIRECTION ( 'NONE',  ( -1.000000000000000000, 0.000000000000000000, 0.000000000000000000 ) ) ;
#6838 = VECTOR ( 'NONE', #5268, 1000.000000000000000 ) ;
#6839 = EDGE_CURVE ( 'NONE', #5520, #3525, #3576, .T. ) ;
#6840 = DIRECTION ( 'NONE',  ( -0.000000000000000000, -1.000000000000000000, -0.000000000000000000 ) ) ;
#6841 = CARTESIAN_POINT ( 'NONE',  ( -68.27875135252305938, -17.02801943015422026, -6.766399720341551571 ) ) ;
#6842 = ORIENTED_EDGE ( 'NONE', *, *, #5741, .F. ) ;
#6843 = LINE ( 'NONE', #3221, #5735 ) ;
#6844 = PLANE ( 'NONE',  #703 ) ;
#6845 = CYLINDRICAL_SURFACE ( 'NONE', #6592, 3.999999999999996447 ) ;
#6846 = CARTESIAN_POINT ( 'NONE',  ( 7.852138384579761876, -21.92999999999999616, 21.51254302217713388 ) ) ;
#6847 = EDGE_LOOP ( 'NONE', ( #2568, #4365, #6964, #5201 ) ) ;
#6848 = ORIENTED_EDGE ( 'NONE', *, *, #9054, .T. ) ;
#6849 = LINE ( 'NONE', #1110, #615 ) ;
#6850 = EDGE_CURVE ( 'NONE', #5441, #2911, #6480, .T. ) ;
#6851 = ADVANCED_FACE ( 'NONE', ( #2864 ), #2910, .T. ) ;
#6852 = VERTEX_POINT ( 'NONE', #3624 ) ;
#6853 = CARTESIAN_POINT ( 'NONE',  ( 10.17786216458505066, -25.03301371225455441, -6.766399720341551571 ) ) ;
#6854 = ORIENTED_EDGE ( 'NONE', *, *, #6046, .T. ) ;
#6855 = DIRECTION ( 'NONE',  ( 0.5000000000000005551, 0.000000000000000000, 0.8660254037844382635 ) ) ;
#6856 = CARTESIAN_POINT ( 'NONE',  ( 0.000000000000000000, -28.24999999999999645, 0.000000000000000000 ) ) ;
#6857 = EDGE_LOOP ( 'NONE', ( #7966, #2539 ) ) ;
#6858 = CARTESIAN_POINT ( 'NONE',  ( 7.852138384579761876, -3.250000000000000000, 25.73360027965844665 ) ) ;
#6859 = ORIENTED_EDGE ( 'NONE', *, *, #1036, .T. ) ;
#6860 = FACE_OUTER_BOUND ( 'NONE', #2628, .T. ) ;
#6861 = EDGE_CURVE ( 'NONE', #8260, #8881, #1149, .T. ) ;
#6862 = ORIENTED_EDGE ( 'NONE', *, *, #3131, .F. ) ;
#6863 = LINE ( 'NONE', #6716, #6072 ) ;
#6864 = VERTEX_POINT ( 'NONE', #5721 ) ;
#6865 = DIRECTION ( 'NONE',  ( 0.000000000000000000, -1.000000000000000000, 0.000000000000000000 ) ) ;
#6866 = CARTESIAN_POINT ( 'NONE',  ( -53.99344095995156323, -8.929999999999994387, -3.415655477994570699 ) ) ;
#6867 = LINE ( 'NONE', #3298, #3861 ) ;
#6868 = ORIENTED_EDGE ( 'NONE', *, *, #7311, .F. ) ;
#6869 = ORIENTED_EDGE ( 'NONE', *, *, #1029, .T. ) ;
#6870 = DIRECTION ( 'NONE',  ( 0.000000000000000000, 0.000000000000000000, 1.000000000000000000 ) ) ;
#6871 = EDGE_CURVE ( 'NONE', #6717, #3328, #5769, .T. ) ;
#6872 = DIRECTION ( 'NONE',  ( -0.000000000000000000, -0.000000000000000000, 1.000000000000000000 ) ) ;
#6873 = LINE ( 'NONE', #225, #8486 ) ;
#6874 = VECTOR ( 'NONE', #6441, 1000.000000000000000 ) ;
#6875 = DIRECTION ( 'NONE',  ( -0.000000000000000000, 1.000000000000000000, -0.000000000000000000 ) ) ;
#6876 = CARTESIAN_POINT ( 'NONE',  ( 4.006559040048433218, -8.929999999999994387, 2.058177442568553062 ) ) ;
#6877 = LINE ( 'NONE', #6927, #1931 ) ;
#6878 = EDGE_LOOP ( 'NONE', ( #8413, #5118, #1502, #5199 ) ) ;
#6879 = VECTOR ( 'NONE', #9089, 1000.000000000000000 ) ;
#6880 = PLANE ( 'NONE',  #8037 ) ;
#6881 = CARTESIAN_POINT ( 'NONE',  ( -21.38836543812355373, -3.250000000000000000, 0.000000000000000000 ) ) ;
#6882 = CARTESIAN_POINT ( 'NONE',  ( 7.852138384579761876, -26.24999999999999645, 25.73360027965844665 ) ) ;
#6883 = DIRECTION ( 'NONE',  ( -0.000000000000000000, -0.000000000000000000, -1.000000000000000000 ) ) ;
#6884 = ORIENTED_EDGE ( 'NONE', *, *, #3487, .T. ) ;
#6885 = CARTESIAN_POINT ( 'NONE',  ( -56.55073236542025228, -13.92906725808352952, 21.40472885406023451 ) ) ;
#6886 = DIRECTION ( 'NONE',  ( 0.000000000000000000, 0.000000000000000000, -1.000000000000000000 ) ) ;
#6887 = AXIS2_PLACEMENT_3D ( 'NONE', #104, #5368, #3032 ) ;
#6888 = PLANE ( 'NONE',  #2936 ) ;
#6889 = LINE ( 'NONE', #1058, #9035 ) ;
#6890 = EDGE_CURVE ( 'NONE', #2466, #4254, #8660, .T. ) ;
#6891 = ADVANCED_FACE ( 'NONE', ( #2157 ), #5052, .F. ) ;
#6892 = ORIENTED_EDGE ( 'NONE', *, *, #8748, .F. ) ;
#6893 = ORIENTED_EDGE ( 'NONE', *, *, #5805, .F. ) ;
#6894 = DIRECTION ( 'NONE',  ( -0.000000000000000000, -0.000000000000000000, 1.000000000000000000 ) ) ;
#6895 = AXIS2_PLACEMENT_3D ( 'NONE', #2034, #8399, #8354 ) ;
#6896 = ORIENTED_EDGE ( 'NONE', *, *, #285, .T. ) ;
#6897 = DIRECTION ( 'NONE',  ( 1.000000000000000000, -0.000000000000000000, -0.000000000000000000 ) ) ;
#6898 = ORIENTED_EDGE ( 'NONE', *, *, #4194, .T. ) ;
#6899 = VECTOR ( 'NONE', #7421, 1000.000000000000000 ) ;
#6900 = LINE ( 'NONE', #8410, #1292 ) ;
#6901 = VECTOR ( 'NONE', #4253, 1000.000000000000000 ) ;
#6902 = LINE ( 'NONE', #403, #3707 ) ;
#6903 = EDGE_CURVE ( 'NONE', #6181, #6930, #6599, .T. ) ;
#6904 = ORIENTED_EDGE ( 'NONE', *, *, #7927, .T. ) ;
#6905 = LINE ( 'NONE', #405, #7139 ) ;
#6906 = VECTOR ( 'NONE', #3213, 1000.000000000000000 ) ;
#6907 = VERTEX_POINT ( 'NONE', #8611 ) ;
#6908 = AXIS2_PLACEMENT_3D ( 'NONE', #5280, #5230, #920 ) ;
#6909 = ORIENTED_EDGE ( 'NONE', *, *, #3205, .F. ) ;
#6910 = DIRECTION ( 'NONE',  ( 0.8660254037844372643, 0.5000000000000024425, 0.000000000000000000 ) ) ;
#6911 = ORIENTED_EDGE ( 'NONE', *, *, #6099, .F. ) ;
#6912 = DIRECTION ( 'NONE',  ( 0.000000000000000000, 0.000000000000000000, 1.000000000000000000 ) ) ;
#6913 = LINE ( 'NONE', #1180, #5561 ) ;
#6914 = PLANE ( 'NONE',  #5834 ) ;
#6915 = CIRCLE ( 'NONE', #2809, 0.5000000000000004441 ) ;
#6916 = EDGE_CURVE ( 'NONE', #4418, #3051, #8102, .T. ) ;
#6917 = AXIS2_PLACEMENT_3D ( 'NONE', #288, #956, #3991 ) ;
#6918 = ADVANCED_FACE ( 'NONE', ( #4345 ), #7991, .T. ) ;
#6919 = ADVANCED_FACE ( 'NONE', ( #8700 ), #5101, .F. ) ;
#6920 = ORIENTED_EDGE ( 'NONE', *, *, #5999, .F. ) ;
#6921 = ORIENTED_EDGE ( 'NONE', *, *, #4063, .F. ) ;
#6922 = CARTESIAN_POINT ( 'NONE',  ( 0.000000000000000000, 0.000000000000000000, -4.766399720341551571 ) ) ;
#6923 = DIRECTION ( 'NONE',  ( 0.000000000000000000, 1.000000000000000000, 0.000000000000000000 ) ) ;
#6924 = FACE_OUTER_BOUND ( 'NONE', #1832, .T. ) ;
#6925 = PLANE ( 'NONE',  #809 ) ;
#6926 = CARTESIAN_POINT ( 'NONE',  ( -60.04634611201962713, -25.31482886712318958, -4.766399720341551571 ) ) ;
#6927 = CARTESIAN_POINT ( 'NONE',  ( 4.506559040048433218, -21.92999999999999616, 4.034344522005438805 ) ) ;
#6928 = EDGE_CURVE ( 'NONE', #742, #2528, #6569, .T. ) ;
#6929 = CIRCLE ( 'NONE', #714, 0.5000000000000004441 ) ;
#6930 = VERTEX_POINT ( 'NONE', #71 ) ;
#6931 = CARTESIAN_POINT ( 'NONE',  ( 7.622283419617423839, -3.250000000000000444, -4.766399720341551571 ) ) ;
#6932 = DIRECTION ( 'NONE',  ( 0.000000000000000000, 0.000000000000000000, -1.000000000000000000 ) ) ;
#6933 = DIRECTION ( 'NONE',  ( 0.000000000000000000, 1.000000000000000000, 0.000000000000000000 ) ) ;
#6934 = EDGE_CURVE ( 'NONE', #4203, #5324, #4440, .T. ) ;
#6935 = LINE ( 'NONE', #2370, #458 ) ;
#6936 = ORIENTED_EDGE ( 'NONE', *, *, #7378, .T. ) ;
#6937 = CARTESIAN_POINT ( 'NONE',  ( -53.49344095995156323, -21.92999999999999616, 4.003742511880600041 ) ) ;
#6938 = CARTESIAN_POINT ( 'NONE',  ( -49.88572145298955718, -21.96685726627331903, 22.78901782352208372 ) ) ;
#6939 = CARTESIAN_POINT ( 'NONE',  ( -0.000000000000000000, -15.77033674741690916, -4.766399720341551571 ) ) ;
#6940 = DIRECTION ( 'NONE',  ( -0.000000000000000000, -0.000000000000000000, 1.000000000000000000 ) ) ;
#6941 = ORIENTED_EDGE ( 'NONE', *, *, #4577, .T. ) ;
#6942 = EDGE_LOOP ( 'NONE', ( #6538, #5604, #6434, #1172 ) ) ;
#6943 = CARTESIAN_POINT ( 'NONE',  ( -55.39351536273639454, -23.74999999999999645, -2.490655477994575762 ) ) ;
#6944 = EDGE_CURVE ( 'NONE', #4385, #3377, #8411, .T. ) ;
#6945 = ORIENTED_EDGE ( 'NONE', *, *, #117, .T. ) ;
#6946 = CARTESIAN_POINT ( 'NONE',  ( -60.05073236542024517, -26.24999999999999645, -3.266399720341551127 ) ) ;
#6947 = VECTOR ( 'NONE', #3126, 1000.000000000000000 ) ;
#6948 = ORIENTED_EDGE ( 'NONE', *, *, #6799, .T. ) ;
#6949 = FACE_OUTER_BOUND ( 'NONE', #3640, .T. ) ;
#6950 = DIRECTION ( 'NONE',  ( 0.000000000000000000, 1.000000000000000000, 0.000000000000000000 ) ) ;
#6951 = ORIENTED_EDGE ( 'NONE', *, *, #7932, .F. ) ;
#6952 = ORIENTED_EDGE ( 'NONE', *, *, #6756, .T. ) ;
#6953 = CYLINDRICAL_SURFACE ( 'NONE', #7592, 0.5000000000000004441 ) ;
#6954 = VECTOR ( 'NONE', #52, 1000.000000000000000 ) ;
#6955 = ORIENTED_EDGE ( 'NONE', *, *, #3863, .F. ) ;
#6956 = ADVANCED_FACE ( 'NONE', ( #8984 ), #162, .T. ) ;
#6957 = EDGE_CURVE ( 'NONE', #3291, #580, #4624, .T. ) ;
#6958 = ORIENTED_EDGE ( 'NONE', *, *, #6099, .T. ) ;
#6959 = DIRECTION ( 'NONE',  ( -0.000000000000000000, -1.000000000000000000, -0.000000000000000000 ) ) ;
#6960 = ORIENTED_EDGE ( 'NONE', *, *, #4644, .T. ) ;
#6961 = CARTESIAN_POINT ( 'NONE',  ( 9.852138384579765429, -15.40530737074390721, 2.675341377437610024 ) ) ;
#6962 = DIRECTION ( 'NONE',  ( 0.000000000000000000, 0.000000000000000000, -1.000000000000000000 ) ) ;
#6963 = CARTESIAN_POINT ( 'NONE',  ( -63.54634611201960581, -3.250000000000000444, -6.766399720341551571 ) ) ;
#6964 = ORIENTED_EDGE ( 'NONE', *, *, #3115, .T. ) ;
#6965 = ORIENTED_EDGE ( 'NONE', *, *, #1701, .F. ) ;
#6966 = PLANE ( 'NONE',  #5854 ) ;
#6967 = VECTOR ( 'NONE', #1901, 1000.000000000000000 ) ;
#6968 = LINE ( 'NONE', #2642, #5757 ) ;
#6969 = LINE ( 'NONE', #4880, #758 ) ;
#6970 = ADVANCED_FACE ( 'NONE', ( #9034 ), #5998, .T. ) ;
#6971 = LINE ( 'NONE', #8572, #5053 ) ;
#6972 = CARTESIAN_POINT ( 'NONE',  ( 13.05304598478975109, -21.03051657120438378, -3.266399720341551127 ) ) ;
#6973 = VECTOR ( 'NONE', #4175, 1000.000000000000000 ) ;
#6974 = AXIS2_PLACEMENT_3D ( 'NONE', #7937, #6183, #2381 ) ;
#6975 = ORIENTED_EDGE ( 'NONE', *, *, #8628, .T. ) ;
#6976 = DIRECTION ( 'NONE',  ( 0.000000000000000000, 0.000000000000000000, -1.000000000000000000 ) ) ;
#6977 = LINE ( 'NONE', #5505, #6113 ) ;
#6978 = CARTESIAN_POINT ( 'NONE',  ( -14.42158689150289952, -26.24999999999999645, 20.93683708947935429 ) ) ;
#6979 = FACE_OUTER_BOUND ( 'NONE', #6111, .T. ) ;
#6980 = VECTOR ( 'NONE', #7536, 1000.000000000000000 ) ;
#6981 = EDGE_CURVE ( 'NONE', #5989, #8477, #7415, .T. ) ;
#6982 = ORIENTED_EDGE ( 'NONE', *, *, #7233, .F. ) ;
#6983 = CARTESIAN_POINT ( 'NONE',  ( -61.55073236542024517, -26.24999999999999645, 8.548806890340868492 ) ) ;
#6984 = DIRECTION ( 'NONE',  ( 0.000000000000000000, 0.000000000000000000, -1.000000000000000000 ) ) ;
#6985 = DIRECTION ( 'NONE',  ( 0.000000000000000000, 1.000000000000000000, 0.000000000000000000 ) ) ;
#6986 = EDGE_LOOP ( 'NONE', ( #2149, #5042, #4191, #8062 ) ) ;
#6987 = MECHANICAL_DESIGN_GEOMETRIC_PRESENTATION_REPRESENTATION (  '', ( #6227 ), #7281 ) ;
#6988 = CIRCLE ( 'NONE', #5165, 4.000000000000000000 ) ;
#6989 = ORIENTED_EDGE ( 'NONE', *, *, #4081, .T. ) ;
#6990 = ORIENTED_EDGE ( 'NONE', *, *, #4914, .T. ) ;
#6991 = LINE ( 'NONE', #6328, #6212 ) ;
#6992 = VECTOR ( 'NONE', #9195, 1000.000000000000000 ) ;
#6993 = EDGE_CURVE ( 'NONE', #5800, #7658, #7514, .T. ) ;
#6994 = ORIENTED_EDGE ( 'NONE', *, *, #9143, .F. ) ;
#6995 = CARTESIAN_POINT ( 'NONE',  ( 8.852138384579763652, -14.40530737074389300, 20.20998229243706490 ) ) ;
#6996 = EDGE_LOOP ( 'NONE', ( #2700, #6812, #1881, #8215 ) ) ;
#6997 = AXIS2_PLACEMENT_3D ( 'NONE', #5802, #6655, #154 ) ;
#6998 = CARTESIAN_POINT ( 'NONE',  ( -5.817521981314792257, -18.91796799097090087, 23.50000000000000000 ) ) ;
#6999 = DIRECTION ( 'NONE',  ( 0.000000000000000000, 0.000000000000000000, -1.000000000000000000 ) ) ;
#7000 = VERTEX_POINT ( 'NONE', #927 ) ;
#7001 = EDGE_LOOP ( 'NONE', ( #961, #7269, #9133, #2019, #3652, #5675, #4200, #1646, #7805, #1550, #1194, #7245, #9218, #2770, #63, #8670, #492, #688, #5816, #5588, #7852, #7273, #824, #879, #6241, #6834, #893, #5348, #2398, #1738 ) ) ;
#7002 = LINE ( 'NONE', #9270, #4266 ) ;
#7003 = ORIENTED_EDGE ( 'NONE', *, *, #2389, .F. ) ;
#7004 = ORIENTED_EDGE ( 'NONE', *, *, #5639, .F. ) ;
#7005 = PLANE ( 'NONE',  #7430 ) ;
#7006 = ORIENTED_EDGE ( 'NONE', *, *, #7958, .F. ) ;
#7007 = DIRECTION ( 'NONE',  ( -0.000000000000000000, -1.000000000000000000, -0.000000000000000000 ) ) ;
#7008 = CARTESIAN_POINT ( 'NONE',  ( 5.406633442833276071, -28.24999999999999645, 2.359344522005430544 ) ) ;
#7009 = ADVANCED_FACE ( 'NONE', ( #1640 ), #5331, .F. ) ;
#7010 = EDGE_LOOP ( 'NONE', ( #245, #6807, #6750, #4519, #726, #778 ) ) ;
#7011 = EDGE_LOOP ( 'NONE', ( #4477, #8902, #980, #3738 ) ) ;
#7012 = CARTESIAN_POINT ( 'NONE',  ( -53.99344095995156323, -21.92999999999999616, 22.93434452200543205 ) ) ;
#7013 = DIRECTION ( 'NONE',  ( 1.000000000000000000, -0.000000000000000000, -0.000000000000000000 ) ) ;
#7014 = PLANE ( 'NONE',  #8333 ) ;
#7015 = CARTESIAN_POINT ( 'NONE',  ( 5.846849018080824578, -21.92999999999999616, 25.73360027965844665 ) ) ;
#7016 = LINE ( 'NONE', #8528, #4638 ) ;
#7017 = ADVANCED_FACE ( 'NONE', ( #6141 ), #1687, .F. ) ;
#7018 = ORIENTED_EDGE ( 'NONE', *, *, #5818, .F. ) ;
#7019 = EDGE_CURVE ( 'NONE', #5610, #196, #2532, .T. ) ;
#7020 = CARTESIAN_POINT ( 'NONE',  ( 4.506559040048433218, 0.000000000000000000, 0.000000000000000000 ) ) ;
#7021 = DIRECTION ( 'NONE',  ( -1.000000000000000000, 0.000000000000000000, 4.646333810527297518E-16 ) ) ;
#7022 = LINE ( 'NONE', #522, #7868 ) ;
#7023 = DIRECTION ( 'NONE',  ( 0.000000000000000000, 0.000000000000000000, -1.000000000000000000 ) ) ;
#7024 = ORIENTED_EDGE ( 'NONE', *, *, #3809, .F. ) ;
#7025 = LINE ( 'NONE', #525, #2241 ) ;
#7026 = FACE_OUTER_BOUND ( 'NONE', #3613, .T. ) ;
#7027 = CARTESIAN_POINT ( 'NONE',  ( 7.852138384579761876, -21.92999999999999616, 25.73360027965844665 ) ) ;
#7028 = VECTOR ( 'NONE', #2691, 1000.000000000000000 ) ;
#7029 = ORIENTED_EDGE ( 'NONE', *, *, #3130, .F. ) ;
#7030 = ADVANCED_FACE ( 'NONE', ( #8128, #6761, #3963, #3043, #7463, #3862, #1830 ), #8319, .T. ) ;
#7031 = ADVANCED_FACE ( 'NONE', ( #4723 ), #3141, .T. ) ;
#7032 = ORIENTED_EDGE ( 'NONE', *, *, #2741, .T. ) ;
#7033 = ORIENTED_EDGE ( 'NONE', *, *, #1309, .T. ) ;
#7034 = EDGE_CURVE ( 'NONE', #4625, #8655, #2199, .T. ) ;
#7035 = CARTESIAN_POINT ( 'NONE',  ( 11.11862117367210168, -4.994728181037624282, -3.266399720341551127 ) ) ;
#7036 = DIRECTION ( 'NONE',  ( 0.000000000000000000, 0.000000000000000000, -1.000000000000000000 ) ) ;
#7037 = VECTOR ( 'NONE', #8659, 1000.000000000000000 ) ;
#7038 = ORIENTED_EDGE ( 'NONE', *, *, #3428, .T. ) ;
#7039 = DIRECTION ( 'NONE',  ( -1.137523590804463822E-16, 0.000000000000000000, 1.000000000000000000 ) ) ;
#7040 = LINE ( 'NONE', #4814, #9306 ) ;
#7041 = VECTOR ( 'NONE', #3910, 1000.000000000000000 ) ;
#7042 = EDGE_CURVE ( 'NONE', #160, #972, #8941, .T. ) ;
#7043 = ORIENTED_EDGE ( 'NONE', *, *, #1504, .T. ) ;
#7044 = ORIENTED_EDGE ( 'NONE', *, *, #6138, .T. ) ;
#7045 = FACE_OUTER_BOUND ( 'NONE', #4177, .T. ) ;
#7046 = ORIENTED_EDGE ( 'NONE', *, *, #6768, .T. ) ;
#7047 = ORIENTED_EDGE ( 'NONE', *, *, #140, .F. ) ;
#7048 = LINE ( 'NONE', #3435, #6679 ) ;
#7049 = VECTOR ( 'NONE', #7144, 1000.000000000000000 ) ;
#7050 = EDGE_LOOP ( 'NONE', ( #9295, #7154, #1869, #8614 ) ) ;
#7051 = CARTESIAN_POINT ( 'NONE',  ( 14.18099059628930014, -21.03301371225455441, -3.266399720341551127 ) ) ;
#7052 = CYLINDRICAL_SURFACE ( 'NONE', #2950, 4.100000000000007638 ) ;
#7053 = AXIS2_PLACEMENT_3D ( 'NONE', #713, #2175, #7391 ) ;
#7054 = ORIENTED_EDGE ( 'NONE', *, *, #517, .T. ) ;
#7055 = AXIS2_PLACEMENT_3D ( 'NONE', #4055, #3333, #9179 ) ;
#7056 = EDGE_CURVE ( 'NONE', #3958, #7205, #2439, .T. ) ;
#7057 = ORIENTED_EDGE ( 'NONE', *, *, #5041, .T. ) ;
#7058 = DIRECTION ( 'NONE',  ( 0.7674346562863260113, 0.6411271701703872283, 0.000000000000000000 ) ) ;
#7059 = CARTESIAN_POINT ( 'NONE',  ( -8.274235610263286134, -23.74999999999999645, 1.129663705710172605 ) ) ;
#7060 = CARTESIAN_POINT ( 'NONE',  ( -59.97849175394367194, -26.24999999999999645, 23.43434452200543205 ) ) ;
#7061 = AXIS2_PLACEMENT_3D ( 'NONE', #9243, #9152, #2599 ) ;
#7062 = EDGE_CURVE ( 'NONE', #5224, #5048, #1736, .T. ) ;
#7063 = LINE ( 'NONE', #1330, #3385 ) ;
#7064 = PLANE ( 'NONE',  #5844 ) ;
#7065 = VECTOR ( 'NONE', #4620, 1000.000000000000000 ) ;
#7066 = VERTEX_POINT ( 'NONE', #2482 ) ;
#7067 = CARTESIAN_POINT ( 'NONE',  ( -63.55073236542024517, -3.249999999999999556, 24.23360027965842889 ) ) ;
#7068 = VECTOR ( 'NONE', #5177, 1000.000000000000000 ) ;
#7069 = LINE ( 'NONE', #4843, #5356 ) ;
#7070 = LINE ( 'NONE', #2084, #6967 ) ;
#7071 = CARTESIAN_POINT ( 'NONE',  ( -56.79358976552124005, -23.74999999999999645, -0.06565547799457095712 ) ) ;
#7072 = EDGE_CURVE ( 'NONE', #5532, #4525, #8268, .T. ) ;
#7073 = ORIENTED_EDGE ( 'NONE', *, *, #9326, .F. ) ;
#7074 = CARTESIAN_POINT ( 'NONE',  ( -66.09198187529463553, -5.004056775174929861, -3.266399720341551127 ) ) ;
#7075 = CARTESIAN_POINT ( 'NONE',  ( 14.18099059628930014, -21.03301371225455441, -6.766399720341551571 ) ) ;
#7076 = VECTOR ( 'NONE', #5882, 1000.000000000000000 ) ;
#7077 = LINE ( 'NONE', #1250, #3737 ) ;
#7078 = ORIENTED_EDGE ( 'NONE', *, *, #4393, .T. ) ;
#7079 = ORIENTED_EDGE ( 'NONE', *, *, #3073, .T. ) ;
#7080 = EDGE_LOOP ( 'NONE', ( #508, #2396, #8567, #4143, #7704, #5160 ) ) ;
#7081 = CARTESIAN_POINT ( 'NONE',  ( -56.55073236542025228, -11.46570451637611932, 0.000000000000000000 ) ) ;
#7082 = LINE ( 'NONE', #1304, #8914 ) ;
#7083 = VERTEX_POINT ( 'NONE', #5479 ) ;
#7084 = EDGE_CURVE ( 'NONE', #2760, #160, #6902, .T. ) ;
#7085 = CYLINDRICAL_SURFACE ( 'NONE', #4334, 4.100000000000000533 ) ;
#7086 = EDGE_CURVE ( 'NONE', #8517, #4441, #6749, .T. ) ;
#7087 = CARTESIAN_POINT ( 'NONE',  ( 3.506559040048433218, -21.92999999999999616, 4.034344522005438805 ) ) ;
#7088 = ADVANCED_FACE ( 'NONE', ( #2671 ), #8462, .T. ) ;
#7089 = ORIENTED_EDGE ( 'NONE', *, *, #7884, .T. ) ;
#7090 = EDGE_LOOP ( 'NONE', ( #3989, #8937, #6015, #5267 ) ) ;
#7091 = CARTESIAN_POINT ( 'NONE',  ( -7.017521981314792434, -16.48614634097089393, 22.73360027965845021 ) ) ;
#7092 = ORIENTED_EDGE ( 'NONE', *, *, #2295, .T. ) ;
#7093 = EDGE_LOOP ( 'NONE', ( #599, #5609, #634, #7164, #1472, #4962, #2733, #2799, #7078, #8950, #8118, #3098, #1253, #5582, #7699, #3471, #8565, #1927, #8657, #6418 ) ) ;
#7094 = DIRECTION ( 'NONE',  ( 1.575205997657066192E-16, 1.000000000000000000, -0.000000000000000000 ) ) ;
#7095 = ORIENTED_EDGE ( 'NONE', *, *, #4419, .T. ) ;
#7096 = EDGE_CURVE ( 'NONE', #2354, #3520, #8258, .T. ) ;
#7097 = CYLINDRICAL_SURFACE ( 'NONE', #7326, 3.350000000000002309 ) ;
#7098 = DIRECTION ( 'NONE',  ( 0.000000000000000000, 0.000000000000000000, -1.000000000000000000 ) ) ;
#7099 = VECTOR ( 'NONE', #3693, 1000.000000000000000 ) ;
#7100 = EDGE_LOOP ( 'NONE', ( #8694, #8845, #7362, #6936 ) ) ;
#7101 = ORIENTED_EDGE ( 'NONE', *, *, #3249, .F. ) ;
#7102 = DIRECTION ( 'NONE',  ( 0.000000000000000000, 0.000000000000000000, -1.000000000000000000 ) ) ;
#7103 = LINE ( 'NONE', #4786, #296 ) ;
#7104 = LINE ( 'NONE', #562, #4249 ) ;
#7105 = LINE ( 'NONE', #2737, #1424 ) ;
#7106 = LINE ( 'NONE', #6972, #7515 ) ;
#7107 = CYLINDRICAL_SURFACE ( 'NONE', #6895, 0.5000000000000004441 ) ;
#7108 = EDGE_CURVE ( 'NONE', #2682, #5664, #6188, .T. ) ;
#7109 = VERTEX_POINT ( 'NONE', #6239 ) ;
#7110 = AXIS2_PLACEMENT_3D ( 'NONE', #7638, #6933, #9111 ) ;
#7111 = CARTESIAN_POINT ( 'NONE',  ( -49.91651260195900619, -21.92999999999999616, 23.43434452200543205 ) ) ;
#7112 = PLANE ( 'NONE',  #1274 ) ;
#7113 = CARTESIAN_POINT ( 'NONE',  ( -43.08867705991077202, -17.50712056481877710, 23.50000000000000000 ) ) ;
#7114 = LINE ( 'NONE', #621, #6221 ) ;
#7115 = ORIENTED_EDGE ( 'NONE', *, *, #297, .F. ) ;
#7116 = DIRECTION ( 'NONE',  ( -1.000000000000000000, 0.000000000000000000, -0.000000000000000000 ) ) ;
#7117 = DIRECTION ( 'NONE',  ( -1.000000000000000000, 0.000000000000000000, 0.000000000000000000 ) ) ;
#7118 = CIRCLE ( 'NONE', #4391, 1.500000000000001332 ) ;
#7119 = DIRECTION ( 'NONE',  ( -0.000000000000000000, -0.000000000000000000, 1.000000000000000000 ) ) ;
#7120 = EDGE_LOOP ( 'NONE', ( #3646, #1706, #85, #3607 ) ) ;
#7121 = ORIENTED_EDGE ( 'NONE', *, *, #8799, .F. ) ;
#7122 = EDGE_CURVE ( 'NONE', #5800, #2180, #2579, .T. ) ;
#7123 = CARTESIAN_POINT ( 'NONE',  ( -21.00632283287208324, -13.99840717847742511, 25.73360027965844665 ) ) ;
#7124 = VECTOR ( 'NONE', #1986, 1000.000000000000000 ) ;
#7125 = VECTOR ( 'NONE', #6040, 1000.000000000000114 ) ;
#7126 = CARTESIAN_POINT ( 'NONE',  ( 4.006559040048433218, -23.74999999999999645, 22.93434452200543205 ) ) ;
#7127 = VERTEX_POINT ( 'NONE', #4766 ) ;
#7128 = PLANE ( 'NONE',  #2513 ) ;
#7129 = DIRECTION ( 'NONE',  ( 0.000000000000000000, -1.000000000000000000, 0.000000000000000000 ) ) ;
#7130 = CYLINDRICAL_SURFACE ( 'NONE', #7525, 4.099999999999999645 ) ;
#7131 = AXIS2_PLACEMENT_3D ( 'NONE', #5018, #8665, #2916 ) ;
#7132 = AXIS2_PLACEMENT_3D ( 'NONE', #3359, #2694, #2743 ) ;
#7133 = ORIENTED_EDGE ( 'NONE', *, *, #1808, .F. ) ;
#7134 = EDGE_CURVE ( 'NONE', #4726, #3639, #7657, .T. ) ;
#7135 = EDGE_LOOP ( 'NONE', ( #4501, #8309, #8548, #3995 ) ) ;
#7136 = DIRECTION ( 'NONE',  ( 0.000000000000000000, 0.000000000000000000, -1.000000000000000000 ) ) ;
#7137 = EDGE_CURVE ( 'NONE', #6288, #8123, #9130, .T. ) ;
#7138 = EDGE_LOOP ( 'NONE', ( #4269, #8373, #7024, #3229, #8321, #1171 ) ) ;
#7139 = VECTOR ( 'NONE', #3290, 1000.000000000000000 ) ;
#7140 = VERTEX_POINT ( 'NONE', #5527 ) ;
#7141 = DIRECTION ( 'NONE',  ( 0.000000000000000000, 0.000000000000000000, -1.000000000000000000 ) ) ;
#7142 = VERTEX_POINT ( 'NONE', #8412 ) ;
#7143 = CARTESIAN_POINT ( 'NONE',  ( -63.55073236542023096, -24.74999999999999645, 14.92435785757280975 ) ) ;
#7144 = DIRECTION ( 'NONE',  ( -1.000000000000000000, -0.000000000000000000, -0.000000000000000000 ) ) ;
#7145 = ORIENTED_EDGE ( 'NONE', *, *, #616, .T. ) ;
#7146 = ADVANCED_FACE ( 'NONE', ( #1920 ), #4815, .F. ) ;
#7147 = VERTEX_POINT ( 'NONE', #2291 ) ;
#7148 = CARTESIAN_POINT ( 'NONE',  ( 9.852138384579761876, -26.24999999999999645, 24.23360027965843955 ) ) ;
#7149 = DIRECTION ( 'NONE',  ( -1.000000000000000000, 0.000000000000000000, -0.000000000000000000 ) ) ;
#7150 = CARTESIAN_POINT ( 'NONE',  ( -70.42541949054557904, -17.02801943015421671, -3.266399720341551127 ) ) ;
#7151 = CARTESIAN_POINT ( 'NONE',  ( 4.006559040048433218, -14.57499999999999929, 22.93434452200543205 ) ) ;
#7152 = CARTESIAN_POINT ( 'NONE',  ( 0.000000000000000000, -23.74999999999999645, 0.000000000000000000 ) ) ;
#7153 = CARTESIAN_POINT ( 'NONE',  ( -62.07683474757660491, -25.03301371225455441, -3.266399720341551127 ) ) ;
#7154 = ORIENTED_EDGE ( 'NONE', *, *, #8535, .T. ) ;
#7155 = CARTESIAN_POINT ( 'NONE',  ( 2.166269062016041858, -21.92999999999999616, 25.73360027965844665 ) ) ;
#7156 = ADVANCED_FACE ( 'NONE', ( #3760 ), #6660, .F. ) ;
#7157 = CARTESIAN_POINT ( 'NONE',  ( -56.79358976552124005, -28.24999999999999645, -0.06565547799457095712 ) ) ;
#7158 = LINE ( 'NONE', #7202, #3928 ) ;
#7159 = DIRECTION ( 'NONE',  ( -0.5000000000000007772, 0.000000000000000000, 0.8660254037844381525 ) ) ;
#7160 = ORIENTED_EDGE ( 'NONE', *, *, #1401, .T. ) ;
#7161 = FACE_OUTER_BOUND ( 'NONE', #6083, .T. ) ;
#7162 = CARTESIAN_POINT ( 'NONE',  ( 13.55308861578299862, -15.77033674741690916, -3.266399720341551127 ) ) ;
#7163 = CARTESIAN_POINT ( 'NONE',  ( 4.006559040048433218, -14.57499999999999929, -0.06565547799456880607 ) ) ;
#7164 = ORIENTED_EDGE ( 'NONE', *, *, #5936, .T. ) ;
#7165 = ORIENTED_EDGE ( 'NONE', *, *, #3661, .T. ) ;
#7166 = CARTESIAN_POINT ( 'NONE',  ( -0.07410584242694209789, -21.92999999999999616, 0.3320556193263901057 ) ) ;
#7167 = EDGE_CURVE ( 'NONE', #8956, #4771, #158, .T. ) ;
#7168 = CARTESIAN_POINT ( 'NONE',  ( -9.100693713008769947, -23.24999999999999645, 20.93683708947935429 ) ) ;
#7169 = VERTEX_POINT ( 'NONE', #3087 ) ;
#7170 = CARTESIAN_POINT ( 'NONE',  ( 4.006559040048433218, -21.92999999999999616, -0.06565547799456880607 ) ) ;
#7171 = AXIS2_PLACEMENT_3D ( 'NONE', #32, #7954, #9332 ) ;
#7172 = EDGE_CURVE ( 'NONE', #918, #6474, #2906, .T. ) ;
#7173 = CARTESIAN_POINT ( 'NONE',  ( 6.806707845618117148, -23.74999999999999645, -0.06565547799456904199 ) ) ;
#7174 = LINE ( 'NONE', #6469, #6000 ) ;
#7175 = ORIENTED_EDGE ( 'NONE', *, *, #3962, .T. ) ;
#7176 = VERTEX_POINT ( 'NONE', #67 ) ;
#7177 = CARTESIAN_POINT ( 'NONE',  ( -7.017521981314792434, -18.91796799097090087, 22.73360027965845021 ) ) ;
#7178 = VECTOR ( 'NONE', #2110, 1000.000000000000000 ) ;
#7179 = EDGE_LOOP ( 'NONE', ( #4394, #827, #4443, #8678 ) ) ;
#7180 = EDGE_LOOP ( 'NONE', ( #2448, #298, #1405, #4818 ) ) ;
#7181 = ORIENTED_EDGE ( 'NONE', *, *, #2317, .T. ) ;
#7182 = EDGE_CURVE ( 'NONE', #9039, #6394, #1546, .T. ) ;
#7183 = CYLINDRICAL_SURFACE ( 'NONE', #1277, 1.500000000000001332 ) ;
#7184 = VECTOR ( 'NONE', #4428, 1000.000000000000000 ) ;
#7185 = LINE ( 'NONE', #7945, #1599 ) ;
#7186 = ORIENTED_EDGE ( 'NONE', *, *, #8331, .F. ) ;
#7187 = ORIENTED_EDGE ( 'NONE', *, *, #8299, .T. ) ;
#7188 = CARTESIAN_POINT ( 'NONE',  ( -63.54634611201960581, -25.03301371225455441, -4.766399720341551571 ) ) ;
#7189 = CIRCLE ( 'NONE', #1752, 1.000000000000000888 ) ;
#7190 = DIRECTION ( 'NONE',  ( 0.000000000000000000, -1.000000000000000000, 0.000000000000000000 ) ) ;
#7191 = LINE ( 'NONE', #6533, #5006 ) ;
#7192 = LINE ( 'NONE', #700, #6874 ) ;
#7193 = ADVANCED_FACE ( 'NONE', ( #3040 ), #201, .T. ) ;
#7194 = DIRECTION ( 'NONE',  ( 0.000000000000000000, -0.000000000000000000, -1.000000000000000000 ) ) ;
#7196 = EDGE_CURVE ( 'NONE', #3404, #6433, #3565, .T. ) ;
#7195 = FACE_BOUND ( 'NONE', #4961, .T. ) ;
#7197 = EDGE_CURVE ( 'NONE', #5139, #6135, #1497, .T. ) ;
#7198 = VECTOR ( 'NONE', #6525, 999.9999999999998863 ) ;
#7199 = ORIENTED_EDGE ( 'NONE', *, *, #1358, .T. ) ;
#7200 = DIRECTION ( 'NONE',  ( -1.000000000000000000, 0.000000000000000000, 0.000000000000000000 ) ) ;
#7201 = AXIS2_PLACEMENT_3D ( 'NONE', #9297, #5606, #9163 ) ;
#7202 = CARTESIAN_POINT ( 'NONE',  ( -63.54634611201960581, -5.004056775174929861, -4.766399720341551571 ) ) ;
#7203 = LINE ( 'NONE', #8723, #614 ) ;
#7204 = CIRCLE ( 'NONE', #7818, 2.999999999999999112 ) ;
#7205 = VERTEX_POINT ( 'NONE', #4479 ) ;
#7206 = DIRECTION ( 'NONE',  ( -1.000000000000000000, 0.000000000000000000, -0.000000000000000000 ) ) ;
#7207 = LINE ( 'NONE', #2225, #4173 ) ;
#7208 = EDGE_CURVE ( 'NONE', #1247, #6682, #2207, .T. ) ;
#7209 = LINE ( 'NONE', #4417, #101 ) ;
#7210 = AXIS2_PLACEMENT_3D ( 'NONE', #5959, #8230, #5195 ) ;
#7211 = ORIENTED_EDGE ( 'NONE', *, *, #2852, .T. ) ;
#7212 = DIRECTION ( 'NONE',  ( 0.000000000000000000, 0.000000000000000000, -1.000000000000000000 ) ) ;
#7213 = DIRECTION ( 'NONE',  ( -1.000000000000000000, 0.000000000000000000, 0.000000000000000000 ) ) ;
#7214 = CARTESIAN_POINT ( 'NONE',  ( -61.55073236542024517, -26.24999999999999645, 24.23360027965844665 ) ) ;
#7215 = AXIS2_PLACEMENT_3D ( 'NONE', #5513, #6179, #2471 ) ;
#7216 = ORIENTED_EDGE ( 'NONE', *, *, #1329, .T. ) ;
#7217 = PLANE ( 'NONE',  #91 ) ;
#7218 = LINE ( 'NONE', #5133, #4916 ) ;
#7219 = DIRECTION ( 'NONE',  ( 0.000000000000000000, -1.000000000000000000, -0.000000000000000000 ) ) ;
#7220 = APPLICATION_CONTEXT ( 'automotive_design' ) ;
#7221 = VERTEX_POINT ( 'NONE', #7274 ) ;
#7222 = ORIENTED_EDGE ( 'NONE', *, *, #2997, .T. ) ;
#7223 = CARTESIAN_POINT ( 'NONE',  ( -69.60685805559241146, -24.74999999999999645, 11.92435785757281153 ) ) ;
#7224 = EDGE_CURVE ( 'NONE', #4486, #4250, #3716, .T. ) ;
#7225 = ORIENTED_EDGE ( 'NONE', *, *, #5639, .T. ) ;
#7226 = ORIENTED_EDGE ( 'NONE', *, *, #6503, .F. ) ;
#7227 = CARTESIAN_POINT ( 'NONE',  ( -44.32049870685442272, -18.91113344730284851, 23.50000000000000000 ) ) ;
#7228 = ORIENTED_EDGE ( 'NONE', *, *, #5056, .F. ) ;
#7229 = DIRECTION ( 'NONE',  ( -1.000000000000000000, 0.000000000000000000, 0.000000000000000000 ) ) ;
#7230 = DIRECTION ( 'NONE',  ( 0.000000000000000000, -1.000000000000000000, 0.000000000000000000 ) ) ;
#7231 = ORIENTED_EDGE ( 'NONE', *, *, #4259, .F. ) ;
#7232 = ADVANCED_FACE ( 'NONE', ( #8834 ), #784, .T. ) ;
#7233 = EDGE_CURVE ( 'NONE', #1583, #2208, #5994, .T. ) ;
#7234 = ORIENTED_EDGE ( 'NONE', *, *, #764, .F. ) ;
#7235 = CARTESIAN_POINT ( 'NONE',  ( -56.55073236542025228, -6.977067257872925587, 21.90472885406023451 ) ) ;
#7236 = ORIENTED_EDGE ( 'NONE', *, *, #4077, .T. ) ;
#7237 = DIRECTION ( 'NONE',  ( -1.000000000000000000, -8.673617379884027583E-16, 0.000000000000000000 ) ) ;
#7238 = CARTESIAN_POINT ( 'NONE',  ( -55.39351536273640875, -28.24999999999999645, 20.50934452200542424 ) ) ;
#7239 = CARTESIAN_POINT ( 'NONE',  ( -58.06283894982672678, -26.24999999999999645, 22.43434452200543205 ) ) ;
#7240 = DIRECTION ( 'NONE',  ( 0.000000000000000000, 0.4314804106740396383, -0.9021223061229348694 ) ) ;
#7241 = VECTOR ( 'NONE', #1771, 1000.000000000000000 ) ;
#7242 = CARTESIAN_POINT ( 'NONE',  ( 4.006559040048433218, -8.929999999999994387, 21.58434452200543063 ) ) ;
#7243 = ORIENTED_EDGE ( 'NONE', *, *, #7932, .T. ) ;
#7244 = ADVANCED_FACE ( 'NONE', ( #2949 ), #2995, .T. ) ;
#7245 = ORIENTED_EDGE ( 'NONE', *, *, #4067, .T. ) ;
#7246 = LINE ( 'NONE', #2923, #5709 ) ;
#7247 = VECTOR ( 'NONE', #770, 1000.000000000000000 ) ;
#7248 = ADVANCED_FACE ( 'NONE', ( #5809, #5902, #8169 ), #5184, .F. ) ;
#7249 = CARTESIAN_POINT ( 'NONE',  ( 11.12228341961742117, -3.250000000000000444, -4.766399720341551571 ) ) ;
#7250 = PLANE ( 'NONE',  #3332 ) ;
#7251 = ORIENTED_EDGE ( 'NONE', *, *, #4839, .T. ) ;
#7252 = CARTESIAN_POINT ( 'NONE',  ( -7.274235610263284357, -26.24999999999999645, 3.416424131227112859 ) ) ;
#7253 = CARTESIAN_POINT ( 'NONE',  ( 17.21629301208212226, -24.74999999999999645, 8.561872586650322248 ) ) ;
#7254 = LINE ( 'NONE', #3790, #567 ) ;
#7255 = CIRCLE ( 'NONE', #3774, 3.350000000000000089 ) ;
#7256 = ORIENTED_EDGE ( 'NONE', *, *, #616, .F. ) ;
#7257 = CARTESIAN_POINT ( 'NONE',  ( -67.52198187529464235, -16.37433758220721458, -3.266399720341551127 ) ) ;
#7258 = DIRECTION ( 'NONE',  ( 0.000000000000000000, 0.000000000000000000, -1.000000000000000000 ) ) ;
#7259 = EDGE_CURVE ( 'NONE', #7498, #3792, #5946, .T. ) ;
#7260 = DIRECTION ( 'NONE',  ( -1.000000000000000000, 0.000000000000000000, 0.000000000000000000 ) ) ;
#7261 = CIRCLE ( 'NONE', #8778, 0.5000000000000004441 ) ;
#7262 = ORIENTED_EDGE ( 'NONE', *, *, #5198, .F. ) ;
#7263 = DIRECTION ( 'NONE',  ( 0.000000000000000000, 0.000000000000000000, -1.000000000000000000 ) ) ;
#7264 = LINE ( 'NONE', #1351, #4314 ) ;
#7265 = DIRECTION ( 'NONE',  ( -1.000000000000000000, 0.000000000000000000, 0.000000000000000000 ) ) ;
#7266 = AXIS2_PLACEMENT_3D ( 'NONE', #273, #5351, #3211 ) ;
#7267 = AXIS2_PLACEMENT_3D ( 'NONE', #5840, #6505, #7351 ) ;
#7268 = ORIENTED_EDGE ( 'NONE', *, *, #1319, .T. ) ;
#7269 = ORIENTED_EDGE ( 'NONE', *, *, #1703, .T. ) ;
#7270 = CARTESIAN_POINT ( 'NONE',  ( 4.006559040048433218, -8.929999999999994387, 22.93434452200543205 ) ) ;
#7271 = EDGE_CURVE ( 'NONE', #2461, #1359, #4524, .T. ) ;
#7272 = ORIENTED_EDGE ( 'NONE', *, *, #5181, .F. ) ;
#7273 = ORIENTED_EDGE ( 'NONE', *, *, #359, .F. ) ;
#7274 = CARTESIAN_POINT ( 'NONE',  ( 4.006559040048433218, -23.74999999999999645, -1.415655477994569367 ) ) ;
#7275 = CIRCLE ( 'NONE', #3637, 3.499999999999999556 ) ;
#7276 = ORIENTED_EDGE ( 'NONE', *, *, #183, .T. ) ;
#7277 = CARTESIAN_POINT ( 'NONE',  ( -14.42158689150289952, -25.74999999999999645, 22.88956924811451188 ) ) ;
#7278 = DIRECTION ( 'NONE',  ( 0.000000000000000000, 0.000000000000000000, -1.000000000000000000 ) ) ;
#7279 = AXIS2_PLACEMENT_3D ( 'NONE', #509, #1090, #8336 ) ;
#7280 = ORIENTED_EDGE ( 'NONE', *, *, #7034, .F. ) ;
#7281 =( GEOMETRIC_REPRESENTATION_CONTEXT ( 3 ) GLOBAL_UNCERTAINTY_ASSIGNED_CONTEXT ( ( #4821 ) ) GLOBAL_UNIT_ASSIGNED_CONTEXT ( ( #5982, #2066, #4248 ) ) REPRESENTATION_CONTEXT ( 'NONE', 'WORKASPACE' ) );
#7282 = VECTOR ( 'NONE', #3817, 999.9999999999998863 ) ;
#7283 = VERTEX_POINT ( 'NONE', #4763 ) ;
#7284 = DIRECTION ( 'NONE',  ( 0.000000000000000000, 1.000000000000000000, 0.000000000000000000 ) ) ;
#7285 = ORIENTED_EDGE ( 'NONE', *, *, #3011, .F. ) ;
#7286 = DIRECTION ( 'NONE',  ( 0.000000000000000000, 0.000000000000000000, -1.000000000000000000 ) ) ;
#7287 = DIRECTION ( 'NONE',  ( -1.000000000000000000, -0.000000000000000000, -0.000000000000000000 ) ) ;
#7288 = CARTESIAN_POINT ( 'NONE',  ( -53.99344095995156323, -21.92999999999999616, -1.415655477994574474 ) ) ;
#7289 = FACE_BOUND ( 'NONE', #8372, .T. ) ;
#7290 = FACE_BOUND ( 'NONE', #7996, .T. ) ;
#7291 = EDGE_CURVE ( 'NONE', #2404, #4536, #446, .T. ) ;
#7292 = VERTEX_POINT ( 'NONE', #9126 ) ;
#7293 = ORIENTED_EDGE ( 'NONE', *, *, #5667, .F. ) ;
#7294 = DIRECTION ( 'NONE',  ( 1.000000000000000000, -0.000000000000000000, -0.000000000000000000 ) ) ;
#7295 = CARTESIAN_POINT ( 'NONE',  ( -7.791905798005583250, -23.24999999999999645, 20.93683708947935429 ) ) ;
#7296 = CARTESIAN_POINT ( 'NONE',  ( 4.506559040048433218, -21.92999999999999616, 3.697039727103057505 ) ) ;
#7297 = FACE_OUTER_BOUND ( 'NONE', #5931, .T. ) ;
#7298 = CARTESIAN_POINT ( 'NONE',  ( 0.000000000000000000, 0.000000000000000000, -0.5000000000000000000 ) ) ;
#7299 = EDGE_CURVE ( 'NONE', #7127, #2404, #3329, .T. ) ;
#7300 = CIRCLE ( 'NONE', #4277, 3.350000000000001865 ) ;
#7301 = LINE ( 'NONE', #2313, #7076 ) ;
#7302 = EDGE_CURVE ( 'NONE', #455, #9261, #845, .T. ) ;
#7303 = VERTEX_POINT ( 'NONE', #6806 ) ;
#7304 = LINE ( 'NONE', #6693, #4862 ) ;
#7305 = FACE_OUTER_BOUND ( 'NONE', #362, .T. ) ;
#7306 = LINE ( 'NONE', #100, #4227 ) ;
#7307 = ORIENTED_EDGE ( 'NONE', *, *, #6217, .F. ) ;
#7308 = FACE_OUTER_BOUND ( 'NONE', #7939, .T. ) ;
#7309 = FACE_BOUND ( 'NONE', #7898, .T. ) ;
#7310 = CARTESIAN_POINT ( 'NONE',  ( -44.08372187312362911, -8.826403837643525208, 27.73360027965844665 ) ) ;
#7311 = EDGE_CURVE ( 'NONE', #3572, #3239, #4001, .T. ) ;
#7312 = EDGE_CURVE ( 'NONE', #6242, #5240, #4051, .T. ) ;
#7313 = EDGE_CURVE ( 'NONE', #7361, #2333, #7204, .T. ) ;
#7314 = ORIENTED_EDGE ( 'NONE', *, *, #989, .T. ) ;
#7315 = VERTEX_POINT ( 'NONE', #351 ) ;
#7316 = DIRECTION ( 'NONE',  ( -0.000000000000000000, -0.000000000000000000, -1.000000000000000000 ) ) ;
#7317 = VERTEX_POINT ( 'NONE', #5425 ) ;
#7318 = CIRCLE ( 'NONE', #8231, 1.000000000000000888 ) ;
#7319 = EDGE_CURVE ( 'NONE', #977, #1583, #1067, .T. ) ;
#7320 = ORIENTED_EDGE ( 'NONE', *, *, #2600, .T. ) ;
#7321 = DIRECTION ( 'NONE',  ( 0.000000000000000000, -1.000000000000000000, 0.000000000000000000 ) ) ;
#7322 = EDGE_LOOP ( 'NONE', ( #1448, #7348, #5826, #7625, #5957, #2861, #3094, #1470 ) ) ;
#7323 = CARTESIAN_POINT ( 'NONE',  ( -53.49344095995156323, -21.92999999999999616, 18.83434452200543063 ) ) ;
#7324 = DIRECTION ( 'NONE',  ( 0.000000000000000000, 1.000000000000000000, 0.000000000000000000 ) ) ;
#7325 = ADVANCED_FACE ( 'NONE', ( #301 ), #1020, .T. ) ;
#7326 = AXIS2_PLACEMENT_3D ( 'NONE', #2767, #5100, #2862 ) ;
#7327 = VERTEX_POINT ( 'NONE', #6136 ) ;
#7328 = DIRECTION ( 'NONE',  ( -1.000000000000000000, 0.000000000000000000, 0.000000000000000000 ) ) ;
#7329 = ORIENTED_EDGE ( 'NONE', *, *, #7302, .T. ) ;
#7330 = DIRECTION ( 'NONE',  ( 0.000000000000000000, 1.000000000000000000, 0.000000000000000000 ) ) ;
#7331 = ORIENTED_EDGE ( 'NONE', *, *, #3169, .F. ) ;
#7332 = FACE_OUTER_BOUND ( 'NONE', #3036, .T. ) ;
#7333 = VECTOR ( 'NONE', #7656, 1000.000000000000000 ) ;
#7334 = CARTESIAN_POINT ( 'NONE',  ( -0.06283894982672763585, -26.24999999999999645, 23.43434452200543205 ) ) ;
#7335 = LINE ( 'NONE', #33, #6603 ) ;
#7336 = DIRECTION ( 'NONE',  ( 0.000000000000000000, 0.000000000000000000, -1.000000000000000000 ) ) ;
#7337 = ORIENTED_EDGE ( 'NONE', *, *, #5755, .F. ) ;
#7338 = VECTOR ( 'NONE', #3248, 1000.000000000000000 ) ;
#7339 = ORIENTED_EDGE ( 'NONE', *, *, #6839, .T. ) ;
#7340 = DIRECTION ( 'NONE',  ( 0.000000000000000000, 0.000000000000000000, -1.000000000000000000 ) ) ;
#7341 = ADVANCED_FACE ( 'NONE', ( #2575 ), #8315, .F. ) ;
#7342 = LINE ( 'NONE', #6494, #1960 ) ;
#7343 = FACE_BOUND ( 'NONE', #4634, .T. ) ;
#7344 = DIRECTION ( 'NONE',  ( 0.000000000000000000, 0.7071067811865525687, -0.7071067811865425767 ) ) ;
#7345 = DIRECTION ( 'NONE',  ( 0.000000000000000000, 0.000000000000000000, -1.000000000000000000 ) ) ;
#7346 = CIRCLE ( 'NONE', #384, 4.100000000000000533 ) ;
#7347 = DIRECTION ( 'NONE',  ( -0.000000000000000000, -0.000000000000000000, -1.000000000000000000 ) ) ;
#7348 = ORIENTED_EDGE ( 'NONE', *, *, #332, .T. ) ;
#7349 = CARTESIAN_POINT ( 'NONE',  ( -13.95632582902195296, -23.74999999999999645, 0.000000000000000000 ) ) ;
#7350 = VECTOR ( 'NONE', #5511, 1000.000000000000000 ) ;
#7351 = DIRECTION ( 'NONE',  ( 0.000000000000000000, 0.000000000000000000, 1.000000000000000000 ) ) ;
#7352 = VECTOR ( 'NONE', #493, 1000.000000000000000 ) ;
#7353 = EDGE_CURVE ( 'NONE', #2788, #2065, #2478, .T. ) ;
#7354 = PLANE ( 'NONE',  #2554 ) ;
#7355 = ORIENTED_EDGE ( 'NONE', *, *, #3169, .T. ) ;
#7356 = CARTESIAN_POINT ( 'NONE',  ( -56.79358976552124716, -23.74999999999999645, 22.93434452200542495 ) ) ;
#7357 = AXIS2_PLACEMENT_3D ( 'NONE', #611, #7772, #4790 ) ;
#7358 = DIRECTION ( 'NONE',  ( -0.8660254037844385966, -0.5000000000000001110, 0.000000000000000000 ) ) ;
#7359 = LINE ( 'NONE', #5219, #7068 ) ;
#7360 = VECTOR ( 'NONE', #4663, 1000.000000000000000 ) ;
#7361 = VERTEX_POINT ( 'NONE', #6757 ) ;
#7362 = ORIENTED_EDGE ( 'NONE', *, *, #1183, .F. ) ;
#7363 = CARTESIAN_POINT ( 'NONE',  ( -55.39351536273640875, -28.24999999999999645, 20.50934452200542424 ) ) ;
#7364 = VECTOR ( 'NONE', #4238, 1000.000000000000000 ) ;
#7365 = EDGE_LOOP ( 'NONE', ( #6372, #9122, #8094, #487 ) ) ;
#7366 = EDGE_CURVE ( 'NONE', #2889, #7221, #5377, .T. ) ;
#7367 = EDGE_CURVE ( 'NONE', #335, #6751, #966, .T. ) ;
#7368 = ORIENTED_EDGE ( 'NONE', *, *, #7034, .T. ) ;
#7369 = CARTESIAN_POINT ( 'NONE',  ( -14.42158689150289952, -26.24999999999999645, 22.88956924811451188 ) ) ;
#7370 = ORIENTED_EDGE ( 'NONE', *, *, #5521, .T. ) ;
#7371 = CARTESIAN_POINT ( 'NONE',  ( 7.622283419617420286, -25.27535387189999128, -4.766399720341551571 ) ) ;
#7372 = CARTESIAN_POINT ( 'NONE',  ( -43.08867705991077202, -20.31514632978691282, 23.50000000000000000 ) ) ;
#7373 = VECTOR ( 'NONE', #5125, 1000.000000000000000 ) ;
#7374 = ORIENTED_EDGE ( 'NONE', *, *, #2959, .T. ) ;
#7375 = CARTESIAN_POINT ( 'NONE',  ( -60.05073236542024517, -28.24999999999999645, -6.766399720341551571 ) ) ;
#7376 = ORIENTED_EDGE ( 'NONE', *, *, #6981, .F. ) ;
#7377 = CARTESIAN_POINT ( 'NONE',  ( 7.852138384579761876, -11.79005581014418880, 27.73360027965844665 ) ) ;
#7378 = EDGE_CURVE ( 'NONE', #6426, #6616, #3858, .T. ) ;
#7379 = ORIENTED_EDGE ( 'NONE', *, *, #6034, .T. ) ;
#7380 = CARTESIAN_POINT ( 'NONE',  ( -58.07036931794412737, -26.24999999999999645, -0.5000000000000004441 ) ) ;
#7381 = LINE ( 'NONE', #6487, #2024 ) ;
#7382 = VECTOR ( 'NONE', #1518, 1000.000000000000000 ) ;
#7383 = CARTESIAN_POINT ( 'NONE',  ( 13.55308861578300039, -4.994728181037625170, -3.266399720341551127 ) ) ;
#7384 = DIRECTION ( 'NONE',  ( -0.5599897318154830606, -0.8284995475322984859, 0.000000000000000000 ) ) ;
#7385 = ORIENTED_EDGE ( 'NONE', *, *, #8658, .F. ) ;
#7386 = ORIENTED_EDGE ( 'NONE', *, *, #7896, .T. ) ;
#7387 = CARTESIAN_POINT ( 'NONE',  ( -8.421534865563451433, -16.48614634097089393, 23.50000000000000000 ) ) ;
#7388 = CARTESIAN_POINT ( 'NONE',  ( 1.010867600122345333, -21.92999999999999616, 25.73360027965844665 ) ) ;
#7389 = LINE ( 'NONE', #897, #8639 ) ;
#7390 = DIRECTION ( 'NONE',  ( -1.000000000000000000, -0.000000000000000000, 0.000000000000000000 ) ) ;
#7391 = DIRECTION ( 'NONE',  ( 0.000000000000000000, 0.000000000000000000, -1.000000000000000000 ) ) ;
#7392 = DIRECTION ( 'NONE',  ( -0.000000000000000000, -0.000000000000000000, 1.000000000000000000 ) ) ;
#7393 = ORIENTED_EDGE ( 'NONE', *, *, #6625, .F. ) ;
#7394 = AXIS2_PLACEMENT_3D ( 'NONE', #5166, #1566, #1428 ) ;
#7395 = CARTESIAN_POINT ( 'NONE',  ( -43.08867705991077202, -20.31514632978691282, 23.50000000000000000 ) ) ;
#7396 = CARTESIAN_POINT ( 'NONE',  ( 2.166269062016041858, -8.929999999999994387, 25.73360027965844665 ) ) ;
#7397 = CARTESIAN_POINT ( 'NONE',  ( 5.406633442833274295, -28.24999999999999645, -2.490655477994568656 ) ) ;
#7398 = VERTEX_POINT ( 'NONE', #6044 ) ;
#7399 = CARTESIAN_POINT ( 'NONE',  ( -19.64526954535771353, -11.29005581014418880, 35.00000000000000000 ) ) ;
#7400 = VECTOR ( 'NONE', #4630, 1000.000000000000000 ) ;
#7401 = CARTESIAN_POINT ( 'NONE',  ( 0.000000000000000000, -23.24999999999999645, 0.000000000000000000 ) ) ;
#7402 = DIRECTION ( 'NONE',  ( 0.5000000000000001110, 0.000000000000000000, -0.8660254037844384856 ) ) ;
#7403 = EDGE_CURVE ( 'NONE', #6471, #2499, #4719, .T. ) ;
#7404 = ORIENTED_EDGE ( 'NONE', *, *, #3515, .F. ) ;
#7405 = EDGE_LOOP ( 'NONE', ( #2060, #1678 ) ) ;
#7406 = DIRECTION ( 'NONE',  ( 0.9999979260147231486, -0.002036655653797905634, 0.000000000000000000 ) ) ;
#7407 = VECTOR ( 'NONE', #373, 1000.000000000000000 ) ;
#7408 = ORIENTED_EDGE ( 'NONE', *, *, #6662, .F. ) ;
#7409 = VERTEX_POINT ( 'NONE', #3956 ) ;
#7410 = CARTESIAN_POINT ( 'NONE',  ( -14.45632582902195473, -26.24999999999999645, 1.129663705710172605 ) ) ;
#7411 = VERTEX_POINT ( 'NONE', #3233 ) ;
#7412 = CARTESIAN_POINT ( 'NONE',  ( -0.07410584242694209789, -21.92999999999999616, 23.43434452200543205 ) ) ;
#7413 = VECTOR ( 'NONE', #3409, 1000.000000000000000 ) ;
#7414 = VECTOR ( 'NONE', #8031, 1000.000000000000000 ) ;
#7415 = LINE ( 'NONE', #354, #5223 ) ;
#7416 = EDGE_CURVE ( 'NONE', #3749, #6642, #8213, .T. ) ;
#7417 = ADVANCED_FACE ( 'NONE', ( #9031 ), #7607, .T. ) ;
#7418 = VERTEX_POINT ( 'NONE', #1258 ) ;
#7419 = LINE ( 'NONE', #5238, #7282 ) ;
#7420 = ORIENTED_EDGE ( 'NONE', *, *, #5208, .F. ) ;
#7421 = DIRECTION ( 'NONE',  ( 1.000000000000000000, 0.000000000000000000, 0.000000000000000000 ) ) ;
#7422 = VECTOR ( 'NONE', #4455, 1000.000000000000000 ) ;
#7423 = CIRCLE ( 'NONE', #8793, 3.350000000000002309 ) ;
#7424 = ORIENTED_EDGE ( 'NONE', *, *, #2787, .T. ) ;
#7425 = LINE ( 'NONE', #2347, #7586 ) ;
#7426 = EDGE_LOOP ( 'NONE', ( #4489, #7047, #8032, #6300, #6410, #4151 ) ) ;
#7427 = CARTESIAN_POINT ( 'NONE',  ( 4.006559040048433218, -26.24999999999999645, 22.93434452200543205 ) ) ;
#7428 = CARTESIAN_POINT ( 'NONE',  ( 9.852138384579761876, -28.24999999999999645, 24.23360027965843955 ) ) ;
#7429 = LINE ( 'NONE', #6153, #8404 ) ;
#7430 = AXIS2_PLACEMENT_3D ( 'NONE', #550, #6148, #457 ) ;
#7431 = AXIS2_PLACEMENT_3D ( 'NONE', #7566, #1074, #3965 ) ;
#7432 = ADVANCED_FACE ( 'NONE', ( #1962 ), #6334, .F. ) ;
#7433 = EDGE_CURVE ( 'NONE', #4254, #5441, #6282, .T. ) ;
#7434 = VERTEX_POINT ( 'NONE', #8458 ) ;
#7435 = EDGE_LOOP ( 'NONE', ( #3757, #3951, #2497, #7602 ) ) ;
#7436 = DIRECTION ( 'NONE',  ( 1.000000000000000000, 0.000000000000000000, 0.000000000000000000 ) ) ;
#7437 = VECTOR ( 'NONE', #8480, 1000.000000000000000 ) ;
#7438 = DIRECTION ( 'NONE',  ( 0.000000000000000000, 0.000000000000000000, 1.000000000000000000 ) ) ;
#7439 = LINE ( 'NONE', #5304, #3941 ) ;
#7440 = CIRCLE ( 'NONE', #3346, 3.350000000000002309 ) ;
#7441 = LINE ( 'NONE', #3259, #5196 ) ;
#7442 = CARTESIAN_POINT ( 'NONE',  ( -14.45632582902195473, -25.74999999999999645, 3.416424131227112859 ) ) ;
#7443 = CARTESIAN_POINT ( 'NONE',  ( -53.49344095995156323, -21.92999999999999616, 4.034344522005438805 ) ) ;
#7444 = ADVANCED_FACE ( 'NONE', ( #9173 ), #5617, .F. ) ;
#7445 = ORIENTED_EDGE ( 'NONE', *, *, #8890, .F. ) ;
#7446 = FACE_OUTER_BOUND ( 'NONE', #5327, .T. ) ;
#7447 = CARTESIAN_POINT ( 'NONE',  ( -9.100693713008769947, -26.24999999999999645, 1.129663705710173716 ) ) ;
#7448 = CARTESIAN_POINT ( 'NONE',  ( -66.42541949054557904, -25.03301371225455441, -3.266399720341551127 ) ) ;
#7449 = EDGE_LOOP ( 'NONE', ( #9174, #3715 ) ) ;
#7450 = CYLINDRICAL_SURFACE ( 'NONE', #8044, 1.000000000000000888 ) ;
#7451 = CARTESIAN_POINT ( 'NONE',  ( -11.02830546420950242, -8.826403837643525208, 35.00000000000000000 ) ) ;
#7452 = LINE ( 'NONE', #291, #3544 ) ;
#7453 = FACE_OUTER_BOUND ( 'NONE', #107, .T. ) ;
#7454 = ADVANCED_FACE ( 'NONE', ( #2097, #636 ), #4953, .T. ) ;
#7455 = EDGE_LOOP ( 'NONE', ( #6955, #2629, #1695, #1310 ) ) ;
#7456 = ORIENTED_EDGE ( 'NONE', *, *, #1469, .F. ) ;
#7457 = PLANE ( 'NONE',  #1829 ) ;
#7458 = EDGE_CURVE ( 'NONE', #1582, #4318, #2958, .T. ) ;
#7459 = VERTEX_POINT ( 'NONE', #2142 ) ;
#7460 = CARTESIAN_POINT ( 'NONE',  ( 6.352138384579765429, -3.249999999999999556, -3.266399720341551127 ) ) ;
#7461 = ORIENTED_EDGE ( 'NONE', *, *, #3142, .T. ) ;
#7462 = CARTESIAN_POINT ( 'NONE',  ( -7.017521981314792434, -18.91796799097090087, 25.73360027965844665 ) ) ;
#7463 = FACE_OUTER_BOUND ( 'NONE', #7093, .T. ) ;
#7464 = ORIENTED_EDGE ( 'NONE', *, *, #922, .T. ) ;
#7465 = FACE_OUTER_BOUND ( 'NONE', #1318, .T. ) ;
#7466 = ORIENTED_EDGE ( 'NONE', *, *, #6065, .T. ) ;
#7467 = CARTESIAN_POINT ( 'NONE',  ( 8.852138384579763652, -14.40530737074389300, 20.20998229243706845 ) ) ;
#7468 = EDGE_CURVE ( 'NONE', #4136, #4921, #2800, .T. ) ;
#7469 = ORIENTED_EDGE ( 'NONE', *, *, #7197, .F. ) ;
#7470 = LINE ( 'NONE', #5243, #768 ) ;
#7471 = ORIENTED_EDGE ( 'NONE', *, *, #8137, .F. ) ;
#7472 = VECTOR ( 'NONE', #5171, 1000.000000000000000 ) ;
#7473 = DIRECTION ( 'NONE',  ( 0.000000000000000000, 0.000000000000000000, -1.000000000000000000 ) ) ;
#7474 = PLANE ( 'NONE',  #1610 ) ;
#7475 = VECTOR ( 'NONE', #6731, 1000.000000000000000 ) ;
#7476 = CARTESIAN_POINT ( 'NONE',  ( 14.21629301208212226, -28.24999999999999645, 12.12772820251061034 ) ) ;
#7477 = ORIENTED_EDGE ( 'NONE', *, *, #257, .F. ) ;
#7478 = CIRCLE ( 'NONE', #9153, 4.100000000000007638 ) ;
#7479 = VERTEX_POINT ( 'NONE', #1348 ) ;
#7480 = CARTESIAN_POINT ( 'NONE',  ( 10.17786216458505066, -25.03301371225455441, -3.266399720341551127 ) ) ;
#7481 = VECTOR ( 'NONE', #7943, 1000.000000000000000 ) ;
#7482 = CARTESIAN_POINT ( 'NONE',  ( -11.01752198131479155, -18.91796799097090087, 22.73360027965845021 ) ) ;
#7483 = CYLINDRICAL_SURFACE ( 'NONE', #8027, 3.350000000000000089 ) ;
#7484 = EDGE_CURVE ( 'NONE', #6094, #4388, #1306, .T. ) ;
#7485 = EDGE_CURVE ( 'NONE', #2992, #875, #5660, .T. ) ;
#7486 = DIRECTION ( 'NONE',  ( 0.000000000000000000, 1.000000000000000000, 0.000000000000000000 ) ) ;
#7487 = EDGE_CURVE ( 'NONE', #1783, #9320, #4144, .T. ) ;
#7488 = FACE_OUTER_BOUND ( 'NONE', #9188, .T. ) ;
#7489 = PLANE ( 'NONE',  #6016 ) ;
#7490 = VECTOR ( 'NONE', #448, 999.9999999999998863 ) ;
#7491 = ORIENTED_EDGE ( 'NONE', *, *, #4076, .T. ) ;
#7492 = CARTESIAN_POINT ( 'NONE',  ( -70.42541949054557904, -20.57275651622689949, -3.266399720341551127 ) ) ;
#7493 = DIRECTION ( 'NONE',  ( 0.000000000000000000, 0.000000000000000000, -1.000000000000000000 ) ) ;
#7494 = FACE_OUTER_BOUND ( 'NONE', #1263, .T. ) ;
#7495 = CARTESIAN_POINT ( 'NONE',  ( -66.53120306077292412, -24.74999999999999645, 10.17961269154898218 ) ) ;
#7496 = CIRCLE ( 'NONE', #2045, 4.000000000000003553 ) ;
#7497 = ADVANCED_FACE ( 'NONE', ( #8549 ), #5572, .T. ) ;
#7498 = VERTEX_POINT ( 'NONE', #3425 ) ;
#7499 = CARTESIAN_POINT ( 'NONE',  ( 7.852138384579761876, -26.24999999999999645, 25.73360027965844665 ) ) ;
#7500 = FACE_OUTER_BOUND ( 'NONE', #6090, .T. ) ;
#7501 = CARTESIAN_POINT ( 'NONE',  ( 2.606484637263585924, -28.24999999999999645, 20.50934452200543134 ) ) ;
#7502 = DIRECTION ( 'NONE',  ( 1.000000000000000000, 0.000000000000000000, -0.000000000000000000 ) ) ;
#7503 = AXIS2_PLACEMENT_3D ( 'NONE', #7298, #806, #4458 ) ;
#7504 = AXIS2_PLACEMENT_3D ( 'NONE', #5859, #787, #3672 ) ;
#7505 = VERTEX_POINT ( 'NONE', #4192 ) ;
#7506 = EDGE_LOOP ( 'NONE', ( #220, #8785, #4911, #8365 ) ) ;
#7507 = PLANE ( 'NONE',  #4251 ) ;
#7508 = CIRCLE ( 'NONE', #4942, 0.5000000000000004441 ) ;
#7509 = ORIENTED_EDGE ( 'NONE', *, *, #2242, .T. ) ;
#7510 = DIRECTION ( 'NONE',  ( -1.000000000000000000, 0.000000000000000000, 0.000000000000000000 ) ) ;
#7511 = AXIS2_PLACEMENT_3D ( 'NONE', #7460, #826, #3620 ) ;
#7512 = VERTEX_POINT ( 'NONE', #2847 ) ;
#7513 = DIRECTION ( 'NONE',  ( 0.000000000000000000, -0.7071067811865525687, 0.7071067811865425767 ) ) ;
#7514 = LINE ( 'NONE', #3814, #4929 ) ;
#7515 = VECTOR ( 'NONE', #4883, 1000.000000000000000 ) ;
#7516 = ADVANCED_FACE ( 'NONE', ( #4236 ), #7085, .T. ) ;
#7517 = ORIENTED_EDGE ( 'NONE', *, *, #8808, .T. ) ;
#7518 = CARTESIAN_POINT ( 'NONE',  ( -14.45632582902195473, -26.24999999999999645, 1.129663705710172605 ) ) ;
#7519 = VECTOR ( 'NONE', #6303, 1000.000000000000000 ) ;
#7520 = ORIENTED_EDGE ( 'NONE', *, *, #607, .T. ) ;
#7521 = LINE ( 'NONE', #1553, #835 ) ;
#7522 = VERTEX_POINT ( 'NONE', #5708 ) ;
#7523 = DIRECTION ( 'NONE',  ( -0.000000000000000000, 1.000000000000000000, 0.000000000000000000 ) ) ;
#7524 = EDGE_LOOP ( 'NONE', ( #153, #4957, #6573, #2943 ) ) ;
#7525 = AXIS2_PLACEMENT_3D ( 'NONE', #2100, #6511, #638 ) ;
#7526 = CARTESIAN_POINT ( 'NONE',  ( 4.006559040048433218, -8.929999999999994387, 22.93434452200543205 ) ) ;
#7527 = DIRECTION ( 'NONE',  ( -1.609861257756964304E-16, -1.000000000000000000, 0.000000000000000000 ) ) ;
#7528 = DIRECTION ( 'NONE',  ( -0.000000000000000000, -0.000000000000000000, -1.000000000000000000 ) ) ;
#7529 = ADVANCED_FACE ( 'NONE', ( #6419 ), #7128, .T. ) ;
#7530 = ADVANCED_FACE ( 'NONE', ( #1397 ), #4285, .F. ) ;
#7531 = EDGE_LOOP ( 'NONE', ( #507, #6349, #1289, #1452 ) ) ;
#7532 = AXIS2_PLACEMENT_3D ( 'NONE', #4459, #7347, #900 ) ;
#7533 = EDGE_LOOP ( 'NONE', ( #2781, #5469, #3625, #5654 ) ) ;
#7534 = LINE ( 'NONE', #6683, #6163 ) ;
#7535 = CARTESIAN_POINT ( 'NONE',  ( -63.55073236542024517, -13.42906725808352952, 21.40472885406023451 ) ) ;
#7536 = DIRECTION ( 'NONE',  ( -0.4999999999999997224, 0.000000000000000000, 0.8660254037844388186 ) ) ;
#7537 = CARTESIAN_POINT ( 'NONE',  ( 4.506559040048433218, -21.92999999999999616, 18.83434452200543063 ) ) ;
#7538 = FACE_BOUND ( 'NONE', #590, .T. ) ;
#7539 = DIRECTION ( 'NONE',  ( -0.000000000000000000, -1.000000000000000000, -0.000000000000000000 ) ) ;
#7540 = EDGE_CURVE ( 'NONE', #646, #7505, #6467, .T. ) ;
#7541 = ORIENTED_EDGE ( 'NONE', *, *, #7840, .F. ) ;
#7542 = ADVANCED_FACE ( 'NONE', ( #55 ), #815, .F. ) ;
#7543 = LINE ( 'NONE', #336, #7891 ) ;
#7544 = CARTESIAN_POINT ( 'NONE',  ( 6.859799299065990397, -14.57499999999999929, 2.058177442568553062 ) ) ;
#7545 = CARTESIAN_POINT ( 'NONE',  ( 2.606484637263591253, -23.74999999999999645, 2.359344522005431877 ) ) ;
#7546 = CARTESIAN_POINT ( 'NONE',  ( -52.59336655716671771, -28.24999999999999645, 20.50934452200542424 ) ) ;
#7547 = ORIENTED_EDGE ( 'NONE', *, *, #6583, .F. ) ;
#7548 = FACE_OUTER_BOUND ( 'NONE', #7001, .T. ) ;
#7549 = CARTESIAN_POINT ( 'NONE',  ( 9.852138384579761876, -3.249999999999999556, 24.23360027965843955 ) ) ;
#7550 = CARTESIAN_POINT ( 'NONE',  ( 11.11862117367210168, -4.994728181037624282, -3.266399720341551127 ) ) ;
#7551 = CARTESIAN_POINT ( 'NONE',  ( -0.06283894982672763585, -21.92999999999999616, 22.43434452200543205 ) ) ;
#7552 = CIRCLE ( 'NONE', #1349, 4.100000000000000533 ) ;
#7553 = ADVANCED_FACE ( 'NONE', ( #6648 ), #7217, .T. ) ;
#7554 = EDGE_LOOP ( 'NONE', ( #4529, #5397, #8178, #6564 ) ) ;
#7555 = ORIENTED_EDGE ( 'NONE', *, *, #4712, .T. ) ;
#7556 = CARTESIAN_POINT ( 'NONE',  ( 5.406633442833277847, -28.24999999999999645, 25.35934452200542921 ) ) ;
#7557 = VECTOR ( 'NONE', #9015, 1000.000000000000000 ) ;
#7558 = ORIENTED_EDGE ( 'NONE', *, *, #4830, .F. ) ;
#7559 = DIRECTION ( 'NONE',  ( -0.000000000000000000, -1.000000000000000000, -0.000000000000000000 ) ) ;
#7560 = ORIENTED_EDGE ( 'NONE', *, *, #1976, .F. ) ;
#7561 = LINE ( 'NONE', #1686, #4610 ) ;
#7562 = DIRECTION ( 'NONE',  ( 0.000000000000000000, 0.000000000000000000, -1.000000000000000000 ) ) ;
#7563 = VECTOR ( 'NONE', #7915, 1000.000000000000000 ) ;
#7564 = EDGE_CURVE ( 'NONE', #5576, #8956, #1576, .T. ) ;
#7565 = ORIENTED_EDGE ( 'NONE', *, *, #3046, .T. ) ;
#7566 = CARTESIAN_POINT ( 'NONE',  ( 14.98308861578299656, -16.35652330467017634, -3.266399720341551127 ) ) ;
#7567 = ORIENTED_EDGE ( 'NONE', *, *, #7196, .F. ) ;
#7568 = PLANE ( 'NONE',  #2402 ) ;
#7569 = VERTEX_POINT ( 'NONE', #2186 ) ;
#7570 = CARTESIAN_POINT ( 'NONE',  ( 7.622283419617423839, -3.250000000000000444, -6.527799970229503757 ) ) ;
#7571 = CIRCLE ( 'NONE', #8481, 1.199999999999999734 ) ;
#7572 = ORIENTED_EDGE ( 'NONE', *, *, #4591, .F. ) ;
#7573 = CARTESIAN_POINT ( 'NONE',  ( -63.54634611201960581, -3.250000000000000444, -4.766399720341551571 ) ) ;
#7574 = DIRECTION ( 'NONE',  ( -1.000000000000000000, 0.000000000000000000, -0.000000000000000000 ) ) ;
#7575 = PLANE ( 'NONE',  #5076 ) ;
#7576 = ORIENTED_EDGE ( 'NONE', *, *, #8601, .T. ) ;
#7577 = VECTOR ( 'NONE', #6354, 1000.000000000000000 ) ;
#7578 = AXIS2_PLACEMENT_3D ( 'NONE', #3614, #2991, #780 ) ;
#7579 = ORIENTED_EDGE ( 'NONE', *, *, #4724, .T. ) ;
#7580 = CARTESIAN_POINT ( 'NONE',  ( 7.852138384579765429, -26.24999999999999645, -4.766399720341551571 ) ) ;
#7581 = CARTESIAN_POINT ( 'NONE',  ( 5.406633442833276071, -23.74999999999999645, 2.359344522005430544 ) ) ;
#7582 = CARTESIAN_POINT ( 'NONE',  ( 6.652244425923800719, -8.929999999999994387, 20.87938738401799199 ) ) ;
#7583 = EDGE_CURVE ( 'NONE', #7000, #5410, #5550, .T. ) ;
#7584 = CARTESIAN_POINT ( 'NONE',  ( -13.10069371300876995, -23.24999999999999645, 3.416424131227112859 ) ) ;
#7585 = LINE ( 'NONE', #6876, #2801 ) ;
#7586 = VECTOR ( 'NONE', #8279, 1000.000000000000000 ) ;
#7587 = VECTOR ( 'NONE', #5932, 1000.000000000000000 ) ;
#7588 = ORIENTED_EDGE ( 'NONE', *, *, #6150, .T. ) ;
#7589 = CARTESIAN_POINT ( 'NONE',  ( -19.64526954535771353, -10.01380481680078383, 26.77397846476551280 ) ) ;
#7590 = FACE_OUTER_BOUND ( 'NONE', #7837, .T. ) ;
#7591 = VECTOR ( 'NONE', #6520, 1000.000000000000000 ) ;
#7592 = AXIS2_PLACEMENT_3D ( 'NONE', #3865, #8988, #2485 ) ;
#7593 = CARTESIAN_POINT ( 'NONE',  ( -31.99253646513271221, -26.24999999999999645, 27.73360027965844665 ) ) ;
#7594 = DIRECTION ( 'NONE',  ( 0.8660254037844385966, 0.000000000000000000, -0.5000000000000001110 ) ) ;
#7595 = EDGE_CURVE ( 'NONE', #5760, #1359, #5938, .T. ) ;
#7596 = VERTEX_POINT ( 'NONE', #7356 ) ;
#7597 = CARTESIAN_POINT ( 'NONE',  ( 7.852138384579765429, -21.92999999999999616, -1.487456977822857684 ) ) ;
#7598 = CARTESIAN_POINT ( 'NONE',  ( -63.54634611201960581, -25.31482886712318958, -4.766399720341551571 ) ) ;
#7599 = CARTESIAN_POINT ( 'NONE',  ( 11.12228341961742117, -3.250000000000000444, -6.766399720341551571 ) ) ;
#7600 = CARTESIAN_POINT ( 'NONE',  ( -63.55073236542024517, -26.24999999999999645, -3.266399720341551571 ) ) ;
#7601 = ORIENTED_EDGE ( 'NONE', *, *, #8343, .T. ) ;
#7602 = ORIENTED_EDGE ( 'NONE', *, *, #1725, .F. ) ;
#7603 = PLANE ( 'NONE',  #5299 ) ;
#7604 = EDGE_CURVE ( 'NONE', #3155, #191, #5, .T. ) ;
#7605 = VERTEX_POINT ( 'NONE', #5983 ) ;
#7606 = PRODUCT_DEFINITION ( 'UNKNOWN', '', #574, #5486 ) ;
#7607 = PLANE ( 'NONE',  #1458 ) ;
#7608 = EDGE_LOOP ( 'NONE', ( #4467, #5815, #7032, #933, #7234, #5188 ) ) ;
#7609 = ADVANCED_FACE ( 'NONE', ( #8873 ), #1628, .T. ) ;
#7610 = CARTESIAN_POINT ( 'NONE',  ( -53.49344095995156323, -21.92999999999999616, 4.003742511880600041 ) ) ;
#7611 = EDGE_CURVE ( 'NONE', #2667, #2679, #5701, .T. ) ;
#7612 = CARTESIAN_POINT ( 'NONE',  ( -58.09344095995156465, -21.92999999999999616, 23.43434452200543205 ) ) ;
#7613 = ORIENTED_EDGE ( 'NONE', *, *, #1845, .T. ) ;
#7614 = DIRECTION ( 'NONE',  ( -1.000000000000000000, 0.000000000000000000, 0.000000000000000000 ) ) ;
#7615 = ORIENTED_EDGE ( 'NONE', *, *, #5630, .T. ) ;
#7616 = EDGE_CURVE ( 'NONE', #5571, #6076, #1535, .T. ) ;
#7617 = ORIENTED_EDGE ( 'NONE', *, *, #4993, .T. ) ;
#7618 = LINE ( 'NONE', #4202, #8341 ) ;
#7619 = ORIENTED_EDGE ( 'NONE', *, *, #8976, .F. ) ;
#7620 = EDGE_CURVE ( 'NONE', #2941, #2243, #4427, .T. ) ;
#7621 = PLANE ( 'NONE',  #8832 ) ;
#7622 = DIRECTION ( 'NONE',  ( 0.000000000000000000, 1.000000000000000000, 0.000000000000000000 ) ) ;
#7623 = DIRECTION ( 'NONE',  ( 0.7071067811865480168, 0.7071067811865470176, 0.000000000000000000 ) ) ;
#7624 = EDGE_CURVE ( 'NONE', #6433, #1300, #3031, .T. ) ;
#7625 = ORIENTED_EDGE ( 'NONE', *, *, #1246, .T. ) ;
#7626 = ORIENTED_EDGE ( 'NONE', *, *, #7224, .T. ) ;
#7627 = DIRECTION ( 'NONE',  ( 0.000000000000000000, 0.000000000000000000, 1.000000000000000000 ) ) ;
#7628 = CARTESIAN_POINT ( 'NONE',  ( -63.55073236542024517, -13.42906725808352952, 21.90472885406023451 ) ) ;
#7629 = CARTESIAN_POINT ( 'NONE',  ( -56.79358976552124716, -28.24999999999999645, 22.93434452200542495 ) ) ;
#7630 = DIRECTION ( 'NONE',  ( 0.000000000000000000, 0.000000000000000000, 1.000000000000000000 ) ) ;
#7631 = FACE_OUTER_BOUND ( 'NONE', #7760, .T. ) ;
#7632 = FACE_OUTER_BOUND ( 'NONE', #7100, .T. ) ;
#7633 = VECTOR ( 'NONE', #8867, 1000.000000000000000 ) ;
#7634 = EDGE_LOOP ( 'NONE', ( #4107, #7054, #8511, #5953 ) ) ;
#7635 = DIRECTION ( 'NONE',  ( 0.000000000000000000, 0.000000000000000000, -1.000000000000000000 ) ) ;
#7636 = ADVANCED_FACE ( 'NONE', ( #7308 ), #4377, .T. ) ;
#7637 = DIRECTION ( 'NONE',  ( 1.000000000000000000, -0.000000000000000000, -0.000000000000000000 ) ) ;
#7638 = CARTESIAN_POINT ( 'NONE',  ( 4.006559040048433218, -21.92999999999999616, -0.06565547799456880607 ) ) ;
#7639 = PLANE ( 'NONE',  #2413 ) ;
#7640 = VERTEX_POINT ( 'NONE', #7928 ) ;
#7641 = DIRECTION ( 'NONE',  ( -0.000000000000000000, -1.000000000000000000, -0.000000000000000000 ) ) ;
#7642 = CARTESIAN_POINT ( 'NONE',  ( -56.79358976552124716, -28.24999999999999645, 22.93434452200542495 ) ) ;
#7643 = AXIS2_PLACEMENT_3D ( 'NONE', #2939, #5038, #7930 ) ;
#7644 = CARTESIAN_POINT ( 'NONE',  ( 18.18099059628930192, -21.03301371225455441, -3.266399720341551127 ) ) ;
#7645 = DIRECTION ( 'NONE',  ( -0.000000000000000000, 1.000000000000000000, -0.000000000000000000 ) ) ;
#7646 = ADVANCED_FACE ( 'NONE', ( #8736 ), #8024, .F. ) ;
#7647 = VERTEX_POINT ( 'NONE', #865 ) ;
#7648 = ORIENTED_EDGE ( 'NONE', *, *, #7866, .F. ) ;
#7649 = ADVANCED_FACE ( 'NONE', ( #6555 ), #2234, .F. ) ;
#7650 = ORIENTED_EDGE ( 'NONE', *, *, #1001, .T. ) ;
#7651 = DIRECTION ( 'NONE',  ( -1.000000000000000000, 1.609861257756964304E-16, 0.000000000000000000 ) ) ;
#7652 = AXIS2_PLACEMENT_3D ( 'NONE', #6537, #34, #9378 ) ;
#7653 = ORIENTED_EDGE ( 'NONE', *, *, #8301, .T. ) ;
#7654 = CARTESIAN_POINT ( 'NONE',  ( 15.98308861578300011, -3.250000000000001332, -3.266399720341551127 ) ) ;
#7655 = ORIENTED_EDGE ( 'NONE', *, *, #1769, .T. ) ;
#7656 = DIRECTION ( 'NONE',  ( 0.000000000000000000, 0.000000000000000000, -1.000000000000000000 ) ) ;
#7657 = LINE ( 'NONE', #1168, #837 ) ;
#7658 = VERTEX_POINT ( 'NONE', #3750 ) ;
#7659 = VERTEX_POINT ( 'NONE', #5217 ) ;
#7660 = DIRECTION ( 'NONE',  ( 0.8660254037844383745, 0.000000000000000000, -0.5000000000000006661 ) ) ;
#7661 = EDGE_CURVE ( 'NONE', #2536, #5092, #4514, .T. ) ;
#7662 = VECTOR ( 'NONE', #4506, 1000.000000000000000 ) ;
#7663 = EDGE_LOOP ( 'NONE', ( #5828, #808, #4274, #6518 ) ) ;
#7664 = ORIENTED_EDGE ( 'NONE', *, *, #1516, .T. ) ;
#7665 = CARTESIAN_POINT ( 'NONE',  ( 3.506559040048433218, -21.92999999999999616, 4.003742511880592936 ) ) ;
#7666 = ORIENTED_EDGE ( 'NONE', *, *, #8601, .F. ) ;
#7667 = LINE ( 'NONE', #412, #6879 ) ;
#7668 = CARTESIAN_POINT ( 'NONE',  ( 4.006559040048433218, -21.92999999999999616, -4.165655477994569367 ) ) ;
#7669 = CARTESIAN_POINT ( 'NONE',  ( 4.006559040048433218, -8.929999999999994387, -0.06565547799456880607 ) ) ;
#7670 = VECTOR ( 'NONE', #7864, 1000.000000000000000 ) ;
#7671 =( BOUNDED_CURVE ( )  B_SPLINE_CURVE ( 3, ( #5418, #2424, #6938, #6085 ),
 .UNSPECIFIED., .F., .F. ) 
 B_SPLINE_CURVE_WITH_KNOTS ( ( 4, 4 ),
 ( 6.177048458621160698, 6.389322155738011766 ),
 .UNSPECIFIED. ) 
 CURVE ( )  GEOMETRIC_REPRESENTATION_ITEM ( )  RATIONAL_B_SPLINE_CURVE ( ( 1.000000000000000000, 0.9962485134947250964, 0.9962485134947250964, 1.000000000000000000 ) ) 
 REPRESENTATION_ITEM ( '' )  );
#7672 = ORIENTED_EDGE ( 'NONE', *, *, #2242, .F. ) ;
#7673 = ADVANCED_FACE ( 'NONE', ( #7500 ), #2468, .T. ) ;
#7674 = ORIENTED_EDGE ( 'NONE', *, *, #3996, .T. ) ;
#7675 = DIRECTION ( 'NONE',  ( 0.000000000000000000, 1.000000000000000000, 0.000000000000000000 ) ) ;
#7676 = VECTOR ( 'NONE', #3553, 1000.000000000000000 ) ;
#7677 = CARTESIAN_POINT ( 'NONE',  ( -7.291905798005583250, -25.74999999999999645, 20.93683708947935429 ) ) ;
#7678 = LINE ( 'NONE', #4787, #7577 ) ;
#7679 = CARTESIAN_POINT ( 'NONE',  ( 9.852138384579761876, -26.24999999999999645, 20.20998229243706845 ) ) ;
#7680 = DIRECTION ( 'NONE',  ( 0.000000000000000000, 0.000000000000000000, 1.000000000000000000 ) ) ;
#7681 = VECTOR ( 'NONE', #8772, 1000.000000000000000 ) ;
#7682 = ORIENTED_EDGE ( 'NONE', *, *, #3071, .T. ) ;
#7683 = DIRECTION ( 'NONE',  ( 0.000000000000000000, 0.000000000000000000, -1.000000000000000000 ) ) ;
#7684 = ADVANCED_FACE ( 'NONE', ( #8973 ), #6844, .F. ) ;
#7685 = CARTESIAN_POINT ( 'NONE',  ( -44.32049870685442272, -18.91113344730284851, 27.73360027965844665 ) ) ;
#7686 = DIRECTION ( 'NONE',  ( 0.000000000000000000, 0.000000000000000000, 1.000000000000000000 ) ) ;
#7687 = DIRECTION ( 'NONE',  ( -0.8660254037844377084, 0.5000000000000015543, 0.000000000000000000 ) ) ;
#7688 = ORIENTED_EDGE ( 'NONE', *, *, #6452, .F. ) ;
#7689 = LINE ( 'NONE', #6411, #6348 ) ;
#7690 = DIRECTION ( 'NONE',  ( 1.000000000000000000, -0.000000000000000000, -0.000000000000000000 ) ) ;
#7691 = DIRECTION ( 'NONE',  ( -0.6387037358221615557, 0.7694527521861328490, -0.000000000000000000 ) ) ;
#7692 = ORIENTED_EDGE ( 'NONE', *, *, #9247, .F. ) ;
#7693 = ORIENTED_EDGE ( 'NONE', *, *, #9315, .F. ) ;
#7694 = EDGE_LOOP ( 'NONE', ( #47, #86, #8662, #54 ) ) ;
#7695 = PLANE ( 'NONE',  #3480 ) ;
#7696 = ORIENTED_EDGE ( 'NONE', *, *, #7754, .F. ) ;
#7697 = DIRECTION ( 'NONE',  ( 1.000000000000000000, 0.000000000000000000, 0.000000000000000000 ) ) ;
#7698 = AXIS2_PLACEMENT_3D ( 'NONE', #2001, #7116, #3505 ) ;
#7699 = ORIENTED_EDGE ( 'NONE', *, *, #4340, .T. ) ;
#7700 = EDGE_CURVE ( 'NONE', #5611, #6471, #5366, .T. ) ;
#7701 = LINE ( 'NONE', #1827, #7944 ) ;
#7702 = DIRECTION ( 'NONE',  ( 0.000000000000000000, 0.000000000000000000, -1.000000000000000000 ) ) ;
#7703 = ORIENTED_EDGE ( 'NONE', *, *, #6662, .T. ) ;
#7704 = ORIENTED_EDGE ( 'NONE', *, *, #517, .F. ) ;
#7705 = DIRECTION ( 'NONE',  ( 1.000000000000000000, -0.000000000000000000, 0.000000000000000000 ) ) ;
#7706 = AXIS2_PLACEMENT_3D ( 'NONE', #8991, #7036, #1076 ) ;
#7707 = VERTEX_POINT ( 'NONE', #8253 ) ;
#7708 = ORIENTED_EDGE ( 'NONE', *, *, #595, .F. ) ;
#7709 = CARTESIAN_POINT ( 'NONE',  ( 6.597279736212402490, -14.57499999999999929, 2.058177442568553062 ) ) ;
#7710 = ORIENTED_EDGE ( 'NONE', *, *, #1256, .F. ) ;
#7711 = EDGE_CURVE ( 'NONE', #670, #7788, #1772, .T. ) ;
#7712 = LINE ( 'NONE', #4116, #2776 ) ;
#7713 = FACE_OUTER_BOUND ( 'NONE', #3041, .T. ) ;
#7714 = AXIS2_PLACEMENT_3D ( 'NONE', #5506, #7778, #7734 ) ;
#7716 = EDGE_CURVE ( 'NONE', #3806, #4486, #7671, .T. ) ;
#7715 = DIRECTION ( 'NONE',  ( 0.000000000000000000, -1.000000000000000000, 0.000000000000000000 ) ) ;
#7717 = EDGE_LOOP ( 'NONE', ( #8650, #2290, #279, #4547 ) ) ;
#7718 = VERTEX_POINT ( 'NONE', #7549 ) ;
#7719 = CARTESIAN_POINT ( 'NONE',  ( -63.55073236542024517, -28.24999999999999645, 8.651356676155737446 ) ) ;
#7720 = AXIS2_PLACEMENT_3D ( 'NONE', #4351, #7860, #7237 ) ;
#7721 = DIRECTION ( 'NONE',  ( 0.000000000000000000, -1.000000000000000000, -0.000000000000000000 ) ) ;
#7722 = CARTESIAN_POINT ( 'NONE',  ( -0.000000000000000000, -17.35652330467017634, -4.766399720341551571 ) ) ;
#7723 = CARTESIAN_POINT ( 'NONE',  ( -63.55073236542024517, -6.977067257872927364, 8.548806890340868492 ) ) ;
#7724 = EDGE_CURVE ( 'NONE', #5185, #400, #2360, .T. ) ;
#7725 = LINE ( 'NONE', #1331, #3267 ) ;
#7726 = ADVANCED_FACE ( 'NONE', ( #6794 ), #6746, .T. ) ;
#7727 = DIRECTION ( 'NONE',  ( 1.000000000000000000, 0.000000000000000000, 0.000000000000000000 ) ) ;
#7728 = EDGE_CURVE ( 'NONE', #3328, #1476, #2811, .T. ) ;
#7729 = AXIS2_PLACEMENT_3D ( 'NONE', #8058, #754, #3643 ) ;
#7730 = VECTOR ( 'NONE', #7258, 1000.000000000000000 ) ;
#7731 = VERTEX_POINT ( 'NONE', #343 ) ;
#7732 = PLANE ( 'NONE',  #6833 ) ;
#7733 = CARTESIAN_POINT ( 'NONE',  ( 17.21629301208212226, -28.24999999999999645, 11.56187258665032225 ) ) ;
#7734 = DIRECTION ( 'NONE',  ( 0.000000000000000000, 0.000000000000000000, -1.000000000000000000 ) ) ;
#7735 = CARTESIAN_POINT ( 'NONE',  ( 1.206410234478749732, -23.74999999999999645, -0.06565547799456938893 ) ) ;
#7736 = VECTOR ( 'NONE', #6959, 1000.000000000000000 ) ;
#7737 = VECTOR ( 'NONE', #8065, 1000.000000000000000 ) ;
#7738 = ORIENTED_EDGE ( 'NONE', *, *, #8706, .F. ) ;
#7739 = CARTESIAN_POINT ( 'NONE',  ( -49.91651260195900619, -26.24999999999999645, -0.5000000000000004441 ) ) ;
#7740 = DIRECTION ( 'NONE',  ( 0.4999999999999997224, 0.000000000000000000, -0.8660254037844388186 ) ) ;
#7741 = ADVANCED_FACE ( 'NONE', ( #3222, #8205 ), #4751, .F. ) ;
#7742 = DIRECTION ( 'NONE',  ( 0.000000000000000000, 0.000000000000000000, -1.000000000000000000 ) ) ;
#7743 = AXIS2_PLACEMENT_3D ( 'NONE', #6396, #9279, #2772 ) ;
#7744 = VERTEX_POINT ( 'NONE', #3176 ) ;
#7745 = AXIS2_PLACEMENT_3D ( 'NONE', #2489, #5390, #4681 ) ;
#7746 = VECTOR ( 'NONE', #9290, 1000.000000000000000 ) ;
#7747 = ORIENTED_EDGE ( 'NONE', *, *, #869, .F. ) ;
#7748 = ORIENTED_EDGE ( 'NONE', *, *, #659, .T. ) ;
#7749 = DIRECTION ( 'NONE',  ( 0.000000000000000000, 1.000000000000000000, 0.000000000000000000 ) ) ;
#7750 = DIRECTION ( 'NONE',  ( 0.4999999999999997224, 0.8660254037844388186, 0.000000000000000000 ) ) ;
#7751 = ORIENTED_EDGE ( 'NONE', *, *, #3097, .F. ) ;
#7752 = CARTESIAN_POINT ( 'NONE',  ( -53.49344095995156323, -21.92999999999999616, 18.86494653213027206 ) ) ;
#7753 = FACE_OUTER_BOUND ( 'NONE', #9032, .T. ) ;
#7754 = EDGE_CURVE ( 'NONE', #2788, #2147, #5269, .T. ) ;
#7755 = ORIENTED_EDGE ( 'NONE', *, *, #6299, .F. ) ;
#7756 = ORIENTED_EDGE ( 'NONE', *, *, #4350, .T. ) ;
#7757 = CARTESIAN_POINT ( 'NONE',  ( 3.506559040048433218, 0.000000000000000000, 0.000000000000000000 ) ) ;
#7758 = EDGE_CURVE ( 'NONE', #7505, #5376, #1055, .T. ) ;
#7759 = VERTEX_POINT ( 'NONE', #9020 ) ;
#7760 = EDGE_LOOP ( 'NONE', ( #110, #8068, #164, #6704, #8882, #5251, #1597, #1697, #779, #681 ) ) ;
#7761 = LINE ( 'NONE', #9085, #5466 ) ;
#7762 = ORIENTED_EDGE ( 'NONE', *, *, #2361, .T. ) ;
#7763 = DIRECTION ( 'NONE',  ( -0.000000000000000000, -1.000000000000000000, -0.000000000000000000 ) ) ;
#7764 = CARTESIAN_POINT ( 'NONE',  ( 14.21629301208212226, -24.74999999999999645, 11.56187258665032225 ) ) ;
#7765 = ORIENTED_EDGE ( 'NONE', *, *, #9011, .T. ) ;
#7766 = EDGE_CURVE ( 'NONE', #9301, #7809, #2518, .T. ) ;
#7767 = EDGE_LOOP ( 'NONE', ( #3434, #873, #4846, #6404 ) ) ;
#7768 = CARTESIAN_POINT ( 'NONE',  ( -0.07410584242694209789, -21.92999999999999616, 22.43434452200543205 ) ) ;
#7769 = LINE ( 'NONE', #1939, #5607 ) ;
#7770 = DIRECTION ( 'NONE',  ( 0.000000000000000000, -1.000000000000000000, 0.000000000000000000 ) ) ;
#7771 = CARTESIAN_POINT ( 'NONE',  ( 4.006559040048433218, -21.92999999999999616, 22.93434452200543205 ) ) ;
#7772 = DIRECTION ( 'NONE',  ( 0.000000000000000000, 0.000000000000000000, -1.000000000000000000 ) ) ;
#7773 = VERTEX_POINT ( 'NONE', #4565 ) ;
#7774 = FACE_OUTER_BOUND ( 'NONE', #3783, .T. ) ;
#7775 = CARTESIAN_POINT ( 'NONE',  ( -66.42541949054557904, -20.57275651622689949, -3.266399720341551127 ) ) ;
#7776 = CIRCLE ( 'NONE', #8989, 1.000000000000000888 ) ;
#7777 = EDGE_CURVE ( 'NONE', #1545, #3387, #387, .T. ) ;
#7778 = DIRECTION ( 'NONE',  ( -0.000000000000000000, 1.000000000000000000, -0.000000000000000000 ) ) ;
#7779 = ADVANCED_FACE ( 'NONE', ( #9066 ), #1152, .T. ) ;
#7780 = LINE ( 'NONE', #1382, #6374 ) ;
#7781 = ORIENTED_EDGE ( 'NONE', *, *, #4244, .F. ) ;
#7782 = DIRECTION ( 'NONE',  ( 1.000000000000000000, 0.000000000000000000, 0.000000000000000000 ) ) ;
#7783 = LINE ( 'NONE', #1291, #7350 ) ;
#7784 = CARTESIAN_POINT ( 'NONE',  ( -11.02830546420950242, -14.00699220561814329, 26.73360027965844665 ) ) ;
#7785 = AXIS2_PLACEMENT_3D ( 'NONE', #8749, #735, #2909 ) ;
#7786 = ORIENTED_EDGE ( 'NONE', *, *, #4518, .T. ) ;
#7787 = ORIENTED_EDGE ( 'NONE', *, *, #140, .T. ) ;
#7788 = VERTEX_POINT ( 'NONE', #7642 ) ;
#7789 = CARTESIAN_POINT ( 'NONE',  ( 9.758732317341051399, -3.250000000000000444, -3.266399720341551127 ) ) ;
#7790 = EDGE_CURVE ( 'NONE', #7596, #8142, #4040, .T. ) ;
#7791 = CARTESIAN_POINT ( 'NONE',  ( -53.99344095995156323, -23.74999999999999645, -1.415655477994574474 ) ) ;
#7792 = VECTOR ( 'NONE', #194, 1000.000000000000000 ) ;
#7793 = ORIENTED_EDGE ( 'NONE', *, *, #5259, .T. ) ;
#7794 = CARTESIAN_POINT ( 'NONE',  ( 6.806707845618117148, -23.74999999999999645, 22.93434452200543561 ) ) ;
#7795 = DIRECTION ( 'NONE',  ( -1.000000000000000000, 0.000000000000000000, 0.000000000000000000 ) ) ;
#7796 = ADVANCED_FACE ( 'NONE', ( #626 ), #9255, .F. ) ;
#7797 = AXIS2_PLACEMENT_3D ( 'NONE', #3154, #217, #6062 ) ;
#7798 = VERTEX_POINT ( 'NONE', #4848 ) ;
#7799 = ORIENTED_EDGE ( 'NONE', *, *, #9160, .F. ) ;
#7800 = CARTESIAN_POINT ( 'NONE',  ( -55.39351536273640164, -28.24999999999999645, 2.359344522005430989 ) ) ;
#7801 = EDGE_LOOP ( 'NONE', ( #838, #157 ) ) ;
#7802 = ORIENTED_EDGE ( 'NONE', *, *, #5235, .F. ) ;
#7803 = LINE ( 'NONE', #8424, #159 ) ;
#7804 = AXIS2_PLACEMENT_3D ( 'NONE', #8186, #1700, #3974 ) ;
#7805 = ORIENTED_EDGE ( 'NONE', *, *, #9040, .F. ) ;
#7806 = DIRECTION ( 'NONE',  ( -1.000000000000000000, 0.000000000000000000, 0.000000000000000000 ) ) ;
#7807 = DIRECTION ( 'NONE',  ( -0.000000000000000000, 1.000000000000000000, -0.000000000000000000 ) ) ;
#7808 = CIRCLE ( 'NONE', #2056, 1.500000000000000000 ) ;
#7809 = VERTEX_POINT ( 'NONE', #9209 ) ;
#7810 = AXIS2_PLACEMENT_3D ( 'NONE', #831, #6618, #115 ) ;
#7811 = VERTEX_POINT ( 'NONE', #6366 ) ;
#7812 = FACE_OUTER_BOUND ( 'NONE', #1734, .T. ) ;
#7813 = CARTESIAN_POINT ( 'NONE',  ( -54.49344095995157033, -26.24999999999999645, 6.170421253070792034 ) ) ;
#7814 = DIRECTION ( 'NONE',  ( 0.000000000000000000, 0.000000000000000000, 1.000000000000000000 ) ) ;
#7815 = VECTOR ( 'NONE', #564, 1000.000000000000000 ) ;
#7816 = DIRECTION ( 'NONE',  ( 0.000000000000000000, 0.000000000000000000, -1.000000000000000000 ) ) ;
#7817 = LINE ( 'NONE', #1942, #9028 ) ;
#7818 = AXIS2_PLACEMENT_3D ( 'NONE', #1917, #6185, #1733 ) ;
#7819 = DIRECTION ( 'NONE',  ( -0.000000000000000000, -0.000000000000000000, -1.000000000000000000 ) ) ;
#7820 = EDGE_CURVE ( 'NONE', #8080, #3749, #6447, .T. ) ;
#7821 = PRODUCT ( 'BOT_NO_LETTERS_290824', 'BOT_NO_LETTERS_290824', '', ( #1280 ) ) ;
#7822 = ORIENTED_EDGE ( 'NONE', *, *, #8644, .F. ) ;
#7823 = LINE ( 'NONE', #259, #323 ) ;
#7824 = CIRCLE ( 'NONE', #4951, 0.5000000000000004441 ) ;
#7825 = CARTESIAN_POINT ( 'NONE',  ( 0.000000000000000000, -3.250000000000000000, 0.000000000000000000 ) ) ;
#7826 = AXIS2_PLACEMENT_3D ( 'NONE', #4594, #5301, #4643 ) ;
#7827 = DIRECTION ( 'NONE',  ( -1.000000000000000000, -0.000000000000000000, -0.000000000000000000 ) ) ;
#7828 = CARTESIAN_POINT ( 'NONE',  ( -63.55073236542024517, -11.46570451637611932, 4.952562545487270818 ) ) ;
#7829 = EDGE_LOOP ( 'NONE', ( #2877, #2159, #8457, #4198 ) ) ;
#7830 = DIRECTION ( 'NONE',  ( -1.000000000000000000, 0.000000000000000000, -0.000000000000000000 ) ) ;
#7831 = DIRECTION ( 'NONE',  ( -1.000000000000000000, 0.000000000000000000, 0.000000000000000000 ) ) ;
#7832 = VECTOR ( 'NONE', #6457, 1000.000000000000000 ) ;
#7833 = EDGE_CURVE ( 'NONE', #2208, #6174, #8586, .T. ) ;
#7834 = DIRECTION ( 'NONE',  ( -1.000000000000000000, 0.000000000000000000, 0.000000000000000000 ) ) ;
#7835 = EDGE_CURVE ( 'NONE', #3279, #6333, #3456, .T. ) ;
#7836 = EDGE_LOOP ( 'NONE', ( #3543, #7337, #7822, #2753, #7003, #7849 ) ) ;
#7837 = EDGE_LOOP ( 'NONE', ( #2901, #3674, #1586, #7095, #4088, #394 ) ) ;
#7838 = FACE_BOUND ( 'NONE', #2660, .T. ) ;
#7839 = LINE ( 'NONE', #8506, #2856 ) ;
#7840 = EDGE_CURVE ( 'NONE', #1588, #3291, #1341, .T. ) ;
#7841 = ORIENTED_EDGE ( 'NONE', *, *, #1132, .F. ) ;
#7842 = DIRECTION ( 'NONE',  ( 0.000000000000000000, 0.000000000000000000, -1.000000000000000000 ) ) ;
#7843 = DIRECTION ( 'NONE',  ( 0.4999999999999995004, 0.000000000000000000, -0.8660254037844389297 ) ) ;
#7844 = EDGE_CURVE ( 'NONE', #533, #1241, #6269, .T. ) ;
#7845 = EDGE_CURVE ( 'NONE', #6616, #2193, #4940, .T. ) ;
#7846 = ORIENTED_EDGE ( 'NONE', *, *, #1936, .F. ) ;
#7847 = ORIENTED_EDGE ( 'NONE', *, *, #4220, .T. ) ;
#7848 = DIRECTION ( 'NONE',  ( -1.000000000000000000, 0.000000000000000000, 0.000000000000000000 ) ) ;
#7849 = ORIENTED_EDGE ( 'NONE', *, *, #7056, .F. ) ;
#7850 = ORIENTED_EDGE ( 'NONE', *, *, #1964, .T. ) ;
#7851 = CARTESIAN_POINT ( 'NONE',  ( -60.05073236542024517, -28.24999999999999645, 24.23360027965844665 ) ) ;
#7852 = ORIENTED_EDGE ( 'NONE', *, *, #5950, .F. ) ;
#7853 = DIRECTION ( 'NONE',  ( 0.000000000000000000, 0.000000000000000000, -1.000000000000000000 ) ) ;
#7854 = DIRECTION ( 'NONE',  ( -0.000000000000000000, 1.000000000000000000, -0.000000000000000000 ) ) ;
#7855 = EDGE_CURVE ( 'NONE', #4743, #7913, #5691, .T. ) ;
#7856 = CIRCLE ( 'NONE', #126, 1.350000000000005640 ) ;
#7857 = ORIENTED_EDGE ( 'NONE', *, *, #7182, .F. ) ;
#7858 = ORIENTED_EDGE ( 'NONE', *, *, #804, .T. ) ;
#7859 = CARTESIAN_POINT ( 'NONE',  ( 9.852138384579765429, -28.24999999999999645, -3.266399720341551571 ) ) ;
#7860 = DIRECTION ( 'NONE',  ( 0.000000000000000000, 0.000000000000000000, 1.000000000000000000 ) ) ;
#7861 = DIRECTION ( 'NONE',  ( -0.000000000000000000, 0.000000000000000000, 1.000000000000000000 ) ) ;
#7862 = VECTOR ( 'NONE', #5362, 1000.000000000000000 ) ;
#7863 = CARTESIAN_POINT ( 'NONE',  ( -19.99882293595098659, -9.660251426207510761, 25.73360027965844665 ) ) ;
#7864 = DIRECTION ( 'NONE',  ( 0.000000000000000000, 1.000000000000000000, -0.000000000000000000 ) ) ;
#7865 = DIRECTION ( 'NONE',  ( -0.000000000000000000, -0.000000000000000000, -1.000000000000000000 ) ) ;
#7866 = EDGE_CURVE ( 'NONE', #652, #3767, #3506, .T. ) ;
#7867 = ORIENTED_EDGE ( 'NONE', *, *, #4363, .F. ) ;
#7868 = VECTOR ( 'NONE', #9158, 1000.000000000000000 ) ;
#7869 = LINE ( 'NONE', #790, #7746 ) ;
#7870 = CARTESIAN_POINT ( 'NONE',  ( 9.514416044748145396, -25.27535387189999128, -4.766399720341551571 ) ) ;
#7871 = ADVANCED_FACE ( 'NONE', ( #6412 ), #526, .T. ) ;
#7872 = DIRECTION ( 'NONE',  ( -1.000000000000000000, 0.000000000000000000, -0.000000000000000000 ) ) ;
#7873 = DIRECTION ( 'NONE',  ( 0.000000000000000000, 0.000000000000000000, 1.000000000000000000 ) ) ;
#7874 = ORIENTED_EDGE ( 'NONE', *, *, #8312, .F. ) ;
#7875 = PLANE ( 'NONE',  #7698 ) ;
#7876 = DIRECTION ( 'NONE',  ( 0.000000000000000000, 0.000000000000000000, 1.000000000000000000 ) ) ;
#7877 = VECTOR ( 'NONE', #7013, 1000.000000000000000 ) ;
#7878 = AXIS2_PLACEMENT_3D ( 'NONE', #3557, #8681, #8066 ) ;
#7879 = CARTESIAN_POINT ( 'NONE',  ( 10.17786216458505066, -17.35652330467017634, -4.766399720341551571 ) ) ;
#7880 = ORIENTED_EDGE ( 'NONE', *, *, #6455, .F. ) ;
#7881 = ORIENTED_EDGE ( 'NONE', *, *, #2961, .F. ) ;
#7882 = CARTESIAN_POINT ( 'NONE',  ( -63.54634611201960581, -5.004056775174929861, -6.766399720341551571 ) ) ;
#7883 = VECTOR ( 'NONE', #8145, 1000.000000000000000 ) ;
#7884 = EDGE_CURVE ( 'NONE', #4652, #9081, #2655, .T. ) ;
#7885 = CARTESIAN_POINT ( 'NONE',  ( -0.06283894982672851015, -21.92999999999999616, 23.43434452200543205 ) ) ;
#7886 = EDGE_LOOP ( 'NONE', ( #4015, #5232, #3936, #8613, #6283, #2007 ) ) ;
#7887 = DIRECTION ( 'NONE',  ( -0.000000000000000000, 0.000000000000000000, 1.000000000000000000 ) ) ;
#7888 = DIRECTION ( 'NONE',  ( 0.000000000000000000, 0.000000000000000000, -1.000000000000000000 ) ) ;
#7889 = CARTESIAN_POINT ( 'NONE',  ( -8.274235610263287910, -23.24999999999999645, 1.129663705710172605 ) ) ;
#7890 = CIRCLE ( 'NONE', #7745, 4.100000000000007638 ) ;
#7891 = VECTOR ( 'NONE', #3793, 1000.000000000000000 ) ;
#7892 = ORIENTED_EDGE ( 'NONE', *, *, #4828, .T. ) ;
#7893 = ORIENTED_EDGE ( 'NONE', *, *, #218, .T. ) ;
#7894 = CARTESIAN_POINT ( 'NONE',  ( -63.54634611201960581, -3.250000000000000444, -4.766399720341551571 ) ) ;
#7895 = ORIENTED_EDGE ( 'NONE', *, *, #8514, .T. ) ;
#7896 = EDGE_CURVE ( 'NONE', #4385, #8980, #2790, .T. ) ;
#7897 = EDGE_CURVE ( 'NONE', #4113, #8751, #4984, .T. ) ;
#7898 = EDGE_LOOP ( 'NONE', ( #7747, #6702 ) ) ;
#7899 = EDGE_CURVE ( 'NONE', #1357, #1491, #5560, .T. ) ;
#7900 = DIRECTION ( 'NONE',  ( 0.000000000000000000, 0.000000000000000000, 1.000000000000000000 ) ) ;
#7901 = VERTEX_POINT ( 'NONE', #7162 ) ;
#7902 = CARTESIAN_POINT ( 'NONE',  ( 13.05304598478975109, -21.03051657120438378, -3.266399720341551127 ) ) ;
#7903 = CARTESIAN_POINT ( 'NONE',  ( -69.60685805559241146, -24.74999999999999645, 11.65135667615573745 ) ) ;
#7904 = ORIENTED_EDGE ( 'NONE', *, *, #7820, .T. ) ;
#7905 = VERTEX_POINT ( 'NONE', #1249 ) ;
#7906 = DIRECTION ( 'NONE',  ( -0.000000000000000000, -1.000000000000000000, -0.000000000000000000 ) ) ;
#7907 = ADVANCED_FACE ( 'NONE', ( #7026 ), #3550, .T. ) ;
#7908 = CARTESIAN_POINT ( 'NONE',  ( 0.000000000000000000, 0.000000000000000000, -0.5000000000000000000 ) ) ;
#7909 = CARTESIAN_POINT ( 'NONE',  ( -50.99774952002547934, -21.92999999999999616, 25.73360027965844665 ) ) ;
#7910 = CARTESIAN_POINT ( 'NONE',  ( -53.99344095995156323, -21.92999999999999616, -0.06565547799456880607 ) ) ;
#7911 = DIRECTION ( 'NONE',  ( 0.000000000000000000, 1.000000000000000000, -0.000000000000000000 ) ) ;
#7912 = CARTESIAN_POINT ( 'NONE',  ( -9.100693713008769947, -24.24999999999999289, 25.00000000000000000 ) ) ;
#7913 = VERTEX_POINT ( 'NONE', #4893 ) ;
#7914 = DIRECTION ( 'NONE',  ( -0.000000000000000000, -0.000000000000000000, 1.000000000000000000 ) ) ;
#7915 = DIRECTION ( 'NONE',  ( -1.575205997657066192E-16, -1.000000000000000000, 0.000000000000000000 ) ) ;
#7916 = LINE ( 'NONE', #2265, #2420 ) ;
#7917 = ORIENTED_EDGE ( 'NONE', *, *, #4353, .F. ) ;
#7918 = LINE ( 'NONE', #8769, #5431 ) ;
#7919 = DIRECTION ( 'NONE',  ( -0.000000000000000000, -1.000000000000000000, -0.000000000000000000 ) ) ;
#7920 = LINE ( 'NONE', #4941, #7832 ) ;
#7921 = EDGE_CURVE ( 'NONE', #7315, #2484, #7783, .T. ) ;
#7922 = EDGE_LOOP ( 'NONE', ( #6390, #8701, #9193, #5668 ) ) ;
#7923 = CARTESIAN_POINT ( 'NONE',  ( 11.12228341961741762, -25.27535387189999128, -6.766399720341551571 ) ) ;
#7924 = CARTESIAN_POINT ( 'NONE',  ( -63.47315361195479966, -5.004056775174930749, -3.999224945936909581 ) ) ;
#7925 = DIRECTION ( 'NONE',  ( -0.000000000000000000, 0.000000000000000000, -1.000000000000000000 ) ) ;
#7926 = ORIENTED_EDGE ( 'NONE', *, *, #4944, .F. ) ;
#7927 = EDGE_CURVE ( 'NONE', #1732, #3462, #844, .T. ) ;
#7928 = CARTESIAN_POINT ( 'NONE',  ( 6.352138384579762764, -28.24999999999999645, 27.73360027965844665 ) ) ;
#7929 = VECTOR ( 'NONE', #3681, 1000.000000000000000 ) ;
#7930 = DIRECTION ( 'NONE',  ( 1.000000000000000000, 0.000000000000000000, -0.000000000000000000 ) ) ;
#7931 = CARTESIAN_POINT ( 'NONE',  ( -63.55073236542024517, -28.24999999999999645, 24.23360027965843955 ) ) ;
#7932 = EDGE_CURVE ( 'NONE', #1212, #4592, #5167, .T. ) ;
#7933 = EDGE_CURVE ( 'NONE', #1282, #5988, #7207, .T. ) ;
#7934 = CIRCLE ( 'NONE', #969, 4.100000000000007638 ) ;
#7935 = ORIENTED_EDGE ( 'NONE', *, *, #6340, .T. ) ;
#7936 = ORIENTED_EDGE ( 'NONE', *, *, #1688, .F. ) ;
#7937 = CARTESIAN_POINT ( 'NONE',  ( -45.52049870685441846, -21.71915921227099844, 23.50000000000000000 ) ) ;
#7938 = AXIS2_PLACEMENT_3D ( 'NONE', #460, #4825, #6197 ) ;
#7939 = EDGE_LOOP ( 'NONE', ( #6100, #6383, #3264, #4584 ) ) ;
#7940 = ORIENTED_EDGE ( 'NONE', *, *, #7084, .F. ) ;
#7941 = CARTESIAN_POINT ( 'NONE',  ( -51.19329215438187930, -23.74999999999999645, 22.93434452200542495 ) ) ;
#7942 = ORIENTED_EDGE ( 'NONE', *, *, #419, .T. ) ;
#7943 = DIRECTION ( 'NONE',  ( -1.000000000000000000, 0.000000000000000000, 0.000000000000000000 ) ) ;
#7944 = VECTOR ( 'NONE', #4003, 1000.000000000000000 ) ;
#7945 = CARTESIAN_POINT ( 'NONE',  ( 3.506559040048433218, -26.24999999999999645, 16.76811097311695065 ) ) ;
#7946 = EDGE_CURVE ( 'NONE', #4771, #2405, #6547, .T. ) ;
#7947 = EDGE_CURVE ( 'NONE', #2858, #7718, #5992, .T. ) ;
#7948 = ORIENTED_EDGE ( 'NONE', *, *, #5781, .F. ) ;
#7949 = ORIENTED_EDGE ( 'NONE', *, *, #4456, .F. ) ;
#7950 = DIRECTION ( 'NONE',  ( -0.000000000000000000, -1.000000000000000000, -0.000000000000000000 ) ) ;
#7951 = VECTOR ( 'NONE', #1085, 1000.000000000000000 ) ;
#7952 = DIRECTION ( 'NONE',  ( 0.000000000000000000, 0.000000000000000000, -1.000000000000000000 ) ) ;
#7953 = CARTESIAN_POINT ( 'NONE',  ( 7.852138384579765429, -14.40530737074389300, -4.766399720341551571 ) ) ;
#7954 = DIRECTION ( 'NONE',  ( 0.000000000000000000, -1.000000000000000000, 0.000000000000000000 ) ) ;
#7955 = LINE ( 'NONE', #1465, #5699 ) ;
#7956 = DIRECTION ( 'NONE',  ( 0.000000000000000000, 0.000000000000000000, -1.000000000000000000 ) ) ;
#7957 = AXIS2_PLACEMENT_3D ( 'NONE', #6285, #496, #7702 ) ;
#7958 = EDGE_CURVE ( 'NONE', #8649, #3519, #899, .T. ) ;
#7959 = ORIENTED_EDGE ( 'NONE', *, *, #7995, .T. ) ;
#7960 = ORIENTED_EDGE ( 'NONE', *, *, #2777, .F. ) ;
#7961 = DIRECTION ( 'NONE',  ( 1.000000000000000000, 0.000000000000000000, 0.000000000000000000 ) ) ;
#7962 = AXIS2_PLACEMENT_3D ( 'NONE', #4134, #1906, #7876 ) ;
#7963 = DIRECTION ( 'NONE',  ( 1.000000000000000000, -0.000000000000000000, -0.000000000000000000 ) ) ;
#7964 = DIRECTION ( 'NONE',  ( -1.000000000000000000, 0.000000000000000000, 0.000000000000000000 ) ) ;
#7965 = VECTOR ( 'NONE', #1825, 1000.000000000000000 ) ;
#7966 = ORIENTED_EDGE ( 'NONE', *, *, #5589, .F. ) ;
#7967 = CARTESIAN_POINT ( 'NONE',  ( 6.859799299065987732, -14.57499999999999929, 20.87938738401799199 ) ) ;
#7968 = DIRECTION ( 'NONE',  ( 0.000000000000000000, 0.000000000000000000, -1.000000000000000000 ) ) ;
#7969 = DIRECTION ( 'NONE',  ( 0.000000000000000000, 1.000000000000000000, 0.000000000000000000 ) ) ;
#7970 = EDGE_CURVE ( 'NONE', #1790, #7647, #8770, .T. ) ;
#7971 = VECTOR ( 'NONE', #6774, 1000.000000000000000 ) ;
#7972 = ORIENTED_EDGE ( 'NONE', *, *, #1468, .F. ) ;
#7973 = CIRCLE ( 'NONE', #3885, 3.350000000000000089 ) ;
#7974 = CARTESIAN_POINT ( 'NONE',  ( 13.99635887394077827, -24.74999999999999645, 13.37961269154898858 ) ) ;
#7975 = CARTESIAN_POINT ( 'NONE',  ( -19.64526954535771353, -11.79005581014418880, 26.77397846476551280 ) ) ;
#7976 = CARTESIAN_POINT ( 'NONE',  ( -63.55073236542024517, -11.46570451637611932, 0.000000000000000000 ) ) ;
#7977 = AXIS2_PLACEMENT_3D ( 'NONE', #867, #8826, #8116 ) ;
#7978 = VERTEX_POINT ( 'NONE', #4320 ) ;
#7979 = DIRECTION ( 'NONE',  ( 0.000000000000000000, 0.000000000000000000, -1.000000000000000000 ) ) ;
#7980 = LINE ( 'NONE', #1488, #1585 ) ;
#7981 = DIRECTION ( 'NONE',  ( -1.000000000000000000, 0.000000000000000000, -0.000000000000000000 ) ) ;
#7982 = EDGE_LOOP ( 'NONE', ( #8786, #6659, #4534 ) ) ;
#7983 = VERTEX_POINT ( 'NONE', #6456 ) ;
#7984 = CARTESIAN_POINT ( 'NONE',  ( 7.852138384579765429, -26.24999999999999645, -3.266399720341551571 ) ) ;
#7985 = ORIENTED_EDGE ( 'NONE', *, *, #8299, .F. ) ;
#7986 = ADVANCED_FACE ( 'NONE', ( #5881 ), #2928, .F. ) ;
#7987 = ORIENTED_EDGE ( 'NONE', *, *, #2017, .T. ) ;
#7988 = DIRECTION ( 'NONE',  ( 0.000000000000000000, 0.000000000000000000, 1.000000000000000000 ) ) ;
#7989 = ORIENTED_EDGE ( 'NONE', *, *, #297, .T. ) ;
#7990 = CARTESIAN_POINT ( 'NONE',  ( 2.606484637263592141, -23.74999999999999645, -2.490655477994568656 ) ) ;
#7991 = PLANE ( 'NONE',  #4020 ) ;
#7992 = ORIENTED_EDGE ( 'NONE', *, *, #6332, .T. ) ;
#7993 = VERTEX_POINT ( 'NONE', #5123 ) ;
#7994 = CARTESIAN_POINT ( 'NONE',  ( -53.99344095995156323, -21.92999999999999616, 22.93434452200543205 ) ) ;
#7995 = EDGE_CURVE ( 'NONE', #4931, #6276, #1616, .T. ) ;
#7996 = EDGE_LOOP ( 'NONE', ( #2200, #8222, #8189, #1068, #6203, #9136, #3708, #1714, #6105, #3866, #8885, #7520 ) ) ;
#7997 = CARTESIAN_POINT ( 'NONE',  ( -66.42541949054557904, -21.03301371225455441, -3.266399720341551127 ) ) ;
#7998 = LINE ( 'NONE', #744, #9251 ) ;
#7999 = EDGE_CURVE ( 'NONE', #2103, #6609, #6498, .T. ) ;
#8000 = CARTESIAN_POINT ( 'NONE',  ( -52.59336655716671771, -23.74999999999999645, 25.35934452200542566 ) ) ;
#8001 = LINE ( 'NONE', #842, #1313 ) ;
#8002 = VECTOR ( 'NONE', #7641, 1000.000000000000000 ) ;
#8003 = DIRECTION ( 'NONE',  ( 5.451988067355679101E-15, 0.000000000000000000, -1.000000000000000000 ) ) ;
#8004 = ORIENTED_EDGE ( 'NONE', *, *, #7947, .F. ) ;
#8005 = VERTEX_POINT ( 'NONE', #2887 ) ;
#8006 = DIRECTION ( 'NONE',  ( 0.000000000000000000, 0.000000000000000000, -1.000000000000000000 ) ) ;
#8007 = VECTOR ( 'NONE', #8545, 1000.000000000000000 ) ;
#8008 = DIRECTION ( 'NONE',  ( 0.000000000000000000, 0.000000000000000000, 1.000000000000000000 ) ) ;
#8009 = CARTESIAN_POINT ( 'NONE',  ( 0.000000000000000000, -26.24999999999999645, 0.000000000000000000 ) ) ;
#8010 = ADVANCED_FACE ( 'NONE', ( #1478 ), #1567, .T. ) ;
#8011 = ADVANCED_FACE ( 'NONE', ( #8014 ), #8060, .F. ) ;
#8012 = CARTESIAN_POINT ( 'NONE',  ( -12.40198937725308070, -11.29005581014418880, 27.73360027965844665 ) ) ;
#8013 = EDGE_CURVE ( 'NONE', #36, #6477, #233, .T. ) ;
#8014 = FACE_OUTER_BOUND ( 'NONE', #5669, .T. ) ;
#8015 = DIRECTION ( 'NONE',  ( 0.000000000000000000, 1.000000000000000000, 0.000000000000000000 ) ) ;
#8016 = AXIS2_PLACEMENT_3D ( 'NONE', #753, #1564, #1425 ) ;
#8017 = ORIENTED_EDGE ( 'NONE', *, *, #1909, .T. ) ;
#8018 = LINE ( 'NONE', #2093, #3638 ) ;
#8019 = CARTESIAN_POINT ( 'NONE',  ( 4.506559040048433218, -21.92999999999999616, 18.83434452200543063 ) ) ;
#8020 = DIRECTION ( 'NONE',  ( -0.000000000000000000, -1.000000000000000000, -0.000000000000000000 ) ) ;
#8021 = VECTOR ( 'NONE', #4879, 1000.000000000000000 ) ;
#8022 = ADVANCED_FACE ( 'NONE', ( #2270 ), #2836, .T. ) ;
#8023 = VERTEX_POINT ( 'NONE', #3694 ) ;
#8024 = CYLINDRICAL_SURFACE ( 'NONE', #6003, 0.5000000000000004441 ) ;
#8025 = LINE ( 'NONE', #2898, #5067 ) ;
#8026 = LINE ( 'NONE', #5846, #3275 ) ;
#8027 = AXIS2_PLACEMENT_3D ( 'NONE', #4550, #944, #179 ) ;
#8028 = VECTOR ( 'NONE', #9124, 1000.000000000000000 ) ;
#8029 = ORIENTED_EDGE ( 'NONE', *, *, #7108, .F. ) ;
#8030 = ORIENTED_EDGE ( 'NONE', *, *, #6690, .T. ) ;
#8031 = DIRECTION ( 'NONE',  ( -0.000000000000000000, -1.000000000000000000, -0.000000000000000000 ) ) ;
#8032 = ORIENTED_EDGE ( 'NONE', *, *, #8628, .F. ) ;
#8033 = ORIENTED_EDGE ( 'NONE', *, *, #4919, .T. ) ;
#8034 = CARTESIAN_POINT ( 'NONE',  ( -12.40198937725308070, -11.29005581014418880, 35.00000000000000000 ) ) ;
#8035 = CIRCLE ( 'NONE', #8946, 4.099999999999999645 ) ;
#8036 = ORIENTED_EDGE ( 'NONE', *, *, #1493, .F. ) ;
#8037 = AXIS2_PLACEMENT_3D ( 'NONE', #428, #2603, #9059 ) ;
#8038 = EDGE_CURVE ( 'NONE', #4019, #9180, #6591, .T. ) ;
#8039 = LINE ( 'NONE', #4296, #3850 ) ;
#8040 = CARTESIAN_POINT ( 'NONE',  ( 7.852138384579765429, -26.24999999999999645, -4.766399720341551571 ) ) ;
#8041 = ADVANCED_FACE ( 'NONE', ( #853 ), #137, .T. ) ;
#8042 = EDGE_LOOP ( 'NONE', ( #6051, #4280, #427, #409 ) ) ;
#8043 = CARTESIAN_POINT ( 'NONE',  ( -13.10069371300876995, -26.24999999999999645, 25.00000000000000000 ) ) ;
#8044 = AXIS2_PLACEMENT_3D ( 'NONE', #3477, #8922, #4039 ) ;
#8045 = AXIS2_PLACEMENT_3D ( 'NONE', #1787, #7660, #8322 ) ;
#8046 = ORIENTED_EDGE ( 'NONE', *, *, #8064, .T. ) ;
#8047 = CARTESIAN_POINT ( 'NONE',  ( 13.99635887394077827, -24.74999999999999645, 13.37961269154898858 ) ) ;
#8048 = ORIENTED_EDGE ( 'NONE', *, *, #3142, .F. ) ;
#8049 = LINE ( 'NONE', #3632, #8495 ) ;
#8050 = DIRECTION ( 'NONE',  ( 0.000000000000000000, -1.000000000000000000, 0.000000000000000000 ) ) ;
#8051 = CARTESIAN_POINT ( 'NONE',  ( -63.54634611201960581, -3.250000000000000444, -6.766399720341551571 ) ) ;
#8052 = DIRECTION ( 'NONE',  ( 1.000000000000000000, 0.000000000000000000, -0.000000000000000000 ) ) ;
#8053 = EDGE_CURVE ( 'NONE', #9261, #3433, #8632, .T. ) ;
#8054 = ORIENTED_EDGE ( 'NONE', *, *, #1001, .F. ) ;
#8055 = ORIENTED_EDGE ( 'NONE', *, *, #1899, .F. ) ;
#8056 = DIRECTION ( 'NONE',  ( -0.000000000000000000, 0.000000000000000000, -1.000000000000000000 ) ) ;
#8057 = LINE ( 'NONE', #7249, #7563 ) ;
#8058 = CARTESIAN_POINT ( 'NONE',  ( -66.98095531993472207, -21.03051657120438378, -3.266399720341551127 ) ) ;
#8059 = LINE ( 'NONE', #756, #7099 ) ;
#8060 = CYLINDRICAL_SURFACE ( 'NONE', #4627, 0.5000000000000004441 ) ;
#8061 = LINE ( 'NONE', #8103, #5409 ) ;
#8062 = ORIENTED_EDGE ( 'NONE', *, *, #4092, .F. ) ;
#8063 = EDGE_CURVE ( 'NONE', #3065, #6147, #2551, .T. ) ;
#8064 = EDGE_CURVE ( 'NONE', #5695, #742, #7808, .T. ) ;
#8065 = DIRECTION ( 'NONE',  ( -1.000000000000000000, 0.000000000000000000, 0.000000000000000000 ) ) ;
#8066 = DIRECTION ( 'NONE',  ( 0.000000000000000000, 0.000000000000000000, 1.000000000000000000 ) ) ;
#8067 = LINE ( 'NONE', #6552, #2248 ) ;
#8068 = ORIENTED_EDGE ( 'NONE', *, *, #4546, .T. ) ;
#8069 = DIRECTION ( 'NONE',  ( 0.000000000000000000, -1.000000000000000000, 0.000000000000000000 ) ) ;
#8070 = DIRECTION ( 'NONE',  ( 0.5000000000000005551, 0.000000000000000000, 0.8660254037844382635 ) ) ;
#8071 = FACE_OUTER_BOUND ( 'NONE', #3854, .T. ) ;
#8072 = EDGE_CURVE ( 'NONE', #4019, #18, #8963, .T. ) ;
#8073 = VERTEX_POINT ( 'NONE', #8340 ) ;
#8074 = VERTEX_POINT ( 'NONE', #5354 ) ;
#8075 = DIRECTION ( 'NONE',  ( 0.000000000000000000, 0.000000000000000000, -1.000000000000000000 ) ) ;
#8076 = ORIENTED_EDGE ( 'NONE', *, *, #9118, .T. ) ;
#8077 = AXIS2_PLACEMENT_3D ( 'NONE', #5154, #8050, #4447 ) ;
#8078 = ORIENTED_EDGE ( 'NONE', *, *, #6251, .T. ) ;
#8079 = CARTESIAN_POINT ( 'NONE',  ( 7.852138384579765429, -26.24999999999999645, -6.766399720341551571 ) ) ;
#8080 = VERTEX_POINT ( 'NONE', #5257 ) ;
#8081 = DIRECTION ( 'NONE',  ( 0.000000000000000000, -1.000000000000000000, 0.000000000000000000 ) ) ;
#8082 = DIRECTION ( 'NONE',  ( 0.000000000000000000, 0.000000000000000000, -1.000000000000000000 ) ) ;
#8083 = AXIS2_PLACEMENT_3D ( 'NONE', #4439, #1409, #6617 ) ;
#8084 = VERTEX_POINT ( 'NONE', #6784 ) ;
#8085 = DIRECTION ( 'NONE',  ( -1.000000000000000000, -3.469446951953611033E-15, 0.000000000000000000 ) ) ;
#8086 = ORIENTED_EDGE ( 'NONE', *, *, #3542, .F. ) ;
#8087 = DIRECTION ( 'NONE',  ( 0.000000000000000000, 0.000000000000000000, 1.000000000000000000 ) ) ;
#8088 = ORIENTED_EDGE ( 'NONE', *, *, #7403, .F. ) ;
#8089 = DIRECTION ( 'NONE',  ( 0.000000000000000000, -1.000000000000000000, 0.000000000000000000 ) ) ;
#8090 = CIRCLE ( 'NONE', #8546, 3.500000000000000000 ) ;
#8091 = LINE ( 'NONE', #4402, #1730 ) ;
#8092 = CARTESIAN_POINT ( 'NONE',  ( 0.000000000000000000, 0.000000000000000000, 0.5000000000000000000 ) ) ;
#8093 = DIRECTION ( 'NONE',  ( -0.000000000000000000, 0.000000000000000000, -1.000000000000000000 ) ) ;
#8094 = ORIENTED_EDGE ( 'NONE', *, *, #3369, .T. ) ;
#8095 = ORIENTED_EDGE ( 'NONE', *, *, #4976, .F. ) ;
#8096 = DIRECTION ( 'NONE',  ( -1.000000000000000000, -0.000000000000000000, -0.000000000000000000 ) ) ;
#8097 = CARTESIAN_POINT ( 'NONE',  ( -11.01752198131479155, -18.91796799097090087, 25.73360027965844665 ) ) ;
#8098 = LINE ( 'NONE', #7296, #5307 ) ;
#8099 = ADVANCED_FACE ( 'NONE', ( #7488 ), #4650, .F. ) ;
#8100 = DIRECTION ( 'NONE',  ( 0.000000000000000000, -1.000000000000000000, 0.000000000000000000 ) ) ;
#8101 = DIRECTION ( 'NONE',  ( 0.000000000000000000, 0.000000000000000000, 1.000000000000000000 ) ) ;
#8102 = CIRCLE ( 'NONE', #995, 4.099999999999999645 ) ;
#8103 = CARTESIAN_POINT ( 'NONE',  ( -8.217521981314792612, -18.91796799097090087, 0.000000000000000000 ) ) ;
#8104 = ORIENTED_EDGE ( 'NONE', *, *, #5676, .T. ) ;
#8105 = DIRECTION ( 'NONE',  ( 0.000000000000000000, -0.000000000000000000, 1.000000000000000000 ) ) ;
#8106 = DIRECTION ( 'NONE',  ( 0.000000000000000000, -0.000000000000000000, 1.000000000000000000 ) ) ;
#8107 = VECTOR ( 'NONE', #2335, 1000.000000000000000 ) ;
#8108 = DIRECTION ( 'NONE',  ( 1.000000000000000000, -0.000000000000000000, -0.000000000000000000 ) ) ;
#8109 = EDGE_CURVE ( 'NONE', #5329, #5750, #8860, .T. ) ;
#8110 = ORIENTED_EDGE ( 'NONE', *, *, #3542, .T. ) ;
#8111 = LINE ( 'NONE', #6476, #5626 ) ;
#8112 = DIRECTION ( 'NONE',  ( 1.000000000000000000, 0.000000000000000000, 0.000000000000000000 ) ) ;
#8113 = EDGE_CURVE ( 'NONE', #2712, #2193, #5407, .T. ) ;
#8114 = AXIS2_PLACEMENT_3D ( 'NONE', #6720, #3102, #8900 ) ;
#8115 = FACE_OUTER_BOUND ( 'NONE', #8833, .T. ) ;
#8116 = DIRECTION ( 'NONE',  ( 0.000000000000000000, 0.000000000000000000, -1.000000000000000000 ) ) ;
#8117 = VECTOR ( 'NONE', #7979, 1000.000000000000000 ) ;
#8118 = ORIENTED_EDGE ( 'NONE', *, *, #4288, .T. ) ;
#8119 = VERTEX_POINT ( 'NONE', #6023 ) ;
#8120 = CARTESIAN_POINT ( 'NONE',  ( 6.806707845618117148, -23.74999999999999645, -0.06565547799456904199 ) ) ;
#8121 = VECTOR ( 'NONE', #292, 1000.000000000000000 ) ;
#8122 = ORIENTED_EDGE ( 'NONE', *, *, #4900, .F. ) ;
#8123 = VERTEX_POINT ( 'NONE', #7442 ) ;
#8124 = DIRECTION ( 'NONE',  ( 0.000000000000000000, -0.000000000000000000, -1.000000000000000000 ) ) ;
#8125 = ORIENTED_EDGE ( 'NONE', *, *, #1899, .T. ) ;
#8126 = EDGE_CURVE ( 'NONE', #3323, #5988, #3714, .T. ) ;
#8127 = DIRECTION ( 'NONE',  ( -1.000000000000000000, 0.000000000000000000, 0.000000000000000000 ) ) ;
#8128 = FACE_BOUND ( 'NONE', #6620, .T. ) ;
#8129 = AXIS2_PLACEMENT_3D ( 'NONE', #9210, #7119, #627 ) ;
#8130 = ORIENTED_EDGE ( 'NONE', *, *, #2444, .T. ) ;
#8131 = DIRECTION ( 'NONE',  ( 1.000000000000000000, 0.000000000000000000, 0.000000000000000000 ) ) ;
#8132 = ORIENTED_EDGE ( 'NONE', *, *, #5162, .T. ) ;
#8133 = DIRECTION ( 'NONE',  ( -0.000000000000000000, -0.000000000000000000, 1.000000000000000000 ) ) ;
#8134 = ORIENTED_EDGE ( 'NONE', *, *, #1713, .T. ) ;
#8135 = FACE_OUTER_BOUND ( 'NONE', #3847, .T. ) ;
#8136 = VERTEX_POINT ( 'NONE', #331 ) ;
#8137 = EDGE_CURVE ( 'NONE', #5495, #5435, #1660, .T. ) ;
#8138 = DIRECTION ( 'NONE',  ( 1.000000000000000000, 0.000000000000000000, 0.000000000000000000 ) ) ;
#8139 = DIRECTION ( 'NONE',  ( -1.000000000000000000, 0.000000000000000000, 0.000000000000000000 ) ) ;
#8140 = PLANE ( 'NONE',  #8250 ) ;
#8141 = ORIENTED_EDGE ( 'NONE', *, *, #7700, .F. ) ;
#8142 = VERTEX_POINT ( 'NONE', #277 ) ;
#8143 = FACE_OUTER_BOUND ( 'NONE', #9363, .T. ) ;
#8144 = CARTESIAN_POINT ( 'NONE',  ( -56.55073236542025228, -10.96570451637611932, 8.048806890340866715 ) ) ;
#8145 = DIRECTION ( 'NONE',  ( -0.000000000000000000, -1.000000000000000000, -0.000000000000000000 ) ) ;
#8146 = AXIS2_PLACEMENT_3D ( 'NONE', #2311, #1615, #3306 ) ;
#8147 = CARTESIAN_POINT ( 'NONE',  ( 9.852138384579763652, -8.826329982690657161, 2.675341377437610024 ) ) ;
#8148 = PLANE ( 'NONE',  #8262 ) ;
#8149 = PLANE ( 'NONE',  #5860 ) ;
#8150 = EDGE_LOOP ( 'NONE', ( #6523, #1922, #6921, #4688 ) ) ;
#8151 = CIRCLE ( 'NONE', #5594, 4.099999999999999645 ) ;
#8152 = CARTESIAN_POINT ( 'NONE',  ( -21.00632283287208324, -8.826403837643525208, 35.00000000000000000 ) ) ;
#8153 = EDGE_CURVE ( 'NONE', #5290, #9180, #3981, .T. ) ;
#8154 = LINE ( 'NONE', #1810, #5812 ) ;
#8155 = LINE ( 'NONE', #6882, #3458 ) ;
#8156 = CARTESIAN_POINT ( 'NONE',  ( -50.31212030288700987, -21.92999999999999616, 23.43434452200543205 ) ) ;
#8157 = ORIENTED_EDGE ( 'NONE', *, *, #8488, .F. ) ;
#8158 = DIRECTION ( 'NONE',  ( -1.137523590804463822E-16, 0.000000000000000000, 1.000000000000000000 ) ) ;
#8159 = VECTOR ( 'NONE', #2596, 1000.000000000000000 ) ;
#8160 = PLANE ( 'NONE',  #3696 ) ;
#8161 = LINE ( 'NONE', #819, #6322 ) ;
#8162 = ORIENTED_EDGE ( 'NONE', *, *, #958, .F. ) ;
#8163 = EDGE_CURVE ( 'NONE', #7605, #6816, #7585, .T. ) ;
#8164 = EDGE_LOOP ( 'NONE', ( #1266, #7038, #7601, #1839, #6058 ) ) ;
#8165 = DIRECTION ( 'NONE',  ( 1.000000000000000000, 0.000000000000000000, -0.000000000000000000 ) ) ;
#8166 = AXIS2_PLACEMENT_3D ( 'NONE', #2925, #3740, #5830 ) ;
#8167 = VERTEX_POINT ( 'NONE', #3887 ) ;
#8168 = ORIENTED_EDGE ( 'NONE', *, *, #4312, .F. ) ;
#8169 = FACE_BOUND ( 'NONE', #870, .T. ) ;
#8170 = ORIENTED_EDGE ( 'NONE', *, *, #2317, .F. ) ;
#8171 = CARTESIAN_POINT ( 'NONE',  ( -14.45632582902195473, -23.24999999999999645, 3.416424131227112859 ) ) ;
#8172 = CIRCLE ( 'NONE', #1370, 4.099999999999999645 ) ;
#8173 = DIRECTION ( 'NONE',  ( 0.000000000000000000, -0.000000000000000000, -1.000000000000000000 ) ) ;
#8174 = EDGE_LOOP ( 'NONE', ( #8453, #2574, #4781, #631 ) ) ;
#8175 = ADVANCED_FACE ( 'NONE', ( #8241 ), #3163, .T. ) ;
#8176 = CARTESIAN_POINT ( 'NONE',  ( 4.006559040048433218, -21.92999999999999616, -0.06565547799456880607 ) ) ;
#8177 = ADVANCED_FACE ( 'NONE', ( #7538, #7631 ), #3260, .T. ) ;
#8178 = ORIENTED_EDGE ( 'NONE', *, *, #4456, .T. ) ;
#8179 = DIRECTION ( 'NONE',  ( -0.4999999999999995559, -0.8660254037844388186, 0.000000000000000000 ) ) ;
#8180 = VECTOR ( 'NONE', #4596, 1000.000000000000000 ) ;
#8181 = ORIENTED_EDGE ( 'NONE', *, *, #748, .T. ) ;
#8182 = DIRECTION ( 'NONE',  ( -1.000000000000000000, -0.000000000000000000, -0.000000000000000000 ) ) ;
#8183 = ORIENTED_EDGE ( 'NONE', *, *, #2559, .T. ) ;
#8184 = CYLINDRICAL_SURFACE ( 'NONE', #3066, 1.600000000000004086 ) ;
#8185 = DIRECTION ( 'NONE',  ( -0.000000000000000000, -0.000000000000000000, -1.000000000000000000 ) ) ;
#8186 = CARTESIAN_POINT ( 'NONE',  ( -66.53120306077292412, -28.24999999999999645, 11.77961269154898716 ) ) ;
#8187 = VECTOR ( 'NONE', #8182, 1000.000000000000000 ) ;
#8188 = CIRCLE ( 'NONE', #3796, 1.000000000000000888 ) ;
#8189 = ORIENTED_EDGE ( 'NONE', *, *, #1851, .F. ) ;
#8190 = EDGE_CURVE ( 'NONE', #7659, #4136, #6165, .T. ) ;
#8191 = ORIENTED_EDGE ( 'NONE', *, *, #2519, .T. ) ;
#8192 = DIRECTION ( 'NONE',  ( 0.000000000000000000, 0.000000000000000000, -1.000000000000000000 ) ) ;
#8193 = LINE ( 'NONE', #8857, #4234 ) ;
#8194 = DIRECTION ( 'NONE',  ( -0.000000000000000000, -1.000000000000000000, -0.000000000000000000 ) ) ;
#8195 = LINE ( 'NONE', #1094, #6721 ) ;
#8196 = DIRECTION ( 'NONE',  ( 0.000000000000000000, -1.000000000000000000, 0.000000000000000000 ) ) ;
#8197 = CARTESIAN_POINT ( 'NONE',  ( 0.000000000000000000, 0.000000000000000000, 0.5000000000000000000 ) ) ;
#8198 = ORIENTED_EDGE ( 'NONE', *, *, #8421, .T. ) ;
#8199 = DIRECTION ( 'NONE',  ( -1.000000000000000000, 0.000000000000000000, -0.000000000000000000 ) ) ;
#8200 = CARTESIAN_POINT ( 'NONE',  ( -53.49344095995156323, 0.000000000000000000, 0.000000000000000000 ) ) ;
#8201 = DIRECTION ( 'NONE',  ( -0.000000000000000000, -1.000000000000000000, -0.000000000000000000 ) ) ;
#8202 = DIRECTION ( 'NONE',  ( 0.000000000000000000, -1.000000000000000000, -0.000000000000000000 ) ) ;
#8203 = VERTEX_POINT ( 'NONE', #6118 ) ;
#8204 = DIRECTION ( 'NONE',  ( 1.000000000000000000, -0.000000000000000000, -0.000000000000000000 ) ) ;
#8205 = FACE_BOUND ( 'NONE', #7455, .T. ) ;
#8206 = EDGE_CURVE ( 'NONE', #739, #5340, #9056, .T. ) ;
#8207 = CARTESIAN_POINT ( 'NONE',  ( -5.613509097066135212, -16.48614634097089393, 22.73360027965845021 ) ) ;
#8208 = LINE ( 'NONE', #4804, #9337 ) ;
#8209 = ORIENTED_EDGE ( 'NONE', *, *, #3712, .F. ) ;
#8210 = ORIENTED_EDGE ( 'NONE', *, *, #2559, .F. ) ;
#8211 = DIRECTION ( 'NONE',  ( -1.000000000000000000, 0.000000000000000000, 0.000000000000000000 ) ) ;
#8212 = EDGE_LOOP ( 'NONE', ( #1323, #6414, #2047, #7256 ) ) ;
#8213 = LINE ( 'NONE', #6853, #7065 ) ;
#8214 = ADVANCED_FACE ( 'NONE', ( #5448 ), #8148, .T. ) ;
#8215 = ORIENTED_EDGE ( 'NONE', *, *, #6810, .T. ) ;
#8216 = ADVANCED_FACE ( 'NONE', ( #2078 ), #5640, .T. ) ;
#8217 = PLANE ( 'NONE',  #2782 ) ;
#8218 = CARTESIAN_POINT ( 'NONE',  ( 11.11862117367209990, -15.77033674741690916, -3.266399720341551127 ) ) ;
#8219 = ORIENTED_EDGE ( 'NONE', *, *, #7933, .F. ) ;
#8220 = DIRECTION ( 'NONE',  ( -0.000000000000000000, -0.000000000000000000, -1.000000000000000000 ) ) ;
#8221 = CIRCLE ( 'NONE', #3683, 3.350000000000002309 ) ;
#8222 = ORIENTED_EDGE ( 'NONE', *, *, #516, .T. ) ;
#8223 = LINE ( 'NONE', #262, #2337 ) ;
#8224 = ORIENTED_EDGE ( 'NONE', *, *, #1532, .T. ) ;
#8225 = CARTESIAN_POINT ( 'NONE',  ( -43.08867705991077202, -20.31514632978691282, 22.73360027965845021 ) ) ;
#8226 = ORIENTED_EDGE ( 'NONE', *, *, #2544, .F. ) ;
#8227 = VECTOR ( 'NONE', #3360, 1000.000000000000114 ) ;
#8228 = EDGE_CURVE ( 'NONE', #5590, #675, #7106, .T. ) ;
#8229 = FACE_OUTER_BOUND ( 'NONE', #7506, .T. ) ;
#8230 = DIRECTION ( 'NONE',  ( 1.000000000000000000, 0.000000000000000000, 0.000000000000000000 ) ) ;
#8231 = AXIS2_PLACEMENT_3D ( 'NONE', #2164, #3588, #887 ) ;
#8233 = ADVANCED_FACE ( 'NONE', ( #8573 ), #7064, .T. ) ;
#8232 = CARTESIAN_POINT ( 'NONE',  ( -53.49344095995156323, -21.92999999999999616, 4.034344522005438805 ) ) ;
#8234 = ORIENTED_EDGE ( 'NONE', *, *, #5926, .T. ) ;
#8235 = ORIENTED_EDGE ( 'NONE', *, *, #5099, .T. ) ;
#8236 = CARTESIAN_POINT ( 'NONE',  ( 6.806707845618117148, -28.24999999999999645, 22.93434452200543561 ) ) ;
#8237 = CIRCLE ( 'NONE', #3077, 4.000000000000000000 ) ;
#8238 = CARTESIAN_POINT ( 'NONE',  ( -12.40198937725308070, -11.29005581014418880, 26.77397846476551280 ) ) ;
#8239 = CARTESIAN_POINT ( 'NONE',  ( -56.55073236542025228, -13.92906725808352952, 0.000000000000000000 ) ) ;
#8240 = DIRECTION ( 'NONE',  ( 0.000000000000000000, -1.000000000000000000, 0.000000000000000000 ) ) ;
#8241 = FACE_OUTER_BOUND ( 'NONE', #2096, .T. ) ;
#8242 = EDGE_CURVE ( 'NONE', #7479, #3134, #1141, .T. ) ;
#8243 = DIRECTION ( 'NONE',  ( 0.000000000000000000, 0.000000000000000000, -1.000000000000000000 ) ) ;
#8244 = VECTOR ( 'NONE', #9067, 1000.000000000000000 ) ;
#8245 = ORIENTED_EDGE ( 'NONE', *, *, #8820, .T. ) ;
#8246 = DIRECTION ( 'NONE',  ( -1.000000000000000000, 0.000000000000000000, 0.000000000000000000 ) ) ;
#8247 = DIRECTION ( 'NONE',  ( 0.000000000000000000, 0.000000000000000000, -1.000000000000000000 ) ) ;
#8248 = CARTESIAN_POINT ( 'NONE',  ( 5.406633442833274295, -23.74999999999999645, -2.490655477994568656 ) ) ;
#8249 = CARTESIAN_POINT ( 'NONE',  ( -60.05073236542024517, -3.250000000000000000, -4.766399720341551571 ) ) ;
#8250 = AXIS2_PLACEMENT_3D ( 'NONE', #938, #6722, #1842 ) ;
#8251 = ORIENTED_EDGE ( 'NONE', *, *, #9283, .T. ) ;
#8252 = CARTESIAN_POINT ( 'NONE',  ( -14.42158689150289952, -25.74999999999999645, 20.93683708947935429 ) ) ;
#8253 = CARTESIAN_POINT ( 'NONE',  ( -61.55073236542024517, -10.96570451637611932, 8.548806890340868492 ) ) ;
#8254 = EDGE_CURVE ( 'NONE', #1496, #9224, #2062, .T. ) ;
#8255 = CARTESIAN_POINT ( 'NONE',  ( -63.47315361195479966, -15.66790477302092199, -3.999224945936909581 ) ) ;
#8256 = CYLINDRICAL_SURFACE ( 'NONE', #3731, 1.600000000000000755 ) ;
#8257 = VECTOR ( 'NONE', #5029, 1000.000000000000000 ) ;
#8258 = CIRCLE ( 'NONE', #5387, 1.350000000000005640 ) ;
#8259 = VERTEX_POINT ( 'NONE', #4927 ) ;
#8260 = VERTEX_POINT ( 'NONE', #4078 ) ;
#8261 = DIRECTION ( 'NONE',  ( 0.000000000000000000, 0.000000000000000000, -1.000000000000000000 ) ) ;
#8262 = AXIS2_PLACEMENT_3D ( 'NONE', #3114, #6071, #2459 ) ;
#8263 = ORIENTED_EDGE ( 'NONE', *, *, #6369, .T. ) ;
#8264 = CARTESIAN_POINT ( 'NONE',  ( -53.49344095995156323, -21.92999999999999616, 4.034344522005438805 ) ) ;
#8265 = AXIS2_PLACEMENT_3D ( 'NONE', #2011, #9219, #2757 ) ;
#8266 = VERTEX_POINT ( 'NONE', #4028 ) ;
#8267 = CARTESIAN_POINT ( 'NONE',  ( 18.18099059628930192, -25.03301371225455441, -6.766399720341551571 ) ) ;
#8268 = LINE ( 'NONE', #1785, #1451 ) ;
#8269 = EDGE_CURVE ( 'NONE', #7409, #3367, #3402, .T. ) ;
#8270 = VECTOR ( 'NONE', #8975, 1000.000000000000000 ) ;
#8271 = EDGE_LOOP ( 'NONE', ( #8219, #1641, #3864, #1081 ) ) ;
#8272 =( BOUNDED_CURVE ( )  B_SPLINE_CURVE ( 3, ( #2194, #5093, #4383, #3710 ),
 .UNSPECIFIED., .F., .F. ) 
 B_SPLINE_CURVE_WITH_KNOTS ( ( 4, 4 ),
 ( 6.186029827844000017, 6.380340786515172447 ),
 .UNSPECIFIED. ) 
 CURVE ( )  GEOMETRIC_REPRESENTATION_ITEM ( )  RATIONAL_B_SPLINE_CURVE ( ( 1.000000000000000000, 0.9968560784512803252, 0.9968560784512803252, 1.000000000000000000 ) ) 
 REPRESENTATION_ITEM ( '' )  );
#8273 = DIRECTION ( 'NONE',  ( -0.000000000000000000, -1.000000000000000000, -0.000000000000000000 ) ) ;
#8274 = EDGE_CURVE ( 'NONE', #7000, #3377, #6308, .T. ) ;
#8275 = ORIENTED_EDGE ( 'NONE', *, *, #2971, .T. ) ;
#8276 = EDGE_CURVE ( 'NONE', #7418, #1498, #8429, .T. ) ;
#8277 = CARTESIAN_POINT ( 'NONE',  ( -5.613509097066135212, -16.48614634097089393, 23.50000000000000000 ) ) ;
#8278 = ORIENTED_EDGE ( 'NONE', *, *, #4577, .F. ) ;
#8279 = DIRECTION ( 'NONE',  ( 0.000000000000000000, 0.000000000000000000, 1.000000000000000000 ) ) ;
#8280 = EDGE_LOOP ( 'NONE', ( #6531, #2042, #2742, #624 ) ) ;
#8281 = AXIS2_PLACEMENT_3D ( 'NONE', #138, #854, #8863 ) ;
#8282 = DIRECTION ( 'NONE',  ( 0.000000000000000000, 0.000000000000000000, -1.000000000000000000 ) ) ;
#8283 = CARTESIAN_POINT ( 'NONE',  ( -13.20649155627549476, -9.123711025831156007, 27.73360027965844665 ) ) ;
#8284 = DIRECTION ( 'NONE',  ( 0.000000000000000000, 1.000000000000000000, 0.000000000000000000 ) ) ;
#8285 = VERTEX_POINT ( 'NONE', #5596 ) ;
#8286 = EDGE_CURVE ( 'NONE', #3772, #2021, #7016, .T. ) ;
#8287 = VERTEX_POINT ( 'NONE', #1238 ) ;
#8288 = DIRECTION ( 'NONE',  ( -0.8660254037844389297, 0.000000000000000000, 0.4999999999999996114 ) ) ;
#8289 = LINE ( 'NONE', #896, #7407 ) ;
#8290 = CARTESIAN_POINT ( 'NONE',  ( -51.19329215438187930, -23.74999999999999645, -0.06565547799456866729 ) ) ;
#8291 = CARTESIAN_POINT ( 'NONE',  ( -49.91651260195900619, -21.92999999999999616, -0.5000000000000004441 ) ) ;
#8292 = DIRECTION ( 'NONE',  ( -1.000000000000000000, 0.000000000000000000, -1.137523590804463822E-16 ) ) ;
#8293 = CARTESIAN_POINT ( 'NONE',  ( -21.00632283287208324, -13.99840717847742511, 26.73360027965844665 ) ) ;
#8294 = ORIENTED_EDGE ( 'NONE', *, *, #128, .F. ) ;
#8295 = CARTESIAN_POINT ( 'NONE',  ( -53.99344095995156323, -23.74999999999999645, 24.28434452200542992 ) ) ;
#8296 = DIRECTION ( 'NONE',  ( 0.000000000000000000, 0.000000000000000000, 1.000000000000000000 ) ) ;
#8297 = EDGE_CURVE ( 'NONE', #5096, #1218, #1162, .T. ) ;
#8298 = EDGE_CURVE ( 'NONE', #7522, #2941, #7817, .T. ) ;
#8299 = EDGE_CURVE ( 'NONE', #7109, #4864, #6209, .T. ) ;
#8300 = DIRECTION ( 'NONE',  ( -0.5000000000000001110, 0.000000000000000000, -0.8660254037844385966 ) ) ;
#8301 = EDGE_CURVE ( 'NONE', #675, #4820, #2666, .T. ) ;
#8302 = CARTESIAN_POINT ( 'NONE',  ( -66.53120306077292412, -28.24999999999999645, 10.17961269154898218 ) ) ;
#8303 = ORIENTED_EDGE ( 'NONE', *, *, #7271, .T. ) ;
#8304 = PLANE ( 'NONE',  #9069 ) ;
#8305 = CARTESIAN_POINT ( 'NONE',  ( -55.39351536273640875, -28.24999999999999645, 25.35934452200542566 ) ) ;
#8306 = DIRECTION ( 'NONE',  ( -1.000000000000000000, -3.469446951953611033E-15, 0.000000000000000000 ) ) ;
#8307 = LINE ( 'NONE', #3321, #8734 ) ;
#8308 = AXIS2_PLACEMENT_3D ( 'NONE', #2550, #6070, #1803 ) ;
#8309 = ORIENTED_EDGE ( 'NONE', *, *, #3159, .F. ) ;
#8310 = ORIENTED_EDGE ( 'NONE', *, *, #3943, .T. ) ;
#8311 = PLANE ( 'NONE',  #1525 ) ;
#8312 = EDGE_CURVE ( 'NONE', #3767, #5460, #4838, .T. ) ;
#8313 = VECTOR ( 'NONE', #4950, 1000.000000000000000 ) ;
#8314 = ORIENTED_EDGE ( 'NONE', *, *, #3876, .T. ) ;
#8315 = CYLINDRICAL_SURFACE ( 'NONE', #1606, 1.199999999999999734 ) ;
#8316 = ORIENTED_EDGE ( 'NONE', *, *, #8986, .F. ) ;
#8317 = DIRECTION ( 'NONE',  ( 0.000000000000000000, -0.000000000000000000, -1.000000000000000000 ) ) ;
#8318 = VECTOR ( 'NONE', #8133, 1000.000000000000000 ) ;
#8319 = PLANE ( 'NONE',  #687 ) ;
#8320 = AXIS2_PLACEMENT_3D ( 'NONE', #707, #8812, #8767 ) ;
#8321 = ORIENTED_EDGE ( 'NONE', *, *, #7540, .T. ) ;
#8322 = DIRECTION ( 'NONE',  ( -0.5000000000000005551, 0.000000000000000000, -0.8660254037844382635 ) ) ;
#8323 = ORIENTED_EDGE ( 'NONE', *, *, #4878, .T. ) ;
#8324 = ORIENTED_EDGE ( 'NONE', *, *, #5784, .T. ) ;
#8325 = CYLINDRICAL_SURFACE ( 'NONE', #3027, 3.999999999999996447 ) ;
#8326 = CIRCLE ( 'NONE', #6367, 0.5000000000000004441 ) ;
#8327 = ORIENTED_EDGE ( 'NONE', *, *, #2787, .F. ) ;
#8328 = DIRECTION ( 'NONE',  ( 1.000000000000000000, -0.000000000000000000, -0.000000000000000000 ) ) ;
#8329 = LINE ( 'NONE', #4017, #7364 ) ;
#8330 = LINE ( 'NONE', #4637, #7338 ) ;
#8331 = EDGE_CURVE ( 'NONE', #7811, #5441, #1279, .T. ) ;
#8332 = ORIENTED_EDGE ( 'NONE', *, *, #2151, .T. ) ;
#8333 = AXIS2_PLACEMENT_3D ( 'NONE', #9198, #2690, #4165 ) ;
#8334 = VECTOR ( 'NONE', #6091, 1000.000000000000114 ) ;
#8335 = ORIENTED_EDGE ( 'NONE', *, *, #1543, .T. ) ;
#8336 = DIRECTION ( 'NONE',  ( -1.000000000000000000, 0.000000000000000000, 0.000000000000000000 ) ) ;
#8337 = PLANE ( 'NONE',  #5292 ) ;
#8338 = FACE_OUTER_BOUND ( 'NONE', #8490, .T. ) ;
#8339 = DIRECTION ( 'NONE',  ( -1.000000000000000000, -0.000000000000000000, -0.000000000000000000 ) ) ;
#8340 = CARTESIAN_POINT ( 'NONE',  ( -10.79999054116380997, -3.249999999999999556, 26.77397846476551280 ) ) ;
#8341 = VECTOR ( 'NONE', #4730, 1000.000000000000000 ) ;
#8342 = AXIS2_PLACEMENT_3D ( 'NONE', #5599, #9202, #8491 ) ;
#8343 = EDGE_CURVE ( 'NONE', #3383, #1792, #3721, .T. ) ;
#8344 = CARTESIAN_POINT ( 'NONE',  ( 14.18099059628930014, -25.03301371225455441, -3.266399720341551127 ) ) ;
#8345 = ORIENTED_EDGE ( 'NONE', *, *, #1169, .T. ) ;
#8346 = CARTESIAN_POINT ( 'NONE',  ( -11.02830546420950242, -12.75000000000000000, 26.77397846476551280 ) ) ;
#8347 = CARTESIAN_POINT ( 'NONE',  ( 0.4141809120160027669, -21.92999999999999616, 22.43434452200543205 ) ) ;
#8348 = LINE ( 'NONE', #7545, #9369 ) ;
#8349 = DIRECTION ( 'NONE',  ( -1.000000000000000000, -0.000000000000000000, -0.000000000000000000 ) ) ;
#8350 = ORIENTED_EDGE ( 'NONE', *, *, #5987, .T. ) ;
#8351 = CARTESIAN_POINT ( 'NONE',  ( -63.55073236542024517, -26.24999999999999645, 24.23360027965843955 ) ) ;
#8352 = DIRECTION ( 'NONE',  ( 0.000000000000000000, -0.000000000000000000, -1.000000000000000000 ) ) ;
#8353 = AXIS2_PLACEMENT_3D ( 'NONE', #4209, #9328, #2822 ) ;
#8354 = DIRECTION ( 'NONE',  ( -1.000000000000000000, 0.000000000000000000, 0.000000000000000000 ) ) ;
#8355 = DIRECTION ( 'NONE',  ( -1.000000000000000000, 0.000000000000000000, 0.000000000000000000 ) ) ;
#8356 = EDGE_CURVE ( 'NONE', #5242, #5371, #546, .T. ) ;
#8357 = EDGE_CURVE ( 'NONE', #2669, #4451, #7725, .T. ) ;
#8358 = VERTEX_POINT ( 'NONE', #8386 ) ;
#8359 = VERTEX_POINT ( 'NONE', #6442 ) ;
#8360 = EDGE_LOOP ( 'NONE', ( #2219, #3532, #5551, #1294 ) ) ;
#8361 = CARTESIAN_POINT ( 'NONE',  ( 0.000000000000000000, 0.000000000000000000, 22.43434452200543205 ) ) ;
#8362 = EDGE_CURVE ( 'NONE', #3913, #4726, #7335, .T. ) ;
#8363 = ORIENTED_EDGE ( 'NONE', *, *, #6202, .F. ) ;
#8364 = DIRECTION ( 'NONE',  ( -1.000000000000000000, 0.000000000000000000, 0.000000000000000000 ) ) ;
#8365 = ORIENTED_EDGE ( 'NONE', *, *, #1209, .F. ) ;
#8366 = DIRECTION ( 'NONE',  ( -1.000000000000000000, 0.000000000000000000, 0.000000000000000000 ) ) ;
#8367 = DIRECTION ( 'NONE',  ( 0.000000000000000000, -1.000000000000000000, 0.000000000000000000 ) ) ;
#8368 = ADVANCED_FACE ( 'NONE', ( #5729 ), #8668, .F. ) ;
#8369 = ORIENTED_EDGE ( 'NONE', *, *, #1297, .F. ) ;
#8370 = VERTEX_POINT ( 'NONE', #82 ) ;
#8371 = DIRECTION ( 'NONE',  ( 0.000000000000000000, 0.000000000000000000, -1.000000000000000000 ) ) ;
#8372 = EDGE_LOOP ( 'NONE', ( #1643, #8054 ) ) ;
#8373 = ORIENTED_EDGE ( 'NONE', *, *, #1808, .T. ) ;
#8374 = DIRECTION ( 'NONE',  ( 0.000000000000000000, -1.000000000000000000, 0.000000000000000000 ) ) ;
#8375 = VERTEX_POINT ( 'NONE', #1419 ) ;
#8376 = DIRECTION ( 'NONE',  ( 0.000000000000000000, 0.000000000000000000, 1.000000000000000000 ) ) ;
#8377 = CARTESIAN_POINT ( 'NONE',  ( -7.017521981314792434, -18.91796799097090087, 22.73360027965845021 ) ) ;
#8378 = CARTESIAN_POINT ( 'NONE',  ( -7.791905798005583250, -25.74999999999999645, 20.93683708947935429 ) ) ;
#8379 = EDGE_LOOP ( 'NONE', ( #5801, #7985, #6601, #1648 ) ) ;
#8380 = ORIENTED_EDGE ( 'NONE', *, *, #6675, .F. ) ;
#8381 = DIRECTION ( 'NONE',  ( 0.000000000000000000, 0.000000000000000000, -1.000000000000000000 ) ) ;
#8382 = LINE ( 'NONE', #3444, #8021 ) ;
#8383 = CARTESIAN_POINT ( 'NONE',  ( -14.42158689150289952, -23.74999999999999645, 20.93683708947935429 ) ) ;
#8384 = AXIS2_PLACEMENT_3D ( 'NONE', #5500, #5638, #610 ) ;
#8385 = CARTESIAN_POINT ( 'NONE',  ( -61.55073236542024517, -6.477067257872927364, -4.766399720341554236 ) ) ;
#8386 = CARTESIAN_POINT ( 'NONE',  ( 6.352138384579765429, -28.24999999999999645, -6.766399720341551571 ) ) ;
#8387 = AXIS2_PLACEMENT_3D ( 'NONE', #7544, #8106, #4511 ) ;
#8388 = ORIENTED_EDGE ( 'NONE', *, *, #7485, .T. ) ;
#8389 = CIRCLE ( 'NONE', #1432, 1.350000000000000533 ) ;
#8390 = DIRECTION ( 'NONE',  ( -1.000000000000000000, 0.000000000000000000, 0.000000000000000000 ) ) ;
#8391 = DIRECTION ( 'NONE',  ( 1.000000000000000000, 0.000000000000000000, 0.000000000000000000 ) ) ;
#8392 = EDGE_CURVE ( 'NONE', #8023, #6426, #5871, .T. ) ;
#8393 = DIRECTION ( 'NONE',  ( -0.000000000000000000, 1.000000000000000000, 0.000000000000000000 ) ) ;
#8394 = CARTESIAN_POINT ( 'NONE',  ( -58.05423323242929001, -21.92999999999999616, 0.5000000000000000000 ) ) ;
#8395 = VERTEX_POINT ( 'NONE', #8759 ) ;
#8396 = LINE ( 'NONE', #6126, #6191 ) ;
#8397 = CARTESIAN_POINT ( 'NONE',  ( -66.53120306077292412, -28.24999999999999645, 11.77961269154898716 ) ) ;
#8398 = VECTOR ( 'NONE', #8550, 1000.000000000000000 ) ;
#8399 = DIRECTION ( 'NONE',  ( 0.000000000000000000, 0.000000000000000000, -1.000000000000000000 ) ) ;
#8400 = LINE ( 'NONE', #7600, #5852 ) ;
#8401 = EDGE_LOOP ( 'NONE', ( #6975, #8088, #8141, #3736 ) ) ;
#8402 = ORIENTED_EDGE ( 'NONE', *, *, #3305, .F. ) ;
#8403 = CARTESIAN_POINT ( 'NONE',  ( 11.11862117367210168, -4.994728181037624282, -3.266399720341551127 ) ) ;
#8404 = VECTOR ( 'NONE', #6775, 1000.000000000000000 ) ;
#8405 = ADVANCED_FACE ( 'NONE', ( #3682 ), #5155, .T. ) ;
#8406 = EDGE_CURVE ( 'NONE', #1434, #4491, #8713, .T. ) ;
#8407 = ORIENTED_EDGE ( 'NONE', *, *, #2612, .T. ) ;
#8408 = CARTESIAN_POINT ( 'NONE',  ( -63.54634611201960581, -3.250000000000000444, -4.766399720341551571 ) ) ;
#8409 = ORIENTED_EDGE ( 'NONE', *, *, #5577, .F. ) ;
#8410 = CARTESIAN_POINT ( 'NONE',  ( -13.10069371300876995, -26.24999999999999645, 25.00000000000000000 ) ) ;
#8411 = CIRCLE ( 'NONE', #7810, 1.500000000000001332 ) ;
#8412 = CARTESIAN_POINT ( 'NONE',  ( -13.92158689150289952, -23.24999999999999645, 20.93683708947935429 ) ) ;
#8413 = ORIENTED_EDGE ( 'NONE', *, *, #77, .T. ) ;
#8414 = ORIENTED_EDGE ( 'NONE', *, *, #169, .F. ) ;
#8415 = CARTESIAN_POINT ( 'NONE',  ( -54.49344095995157033, -21.92999999999999616, 4.003742511880600041 ) ) ;
#8416 = AXIS2_PLACEMENT_3D ( 'NONE', #6831, #3838, #1853 ) ;
#8417 = EDGE_LOOP ( 'NONE', ( #8134, #3280, #6252, #7225 ) ) ;
#8418 = EDGE_CURVE ( 'NONE', #3749, #9313, #8001, .T. ) ;
#8419 = EDGE_CURVE ( 'NONE', #4445, #1216, #2215, .T. ) ;
#8420 = VECTOR ( 'NONE', #8780, 1000.000000000000000 ) ;
#8421 = EDGE_CURVE ( 'NONE', #5996, #6388, #3634, .T. ) ;
#8422 = ORIENTED_EDGE ( 'NONE', *, *, #6260, .F. ) ;
#8423 = ADVANCED_FACE ( 'NONE', ( #3733 ), #1557, .F. ) ;
#8424 = CARTESIAN_POINT ( 'NONE',  ( -52.59336655716672482, -23.74999999999999645, 2.359344522005430544 ) ) ;
#8425 = EDGE_LOOP ( 'NONE', ( #3709, #4339, #3554, #2661 ) ) ;
#8426 = LINE ( 'NONE', #4064, #62 ) ;
#8427 = DIRECTION ( 'NONE',  ( 0.000000000000000000, -1.000000000000000000, 0.000000000000000000 ) ) ;
#8428 = DIRECTION ( 'NONE',  ( -1.000000000000000000, 0.000000000000000000, 0.000000000000000000 ) ) ;
#8429 = CIRCLE ( 'NONE', #4183, 2.999999999999999112 ) ;
#8430 = ORIENTED_EDGE ( 'NONE', *, *, #9234, .F. ) ;
#8431 = ORIENTED_EDGE ( 'NONE', *, *, #3764, .T. ) ;
#8432 = LINE ( 'NONE', #1231, #4648 ) ;
#8433 = EDGE_CURVE ( 'NONE', #4186, #2461, #7508, .T. ) ;
#8434 = CIRCLE ( 'NONE', #3429, 0.5000000000000004441 ) ;
#8435 = DIRECTION ( 'NONE',  ( -1.000000000000000000, 0.000000000000000000, 0.000000000000000000 ) ) ;
#8436 = DIRECTION ( 'NONE',  ( 0.000000000000000000, 0.000000000000000000, -1.000000000000000000 ) ) ;
#8437 = DIRECTION ( 'NONE',  ( -0.000000000000000000, 1.000000000000000000, -0.000000000000000000 ) ) ;
#8438 = DIRECTION ( 'NONE',  ( 1.000000000000000000, 0.000000000000000000, -0.000000000000000000 ) ) ;
#8439 = EDGE_CURVE ( 'NONE', #2018, #3383, #2122, .T. ) ;
#8440 = CIRCLE ( 'NONE', #3282, 4.099999999999999645 ) ;
#8441 = ORIENTED_EDGE ( 'NONE', *, *, #1468, .T. ) ;
#8442 = CARTESIAN_POINT ( 'NONE',  ( -7.791905798005583250, -23.74999999999999645, 20.93683708947935429 ) ) ;
#8443 = DIRECTION ( 'NONE',  ( -1.000000000000000000, 0.000000000000000000, 0.000000000000000000 ) ) ;
#8444 = CARTESIAN_POINT ( 'NONE',  ( -44.08372187312362200, -8.826403837643526984, 25.73360027965844665 ) ) ;
#8445 = FACE_OUTER_BOUND ( 'NONE', #1693, .T. ) ;
#8446 = EDGE_CURVE ( 'NONE', #2018, #8827, #7955, .T. ) ;
#8447 = ORIENTED_EDGE ( 'NONE', *, *, #2089, .T. ) ;
#8448 = CARTESIAN_POINT ( 'NONE',  ( -33.12290989087977522, -8.826403837643526984, 27.73360027965844665 ) ) ;
#8449 = DIRECTION ( 'NONE',  ( -1.000000000000000000, 0.000000000000000000, 0.000000000000000000 ) ) ;
#8450 = DIRECTION ( 'NONE',  ( -0.5599897318154830606, -0.8284995475322984859, -0.000000000000000000 ) ) ;
#8451 = ADVANCED_FACE ( 'NONE', ( #5917 ), #3589, .T. ) ;
#8452 = ORIENTED_EDGE ( 'NONE', *, *, #986, .T. ) ;
#8453 = ORIENTED_EDGE ( 'NONE', *, *, #4696, .T. ) ;
#8454 = VERTEX_POINT ( 'NONE', #4403 ) ;
#8455 = CARTESIAN_POINT ( 'NONE',  ( -53.99344095995156323, -26.24999999999999645, 22.93434452200543205 ) ) ;
#8456 = CARTESIAN_POINT ( 'NONE',  ( 0.000000000000000000, 0.000000000000000000, 23.50000000000000000 ) ) ;
#8457 = ORIENTED_EDGE ( 'NONE', *, *, #766, .F. ) ;
#8458 = CARTESIAN_POINT ( 'NONE',  ( -51.19329215438187930, -28.24999999999999645, -0.06565547799456866729 ) ) ;
#8459 = AXIS2_PLACEMENT_3D ( 'NONE', #7967, #1477, #7206 ) ;
#8460 = ORIENTED_EDGE ( 'NONE', *, *, #8947, .T. ) ;
#8461 = CARTESIAN_POINT ( 'NONE',  ( -53.99344095995156323, -8.929999999999994387, 22.93434452200543205 ) ) ;
#8462 = PLANE ( 'NONE',  #7055 ) ;
#8463 = ADVANCED_FACE ( 'NONE', ( #7289, #2303 ), #4265, .T. ) ;
#8464 = ORIENTED_EDGE ( 'NONE', *, *, #5848, .F. ) ;
#8465 = EDGE_LOOP ( 'NONE', ( #2454, #2580 ) ) ;
#8466 = CARTESIAN_POINT ( 'NONE',  ( 3.506559040048433218, -21.92999999999999616, 18.86494653213027206 ) ) ;
#8467 = AXIS2_PLACEMENT_3D ( 'NONE', #2845, #5173, #5748 ) ;
#8468 = ORIENTED_EDGE ( 'NONE', *, *, #1338, .T. ) ;
#8469 = ORIENTED_EDGE ( 'NONE', *, *, #454, .T. ) ;
#8470 = CARTESIAN_POINT ( 'NONE',  ( 9.852138384579765429, -28.24999999999999645, 8.561872586650322248 ) ) ;
#8471 = ORIENTED_EDGE ( 'NONE', *, *, #1908, .T. ) ;
#8472 = FACE_OUTER_BOUND ( 'NONE', #2616, .T. ) ;
#8473 = CIRCLE ( 'NONE', #6359, 0.5000000000000004441 ) ;
#8474 = LINE ( 'NONE', #3482, #3868 ) ;
#8475 = ADVANCED_FACE ( 'NONE', ( #702 ), #657, .T. ) ;
#8476 = ADVANCED_FACE ( 'NONE', ( #5020 ), #320, .T. ) ;
#8477 = VERTEX_POINT ( 'NONE', #7428 ) ;
#8478 = EDGE_CURVE ( 'NONE', #3086, #260, #3973, .T. ) ;
#8479 = ORIENTED_EDGE ( 'NONE', *, *, #2763, .T. ) ;
#8480 = DIRECTION ( 'NONE',  ( 1.000000000000000000, -0.000000000000000000, -0.000000000000000000 ) ) ;
#8481 = AXIS2_PLACEMENT_3D ( 'NONE', #5457, #1859, #1052 ) ;
#8482 = PLANE ( 'NONE',  #9388 ) ;
#8483 = DIRECTION ( 'NONE',  ( 0.000000000000000000, 0.000000000000000000, -1.000000000000000000 ) ) ;
#8484 = CARTESIAN_POINT ( 'NONE',  ( 4.506559040048433218, -21.92999999999999616, 18.86494653213027206 ) ) ;
#8485 = DIRECTION ( 'NONE',  ( -1.000000000000000000, 0.000000000000000000, 0.000000000000000000 ) ) ;
#8486 = VECTOR ( 'NONE', #3161, 1000.000000000000000 ) ;
#8487 = AXIS2_PLACEMENT_3D ( 'NONE', #8787, #8651, #2288 ) ;
#8488 = EDGE_CURVE ( 'NONE', #967, #7731, #6821, .T. ) ;
#8489 = EDGE_CURVE ( 'NONE', #209, #7901, #3247, .T. ) ;
#8490 = EDGE_LOOP ( 'NONE', ( #5054, #488, #1866, #8792, #834, #7222 ) ) ;
#8491 = DIRECTION ( 'NONE',  ( -1.000000000000000000, 0.000000000000000000, 0.000000000000000000 ) ) ;
#8492 = LINE ( 'NONE', #8347, #5051 ) ;
#8493 = LINE ( 'NONE', #6978, #3158 ) ;
#8494 = DIRECTION ( 'NONE',  ( 1.000000000000000000, 0.000000000000000000, -0.000000000000000000 ) ) ;
#8495 = VECTOR ( 'NONE', #1462, 1000.000000000000000 ) ;
#8496 = VECTOR ( 'NONE', #4603, 1000.000000000000000 ) ;
#8497 = EDGE_LOOP ( 'NONE', ( #6755, #7314, #3289, #7664 ) ) ;
#8498 = FACE_BOUND ( 'NONE', #3718, .T. ) ;
#8499 = DIRECTION ( 'NONE',  ( -0.000000000000000000, -0.000000000000000000, -1.000000000000000000 ) ) ;
#8500 = DIRECTION ( 'NONE',  ( 0.000000000000000000, 1.000000000000000000, 0.000000000000000000 ) ) ;
#8501 = VERTEX_POINT ( 'NONE', #3873 ) ;
#8502 = CIRCLE ( 'NONE', #4413, 4.100000000000000533 ) ;
#8503 = VERTEX_POINT ( 'NONE', #173 ) ;
#8504 = ORIENTED_EDGE ( 'NONE', *, *, #1945, .T. ) ;
#8505 = CARTESIAN_POINT ( 'NONE',  ( -58.05423323242929001, -21.92999999999999616, 0.5000000000000000000 ) ) ;
#8506 = CARTESIAN_POINT ( 'NONE',  ( -58.06283894982672678, -21.92999999999999616, 23.43434452200543205 ) ) ;
#8507 = ORIENTED_EDGE ( 'NONE', *, *, #2507, .T. ) ;
#8508 = CARTESIAN_POINT ( 'NONE',  ( 0.000000000000000000, -24.74999999999999645, 0.000000000000000000 ) ) ;
#8509 = DIRECTION ( 'NONE',  ( 0.000000000000000000, -1.000000000000000000, -0.000000000000000000 ) ) ;
#8510 = ORIENTED_EDGE ( 'NONE', *, *, #7366, .T. ) ;
#8511 = ORIENTED_EDGE ( 'NONE', *, *, #7353, .F. ) ;
#8512 = LINE ( 'NONE', #8554, #3034 ) ;
#8513 = ORIENTED_EDGE ( 'NONE', *, *, #7995, .F. ) ;
#8514 = EDGE_CURVE ( 'NONE', #2914, #7315, #366, .T. ) ;
#8515 = VERTEX_POINT ( 'NONE', #5342 ) ;
#8516 = LINE ( 'NONE', #6389, #9102 ) ;
#8517 = VERTEX_POINT ( 'NONE', #216 ) ;
#8518 = CARTESIAN_POINT ( 'NONE',  ( -11.02830546420950242, -26.24999999999999645, 27.73360027965844665 ) ) ;
#8519 = LINE ( 'NONE', #5674, #4472 ) ;
#8520 = VERTEX_POINT ( 'NONE', #6061 ) ;
#8521 = EDGE_LOOP ( 'NONE', ( #5536, #8407, #1928, #581 ) ) ;
#8522 = FACE_OUTER_BOUND ( 'NONE', #7010, .T. ) ;
#8523 = EDGE_CURVE ( 'NONE', #2015, #1241, #4684, .T. ) ;
#8524 = DIRECTION ( 'NONE',  ( -1.000000000000000000, 0.000000000000000000, 0.000000000000000000 ) ) ;
#8525 = CYLINDRICAL_SURFACE ( 'NONE', #8783, 2.999999999999999112 ) ;
#8526 = ADVANCED_FACE ( 'NONE', ( #2350 ), #1034, .F. ) ;
#8527 = DIRECTION ( 'NONE',  ( 0.000000000000000000, 0.000000000000000000, -1.000000000000000000 ) ) ;
#8528 = CARTESIAN_POINT ( 'NONE',  ( 35.00000000000000000, -8.826329982690657161, 20.20998229243706845 ) ) ;
#8529 = ORIENTED_EDGE ( 'NONE', *, *, #8356, .F. ) ;
#8530 = CARTESIAN_POINT ( 'NONE',  ( -19.09745133157055719, -8.758879821827083134, 27.73360027965844665 ) ) ;
#8531 = CARTESIAN_POINT ( 'NONE',  ( -20.14526954535771353, -11.79005581014418880, 26.77397846476551280 ) ) ;
#8532 = CIRCLE ( 'NONE', #48, 1.600000000000002531 ) ;
#8533 = CARTESIAN_POINT ( 'NONE',  ( -53.99344095995156323, -8.929999999999994387, -0.06565547799456880607 ) ) ;
#8534 = CYLINDRICAL_SURFACE ( 'NONE', #1229, 1.199999999999999734 ) ;
#8535 = EDGE_CURVE ( 'NONE', #7283, #5290, #267, .T. ) ;
#8536 = EDGE_LOOP ( 'NONE', ( #4433, #503, #65, #5179 ) ) ;
#8537 = PLANE ( 'NONE',  #4978 ) ;
#8538 = CARTESIAN_POINT ( 'NONE',  ( -52.15315098191918253, -8.929999999999994387, 25.73360027965844665 ) ) ;
#8539 = PLANE ( 'NONE',  #2365 ) ;
#8540 = AXIS2_PLACEMENT_3D ( 'NONE', #3481, #9275, #1977 ) ;
#8541 = VERTEX_POINT ( 'NONE', #8996 ) ;
#8542 = EDGE_LOOP ( 'NONE', ( #755, #3382, #2132, #8130 ) ) ;
#8543 = ORIENTED_EDGE ( 'NONE', *, *, #8297, .F. ) ;
#8544 = DIRECTION ( 'NONE',  ( 0.000000000000000000, 0.000000000000000000, -1.000000000000000000 ) ) ;
#8545 = DIRECTION ( 'NONE',  ( 0.000000000000000000, 1.000000000000000000, 0.000000000000000000 ) ) ;
#8546 = AXIS2_PLACEMENT_3D ( 'NONE', #5088, #7129, #7888 ) ;
#8547 = ADVANCED_FACE ( 'NONE', ( #3825 ), #7474, .F. ) ;
#8548 = ORIENTED_EDGE ( 'NONE', *, *, #6756, .F. ) ;
#8549 = FACE_OUTER_BOUND ( 'NONE', #489, .T. ) ;
#8550 = DIRECTION ( 'NONE',  ( -1.000000000000000000, 0.000000000000000000, 0.000000000000000000 ) ) ;
#8551 = VECTOR ( 'NONE', #6250, 1000.000000000000000 ) ;
#8552 = ORIENTED_EDGE ( 'NONE', *, *, #347, .T. ) ;
#8553 = ORIENTED_EDGE ( 'NONE', *, *, #3315, .F. ) ;
#8554 = CARTESIAN_POINT ( 'NONE',  ( -11.02830546420950242, -14.00699220561814329, 35.00000000000000000 ) ) ;
#8555 = VERTEX_POINT ( 'NONE', #3777 ) ;
#8556 = ORIENTED_EDGE ( 'NONE', *, *, #9364, .F. ) ;
#8557 = DIRECTION ( 'NONE',  ( -1.000000000000000000, -0.000000000000000000, -0.000000000000000000 ) ) ;
#8558 = VECTOR ( 'NONE', #8428, 1000.000000000000000 ) ;
#8559 = VERTEX_POINT ( 'NONE', #1603 ) ;
#8560 = CARTESIAN_POINT ( 'NONE',  ( -66.98095531993472207, -21.03051657120438378, -6.766399720341551571 ) ) ;
#8561 = CARTESIAN_POINT ( 'NONE',  ( 7.852138384579765429, -26.24999999999999645, -4.766399720341551571 ) ) ;
#8562 = VECTOR ( 'NONE', #1804, 1000.000000000000000 ) ;
#8563 = EDGE_CURVE ( 'NONE', #6864, #3767, #9046, .T. ) ;
#8564 = EDGE_CURVE ( 'NONE', #4388, #1413, #6915, .T. ) ;
#8565 = ORIENTED_EDGE ( 'NONE', *, *, #4431, .T. ) ;
#8566 = VECTOR ( 'NONE', #8696, 1000.000000000000000 ) ;
#8567 = ORIENTED_EDGE ( 'NONE', *, *, #7777, .F. ) ;
#8568 = CARTESIAN_POINT ( 'NONE',  ( -31.99253646513271931, -13.99840717847742511, 35.00000000000000000 ) ) ;
#8569 = CARTESIAN_POINT ( 'NONE',  ( 6.806707845618117148, -28.24999999999999645, 22.93434452200543561 ) ) ;
#8570 = DIRECTION ( 'NONE',  ( 0.000000000000000000, 0.000000000000000000, 1.000000000000000000 ) ) ;
#8571 = AXIS2_PLACEMENT_3D ( 'NONE', #2874, #7240, #5824 ) ;
#8572 = CARTESIAN_POINT ( 'NONE',  ( -10.79999054116380997, -12.75000000000000000, 26.77397846476551280 ) ) ;
#8573 = FACE_OUTER_BOUND ( 'NONE', #891, .T. ) ;
#8574 = AXIS2_PLACEMENT_3D ( 'NONE', #6224, #2375, #8158 ) ;
#8575 = CARTESIAN_POINT ( 'NONE',  ( -45.51752198131479332, -18.91796799097089732, 22.73360027965845021 ) ) ;
#8576 = EDGE_CURVE ( 'NONE', #6777, #1078, #888, .T. ) ;
#8577 = VERTEX_POINT ( 'NONE', #3053 ) ;
#8578 = DIRECTION ( 'NONE',  ( -0.000000000000000000, 0.000000000000000000, 1.000000000000000000 ) ) ;
#8579 = VECTOR ( 'NONE', #5711, 1000.000000000000114 ) ;
#8580 = CARTESIAN_POINT ( 'NONE',  ( -51.19329215438187930, -23.74999999999999645, 22.93434452200542495 ) ) ;
#8581 = VECTOR ( 'NONE', #7914, 1000.000000000000000 ) ;
#8582 = CARTESIAN_POINT ( 'NONE',  ( -14.42158689150289952, -25.74999999999999645, 22.88956924811451188 ) ) ;
#8583 = LINE ( 'NONE', #7735, #3013 ) ;
#8584 = ORIENTED_EDGE ( 'NONE', *, *, #3358, .T. ) ;
#8585 = CARTESIAN_POINT ( 'NONE',  ( -14.45632582902195473, -24.24999999999999289, 3.416424131227112859 ) ) ;
#8586 = LINE ( 'NONE', #577, #4331 ) ;
#8587 = CIRCLE ( 'NONE', #863, 4.100000000000007638 ) ;
#8588 = ADVANCED_FACE ( 'NONE', ( #4541 ), #982, .F. ) ;
#8589 = LINE ( 'NONE', #9347, #6470 ) ;
#8590 = ORIENTED_EDGE ( 'NONE', *, *, #9175, .T. ) ;
#8591 = EDGE_CURVE ( 'NONE', #1476, #1980, #2401, .T. ) ;
#8592 = EDGE_CURVE ( 'NONE', #4992, #4824, #5393, .T. ) ;
#8593 = DIRECTION ( 'NONE',  ( 0.000000000000000000, 0.000000000000000000, -1.000000000000000000 ) ) ;
#8594 = ADVANCED_FACE ( 'NONE', ( #3922 ), #1748, .F. ) ;
#8595 = CARTESIAN_POINT ( 'NONE',  ( 2.606484637263591697, -23.74999999999999645, 25.35934452200542921 ) ) ;
#8596 = DIRECTION ( 'NONE',  ( -0.000000000000000000, -1.000000000000000000, -0.000000000000000000 ) ) ;
#8597 = ORIENTED_EDGE ( 'NONE', *, *, #3791, .T. ) ;
#8598 = CARTESIAN_POINT ( 'NONE',  ( -33.12290989087977522, -8.826403837643525208, 35.00000000000000000 ) ) ;
#8599 = DIRECTION ( 'NONE',  ( 0.000000000000000000, 0.000000000000000000, -1.000000000000000000 ) ) ;
#8600 = CYLINDRICAL_SURFACE ( 'NONE', #3423, 1.600000000000004086 ) ;
#8601 = EDGE_CURVE ( 'NONE', #7176, #270, #6198, .T. ) ;
#8602 = VERTEX_POINT ( 'NONE', #4287 ) ;
#8603 = ORIENTED_EDGE ( 'NONE', *, *, #4878, .F. ) ;
#8604 = CARTESIAN_POINT ( 'NONE',  ( 4.506559040048433218, 0.000000000000000000, 0.000000000000000000 ) ) ;
#8605 = ORIENTED_EDGE ( 'NONE', *, *, #7366, .F. ) ;
#8606 = ORIENTED_EDGE ( 'NONE', *, *, #8820, .F. ) ;
#8607 = FILL_AREA_STYLE_COLOUR ( '', #5013 ) ;
#8608 = VERTEX_POINT ( 'NONE', #7889 ) ;
#8609 = EDGE_CURVE ( 'NONE', #1311, #7176, #7174, .T. ) ;
#8610 = LINE ( 'NONE', #2952, #5359 ) ;
#8611 = CARTESIAN_POINT ( 'NONE',  ( 4.006559040048433218, -21.92999999999999616, -4.165655477994569367 ) ) ;
#8612 = VECTOR ( 'NONE', #3980, 1000.000000000000000 ) ;
#8613 = ORIENTED_EDGE ( 'NONE', *, *, #3605, .T. ) ;
#8614 = ORIENTED_EDGE ( 'NONE', *, *, #1350, .T. ) ;
#8615 = LINE ( 'NONE', #6574, #788 ) ;
#8616 = DIRECTION ( 'NONE',  ( -1.000000000000000000, 0.000000000000000000, 0.000000000000000000 ) ) ;
#8617 = DIRECTION ( 'NONE',  ( -0.000000000000000000, -1.000000000000000000, -0.000000000000000000 ) ) ;
#8618 = VECTOR ( 'NONE', #3422, 1000.000000000000000 ) ;
#8619 = ADVANCED_FACE ( 'NONE', ( #4779 ), #4826, .F. ) ;
#8620 = DIRECTION ( 'NONE',  ( 0.000000000000000000, 1.298842177042580110E-16, 1.000000000000000000 ) ) ;
#8621 = DIRECTION ( 'NONE',  ( -0.8660254037844390407, 0.000000000000000000, 0.4999999999999994449 ) ) ;
#8622 = CARTESIAN_POINT ( 'NONE',  ( 7.852138384579765429, -3.249999999999999556, -6.766399720341551571 ) ) ;
#8623 = ORIENTED_EDGE ( 'NONE', *, *, #6850, .T. ) ;
#8624 = VECTOR ( 'NONE', #6729, 1000.000000000000000 ) ;
#8625 = DIRECTION ( 'NONE',  ( 0.000000000000000000, 0.000000000000000000, -1.000000000000000000 ) ) ;
#8626 = CYLINDRICAL_SURFACE ( 'NONE', #8320, 3.499999999999999556 ) ;
#8627 = FACE_BOUND ( 'NONE', #7179, .T. ) ;
#8628 = EDGE_CURVE ( 'NONE', #3100, #2499, #5039, .T. ) ;
#8629 = EDGE_CURVE ( 'NONE', #800, #8084, #6763, .T. ) ;
#8630 = VERTEX_POINT ( 'NONE', #2144 ) ;
#8631 = DIRECTION ( 'NONE',  ( -0.000000000000000000, -1.000000000000000000, -0.000000000000000000 ) ) ;
#8632 = LINE ( 'NONE', #2134, #8257 ) ;
#8633 = VECTOR ( 'NONE', #5017, 1000.000000000000000 ) ;
#8634 = VECTOR ( 'NONE', #61, 1000.000000000000000 ) ;
#8635 = CARTESIAN_POINT ( 'NONE',  ( 6.352138384579765429, -26.24999999999999645, -6.766399720341551571 ) ) ;
#8636 = ORIENTED_EDGE ( 'NONE', *, *, #1623, .F. ) ;
#8637 = LINE ( 'NONE', #1528, #4554 ) ;
#8638 = LINE ( 'NONE', #3699, #2421 ) ;
#8639 = VECTOR ( 'NONE', #6730, 1000.000000000000000 ) ;
#8640 = VECTOR ( 'NONE', #9394, 1000.000000000000000 ) ;
#8641 = CARTESIAN_POINT ( 'NONE',  ( -53.99344095995156323, -21.92999999999999616, 22.93434452200543205 ) ) ;
#8642 = EDGE_LOOP ( 'NONE', ( #6336, #1544, #3591, #4508, #751 ) ) ;
#8643 = DIRECTION ( 'NONE',  ( 0.4999999999999997224, 0.000000000000000000, -0.8660254037844388186 ) ) ;
#8644 = EDGE_CURVE ( 'NONE', #9230, #685, #9090, .T. ) ;
#8645 = FACE_OUTER_BOUND ( 'NONE', #2262, .T. ) ;
#8646 = CARTESIAN_POINT ( 'NONE',  ( -61.55073236542024517, -13.42906725808352952, 4.952562545487270818 ) ) ;
#8647 = VECTOR ( 'NONE', #8617, 1000.000000000000000 ) ;
#8648 = CIRCLE ( 'NONE', #10, 4.000000000000000000 ) ;
#8649 = VERTEX_POINT ( 'NONE', #7931 ) ;
#8650 = ORIENTED_EDGE ( 'NONE', *, *, #1731, .F. ) ;
#8651 = DIRECTION ( 'NONE',  ( 0.000000000000000000, -1.000000000000000000, 0.000000000000000000 ) ) ;
#8652 = VECTOR ( 'NONE', #4162, 1000.000000000000000 ) ;
#8653 = VERTEX_POINT ( 'NONE', #9357 ) ;
#8654 = CIRCLE ( 'NONE', #6997, 3.350000000000002309 ) ;
#8655 = VERTEX_POINT ( 'NONE', #2589 ) ;
#8656 = SURFACE_STYLE_USAGE ( .BOTH. , #3800 ) ;
#8657 = ORIENTED_EDGE ( 'NONE', *, *, #3712, .T. ) ;
#8658 = EDGE_CURVE ( 'NONE', #5410, #7000, #3577, .T. ) ;
#8659 = DIRECTION ( 'NONE',  ( 1.000000000000000000, -0.000000000000000000, -0.000000000000000000 ) ) ;
#8660 = LINE ( 'NONE', #7372, #3096 ) ;
#8661 = ORIENTED_EDGE ( 'NONE', *, *, #1757, .T. ) ;
#8662 = ORIENTED_EDGE ( 'NONE', *, *, #1005, .T. ) ;
#8663 = DIRECTION ( 'NONE',  ( -0.000000000000000000, -1.000000000000000000, -0.000000000000000000 ) ) ;
#8664 = CARTESIAN_POINT ( 'NONE',  ( -9.100693713008769947, -24.24999999999999289, 25.00000000000000000 ) ) ;
#8665 = DIRECTION ( 'NONE',  ( -0.000000000000000000, -1.000000000000000000, -0.000000000000000000 ) ) ;
#8666 = EDGE_CURVE ( 'NONE', #3239, #8454, #8329, .T. ) ;
#8667 = DIRECTION ( 'NONE',  ( 1.000000000000000000, -0.000000000000000000, -0.000000000000000000 ) ) ;
#8668 = PLANE ( 'NONE',  #4338 ) ;
#8669 = PLANE ( 'NONE',  #5215 ) ;
#8670 = ORIENTED_EDGE ( 'NONE', *, *, #3837, .T. ) ;
#8671 = CARTESIAN_POINT ( 'NONE',  ( -66.60685805559241146, -24.74999999999999645, 8.651356676155737446 ) ) ;
#8672 = DIRECTION ( 'NONE',  ( -1.000000000000000000, 0.000000000000000000, 0.000000000000000000 ) ) ;
#8673 = CARTESIAN_POINT ( 'NONE',  ( -52.59336655716672482, -23.74999999999999645, 2.359344522005430544 ) ) ;
#8674 = ORIENTED_EDGE ( 'NONE', *, *, #8879, .T. ) ;
#8675 = CARTESIAN_POINT ( 'NONE',  ( 7.852138384579765429, -8.826329982690657161, 2.675341377437610024 ) ) ;
#8676 = DIRECTION ( 'NONE',  ( 0.000000000000000000, 0.000000000000000000, -1.000000000000000000 ) ) ;
#8677 = CARTESIAN_POINT ( 'NONE',  ( 35.00000000000000000, -14.40530737074389300, 20.20998229243706845 ) ) ;
#8678 = ORIENTED_EDGE ( 'NONE', *, *, #1017, .T. ) ;
#8679 = PLANE ( 'NONE',  #6381 ) ;
#8680 = ADVANCED_FACE ( 'NONE', ( #7713 ), #8600, .F. ) ;
#8681 = DIRECTION ( 'NONE',  ( 0.000000000000000000, 1.000000000000000000, 0.000000000000000000 ) ) ;
#8682 = LINE ( 'NONE', #7214, #4378 ) ;
#8683 = ORIENTED_EDGE ( 'NONE', *, *, #3394, .F. ) ;
#8684 = CARTESIAN_POINT ( 'NONE',  ( -11.02830546420950242, -26.24999999999999645, 25.73360027965844665 ) ) ;
#8685 = VECTOR ( 'NONE', #5405, 1000.000000000000000 ) ;
#8686 = CARTESIAN_POINT ( 'NONE',  ( -66.53120306077292412, -24.74999999999999645, 11.77961269154898716 ) ) ;
#8687 = CARTESIAN_POINT ( 'NONE',  ( 9.852138384579765429, -28.24999999999999645, 8.561872586650322248 ) ) ;
#8688 = ORIENTED_EDGE ( 'NONE', *, *, #6739, .F. ) ;
#8689 = ADVANCED_FACE ( 'NONE', ( #3611 ), #7130, .T. ) ;
#8690 = VERTEX_POINT ( 'NONE', #1399 ) ;
#8691 = DIRECTION ( 'NONE',  ( -0.000000000000000000, -1.000000000000000000, -0.000000000000000000 ) ) ;
#8692 = AXIS2_PLACEMENT_3D ( 'NONE', #2293, #2246, #7853 ) ;
#8693 = ADVANCED_FACE ( 'NONE', ( #6422 ), #678, .T. ) ;
#8694 = ORIENTED_EDGE ( 'NONE', *, *, #7845, .T. ) ;
#8695 = EDGE_LOOP ( 'NONE', ( #2092, #6186, #4582, #4571 ) ) ;
#8696 = DIRECTION ( 'NONE',  ( 1.229731407598143378E-16, 1.000000000000000000, 0.000000000000000000 ) ) ;
#8697 = VERTEX_POINT ( 'NONE', #5753 ) ;
#8698 = LINE ( 'NONE', #2201, #3537 ) ;
#8699 = AXIS2_PLACEMENT_3D ( 'NONE', #2850, #5752, #2143 ) ;
#8700 = FACE_OUTER_BOUND ( 'NONE', #8401, .T. ) ;
#8701 = ORIENTED_EDGE ( 'NONE', *, *, #7946, .F. ) ;
#8702 = EDGE_CURVE ( 'NONE', #3907, #7409, #8434, .T. ) ;
#8703 = EDGE_CURVE ( 'NONE', #7659, #5069, #1886, .T. ) ;
#8704 = EDGE_CURVE ( 'NONE', #6907, #2667, #1841, .T. ) ;
#8705 = ORIENTED_EDGE ( 'NONE', *, *, #6101, .T. ) ;
#8706 = EDGE_CURVE ( 'NONE', #9320, #3065, #6913, .T. ) ;
#8707 = FACE_OUTER_BOUND ( 'NONE', #2300, .T. ) ;
#8708 = CIRCLE ( 'NONE', #535, 1.349999999999998757 ) ;
#8709 = ORIENTED_EDGE ( 'NONE', *, *, #4067, .F. ) ;
#8710 = CARTESIAN_POINT ( 'NONE',  ( -69.60685805559241146, -28.24999999999999645, 11.65135667615573745 ) ) ;
#8711 = CARTESIAN_POINT ( 'NONE',  ( -21.00632283287208324, -8.826403837643525208, 35.00000000000000000 ) ) ;
#8712 = DIRECTION ( 'NONE',  ( 0.000000000000000000, 0.000000000000000000, -1.000000000000000000 ) ) ;
#8713 = LINE ( 'NONE', #2165, #3110 ) ;
#8714 = DIRECTION ( 'NONE',  ( 0.000000000000000000, 0.000000000000000000, -1.000000000000000000 ) ) ;
#8715 = VECTOR ( 'NONE', #1095, 1000.000000000000000 ) ;
#8716 = AXIS2_PLACEMENT_3D ( 'NONE', #4004, #970, #7562 ) ;
#8717 = ORIENTED_EDGE ( 'NONE', *, *, #2956, .T. ) ;
#8718 = ADVANCED_FACE ( 'NONE', ( #3706 ), #2988, .F. ) ;
#8719 = ORIENTED_EDGE ( 'NONE', *, *, #5148, .F. ) ;
#8720 = DIRECTION ( 'NONE',  ( 0.000000000000000000, 0.000000000000000000, -1.000000000000000000 ) ) ;
#8721 = VECTOR ( 'NONE', #937, 1000.000000000000000 ) ;
#8722 = FACE_OUTER_BOUND ( 'NONE', #2989, .T. ) ;
#8723 = CARTESIAN_POINT ( 'NONE',  ( 13.55308861578300039, -4.994728181037625170, -3.266399720341551127 ) ) ;
#8724 = VECTOR ( 'NONE', #2385, 1000.000000000000000 ) ;
#8725 = DIRECTION ( 'NONE',  ( -1.000000000000000000, 0.000000000000000000, -0.000000000000000000 ) ) ;
#8726 = DIRECTION ( 'NONE',  ( 0.000000000000000000, 0.000000000000000000, 1.000000000000000000 ) ) ;
#8727 = DIRECTION ( 'NONE',  ( 0.000000000000000000, 0.000000000000000000, 1.000000000000000000 ) ) ;
#8728 = AXIS2_PLACEMENT_3D ( 'NONE', #2236, #7981, #6558 ) ;
#8729 = ORIENTED_EDGE ( 'NONE', *, *, #7583, .F. ) ;
#8730 = ORIENTED_EDGE ( 'NONE', *, *, #3097, .T. ) ;
#8731 = DIRECTION ( 'NONE',  ( 0.000000000000000000, 0.000000000000000000, -1.000000000000000000 ) ) ;
#8732 = EDGE_CURVE ( 'NONE', #2021, #8602, #4471, .T. ) ;
#8733 = DIRECTION ( 'NONE',  ( 0.000000000000000000, 1.000000000000000000, 0.000000000000000000 ) ) ;
#8734 = VECTOR ( 'NONE', #7691, 1000.000000000000114 ) ;
#8735 = ORIENTED_EDGE ( 'NONE', *, *, #2688, .F. ) ;
#8736 = FACE_OUTER_BOUND ( 'NONE', #4965, .T. ) ;
#8737 = ADVANCED_FACE ( 'NONE', ( #1674 ), #960, .T. ) ;
#8738 = CARTESIAN_POINT ( 'NONE',  ( -60.05073236542024517, -28.24999999999999645, 27.73360027965844665 ) ) ;
#8739 = LINE ( 'NONE', #3033, #1018 ) ;
#8740 = VECTOR ( 'NONE', #4093, 1000.000000000000000 ) ;
#8741 = ORIENTED_EDGE ( 'NONE', *, *, #231, .F. ) ;
#8742 = ORIENTED_EDGE ( 'NONE', *, *, #2773, .T. ) ;
#8743 = FACE_OUTER_BOUND ( 'NONE', #6234, .T. ) ;
#8744 = ORIENTED_EDGE ( 'NONE', *, *, #6871, .T. ) ;
#8745 = ORIENTED_EDGE ( 'NONE', *, *, #5056, .T. ) ;
#8746 = CARTESIAN_POINT ( 'NONE',  ( 2.606484637263591697, -28.24999999999999645, 25.35934452200542921 ) ) ;
#8747 = ORIENTED_EDGE ( 'NONE', *, *, #1219, .T. ) ;
#8748 = EDGE_CURVE ( 'NONE', #3816, #8123, #8739, .T. ) ;
#8749 = CARTESIAN_POINT ( 'NONE',  ( 14.65304598478975251, -21.03051657120438378, -3.266399720341551127 ) ) ;
#8750 = DIRECTION ( 'NONE',  ( -1.000000000000000000, 0.000000000000000000, 0.000000000000000000 ) ) ;
#8751 = VERTEX_POINT ( 'NONE', #5089 ) ;
#8752 = FACE_OUTER_BOUND ( 'NONE', #6245, .T. ) ;
#8753 = ORIENTED_EDGE ( 'NONE', *, *, #5928, .T. ) ;
#8754 = LINE ( 'NONE', #8047, #8766 ) ;
#8755 = VERTEX_POINT ( 'NONE', #6700 ) ;
#8756 = CARTESIAN_POINT ( 'NONE',  ( -55.39351536273639454, -28.24999999999999645, -2.490655477994575762 ) ) ;
#8757 = DIRECTION ( 'NONE',  ( 0.000000000000000000, 0.000000000000000000, 1.000000000000000000 ) ) ;
#8758 = EDGE_CURVE ( 'NONE', #4478, #5391, #1921, .T. ) ;
#8759 = CARTESIAN_POINT ( 'NONE',  ( -56.98913239987765422, -26.24999999999999645, 25.73360027965844665 ) ) ;
#8760 = VECTOR ( 'NONE', #2748, 1000.000000000000000 ) ;
#8762 = EDGE_CURVE ( 'NONE', #1496, #8266, #8161, .T. ) ;
#8761 = PLANE ( 'NONE',  #1592 ) ;
#8763 = EDGE_LOOP ( 'NONE', ( #7216, #7693, #27, #8110 ) ) ;
#8764 = ORIENTED_EDGE ( 'NONE', *, *, #6597, .F. ) ;
#8765 = CARTESIAN_POINT ( 'NONE',  ( -56.55073236542025228, -6.477067257872928252, 8.412688138066887060E-16 ) ) ;
#8766 = VECTOR ( 'NONE', #5337, 1000.000000000000000 ) ;
#8767 = DIRECTION ( 'NONE',  ( 0.000000000000000000, 0.000000000000000000, 1.000000000000000000 ) ) ;
#8768 = FACE_OUTER_BOUND ( 'NONE', #42, .T. ) ;
#8769 = CARTESIAN_POINT ( 'NONE',  ( 11.12228341961742117, -4.994728181037624282, -4.766399720341551571 ) ) ;
#8770 = LINE ( 'NONE', #5075, #1155 ) ;
#8771 = EDGE_CURVE ( 'NONE', #4736, #8822, #2899, .T. ) ;
#8772 = DIRECTION ( 'NONE',  ( -0.000000000000000000, -0.000000000000000000, 1.000000000000000000 ) ) ;
#8773 = AXIS2_PLACEMENT_3D ( 'NONE', #3691, #1520, #134 ) ;
#8774 = ORIENTED_EDGE ( 'NONE', *, *, #300, .F. ) ;
#8775 = ORIENTED_EDGE ( 'NONE', *, *, #7108, .T. ) ;
#8776 = DIRECTION ( 'NONE',  ( -0.000000000000000000, 1.000000000000000000, -0.000000000000000000 ) ) ;
#8777 = PLANE ( 'NONE',  #3000 ) ;
#8778 = AXIS2_PLACEMENT_3D ( 'NONE', #7677, #1188, #1233 ) ;
#8779 = VERTEX_POINT ( 'NONE', #2940 ) ;
#8780 = DIRECTION ( 'NONE',  ( -1.000000000000000000, 0.000000000000000000, 0.000000000000000000 ) ) ;
#8781 = CARTESIAN_POINT ( 'NONE',  ( 0.000000000000000000, 0.000000000000000000, 22.43434452200543205 ) ) ;
#8782 = CARTESIAN_POINT ( 'NONE',  ( -63.55073236542024517, -6.477067257872927364, 9.048806890340868492 ) ) ;
#8783 = AXIS2_PLACEMENT_3D ( 'NONE', #2597, #7770, #9148 ) ;
#8784 = VECTOR ( 'NONE', #672, 1000.000000000000000 ) ;
#8785 = ORIENTED_EDGE ( 'NONE', *, *, #2266, .T. ) ;
#8786 = ORIENTED_EDGE ( 'NONE', *, *, #1029, .F. ) ;
#8787 = CARTESIAN_POINT ( 'NONE',  ( 4.006559040048433218, -23.74999999999999645, -0.06565547799456880607 ) ) ;
#8788 = ORIENTED_EDGE ( 'NONE', *, *, #4142, .F. ) ;
#8789 = EDGE_LOOP ( 'NONE', ( #4386, #5622, #1224, #9096 ) ) ;
#8790 = DIRECTION ( 'NONE',  ( 0.000000000000000000, -0.7071067811865474617, 0.7071067811865474617 ) ) ;
#8791 = CIRCLE ( 'NONE', #4559, 0.5000000000000004441 ) ;
#8792 = ORIENTED_EDGE ( 'NONE', *, *, #2204, .F. ) ;
#8793 = AXIS2_PLACEMENT_3D ( 'NONE', #3893, #6788, #281 ) ;
#8794 = FACE_OUTER_BOUND ( 'NONE', #5336, .T. ) ;
#8795 = DIRECTION ( 'NONE',  ( 1.000000000000000000, -0.000000000000000000, -0.000000000000000000 ) ) ;
#8796 = ORIENTED_EDGE ( 'NONE', *, *, #2372, .T. ) ;
#8797 = CARTESIAN_POINT ( 'NONE',  ( -46.72049870685442130, -18.91113344730284851, 0.000000000000000000 ) ) ;
#8798 = AXIS2_PLACEMENT_3D ( 'NONE', #6143, #4727, #4008 ) ;
#8799 = EDGE_CURVE ( 'NONE', #2679, #1212, #8026, .T. ) ;
#8800 = EDGE_LOOP ( 'NONE', ( #2298, #9307, #2238, #7404 ) ) ;
#8801 = CARTESIAN_POINT ( 'NONE',  ( -61.55073236542024517, -18.64230216687093034, 16.68553141188837685 ) ) ;
#8802 = EDGE_LOOP ( 'NONE', ( #771, #6654 ) ) ;
#8803 = CARTESIAN_POINT ( 'NONE',  ( 4.006559040048433218, -14.57499999999999929, -0.06565547799456880607 ) ) ;
#8804 = FACE_BOUND ( 'NONE', #8802, .T. ) ;
#8805 = DIRECTION ( 'NONE',  ( 1.000000000000000000, -0.000000000000000000, 0.000000000000000000 ) ) ;
#8806 = PLANE ( 'NONE',  #4465 ) ;
#8807 = ORIENTED_EDGE ( 'NONE', *, *, #2480, .T. ) ;
#8808 = EDGE_CURVE ( 'NONE', #7140, #3639, #3752, .T. ) ;
#8809 = ORIENTED_EDGE ( 'NONE', *, *, #8153, .F. ) ;
#8810 = DIRECTION ( 'NONE',  ( 0.000000000000000000, -1.000000000000000000, 0.000000000000000000 ) ) ;
#8811 = ADVANCED_FACE ( 'NONE', ( #7453 ), #105, .T. ) ;
#8812 = DIRECTION ( 'NONE',  ( 0.000000000000000000, 1.000000000000000000, 0.000000000000000000 ) ) ;
#8813 = CARTESIAN_POINT ( 'NONE',  ( 5.406633442833274295, -23.74999999999999645, -2.490655477994568656 ) ) ;
#8814 = CARTESIAN_POINT ( 'NONE',  ( -61.55073236542024517, -11.96570451637611932, 4.952562545487270818 ) ) ;
#8815 = DIRECTION ( 'NONE',  ( 0.000000000000000000, 0.000000000000000000, -1.000000000000000000 ) ) ;
#8816 = LINE ( 'NONE', #6499, #2371 ) ;
#8817 = ORIENTED_EDGE ( 'NONE', *, *, #3046, .F. ) ;
#8818 = CARTESIAN_POINT ( 'NONE',  ( 5.406633442833272518, -28.24999999999999645, 20.50934452200543134 ) ) ;
#8819 = CARTESIAN_POINT ( 'NONE',  ( -61.55073236542024517, -18.64230216687093034, 13.48553141188837401 ) ) ;
#8820 = EDGE_CURVE ( 'NONE', #9224, #5185, #5799, .T. ) ;
#8821 = CARTESIAN_POINT ( 'NONE',  ( -53.99344095995156323, -8.929999999999994387, -0.06565547799456880607 ) ) ;
#8822 = VERTEX_POINT ( 'NONE', #7310 ) ;
#8823 = CARTESIAN_POINT ( 'NONE',  ( 4.006559040048433218, -21.92999999999999616, -0.06565547799456880607 ) ) ;
#8824 = DIRECTION ( 'NONE',  ( 0.000000000000000000, -1.000000000000000000, 0.000000000000000000 ) ) ;
#8825 = DIRECTION ( 'NONE',  ( -1.000000000000000000, 0.000000000000000000, -0.000000000000000000 ) ) ;
#8826 = DIRECTION ( 'NONE',  ( 0.000000000000000000, -1.000000000000000000, -0.000000000000000000 ) ) ;
#8827 = VERTEX_POINT ( 'NONE', #8687 ) ;
#8828 = ORIENTED_EDGE ( 'NONE', *, *, #7311, .T. ) ;
#8829 = CARTESIAN_POINT ( 'NONE',  ( 4.006559040048433218, -21.92999999999999616, 22.93434452200543205 ) ) ;
#8830 = EDGE_CURVE ( 'NONE', #533, #665, #5893, .T. ) ;
#8831 = EDGE_LOOP ( 'NONE', ( #5516, #6262, #2674, #5578 ) ) ;
#8832 = AXIS2_PLACEMENT_3D ( 'NONE', #3824, #6865, #2349 ) ;
#8833 = EDGE_LOOP ( 'NONE', ( #8224, #8929, #3389, #9264 ) ) ;
#8834 = FACE_OUTER_BOUND ( 'NONE', #8521, .T. ) ;
#8835 = ORIENTED_EDGE ( 'NONE', *, *, #597, .T. ) ;
#8836 = DIRECTION ( 'NONE',  ( 0.000000000000000000, 0.000000000000000000, 1.000000000000000000 ) ) ;
#8838 = EDGE_CURVE ( 'NONE', #5224, #3816, #6772, .T. ) ;
#8837 = DIRECTION ( 'NONE',  ( 0.000000000000000000, -1.000000000000000000, 0.000000000000000000 ) ) ;
#8839 = VECTOR ( 'NONE', #3140, 1000.000000000000000 ) ;
#8840 = ORIENTED_EDGE ( 'NONE', *, *, #4881, .F. ) ;
#8841 = DIRECTION ( 'NONE',  ( -1.000000000000000000, 0.000000000000000000, 1.548777936842437519E-16 ) ) ;
#8842 = ORIENTED_EDGE ( 'NONE', *, *, #6776, .T. ) ;
#8843 = DIRECTION ( 'NONE',  ( 0.000000000000000000, 0.000000000000000000, 1.000000000000000000 ) ) ;
#8844 = EDGE_CURVE ( 'NONE', #7066, #7109, #7359, .T. ) ;
#8845 = ORIENTED_EDGE ( 'NONE', *, *, #8113, .F. ) ;
#8846 = CARTESIAN_POINT ( 'NONE',  ( -7.291905798005583250, -25.74999999999999645, 22.88956924811451188 ) ) ;
#8847 = VECTOR ( 'NONE', #6795, 1000.000000000000000 ) ;
#8848 = VERTEX_POINT ( 'NONE', #8782 ) ;
#8849 = FACE_OUTER_BOUND ( 'NONE', #1344, .T. ) ;
#8850 = CARTESIAN_POINT ( 'NONE',  ( -63.55073236542023096, -24.74999999999999645, 8.651356676155737446 ) ) ;
#8851 = CARTESIAN_POINT ( 'NONE',  ( 5.406633442833274295, -23.74999999999999645, -2.490655477994568656 ) ) ;
#8852 = EDGE_CURVE ( 'NONE', #5340, #5611, #1489, .T. ) ;
#8853 = ORIENTED_EDGE ( 'NONE', *, *, #2942, .F. ) ;
#8854 = AXIS2_PLACEMENT_3D ( 'NONE', #4267, #6402, #2780 ) ;
#8855 = EDGE_LOOP ( 'NONE', ( #2948, #60, #6571, #7231 ) ) ;
#8856 = CARTESIAN_POINT ( 'NONE',  ( -0.02117511800357047003, -8.826403837643525208, 35.00000000000000000 ) ) ;
#8857 = CARTESIAN_POINT ( 'NONE',  ( -63.47315361195479966, -15.66790477302092199, -3.266399720341551127 ) ) ;
#8858 = FACE_OUTER_BOUND ( 'NONE', #6296, .T. ) ;
#8859 = DIRECTION ( 'NONE',  ( -0.000000000000000000, -1.000000000000000000, -0.000000000000000000 ) ) ;
#8860 = LINE ( 'NONE', #994, #8562 ) ;
#8861 = AXIS2_PLACEMENT_3D ( 'NONE', #308, #4579, #5234 ) ;
#8862 = ADVANCED_FACE ( 'NONE', ( #8071 ), #1578, .F. ) ;
#8863 = DIRECTION ( 'NONE',  ( 0.000000000000000000, 0.000000000000000000, 1.000000000000000000 ) ) ;
#8864 = ORIENTED_EDGE ( 'NONE', *, *, #1769, .F. ) ;
#8865 = DIRECTION ( 'NONE',  ( 0.000000000000000000, 0.000000000000000000, 1.000000000000000000 ) ) ;
#8866 = VECTOR ( 'NONE', #8910, 999.9999999999998863 ) ;
#8867 = DIRECTION ( 'NONE',  ( 0.000000000000000000, 0.000000000000000000, 1.000000000000000000 ) ) ;
#8868 = VECTOR ( 'NONE', #7510, 1000.000000000000000 ) ;
#8869 = CARTESIAN_POINT ( 'NONE',  ( 4.006559040048433218, -21.92999999999999616, -0.06565547799456880607 ) ) ;
#8870 = CARTESIAN_POINT ( 'NONE',  ( -66.42541949054557904, -25.03301371225455441, -6.766399720341551571 ) ) ;
#8871 = ORIENTED_EDGE ( 'NONE', *, *, #1503, .F. ) ;
#8872 = DIRECTION ( 'NONE',  ( 0.000000000000000000, 0.000000000000000000, 1.000000000000000000 ) ) ;
#8873 = FACE_OUTER_BOUND ( 'NONE', #26, .T. ) ;
#8874 = AXIS2_PLACEMENT_3D ( 'NONE', #2803, #6962, #4065 ) ;
#8875 = CARTESIAN_POINT ( 'NONE',  ( -4.209496212817471772, -18.91796799097090087, 23.50000000000000000 ) ) ;
#8876 = DIRECTION ( 'NONE',  ( 0.000000000000000000, 1.000000000000000000, 0.000000000000000000 ) ) ;
#8877 = ADVANCED_FACE ( 'NONE', ( #1630, #4516, #6748 ), #6036, .T. ) ;
#8878 = AXIS2_PLACEMENT_3D ( 'NONE', #6127, #240, #1815 ) ;
#8879 = EDGE_CURVE ( 'NONE', #1957, #1790, #8307, .T. ) ;
#8880 = EDGE_CURVE ( 'NONE', #2721, #2834, #5706, .T. ) ;
#8881 = VERTEX_POINT ( 'NONE', #6087 ) ;
#8882 = ORIENTED_EDGE ( 'NONE', *, *, #6724, .T. ) ;
#8883 = DIRECTION ( 'NONE',  ( -0.5599897318154831716, -0.8284995475322983749, 0.000000000000000000 ) ) ;
#8884 = ORIENTED_EDGE ( 'NONE', *, *, #9177, .T. ) ;
#8885 = ORIENTED_EDGE ( 'NONE', *, *, #2161, .F. ) ;
#8886 = DIRECTION ( 'NONE',  ( 0.000000000000000000, 0.000000000000000000, 1.000000000000000000 ) ) ;
#8887 = ORIENTED_EDGE ( 'NONE', *, *, #7312, .F. ) ;
#8888 = DIRECTION ( 'NONE',  ( -0.000000000000000000, 1.000000000000000000, -0.000000000000000000 ) ) ;
#8889 = DIRECTION ( 'NONE',  ( -1.000000000000000000, -0.000000000000000000, 0.000000000000000000 ) ) ;
#8890 = EDGE_CURVE ( 'NONE', #4228, #6725, #8208, .T. ) ;
#8891 = VECTOR ( 'NONE', #9009, 1000.000000000000000 ) ;
#8892 = ORIENTED_EDGE ( 'NONE', *, *, #9175, .F. ) ;
#8893 = LINE ( 'NONE', #2392, #1685 ) ;
#8894 = VERTEX_POINT ( 'NONE', #9068 ) ;
#8895 = DIRECTION ( 'NONE',  ( 0.000000000000000000, 0.000000000000000000, -1.000000000000000000 ) ) ;
#8896 = ORIENTED_EDGE ( 'NONE', *, *, #8592, .F. ) ;
#8897 = DIRECTION ( 'NONE',  ( 0.000000000000000000, 0.000000000000000000, 1.000000000000000000 ) ) ;
#8898 = ORIENTED_EDGE ( 'NONE', *, *, #3541, .F. ) ;
#8899 = DIRECTION ( 'NONE',  ( 0.000000000000000000, 1.000000000000000000, 0.000000000000000000 ) ) ;
#8900 = DIRECTION ( 'NONE',  ( -1.000000000000000000, 0.000000000000000000, 0.000000000000000000 ) ) ;
#8901 = FACE_OUTER_BOUND ( 'NONE', #3252, .T. ) ;
#8902 = ORIENTED_EDGE ( 'NONE', *, *, #5124, .T. ) ;
#8903 = ORIENTED_EDGE ( 'NONE', *, *, #7487, .T. ) ;
#8904 = CARTESIAN_POINT ( 'NONE',  ( -10.79999054116380997, -12.75000000000000000, 25.73360027965844665 ) ) ;
#8905 = ADVANCED_FACE ( 'NONE', ( #1203 ), #8926, .T. ) ;
#8906 = DIRECTION ( 'NONE',  ( 1.000000000000000000, 0.000000000000000000, -4.646333810527297518E-16 ) ) ;
#8907 = CARTESIAN_POINT ( 'NONE',  ( -51.19329215438187930, -28.24999999999999645, 22.93434452200542495 ) ) ;
#8908 = VECTOR ( 'NONE', #4224, 1000.000000000000000 ) ;
#8909 = CARTESIAN_POINT ( 'NONE',  ( 3.506559040048433218, -26.24999999999999645, 6.170421253070792034 ) ) ;
#8910 = DIRECTION ( 'NONE',  ( -0.000000000000000000, 0.8964040148762899562, -0.4432379069006490147 ) ) ;
#8911 = CARTESIAN_POINT ( 'NONE',  ( -56.79358976552124005, -23.74999999999999645, -0.06565547799457095712 ) ) ;
#8912 = VECTOR ( 'NONE', #6054, 1000.000000000000000 ) ;
#8913 = EDGE_LOOP ( 'NONE', ( #7880, #5481, #3357 ) ) ;
#8914 = VECTOR ( 'NONE', #9217, 1000.000000000000000 ) ;
#8915 = CARTESIAN_POINT ( 'NONE',  ( -52.59336655716672482, -23.74999999999999645, -2.490655477994575762 ) ) ;
#8916 = LINE ( 'NONE', #3843, #2321 ) ;
#8917 = ADVANCED_FACE ( 'NONE', ( #1775 ), #1012, .T. ) ;
#8918 = ADVANCED_FACE ( 'NONE', ( #3224 ), #8256, .F. ) ;
#8919 = DIRECTION ( 'NONE',  ( 0.000000000000000000, 0.000000000000000000, 1.000000000000000000 ) ) ;
#8920 = DIRECTION ( 'NONE',  ( 0.000000000000000000, 0.000000000000000000, -1.000000000000000000 ) ) ;
#8921 = EDGE_LOOP ( 'NONE', ( #9186, #3348, #7696, #6801 ) ) ;
#8922 = DIRECTION ( 'NONE',  ( 0.000000000000000000, 0.000000000000000000, -1.000000000000000000 ) ) ;
#8923 = DIRECTION ( 'NONE',  ( -1.000000000000000000, 0.000000000000000000, 0.000000000000000000 ) ) ;
#8924 = VECTOR ( 'NONE', #5303, 1000.000000000000000 ) ;
#8925 = LINE ( 'NONE', #7550, #4618 ) ;
#8926 = CYLINDRICAL_SURFACE ( 'NONE', #7215, 2.999999999999999112 ) ;
#8927 = VERTEX_POINT ( 'NONE', #3902 ) ;
#8928 = VERTEX_POINT ( 'NONE', #7551 ) ;
#8929 = ORIENTED_EDGE ( 'NONE', *, *, #128, .T. ) ;
#8930 = DIRECTION ( 'NONE',  ( -0.000000000000000000, -0.000000000000000000, 1.000000000000000000 ) ) ;
#8931 = VECTOR ( 'NONE', #4968, 1000.000000000000114 ) ;
#8932 = ADVANCED_FACE ( 'NONE', ( #4613 ), #4710, .F. ) ;
#8933 = EDGE_CURVE ( 'NONE', #8779, #9224, #8400, .T. ) ;
#8934 = EDGE_CURVE ( 'NONE', #7640, #6137, #2567, .T. ) ;
#8935 = ORIENTED_EDGE ( 'NONE', *, *, #2663, .F. ) ;
#8936 = CARTESIAN_POINT ( 'NONE',  ( 5.406633442833274295, -23.74999999999999645, -2.490655477994568656 ) ) ;
#8937 = ORIENTED_EDGE ( 'NONE', *, *, #3651, .T. ) ;
#8938 = DIRECTION ( 'NONE',  ( -1.000000000000000000, 0.000000000000000000, 0.000000000000000000 ) ) ;
#8939 = CIRCLE ( 'NONE', #3789, 4.100000000000007638 ) ;
#8940 = VECTOR ( 'NONE', #767, 1000.000000000000000 ) ;
#8941 = LINE ( 'NONE', #6049, #1903 ) ;
#8942 = EDGE_LOOP ( 'NONE', ( #2014, #3964, #2912, #3828 ) ) ;
#8943 = CARTESIAN_POINT ( 'NONE',  ( -7.774235610263285245, -23.74999999999999645, 1.129663705710172605 ) ) ;
#8944 = ORIENTED_EDGE ( 'NONE', *, *, #2798, .F. ) ;
#8945 = LINE ( 'NONE', #3004, #4160 ) ;
#8946 = AXIS2_PLACEMENT_3D ( 'NONE', #3341, #1838, #5583 ) ;
#8947 = EDGE_CURVE ( 'NONE', #1726, #872, #5464, .T. ) ;
#8948 = ORIENTED_EDGE ( 'NONE', *, *, #860, .T. ) ;
#8949 = CARTESIAN_POINT ( 'NONE',  ( -66.53120306077292412, -24.74999999999999645, 10.17961269154898218 ) ) ;
#8950 = ORIENTED_EDGE ( 'NONE', *, *, #8276, .T. ) ;
#8951 = FACE_OUTER_BOUND ( 'NONE', #8913, .T. ) ;
#8952 = DIRECTION ( 'NONE',  ( 1.000000000000000000, -0.000000000000000000, -0.000000000000000000 ) ) ;
#8953 = DIRECTION ( 'NONE',  ( 1.000000000000000000, -1.609861257756964550E-16, 0.000000000000000000 ) ) ;
#8954 = CIRCLE ( 'NONE', #3957, 4.099999999999999645 ) ;
#8955 = VECTOR ( 'NONE', #6052, 1000.000000000000000 ) ;
#8956 = VERTEX_POINT ( 'NONE', #4665 ) ;
#8957 = EDGE_LOOP ( 'NONE', ( #5004, #5875, #346, #5616 ) ) ;
#8958 = CARTESIAN_POINT ( 'NONE',  ( -10.79999054116380997, -12.75000000000000000, 25.73360027965844665 ) ) ;
#8959 = EDGE_CURVE ( 'NONE', #7983, #2109, #6889, .T. ) ;
#8960 = DIRECTION ( 'NONE',  ( -0.000000000000000000, -0.000000000000000000, 1.000000000000000000 ) ) ;
#8961 = LINE ( 'NONE', #8290, #306 ) ;
#8962 = DIRECTION ( 'NONE',  ( 1.000000000000000000, -0.000000000000000000, -0.000000000000000000 ) ) ;
#8963 = LINE ( 'NONE', #184, #2352 ) ;
#8964 = CARTESIAN_POINT ( 'NONE',  ( -54.49344095995157033, -21.92999999999999616, 19.25427802994967053 ) ) ;
#8965 = AXIS2_PLACEMENT_3D ( 'NONE', #5725, #653, #1506 ) ;
#8966 = ORIENTED_EDGE ( 'NONE', *, *, #5618, .F. ) ;
#8967 = DIRECTION ( 'NONE',  ( 0.5000000000000001110, 0.000000000000000000, 0.8660254037844385966 ) ) ;
#8968 = LINE ( 'NONE', #6881, #2168 ) ;
#8969 = DIRECTION ( 'NONE',  ( 0.000000000000000000, 0.000000000000000000, 1.000000000000000000 ) ) ;
#8970 = CARTESIAN_POINT ( 'NONE',  ( -0.07410584242694036317, -21.92999999999999616, 23.33205561932640038 ) ) ;
#8971 = ORIENTED_EDGE ( 'NONE', *, *, #9105, .T. ) ;
#8972 = PLANE ( 'NONE',  #5730 ) ;
#8973 = FACE_OUTER_BOUND ( 'NONE', #8789, .T. ) ;
#8974 = FACE_BOUND ( 'NONE', #7801, .T. ) ;
#8975 = DIRECTION ( 'NONE',  ( 0.4999999999999996669, 0.8660254037844388186, 0.000000000000000000 ) ) ;
#8976 = EDGE_CURVE ( 'NONE', #7522, #8555, #6011, .T. ) ;
#8977 = ORIENTED_EDGE ( 'NONE', *, *, #6437, .F. ) ;
#8978 = ORIENTED_EDGE ( 'NONE', *, *, #3798, .F. ) ;
#8979 = LINE ( 'NONE', #2526, #6064 ) ;
#8980 = VERTEX_POINT ( 'NONE', #6846 ) ;
#8981 = DIRECTION ( 'NONE',  ( -1.000000000000000000, 0.000000000000000000, 0.000000000000000000 ) ) ;
#8982 = ORIENTED_EDGE ( 'NONE', *, *, #2705, .F. ) ;
#8983 = FACE_OUTER_BOUND ( 'NONE', #5713, .T. ) ;
#8984 = FACE_OUTER_BOUND ( 'NONE', #6519, .T. ) ;
#8985 = EDGE_CURVE ( 'NONE', #6247, #5012, #345, .T. ) ;
#8986 = EDGE_CURVE ( 'NONE', #782, #5048, #7824, .T. ) ;
#8987 = ORIENTED_EDGE ( 'NONE', *, *, #2741, .F. ) ;
#8988 = DIRECTION ( 'NONE',  ( 0.000000000000000000, 0.000000000000000000, 1.000000000000000000 ) ) ;
#8989 = AXIS2_PLACEMENT_3D ( 'NONE', #9199, #2077, #6258 ) ;
#8990 = ORIENTED_EDGE ( 'NONE', *, *, #4063, .T. ) ;
#8991 = CARTESIAN_POINT ( 'NONE',  ( -10.79999054116380997, -12.75000000000000000, 26.77397846476551280 ) ) ;
#8992 = ORIENTED_EDGE ( 'NONE', *, *, #4469, .F. ) ;
#8993 = CARTESIAN_POINT ( 'NONE',  ( -51.19329215438187930, -23.74999999999999645, -0.06565547799456866729 ) ) ;
#8994 = ORIENTED_EDGE ( 'NONE', *, *, #7999, .F. ) ;
#8995 = CARTESIAN_POINT ( 'NONE',  ( 6.352138384579765429, -25.27535387189999128, -3.266399720341551127 ) ) ;
#8996 = CARTESIAN_POINT ( 'NONE',  ( 2.606484637263591697, -23.74999999999999645, 25.35934452200542921 ) ) ;
#8997 = CARTESIAN_POINT ( 'NONE',  ( -53.99344095995156323, -8.929999999999994387, -0.06565547799456880607 ) ) ;
#8998 = ADVANCED_FACE ( 'NONE', ( #9117 ), #2611, .F. ) ;
#8999 = EDGE_CURVE ( 'NONE', #4592, #8559, #5030, .T. ) ;
#9000 = EDGE_CURVE ( 'NONE', #6816, #1890, #2070, .T. ) ;
#9001 = ORIENTED_EDGE ( 'NONE', *, *, #7899, .F. ) ;
#9002 = VERTEX_POINT ( 'NONE', #7879 ) ;
#9003 = DIRECTION ( 'NONE',  ( -1.000000000000000000, 0.000000000000000000, 0.000000000000000000 ) ) ;
#9004 = AXIS2_PLACEMENT_3D ( 'NONE', #8461, #9129, #1259 ) ;
#9005 = DIRECTION ( 'NONE',  ( 0.000000000000000000, 0.000000000000000000, -1.000000000000000000 ) ) ;
#9006 = CARTESIAN_POINT ( 'NONE',  ( 9.852138384579765429, -26.24999999999999645, 2.675341377437610024 ) ) ;
#9007 = DIRECTION ( 'NONE',  ( 0.7694527521861329600, 0.6387037358221616667, -0.000000000000000000 ) ) ;
#9008 = DIRECTION ( 'NONE',  ( 1.000000000000000000, -1.575205997657066192E-16, 0.000000000000000000 ) ) ;
#9009 = DIRECTION ( 'NONE',  ( -0.000000000000000000, -1.000000000000000000, -0.000000000000000000 ) ) ;
#9010 = VECTOR ( 'NONE', #4404, 1000.000000000000000 ) ;
#9011 = EDGE_CURVE ( 'NONE', #2405, #5576, #2703, .T. ) ;
#9012 = ORIENTED_EDGE ( 'NONE', *, *, #7620, .F. ) ;
#9013 = FACE_OUTER_BOUND ( 'NONE', #6723, .T. ) ;
#9014 = DIRECTION ( 'NONE',  ( 0.000000000000000000, -1.000000000000000000, 0.000000000000000000 ) ) ;
#9015 = DIRECTION ( 'NONE',  ( 0.000000000000000000, 0.000000000000000000, -1.000000000000000000 ) ) ;
#9016 = DIRECTION ( 'NONE',  ( 0.000000000000000000, 1.000000000000000000, 0.000000000000000000 ) ) ;
#9017 = VECTOR ( 'NONE', #1966, 1000.000000000000000 ) ;
#9018 = VERTEX_POINT ( 'NONE', #4226 ) ;
#9019 = DIRECTION ( 'NONE',  ( 0.000000000000000000, 0.000000000000000000, -1.000000000000000000 ) ) ;
#9020 = CARTESIAN_POINT ( 'NONE',  ( -13.92158689150289952, -23.24999999999999645, 22.88956924811451188 ) ) ;
#9021 = CARTESIAN_POINT ( 'NONE',  ( -66.42541949054557904, -21.03301371225455441, -6.766399720341551571 ) ) ;
#9022 = DIRECTION ( 'NONE',  ( -1.000000000000000000, 0.000000000000000000, 0.000000000000000000 ) ) ;
#9023 = AXIS2_PLACEMENT_3D ( 'NONE', #7451, #2564, #8352 ) ;
#9024 = AXIS2_PLACEMENT_3D ( 'NONE', #8218, #8837, #8173 ) ;
#9025 = ORIENTED_EDGE ( 'NONE', *, *, #1992, .T. ) ;
#9026 = VERTEX_POINT ( 'NONE', #5608 ) ;
#9027 = CARTESIAN_POINT ( 'NONE',  ( -33.12290989087977522, -13.99840717847742511, 25.73360027965844665 ) ) ;
#9028 = VECTOR ( 'NONE', #6259, 1000.000000000000000 ) ;
#9029 = ADVANCED_FACE ( 'NONE', ( #1342 ), #8539, .T. ) ;
#9030 = EDGE_LOOP ( 'NONE', ( #3448, #6594, #3316, #7101 ) ) ;
#9031 = FACE_OUTER_BOUND ( 'NONE', #7767, .T. ) ;
#9032 = EDGE_LOOP ( 'NONE', ( #5422, #6595, #498 ) ) ;
#9033 = DIRECTION ( 'NONE',  ( 0.000000000000000000, 0.000000000000000000, -1.000000000000000000 ) ) ;
#9034 = FACE_OUTER_BOUND ( 'NONE', #8800, .T. ) ;
#9035 = VECTOR ( 'NONE', #6226, 1000.000000000000000 ) ;
#9036 = ORIENTED_EDGE ( 'NONE', *, *, #5082, .T. ) ;
#9037 = PLANE ( 'NONE',  #8045 ) ;
#9038 = VECTOR ( 'NONE', #7340, 1000.000000000000000 ) ;
#9039 = VERTEX_POINT ( 'NONE', #2656 ) ;
#9040 = EDGE_CURVE ( 'NONE', #3030, #432, #4894, .T. ) ;
#9041 = ORIENTED_EDGE ( 'NONE', *, *, #9303, .F. ) ;
#9042 = CARTESIAN_POINT ( 'NONE',  ( -44.30531478344776986, -21.01757244697725824, 22.73360027965845021 ) ) ;
#9043 = ORIENTED_EDGE ( 'NONE', *, *, #1350, .F. ) ;
#9044 = VECTOR ( 'NONE', #5698, 1000.000000000000000 ) ;
#9045 = DIRECTION ( 'NONE',  ( -1.000000000000000000, 0.000000000000000000, -0.000000000000000000 ) ) ;
#9046 = LINE ( 'NONE', #3152, #7971 ) ;
#9047 = LINE ( 'NONE', #2542, #3403 ) ;
#9048 = ORIENTED_EDGE ( 'NONE', *, *, #8976, .T. ) ;
#9049 = ORIENTED_EDGE ( 'NONE', *, *, #1587, .F. ) ;
#9050 = CYLINDRICAL_SURFACE ( 'NONE', #556, 4.099999999999999645 ) ;
#9051 = CARTESIAN_POINT ( 'NONE',  ( -19.99882293595098659, -9.660251426207510761, 27.73360027965844665 ) ) ;
#9052 = LINE ( 'NONE', #1041, #8180 ) ;
#9053 = EDGE_CURVE ( 'NONE', #5012, #8259, #7077, .T. ) ;
#9054 = EDGE_CURVE ( 'NONE', #8167, #8358, #1388, .T. ) ;
#9055 = DIRECTION ( 'NONE',  ( -0.000000000000000000, -0.000000000000000000, -1.000000000000000000 ) ) ;
#9056 = LINE ( 'NONE', #6689, #6313 ) ;
#9057 = CARTESIAN_POINT ( 'NONE',  ( -53.99344095995156323, -8.929999999999994387, 19.58434452200542708 ) ) ;
#9058 = VERTEX_POINT ( 'NONE', #5562 ) ;
#9059 = DIRECTION ( 'NONE',  ( 0.000000000000000000, -0.000000000000000000, -1.000000000000000000 ) ) ;
#9060 = DIRECTION ( 'NONE',  ( 1.692413147294442814E-15, 0.000000000000000000, -1.000000000000000000 ) ) ;
#9061 = FACE_OUTER_BOUND ( 'NONE', #2195, .T. ) ;
#9062 = DIRECTION ( 'NONE',  ( 0.000000000000000000, -0.000000000000000000, -1.000000000000000000 ) ) ;
#9063 = EDGE_CURVE ( 'NONE', #3279, #1260, #1024, .T. ) ;
#9064 = ORIENTED_EDGE ( 'NONE', *, *, #3400, .F. ) ;
#9065 = CARTESIAN_POINT ( 'NONE',  ( -61.55073236542024517, -6.477067257872925587, 9.048806890340866715 ) ) ;
#9066 = FACE_OUTER_BOUND ( 'NONE', #7138, .T. ) ;
#9067 = DIRECTION ( 'NONE',  ( -1.575205997657066192E-16, -1.000000000000000000, 0.000000000000000000 ) ) ;
#9068 = CARTESIAN_POINT ( 'NONE',  ( -3.017521981314791102, -18.91796799097090087, 25.73360027965844665 ) ) ;
#9069 = AXIS2_PLACEMENT_3D ( 'NONE', #7499, #2423, #4801 ) ;
#9070 = EDGE_LOOP ( 'NONE', ( #5714, #6948, #5563, #1963 ) ) ;
#9071 = EDGE_CURVE ( 'NONE', #5558, #3196, #2527, .T. ) ;
#9072 = ORIENTED_EDGE ( 'NONE', *, *, #1908, .F. ) ;
#9073 = ORIENTED_EDGE ( 'NONE', *, *, #5847, .F. ) ;
#9074 = LINE ( 'NONE', #1822, #7125 ) ;
#9075 = ORIENTED_EDGE ( 'NONE', *, *, #5936, .F. ) ;
#9076 = CARTESIAN_POINT ( 'NONE',  ( 18.18099059628930192, -25.03301371225455441, -3.266399720341551127 ) ) ;
#9077 = VERTEX_POINT ( 'NONE', #6368 ) ;
#9078 = PLANE ( 'NONE',  #6128 ) ;
#9079 = CARTESIAN_POINT ( 'NONE',  ( 10.17786216458505066, -25.03301371225455441, -3.266399720341551127 ) ) ;
#9080 = AXIS2_PLACEMENT_3D ( 'NONE', #6828, #3831, #1708 ) ;
#9081 = VERTEX_POINT ( 'NONE', #2135 ) ;
#9082 = LINE ( 'NONE', #3093, #4721 ) ;
#9083 = ORIENTED_EDGE ( 'NONE', *, *, #300, .T. ) ;
#9084 = ORIENTED_EDGE ( 'NONE', *, *, #3193, .F. ) ;
#9085 = CARTESIAN_POINT ( 'NONE',  ( -55.39351536273640875, -23.74999999999999645, 20.50934452200542424 ) ) ;
#9086 = VECTOR ( 'NONE', #4210, 1000.000000000000000 ) ;
#9087 = ORIENTED_EDGE ( 'NONE', *, *, #6232, .T. ) ;
#9088 = AXIS2_PLACEMENT_3D ( 'NONE', #4282, #2844, #1435 ) ;
#9089 = DIRECTION ( 'NONE',  ( -0.000000000000000000, 0.000000000000000000, 1.000000000000000000 ) ) ;
#9090 = LINE ( 'NONE', #4997, #8579 ) ;
#9091 = LINE ( 'NONE', #2495, #7951 ) ;
#9092 = EDGE_CURVE ( 'NONE', #5371, #5242, #6778, .T. ) ;
#9093 = ORIENTED_EDGE ( 'NONE', *, *, #7777, .T. ) ;
#9094 = VECTOR ( 'NONE', #5821, 1000.000000000000000 ) ;
#9095 = VECTOR ( 'NONE', #8967, 1000.000000000000114 ) ;
#9096 = ORIENTED_EDGE ( 'NONE', *, *, #7367, .T. ) ;
#9097 = LINE ( 'NONE', #4071, #7437 ) ;
#9098 = DIRECTION ( 'NONE',  ( -1.000000000000000000, -0.000000000000000000, -0.000000000000000000 ) ) ;
#9099 = DIRECTION ( 'NONE',  ( 0.000000000000000000, 1.000000000000000000, 0.000000000000000000 ) ) ;
#9100 = FACE_OUTER_BOUND ( 'NONE', #2955, .T. ) ;
#9101 = CARTESIAN_POINT ( 'NONE',  ( 6.352138384579765429, -17.35652330467017634, -3.266399720341551127 ) ) ;
#9102 = VECTOR ( 'NONE', #3573, 1000.000000000000000 ) ;
#9103 = VECTOR ( 'NONE', #119, 1000.000000000000000 ) ;
#9104 = DIRECTION ( 'NONE',  ( -0.000000000000000000, 0.8964040148762899562, -0.4432379069006490147 ) ) ;
#9105 = EDGE_CURVE ( 'NONE', #7759, #8136, #3124, .T. ) ;
#9106 = ORIENTED_EDGE ( 'NONE', *, *, #2228, .F. ) ;
#9107 = EDGE_CURVE ( 'NONE', #3909, #4250, #2090, .T. ) ;
#9108 = DIRECTION ( 'NONE',  ( 0.000000000000000000, 0.000000000000000000, -1.000000000000000000 ) ) ;
#9109 = DIRECTION ( 'NONE',  ( -0.000000000000000000, 1.000000000000000000, -0.000000000000000000 ) ) ;
#9110 = AXIS2_PLACEMENT_3D ( 'NONE', #7757, #4291, #9134 ) ;
#9111 = DIRECTION ( 'NONE',  ( 0.000000000000000000, 0.000000000000000000, 1.000000000000000000 ) ) ;
#9112 = DIRECTION ( 'NONE',  ( 0.000000000000000000, 0.000000000000000000, -1.000000000000000000 ) ) ;
#9113 = EDGE_LOOP ( 'NONE', ( #7121, #3997, #4718, #6951 ) ) ;
#9114 = DIRECTION ( 'NONE',  ( 0.000000000000000000, 1.000000000000000000, 0.000000000000000000 ) ) ;
#9115 = DIRECTION ( 'NONE',  ( -0.000000000000000000, 0.000000000000000000, -1.000000000000000000 ) ) ;
#9116 = CARTESIAN_POINT ( 'NONE',  ( -14.45632582902195473, -25.74999999999999645, 1.129663705710172605 ) ) ;
#9117 = FACE_OUTER_BOUND ( 'NONE', #1653, .T. ) ;
#9118 = EDGE_CURVE ( 'NONE', #6930, #8894, #7920, .T. ) ;
#9119 = ORIENTED_EDGE ( 'NONE', *, *, #1979, .F. ) ;
#9120 = EDGE_CURVE ( 'NONE', #5490, #1210, #6329, .T. ) ;
#9121 = ORIENTED_EDGE ( 'NONE', *, *, #491, .T. ) ;
#9122 = ORIENTED_EDGE ( 'NONE', *, *, #5235, .T. ) ;
#9123 = EDGE_CURVE ( 'NONE', #4348, #6816, #3507, .T. ) ;
#9124 = DIRECTION ( 'NONE',  ( -0.000000000000000000, -0.000000000000000000, -1.000000000000000000 ) ) ;
#9125 = ORIENTED_EDGE ( 'NONE', *, *, #5554, .F. ) ;
#9126 = CARTESIAN_POINT ( 'NONE',  ( -10.79999054116380997, -8.826403837643525208, 26.77397846476551280 ) ) ;
#9127 = ORIENTED_EDGE ( 'NONE', *, *, #7062, .F. ) ;
#9128 = EDGE_CURVE ( 'NONE', #8653, #7773, #8589, .T. ) ;
#9129 = DIRECTION ( 'NONE',  ( 0.000000000000000000, 1.000000000000000000, 0.000000000000000000 ) ) ;
#9130 = LINE ( 'NONE', #5575, #6140 ) ;
#9131 = ADVANCED_FACE ( 'NONE', ( #2837 ), #5742, .T. ) ;
#9132 = ORIENTED_EDGE ( 'NONE', *, *, #3305, .T. ) ;
#9133 = ORIENTED_EDGE ( 'NONE', *, *, #528, .F. ) ;
#9134 = DIRECTION ( 'NONE',  ( 0.000000000000000000, 0.000000000000000000, -1.000000000000000000 ) ) ;
#9135 = ORIENTED_EDGE ( 'NONE', *, *, #2279, .T. ) ;
#9136 = ORIENTED_EDGE ( 'NONE', *, *, #8564, .T. ) ;
#9137 = CARTESIAN_POINT ( 'NONE',  ( -13.20547322844859828, -8.623712062823798874, 27.73360027965844665 ) ) ;
#9138 = VERTEX_POINT ( 'NONE', #715 ) ;
#9139 = CARTESIAN_POINT ( 'NONE',  ( 4.006559040048433218, -21.92999999999999616, 22.93434452200543205 ) ) ;
#9140 = CARTESIAN_POINT ( 'NONE',  ( -13.10069371300876995, -23.24999999999999645, 22.88956924811451188 ) ) ;
#9141 = FACE_OUTER_BOUND ( 'NONE', #5838, .T. ) ;
#9142 = ORIENTED_EDGE ( 'NONE', *, *, #9053, .T. ) ;
#9143 = EDGE_CURVE ( 'NONE', #1314, #8203, #6548, .T. ) ;
#9144 = EDGE_LOOP ( 'NONE', ( #1681, #2857, #6892, #3966 ) ) ;
#9145 = DIRECTION ( 'NONE',  ( 0.000000000000000000, 0.000000000000000000, 1.000000000000000000 ) ) ;
#9146 = VECTOR ( 'NONE', #5080, 1000.000000000000000 ) ;
#9147 = CARTESIAN_POINT ( 'NONE',  ( -63.47315361195479966, -5.004056775174929861, -6.766399720341551571 ) ) ;
#9148 = DIRECTION ( 'NONE',  ( 0.000000000000000000, 0.000000000000000000, -1.000000000000000000 ) ) ;
#9149 = VECTOR ( 'NONE', #9055, 1000.000000000000000 ) ;
#9150 = EDGE_CURVE ( 'NONE', #7066, #1324, #3744, .T. ) ;
#9151 = CARTESIAN_POINT ( 'NONE',  ( 7.852138384579765429, -3.250000000000000000, -4.766399720341551571 ) ) ;
#9152 = DIRECTION ( 'NONE',  ( 0.000000000000000000, 1.000000000000000000, 0.000000000000000000 ) ) ;
#9153 = AXIS2_PLACEMENT_3D ( 'NONE', #4034, #9109, #6932 ) ;
#9154 = ORIENTED_EDGE ( 'NONE', *, *, #4948, .T. ) ;
#9155 = VECTOR ( 'NONE', #353, 1000.000000000000000 ) ;
#9156 = CARTESIAN_POINT ( 'NONE',  ( 6.352138384579762764, -21.92999999999999616, 24.23360027965844665 ) ) ;
#9157 = LINE ( 'NONE', #8531, #1430 ) ;
#9158 = DIRECTION ( 'NONE',  ( 0.000000000000000000, 0.000000000000000000, -1.000000000000000000 ) ) ;
#9159 = DIRECTION ( 'NONE',  ( 0.000000000000000000, 1.000000000000000000, 0.000000000000000000 ) ) ;
#9160 = EDGE_CURVE ( 'NONE', #4418, #8980, #8816, .T. ) ;
#9161 = ORIENTED_EDGE ( 'NONE', *, *, #9053, .F. ) ;
#9162 = DIRECTION ( 'NONE',  ( 0.000000000000000000, 0.000000000000000000, -1.000000000000000000 ) ) ;
#9163 = DIRECTION ( 'NONE',  ( 0.000000000000000000, -0.000000000000000000, -1.000000000000000000 ) ) ;
#9164 = VECTOR ( 'NONE', #540, 1000.000000000000000 ) ;
#9165 = DIRECTION ( 'NONE',  ( 1.000000000000000000, 0.000000000000000000, 0.000000000000000000 ) ) ;
#9166 = ORIENTED_EDGE ( 'NONE', *, *, #2893, .T. ) ;
#9167 = ORIENTED_EDGE ( 'NONE', *, *, #8276, .F. ) ;
#9168 = ORIENTED_EDGE ( 'NONE', *, *, #3369, .F. ) ;
#9169 = FACE_OUTER_BOUND ( 'NONE', #2960, .T. ) ;
#9170 = VECTOR ( 'NONE', #2351, 1000.000000000000000 ) ;
#9171 = DIRECTION ( 'NONE',  ( 1.000000000000000000, -1.734723475976805517E-15, 0.000000000000000000 ) ) ;
#9172 = EDGE_LOOP ( 'NONE', ( #9075, #6920, #4619, #5281, #7006, #6960, #4670, #7517, #2102, #660, #8245 ) ) ;
#9173 = FACE_OUTER_BOUND ( 'NONE', #3745, .T. ) ;
#9174 = ORIENTED_EDGE ( 'NONE', *, *, #6464, .T. ) ;
#9175 = EDGE_CURVE ( 'NONE', #8881, #3143, #7254, .T. ) ;
#9176 = DIRECTION ( 'NONE',  ( -1.000000000000000000, -0.000000000000000000, -0.000000000000000000 ) ) ;
#9177 = EDGE_CURVE ( 'NONE', #8822, #2760, #7301, .T. ) ;
#9178 = VECTOR ( 'NONE', #6666, 1000.000000000000000 ) ;
#9179 = DIRECTION ( 'NONE',  ( 0.000000000000000000, -0.000000000000000000, 1.000000000000000000 ) ) ;
#9180 = VERTEX_POINT ( 'NONE', #1526 ) ;
#9181 = ORIENTED_EDGE ( 'NONE', *, *, #2961, .T. ) ;
#9182 = FACE_OUTER_BOUND ( 'NONE', #6819, .T. ) ;
#9183 = VECTOR ( 'NONE', #8499, 1000.000000000000000 ) ;
#9184 = ORIENTED_EDGE ( 'NONE', *, *, #1559, .F. ) ;
#9185 = AXIS2_PLACEMENT_3D ( 'NONE', #7794, #4860, #8643 ) ;
#9186 = ORIENTED_EDGE ( 'NONE', *, *, #4946, .F. ) ;
#9187 = CARTESIAN_POINT ( 'NONE',  ( -63.55073236542024517, -18.64230216687093034, 15.08553141188837721 ) ) ;
#9188 = EDGE_LOOP ( 'NONE', ( #4859, #2107, #3479, #6575 ) ) ;
#9189 = EDGE_CURVE ( 'NONE', #8848, #4625, #5972, .T. ) ;
#9190 = CARTESIAN_POINT ( 'NONE',  ( 6.806707845618117148, -28.24999999999999645, -0.06565547799456904199 ) ) ;
#9191 = LINE ( 'NONE', #4780, #6901 ) ;
#9192 = AXIS2_PLACEMENT_3D ( 'NONE', #9101, #2738, #6357 ) ;
#9193 = ORIENTED_EDGE ( 'NONE', *, *, #7167, .F. ) ;
#9194 = ORIENTED_EDGE ( 'NONE', *, *, #3170, .T. ) ;
#9195 = DIRECTION ( 'NONE',  ( 0.000000000000000000, 0.000000000000000000, -1.000000000000000000 ) ) ;
#9196 = VECTOR ( 'NONE', #5985, 1000.000000000000000 ) ;
#9197 = DIRECTION ( 'NONE',  ( 1.000000000000000000, -0.000000000000000000, -0.000000000000000000 ) ) ;
#9198 = CARTESIAN_POINT ( 'NONE',  ( 35.00000000000000000, -8.826329982690657161, 20.20998229243706845 ) ) ;
#9199 = CARTESIAN_POINT ( 'NONE',  ( 14.98308861578299656, -16.35652330467017634, -6.766399720341551571 ) ) ;
#9200 = DIRECTION ( 'NONE',  ( 0.000000000000000000, 1.000000000000000000, 0.000000000000000000 ) ) ;
#9201 = ORIENTED_EDGE ( 'NONE', *, *, #3426, .F. ) ;
#9202 = DIRECTION ( 'NONE',  ( 0.000000000000000000, 0.000000000000000000, -1.000000000000000000 ) ) ;
#9203 = EDGE_CURVE ( 'NONE', #7773, #7418, #45, .T. ) ;
#9204 = FACE_BOUND ( 'NONE', #7982, .T. ) ;
#9205 = DIRECTION ( 'NONE',  ( -0.5000000000000001110, 0.000000000000000000, 0.8660254037844384856 ) ) ;
#9206 = DIRECTION ( 'NONE',  ( -1.000000000000000000, -0.000000000000000000, -0.000000000000000000 ) ) ;
#9207 = EDGE_LOOP ( 'NONE', ( #2587, #2383, #1124, #5426 ) ) ;
#9208 = LINE ( 'NONE', #3364, #3145 ) ;
#9209 = CARTESIAN_POINT ( 'NONE',  ( -45.52049870685441846, -21.71915921227100199, 22.73360027965845021 ) ) ;
#9210 = CARTESIAN_POINT ( 'NONE',  ( -19.64526954535771353, -11.29005581014418880, 26.77397846476551280 ) ) ;
#9211 = ORIENTED_EDGE ( 'NONE', *, *, #116, .T. ) ;
#9212 = EDGE_CURVE ( 'NONE', #4931, #7773, #4651, .T. ) ;
#9213 = ORIENTED_EDGE ( 'NONE', *, *, #5928, .F. ) ;
#9214 = EDGE_CURVE ( 'NONE', #3617, #3806, #7209, .T. ) ;
#9215 = ORIENTED_EDGE ( 'NONE', *, *, #6928, .F. ) ;
#9216 = CARTESIAN_POINT ( 'NONE',  ( -2.994029756264177777, -26.24999999999999645, 22.43434452200543205 ) ) ;
#9217 = DIRECTION ( 'NONE',  ( -0.000000000000000000, -0.000000000000000000, 1.000000000000000000 ) ) ;
#9218 = ORIENTED_EDGE ( 'NONE', *, *, #8830, .F. ) ;
#9219 = DIRECTION ( 'NONE',  ( -1.000000000000000000, 0.000000000000000000, 0.000000000000000000 ) ) ;
#9220 = VECTOR ( 'NONE', #8859, 1000.000000000000000 ) ;
#9221 = CARTESIAN_POINT ( 'NONE',  ( 9.852138384579763652, -28.24999999999999645, 15.12772820251060857 ) ) ;
#9222 = ORIENTED_EDGE ( 'NONE', *, *, #4422, .F. ) ;
#9223 = EDGE_CURVE ( 'NONE', #3909, #2992, #8440, .T. ) ;
#9224 = VERTEX_POINT ( 'NONE', #2364 ) ;
#9225 = LINE ( 'NONE', #1403, #3339 ) ;
#9226 = EDGE_CURVE ( 'NONE', #8690, #2015, #560, .T. ) ;
#9227 = ORIENTED_EDGE ( 'NONE', *, *, #2715, .F. ) ;
#9228 = ORIENTED_EDGE ( 'NONE', *, *, #1296, .F. ) ;
#9229 = CARTESIAN_POINT ( 'NONE',  ( -45.51752198131479332, -18.91796799097089732, 22.73360027965845021 ) ) ;
#9230 = VERTEX_POINT ( 'NONE', #185 ) ;
#9231 = DIRECTION ( 'NONE',  ( -1.000000000000000000, 0.000000000000000000, 0.000000000000000000 ) ) ;
#9232 = VECTOR ( 'NONE', #9383, 1000.000000000000000 ) ;
#9233 = CARTESIAN_POINT ( 'NONE',  ( -14.42158689150289952, -23.74999999999999645, 20.93683708947935429 ) ) ;
#9234 = EDGE_CURVE ( 'NONE', #1126, #651, #8587, .T. ) ;
#9235 = EDGE_LOOP ( 'NONE', ( #3548, #856, #5276, #5007, #7339, #6466, #5130, #7243, #6213, #96, #5762, #7949, #2348 ) ) ;
#9236 = EDGE_CURVE ( 'NONE', #557, #782, #2979, .T. ) ;
#9237 = VERTEX_POINT ( 'NONE', #5168 ) ;
#9238 = CARTESIAN_POINT ( 'NONE',  ( -43.08867705991077202, -17.50712056481877710, 23.50000000000000000 ) ) ;
#9239 = VECTOR ( 'NONE', #8349, 1000.000000000000000 ) ;
#9240 = CARTESIAN_POINT ( 'NONE',  ( -11.02830546420950242, -14.00699220561814329, 26.73360027965844665 ) ) ;
#9241 = CARTESIAN_POINT ( 'NONE',  ( -5.613509097066135212, -16.48614634097089393, 23.50000000000000000 ) ) ;
#9242 = CARTESIAN_POINT ( 'NONE',  ( -7.774235610263285245, -25.74999999999999645, 3.416424131227112859 ) ) ;
#9243 = CARTESIAN_POINT ( 'NONE',  ( -53.99344095995156323, -8.929999999999994387, 22.93434452200543205 ) ) ;
#9244 = VECTOR ( 'NONE', #8194, 1000.000000000000000 ) ;
#9245 = ORIENTED_EDGE ( 'NONE', *, *, #9234, .T. ) ;
#9246 = CARTESIAN_POINT ( 'NONE',  ( -13.10069371300876995, -26.24999999999999645, 22.88956924811451188 ) ) ;
#9247 = EDGE_CURVE ( 'NONE', #4987, #3323, #8061, .T. ) ;
#9248 = CARTESIAN_POINT ( 'NONE',  ( 6.806707845618117148, -23.74999999999999645, -0.06565547799456904199 ) ) ;
#9249 = DIRECTION ( 'NONE',  ( -1.000000000000000000, 0.000000000000000000, 0.000000000000000000 ) ) ;
#9250 = CARTESIAN_POINT ( 'NONE',  ( -63.55073236542024517, -5.004056775174930749, -3.266399720341551571 ) ) ;
#9251 = VECTOR ( 'NONE', #4401, 1000.000000000000000 ) ;
#9252 = CIRCLE ( 'NONE', #3949, 0.5000000000000004441 ) ;
#9253 = ORIENTED_EDGE ( 'NONE', *, *, #2622, .F. ) ;
#9254 = PLANE ( 'NONE',  #9362 ) ;
#9255 = CYLINDRICAL_SURFACE ( 'NONE', #7962, 1.600000000000000755 ) ;
#9256 = CARTESIAN_POINT ( 'NONE',  ( -53.99344095995156323, -8.929999999999994387, 22.93434452200543205 ) ) ;
#9257 = VERTEX_POINT ( 'NONE', #3023 ) ;
#9258 = VECTOR ( 'NONE', #342, 1000.000000000000000 ) ;
#9259 = CIRCLE ( 'NONE', #4112, 1.199999999999999734 ) ;
#9260 = ORIENTED_EDGE ( 'NONE', *, *, #4948, .F. ) ;
#9261 = VERTEX_POINT ( 'NONE', #1569 ) ;
#9262 = CARTESIAN_POINT ( 'NONE',  ( -54.49344095995157033, -26.24999999999999645, 18.86494653213027206 ) ) ;
#9263 = FACE_BOUND ( 'NONE', #1930, .T. ) ;
#9264 = ORIENTED_EDGE ( 'NONE', *, *, #3131, .T. ) ;
#9265 = DIRECTION ( 'NONE',  ( 0.000000000000000000, 0.000000000000000000, 1.000000000000000000 ) ) ;
#9266 = EDGE_CURVE ( 'NONE', #2382, #483, #6168, .T. ) ;
#9267 = PLANE ( 'NONE',  #5210 ) ;
#9268 = VERTEX_POINT ( 'NONE', #5930 ) ;
#9269 = ORIENTED_EDGE ( 'NONE', *, *, #4076, .F. ) ;
#9270 = CARTESIAN_POINT ( 'NONE',  ( -69.60685805559241146, -24.74999999999999645, 11.92435785757281153 ) ) ;
#9271 = ORIENTED_EDGE ( 'NONE', *, *, #4288, .F. ) ;
#9272 = ORIENTED_EDGE ( 'NONE', *, *, #290, .F. ) ;
#9273 = ORIENTED_EDGE ( 'NONE', *, *, #4839, .F. ) ;
#9274 = EDGE_CURVE ( 'NONE', #1994, #8602, #2888, .T. ) ;
#9275 = DIRECTION ( 'NONE',  ( -0.9165424981473695443, 0.3999373064491222318, 0.000000000000000000 ) ) ;
#9276 = DIRECTION ( 'NONE',  ( 0.8660254037844388186, -0.000000000000000000, 0.4999999999999996669 ) ) ;
#9277 = VERTEX_POINT ( 'NONE', #1617 ) ;
#9278 = ORIENTED_EDGE ( 'NONE', *, *, #1742, .T. ) ;
#9279 = DIRECTION ( 'NONE',  ( -1.000000000000000000, 0.000000000000000000, 0.000000000000000000 ) ) ;
#9280 = DIRECTION ( 'NONE',  ( 0.000000000000000000, 0.000000000000000000, 1.000000000000000000 ) ) ;
#9281 = CARTESIAN_POINT ( 'NONE',  ( -66.09198187529463553, -15.66790477302092199, -3.266399720341551127 ) ) ;
#9282 = LINE ( 'NONE', #5548, #1571 ) ;
#9283 = EDGE_CURVE ( 'NONE', #9039, #6692, #5790, .T. ) ;
#9284 = DIRECTION ( 'NONE',  ( -0.000000000000000000, -1.000000000000000000, -0.000000000000000000 ) ) ;
#9286 = EDGE_CURVE ( 'NONE', #7798, #6094, #6929, .T. ) ;
#9285 = DIRECTION ( 'NONE',  ( 1.000000000000000000, 0.000000000000000000, 0.000000000000000000 ) ) ;
#9287 = APPLICATION_PROTOCOL_DEFINITION ( 'draft international standard', 'automotive_design', 1998, #443 ) ;
#9288 = ADVANCED_FACE ( 'NONE', ( #2177 ), #8149, .F. ) ;
#9289 = VERTEX_POINT ( 'NONE', #6119 ) ;
#9290 = DIRECTION ( 'NONE',  ( 0.000000000000000000, 1.000000000000000000, 0.000000000000000000 ) ) ;
#9291 = LINE ( 'NONE', #7157, #6613 ) ;
#9292 = VECTOR ( 'NONE', #8328, 1000.000000000000000 ) ;
#9293 = CARTESIAN_POINT ( 'NONE',  ( -69.60685805559241146, -24.74999999999999645, 8.651356676155737446 ) ) ;
#9294 = FACE_OUTER_BOUND ( 'NONE', #4138, .T. ) ;
#9295 = ORIENTED_EDGE ( 'NONE', *, *, #2942, .T. ) ;
#9296 = DIRECTION ( 'NONE',  ( -0.000000000000000000, 0.000000000000000000, -1.000000000000000000 ) ) ;
#9297 = CARTESIAN_POINT ( 'NONE',  ( -31.99253646513271931, -8.826403837643525208, 35.00000000000000000 ) ) ;
#9298 = EDGE_CURVE ( 'NONE', #4958, #4113, #377, .T. ) ;
#9299 = EDGE_CURVE ( 'NONE', #692, #141, #6210, .T. ) ;
#9300 = CARTESIAN_POINT ( 'NONE',  ( -13.92158689150289952, -23.74999999999999645, 22.88956924811451188 ) ) ;
#9301 = VERTEX_POINT ( 'NONE', #2508 ) ;
#9302 = FACE_OUTER_BOUND ( 'NONE', #6291, .T. ) ;
#9303 = EDGE_CURVE ( 'NONE', #8690, #814, #333, .T. ) ;
#9304 = FACE_OUTER_BOUND ( 'NONE', #7405, .T. ) ;
#9305 = DIRECTION ( 'NONE',  ( 2.459462815196287249E-16, 1.000000000000000000, 0.000000000000000000 ) ) ;
#9306 = VECTOR ( 'NONE', #9176, 1000.000000000000000 ) ;
#9307 = ORIENTED_EDGE ( 'NONE', *, *, #2376, .T. ) ;
#9308 = DIRECTION ( 'NONE',  ( -0.000000000000000000, -0.000000000000000000, 1.000000000000000000 ) ) ;
#9309 = CARTESIAN_POINT ( 'NONE',  ( 4.006559040048433218, -14.57499999999999929, 19.58434452200542708 ) ) ;
#9310 = DIRECTION ( 'NONE',  ( 0.000000000000000000, 0.000000000000000000, 1.000000000000000000 ) ) ;
#9311 = VECTOR ( 'NONE', #3947, 1000.000000000000000 ) ;
#9312 = ORIENTED_EDGE ( 'NONE', *, *, #4232, .T. ) ;
#9313 = VERTEX_POINT ( 'NONE', #8344 ) ;
#9314 = CARTESIAN_POINT ( 'NONE',  ( -50.99774952002547934, -21.92999999999999616, 25.73360027965844665 ) ) ;
#9315 = EDGE_CURVE ( 'NONE', #5611, #3100, #2552, .T. ) ;
#9316 = VERTEX_POINT ( 'NONE', #4742 ) ;
#9317 = EDGE_LOOP ( 'NONE', ( #5573, #6010, #5045, #2027 ) ) ;
#9318 = CARTESIAN_POINT ( 'NONE',  ( 13.99635887394077827, -28.24999999999999645, 10.17961269154898396 ) ) ;
#9319 = VECTOR ( 'NONE', #8795, 1000.000000000000000 ) ;
#9320 = VERTEX_POINT ( 'NONE', #6167 ) ;
#9321 = PLANE ( 'NONE',  #8692 ) ;
#9322 = DIRECTION ( 'NONE',  ( -0.000000000000000000, 0.000000000000000000, -1.000000000000000000 ) ) ;
#9323 = VECTOR ( 'NONE', #7740, 1000.000000000000000 ) ;
#9324 = ORIENTED_EDGE ( 'NONE', *, *, #7403, .T. ) ;
#9325 = VECTOR ( 'NONE', #5474, 1000.000000000000000 ) ;
#9326 = EDGE_CURVE ( 'NONE', #9316, #1103, #6877, .T. ) ;
#9327 = ORIENTED_EDGE ( 'NONE', *, *, #4279, .T. ) ;
#9328 = DIRECTION ( 'NONE',  ( 0.000000000000000000, 1.000000000000000000, -0.000000000000000000 ) ) ;
#9329 = CARTESIAN_POINT ( 'NONE',  ( -66.60685805559241146, -24.74999999999999645, 11.65135667615573745 ) ) ;
#9330 = LINE ( 'NONE', #1555, #3338 ) ;
#9331 = AXIS2_PLACEMENT_3D ( 'NONE', #1191, #5683, #7680 ) ;
#9332 = DIRECTION ( 'NONE',  ( 0.000000000000000000, -0.000000000000000000, -1.000000000000000000 ) ) ;
#9333 = DIRECTION ( 'NONE',  ( 0.000000000000000000, 0.000000000000000000, -1.000000000000000000 ) ) ;
#9334 = VECTOR ( 'NONE', #5320, 1000.000000000000000 ) ;
#9335 = DIRECTION ( 'NONE',  ( -0.000000000000000000, -0.000000000000000000, 1.000000000000000000 ) ) ;
#9336 = ORIENTED_EDGE ( 'NONE', *, *, #2882, .T. ) ;
#9337 = VECTOR ( 'NONE', #5322, 1000.000000000000000 ) ;
#9338 = CARTESIAN_POINT ( 'NONE',  ( 5.406633442833277847, -23.74999999999999645, 25.35934452200542921 ) ) ;
#9339 = EDGE_CURVE ( 'NONE', #1491, #1108, #4600, .T. ) ;
#9340 = VECTOR ( 'NONE', #2263, 1000.000000000000000 ) ;
#9341 = FACE_OUTER_BOUND ( 'NONE', #6038, .T. ) ;
#9342 = LINE ( 'NONE', #2833, #5458 ) ;
#9343 = ORIENTED_EDGE ( 'NONE', *, *, #5508, .T. ) ;
#9344 = FACE_OUTER_BOUND ( 'NONE', #8497, .T. ) ;
#9345 = DIRECTION ( 'NONE',  ( 1.000000000000000000, 0.000000000000000000, 0.000000000000000000 ) ) ;
#9346 = VECTOR ( 'NONE', #4369, 1000.000000000000000 ) ;
#9347 = CARTESIAN_POINT ( 'NONE',  ( 9.852138384579765429, -24.74999999999999645, 8.561872586650322248 ) ) ;
#9348 = ORIENTED_EDGE ( 'NONE', *, *, #2728, .F. ) ;
#9349 = ORIENTED_EDGE ( 'NONE', *, *, #7946, .T. ) ;
#9350 = DIRECTION ( 'NONE',  ( -0.4999999999999996669, 0.000000000000000000, -0.8660254037844388186 ) ) ;
#9351 = EDGE_CURVE ( 'NONE', #4831, #8395, #5712, .T. ) ;
#9352 = ADVANCED_FACE ( 'NONE', ( #3262 ), #7489, .T. ) ;
#9353 = PLANE ( 'NONE',  #6649 ) ;
#9354 = EDGE_LOOP ( 'NONE', ( #3918, #4607, #369, #9049 ) ) ;
#9355 = CARTESIAN_POINT ( 'NONE',  ( 7.852138384579761876, -8.826403837643526984, 27.73360027965844665 ) ) ;
#9356 = FACE_OUTER_BOUND ( 'NONE', #2249, .T. ) ;
#9357 = CARTESIAN_POINT ( 'NONE',  ( 9.852138384579765429, -24.74999999999999645, 8.561872586650322248 ) ) ;
#9358 = VERTEX_POINT ( 'NONE', #1046 ) ;
#9359 = ORIENTED_EDGE ( 'NONE', *, *, #8666, .F. ) ;
#9360 = EDGE_CURVE ( 'NONE', #6394, #230, #1661, .T. ) ;
#9361 = ORIENTED_EDGE ( 'NONE', *, *, #858, .T. ) ;
#9362 = AXIS2_PLACEMENT_3D ( 'NONE', #1290, #4178, #3455 ) ;
#9363 = EDGE_LOOP ( 'NONE', ( #8332, #2414, #5488, #8966 ) ) ;
#9364 = EDGE_CURVE ( 'NONE', #5092, #1855, #4049, .T. ) ;
#9365 = DIRECTION ( 'NONE',  ( 0.000000000000000000, 1.000000000000000000, 0.000000000000000000 ) ) ;
#9366 = ORIENTED_EDGE ( 'NONE', *, *, #2507, .F. ) ;
#9367 = LINE ( 'NONE', #5010, #367 ) ;
#9368 = CARTESIAN_POINT ( 'NONE',  ( -31.99253646513271931, -13.99840717847742511, 26.73360027965844665 ) ) ;
#9369 = VECTOR ( 'NONE', #1666, 1000.000000000000000 ) ;
#9370 = ORIENTED_EDGE ( 'NONE', *, *, #4761, .T. ) ;
#9371 = EDGE_LOOP ( 'NONE', ( #6222, #6267 ) ) ;
#9372 = CARTESIAN_POINT ( 'NONE',  ( -53.99344095995156323, -21.92999999999999616, -0.06565547799456880607 ) ) ;
#9373 = PLANE ( 'NONE',  #1967 ) ;
#9374 = CARTESIAN_POINT ( 'NONE',  ( -52.59336655716671771, -23.74999999999999645, 20.50934452200542424 ) ) ;
#9375 = VECTOR ( 'NONE', #608, 1000.000000000000000 ) ;
#9376 = CARTESIAN_POINT ( 'NONE',  ( -53.99344095995156323, -26.24999999999999645, 22.93434452200543205 ) ) ;
#9377 = DIRECTION ( 'NONE',  ( -0.000000000000000000, -0.000000000000000000, 1.000000000000000000 ) ) ;
#9378 = DIRECTION ( 'NONE',  ( 0.000000000000000000, 0.000000000000000000, -1.000000000000000000 ) ) ;
#9379 = ADVANCED_FACE ( 'NONE', ( #7632 ), #4030, .T. ) ;
#9380 = VERTEX_POINT ( 'NONE', #8293 ) ;
#9381 = AXIS2_PLACEMENT_3D ( 'NONE', #6576, #5776, #5820 ) ;
#9382 = FACE_BOUND ( 'NONE', #8465, .T. ) ;
#9383 = DIRECTION ( 'NONE',  ( -0.000000000000000000, -1.000000000000000000, -0.000000000000000000 ) ) ;
#9384 = DIRECTION ( 'NONE',  ( 0.000000000000000000, -1.000000000000000000, 0.000000000000000000 ) ) ;
#9385 = VERTEX_POINT ( 'NONE', #278 ) ;
#9386 = DIRECTION ( 'NONE',  ( 0.000000000000000000, 0.000000000000000000, -1.000000000000000000 ) ) ;
#9387 = DIRECTION ( 'NONE',  ( -0.3999373064491222318, -0.9165424981473695443, -0.000000000000000000 ) ) ;
#9388 = AXIS2_PLACEMENT_3D ( 'NONE', #1985, #4834, #2547 ) ;
#9389 = AXIS2_PLACEMENT_3D ( 'NONE', #5423, #3281, #8261 ) ;
#9390 = EDGE_CURVE ( 'NONE', #7596, #7788, #948, .T. ) ;
#9391 = DIRECTION ( 'NONE',  ( -1.000000000000000000, 0.000000000000000000, 0.000000000000000000 ) ) ;
#9392 = ADVANCED_FACE ( 'NONE', ( #6075 ), #6733, .F. ) ;
#9393 = ORIENTED_EDGE ( 'NONE', *, *, #1945, .F. ) ;
#9394 = DIRECTION ( 'NONE',  ( -1.000000000000000000, 0.000000000000000000, 0.000000000000000000 ) ) ;
ENDSEC;
END-ISO-10303-21;
