ISO-10303-21;
HEADER;
FILE_DESCRIPTION (( 'STEP AP214' ),
    '1' );
FILE_NAME ('BOT_CASE_291024.STEP',
    '2024-10-29T22:43:31',
    ( '' ),
    ( '' ),
    'SwSTEP 2.0',
    'SolidWorks 2023',
    '' );
FILE_SCHEMA (( 'AUTOMOTIVE_DESIGN' ));
ENDSEC;

DATA;
#1 = ORIENTED_EDGE ( 'NONE', *, *, #3161, .T. ) ;
#2 = EDGE_CURVE ( 'NONE', #3704, #2151, #74, .T. ) ;
#3 = EDGE_CURVE ( 'NONE', #1116, #87, #3152, .T. ) ;
#4 = EDGE_LOOP ( 'NONE', ( #1008, #2619, #4843, #2872, #3618, #3427, #3477, #4252, #2330 ) ) ;
#5 = CARTESIAN_POINT ( 'NONE',  ( -62.05134326581678295, 0.7130042956954123490, -3.761230304006072167 ) ) ;
#6 = LINE ( 'NONE', #1510, #1613 ) ;
#7 = ORIENTED_EDGE ( 'NONE', *, *, #3566, .T. ) ;
#8 = CARTESIAN_POINT ( 'NONE',  ( -68.67003059873778170, 4.735238934357180796, -3.761230304006072167 ) ) ;
#9 = DIRECTION ( 'NONE',  ( 0.000000000000000000, 1.000000000000000000, 0.000000000000000000 ) ) ;
#10 = DIRECTION ( 'NONE',  ( 0.000000000000000000, 0.000000000000000000, 1.000000000000000000 ) ) ;
#11 = ORIENTED_EDGE ( 'NONE', *, *, #391, .F. ) ;
#12 = FACE_OUTER_BOUND ( 'NONE', #3612, .T. ) ;
#13 = DIRECTION ( 'NONE',  ( 0.000000000000000000, -0.000000000000000000, 1.000000000000000000 ) ) ;
#14 = DIRECTION ( 'NONE',  ( 0.000000000000000000, 0.000000000000000000, 1.000000000000000000 ) ) ;
#15 = EDGE_LOOP ( 'NONE', ( #974, #4011, #2770, #304 ) ) ;
#16 = EDGE_CURVE ( 'NONE', #4043, #2204, #2413, .T. ) ;
#17 = VERTEX_POINT ( 'NONE', #4375 ) ;
#18 = DIRECTION ( 'NONE',  ( -0.000000000000000000, 1.000000000000000000, -0.000000000000000000 ) ) ;
#19 = CARTESIAN_POINT ( 'NONE',  ( -60.04560449174972803, 10.50000000000000000, 24.23876969599392694 ) ) ;
#20 = EDGE_LOOP ( 'NONE', ( #2485, #2630, #1553, #4753 ) ) ;
#21 = CARTESIAN_POINT ( 'NONE',  ( -51.60056723113756760, -3.250000000000000000, 16.72284629709940162 ) ) ;
#22 = ORIENTED_EDGE ( 'NONE', *, *, #2397, .T. ) ;
#23 = DIRECTION ( 'NONE',  ( 1.000000000000000000, 0.000000000000000000, -0.000000000000000000 ) ) ;
#24 = DIRECTION ( 'NONE',  ( 0.000000000000000000, 0.000000000000000000, 1.000000000000000000 ) ) ;
#25 = ORIENTED_EDGE ( 'NONE', *, *, #1941, .T. ) ;
#26 = EDGE_CURVE ( 'NONE', #1929, #4193, #1875, .T. ) ;
#27 = DIRECTION ( 'NONE',  ( -0.000000000000000000, 1.000000000000000000, -0.000000000000000000 ) ) ;
#28 = EDGE_CURVE ( 'NONE', #275, #3605, #1729, .T. ) ;
#29 = CARTESIAN_POINT ( 'NONE',  ( -60.04560449174972803, 0.7130042956954119049, -3.261230304006072611 ) ) ;
#30 = AXIS2_PLACEMENT_3D ( 'NONE', #2452, #4800, #1397 ) ;
#31 = CARTESIAN_POINT ( 'NONE',  ( 4.006559040048433218, 8.000000000000000000, -0.8656554779945688782 ) ) ;
#32 = EDGE_CURVE ( 'NONE', #3116, #619, #1655, .T. ) ;
#33 = VERTEX_POINT ( 'NONE', #1634 ) ;
#34 = ORIENTED_EDGE ( 'NONE', *, *, #2019, .F. ) ;
#35 = VECTOR ( 'NONE', #1466, 1000.000000000000000 ) ;
#36 = DIRECTION ( 'NONE',  ( -1.000000000000000000, 0.000000000000000000, 0.000000000000000000 ) ) ;
#37 = AXIS2_PLACEMENT_3D ( 'NONE', #1457, #1576, #2961 ) ;
#38 = CARTESIAN_POINT ( 'NONE',  ( -51.60056723113756760, 8.750000000000000000, 16.72284629709940162 ) ) ;
#39 = PLANE ( 'NONE',  #4299 ) ;
#40 = EDGE_LOOP ( 'NONE', ( #3554, #1511, #3820, #808 ) ) ;
#41 = EDGE_LOOP ( 'NONE', ( #1277, #2725, #4165, #594 ) ) ;
#42 = AXIS2_PLACEMENT_3D ( 'NONE', #1437, #4115, #1843 ) ;
#43 = DIRECTION ( 'NONE',  ( 0.000000000000000000, 0.000000000000000000, -1.000000000000000000 ) ) ;
#44 = LINE ( 'NONE', #3387, #2733 ) ;
#45 = VECTOR ( 'NONE', #3211, 1000.000000000000000 ) ;
#46 = EDGE_LOOP ( 'NONE', ( #2577, #3559, #2512, #474 ) ) ;
#47 =( NAMED_UNIT ( * ) SI_UNIT ( $, .STERADIAN. ) SOLID_ANGLE_UNIT ( ) );
#48 = ORIENTED_EDGE ( 'NONE', *, *, #4022, .T. ) ;
#49 = EDGE_CURVE ( 'NONE', #2567, #2715, #3930, .T. ) ;
#50 = EDGE_LOOP ( 'NONE', ( #2522, #1526, #4148, #11 ) ) ;
#51 = FACE_OUTER_BOUND ( 'NONE', #3245, .T. ) ;
#52 = DIRECTION ( 'NONE',  ( 0.000000000000000000, 0.000000000000000000, 1.000000000000000000 ) ) ;
#53 = ORIENTED_EDGE ( 'NONE', *, *, #2324, .T. ) ;
#54 = LINE ( 'NONE', #789, #3113 ) ;
#55 = VECTOR ( 'NONE', #2556, 1000.000000000000000 ) ;
#56 = PLANE ( 'NONE',  #3183 ) ;
#57 = EDGE_CURVE ( 'NONE', #1554, #521, #3233, .T. ) ;
#58 = CARTESIAN_POINT ( 'NONE',  ( -50.65690083581098691, 10.50000000000000000, 22.43434452200543205 ) ) ;
#59 = VERTEX_POINT ( 'NONE', #538 ) ;
#60 = AXIS2_PLACEMENT_3D ( 'NONE', #1712, #2520, #3663 ) ;
#61 = AXIS2_PLACEMENT_3D ( 'NONE', #2797, #3991, #2477 ) ;
#62 = EDGE_CURVE ( 'NONE', #3859, #4488, #4656, .T. ) ;
#63 = ADVANCED_FACE ( 'NONE', ( #4300 ), #3532, .T. ) ;
#64 = VECTOR ( 'NONE', #1834, 1000.000000000000000 ) ;
#65 = CARTESIAN_POINT ( 'NONE',  ( 18.02106672353487227, 4.713004295695412793, -6.761230304006072167 ) ) ;
#66 = CARTESIAN_POINT ( 'NONE',  ( -48.31535629077411897, 8.567453508431418285, 22.43434452200543205 ) ) ;
#67 = LINE ( 'NONE', #1572, #2091 ) ;
#68 = ORIENTED_EDGE ( 'NONE', *, *, #2563, .F. ) ;
#69 = LINE ( 'NONE', #408, #3109 ) ;
#70 = DIRECTION ( 'NONE',  ( 0.000000000000000000, 0.000000000000000000, 1.000000000000000000 ) ) ;
#71 = DIRECTION ( 'NONE',  ( 3.110824955691249205E-17, 7.716936833759846881E-33, -1.000000000000000000 ) ) ;
#72 = VERTEX_POINT ( 'NONE', #2388 ) ;
#73 = ORIENTED_EDGE ( 'NONE', *, *, #839, .T. ) ;
#74 = LINE ( 'NONE', #1205, #4399 ) ;
#75 = CARTESIAN_POINT ( 'NONE',  ( -53.49344095995156323, 5.875000000000003553, 3.284344522005432587 ) ) ;
#76 = DIRECTION ( 'NONE',  ( 0.000000000000000000, 0.000000000000000000, 1.000000000000000000 ) ) ;
#77 = EDGE_LOOP ( 'NONE', ( #1154, #3275, #2597, #1360 ) ) ;
#78 = CARTESIAN_POINT ( 'NONE',  ( -50.93444028727700612, 10.50000000000000000, 0.5000000000000000000 ) ) ;
#79 = EDGE_CURVE ( 'NONE', #3667, #1081, #1550, .T. ) ;
#80 = DIRECTION ( 'NONE',  ( 0.000000000000000000, -1.000000000000000000, 0.000000000000000000 ) ) ;
#81 = ORIENTED_EDGE ( 'NONE', *, *, #345, .T. ) ;
#82 = LINE ( 'NONE', #58, #4833 ) ;
#83 = ORIENTED_EDGE ( 'NONE', *, *, #506, .T. ) ;
#84 = DIRECTION ( 'NONE',  ( -1.000000000000000000, 5.209522807270858964E-16, -0.000000000000000000 ) ) ;
#85 = CARTESIAN_POINT ( 'NONE',  ( -13.08160286443803066, 4.186891154377374136, 27.73876969599392694 ) ) ;
#86 = CARTESIAN_POINT ( 'NONE',  ( -53.49344095995156323, 10.50000000000000000, 16.15947316483460128 ) ) ;
#87 = VERTEX_POINT ( 'NONE', #3609 ) ;
#88 = ADVANCED_FACE ( 'NONE', ( #143 ), #586, .F. ) ;
#89 = EDGE_CURVE ( 'NONE', #1111, #376, #4676, .T. ) ;
#90 = ORIENTED_EDGE ( 'NONE', *, *, #4510, .F. ) ;
#91 = ORIENTED_EDGE ( 'NONE', *, *, #3230, .F. ) ;
#92 = DIRECTION ( 'NONE',  ( -0.000000000000000000, -0.000000000000000000, -1.000000000000000000 ) ) ;
#93 = DIRECTION ( 'NONE',  ( -1.000000000000000000, -0.000000000000000000, -0.000000000000000000 ) ) ;
#94 = CYLINDRICAL_SURFACE ( 'NONE', #4237, 3.350000000000002309 ) ;
#95 = VERTEX_POINT ( 'NONE', #1278 ) ;
#96 = EDGE_LOOP ( 'NONE', ( #1165, #1451, #1827, #2836 ) ) ;
#97 = ORIENTED_EDGE ( 'NONE', *, *, #723, .T. ) ;
#98 = DIRECTION ( 'NONE',  ( 0.000000000000000000, -0.000000000000000000, 1.000000000000000000 ) ) ;
#99 = DIRECTION ( 'NONE',  ( -0.000000000000000000, 1.000000000000000000, -0.000000000000000000 ) ) ;
#100 = EDGE_LOOP ( 'NONE', ( #3679, #3194, #3738, #4845 ) ) ;
#101 = CARTESIAN_POINT ( 'NONE',  ( 6.352138378250272943, -3.250000000000000000, -3.261230304006072611 ) ) ;
#102 = LINE ( 'NONE', #4282, #3592 ) ;
#103 = ADVANCED_FACE ( 'NONE', ( #2782 ), #3901, .F. ) ;
#104 = CARTESIAN_POINT ( 'NONE',  ( -60.04560449174972803, -3.250000000000000000, 25.73876969599392694 ) ) ;
#105 = ORIENTED_EDGE ( 'NONE', *, *, #1660, .F. ) ;
#106 = CARTESIAN_POINT ( 'NONE',  ( -38.60223981824245953, 8.750000000000000000, 25.73876969599392694 ) ) ;
#107 = AXIS2_PLACEMENT_3D ( 'NONE', #497, #476, #158 ) ;
#108 = EDGE_CURVE ( 'NONE', #1994, #805, #4353, .T. ) ;
#109 = DIRECTION ( 'NONE',  ( -1.000000000000000000, -0.000000000000000000, -0.000000000000000000 ) ) ;
#110 = PLANE ( 'NONE',  #1369 ) ;
#111 = VECTOR ( 'NONE', #675, 1000.000000000000000 ) ;
#112 = ORIENTED_EDGE ( 'NONE', *, *, #3782, .F. ) ;
#113 = CARTESIAN_POINT ( 'NONE',  ( -65.47003059873777886, 4.735238934357180796, -3.761230304006072167 ) ) ;
#114 = VECTOR ( 'NONE', #1062, 1000.000000000000000 ) ;
#115 = EDGE_CURVE ( 'NONE', #3081, #4265, #207, .T. ) ;
#116 = CARTESIAN_POINT ( 'NONE',  ( -53.49344095995156323, 0.000000000000000000, 0.000000000000000000 ) ) ;
#117 = CARTESIAN_POINT ( 'NONE',  ( 9.876295877967509185, 0.7130042956954123490, -3.761230304006072167 ) ) ;
#118 = VERTEX_POINT ( 'NONE', #2079 ) ;
#119 = CIRCLE ( 'NONE', #3908, 1.500000000000000000 ) ;
#120 = EDGE_CURVE ( 'NONE', #2344, #911, #3974, .T. ) ;
#121 = DIRECTION ( 'NONE',  ( 0.000000000000000000, -1.000000000000000000, -0.000000000000000000 ) ) ;
#122 = CARTESIAN_POINT ( 'NONE',  ( -53.49344095995156323, 5.875000000000003553, 19.58434452200542708 ) ) ;
#123 = CARTESIAN_POINT ( 'NONE',  ( 4.006559040048433218, 8.000000000000000000, 22.13434452200543134 ) ) ;
#124 = ORIENTED_EDGE ( 'NONE', *, *, #1263, .T. ) ;
#125 = CARTESIAN_POINT ( 'NONE',  ( -39.29572938337270926, 7.483490513531148913, 26.71994397445526204 ) ) ;
#126 = LINE ( 'NONE', #1588, #2099 ) ;
#127 = CIRCLE ( 'NONE', #840, 3.350000000000000533 ) ;
#128 = CARTESIAN_POINT ( 'NONE',  ( 6.352138378250272943, -3.250000000000000000, -3.261230304006072611 ) ) ;
#129 = ORIENTED_EDGE ( 'NONE', *, *, #1910, .T. ) ;
#130 = VECTOR ( 'NONE', #310, 1000.000000000000000 ) ;
#131 = LINE ( 'NONE', #3544, #3515 ) ;
#132 = AXIS2_PLACEMENT_3D ( 'NONE', #2626, #3020, #1496 ) ;
#133 = CARTESIAN_POINT ( 'NONE',  ( 9.852138378250273831, -3.250000000000000000, -4.761230304006072167 ) ) ;
#134 = FACE_OUTER_BOUND ( 'NONE', #3505, .T. ) ;
#135 = AXIS2_PLACEMENT_3D ( 'NONE', #38, #1546, #426 ) ;
#136 = ORIENTED_EDGE ( 'NONE', *, *, #1026, .T. ) ;
#137 = ADVANCED_FACE ( 'NONE', ( #1703 ), #4729, .F. ) ;
#138 = DIRECTION ( 'NONE',  ( -0.000000000000000000, 0.000000000000000000, -1.000000000000000000 ) ) ;
#139 = CIRCLE ( 'NONE', #4167, 2.420000000000000373 ) ;
#140 = CARTESIAN_POINT ( 'NONE',  ( -61.54560449174972803, 4.466867144221085439, 27.73876969599392694 ) ) ;
#141 = CARTESIAN_POINT ( 'NONE',  ( -63.54560449174972803, 12.50000000000000000, 0.000000000000000000 ) ) ;
#142 = ORIENTED_EDGE ( 'NONE', *, *, #3890, .T. ) ;
#143 = FACE_OUTER_BOUND ( 'NONE', #2272, .T. ) ;
#144 = PLANE ( 'NONE',  #3624 ) ;
#145 = DIRECTION ( 'NONE',  ( -0.000000000000000000, -0.000000000000000000, -1.000000000000000000 ) ) ;
#146 = ORIENTED_EDGE ( 'NONE', *, *, #3567, .T. ) ;
#147 = CARTESIAN_POINT ( 'NONE',  ( 3.506559040048433218, 8.522475794581160002, 18.82186810699505486 ) ) ;
#148 = EDGE_CURVE ( 'NONE', #4445, #4450, #2807, .T. ) ;
#149 = ORIENTED_EDGE ( 'NONE', *, *, #3196, .T. ) ;
#150 = EDGE_CURVE ( 'NONE', #1567, #2403, #3636, .T. ) ;
#151 = CARTESIAN_POINT ( 'NONE',  ( 18.02106672353487227, 8.757473573018954127, -6.761230304006072167 ) ) ;
#152 = ORIENTED_EDGE ( 'NONE', *, *, #26, .T. ) ;
#153 = DIRECTION ( 'NONE',  ( 0.000000000000000000, -0.000000000000000000, 1.000000000000000000 ) ) ;
#154 = ORIENTED_EDGE ( 'NONE', *, *, #2086, .T. ) ;
#155 = CARTESIAN_POINT ( 'NONE',  ( -53.99344095995156323, 5.875000000000003553, -0.06565547799456880607 ) ) ;
#156 = ORIENTED_EDGE ( 'NONE', *, *, #4665, .T. ) ;
#157 = DIRECTION ( 'NONE',  ( 0.000000000000000000, 0.000000000000000000, 1.000000000000000000 ) ) ;
#158 = DIRECTION ( 'NONE',  ( 0.000000000000000000, 0.000000000000000000, 1.000000000000000000 ) ) ;
#159 = VERTEX_POINT ( 'NONE', #2535 ) ;
#160 = AXIS2_PLACEMENT_3D ( 'NONE', #3219, #2469, #4284 ) ;
#161 = FACE_OUTER_BOUND ( 'NONE', #3786, .T. ) ;
#162 = LINE ( 'NONE', #3894, #3670 ) ;
#163 = CARTESIAN_POINT ( 'NONE',  ( -53.99344095995156323, 12.50000000000000000, 1.554344522005431939 ) ) ;
#164 = ADVANCED_FACE ( 'NONE', ( #2153 ), #3284, .T. ) ;
#165 = ORIENTED_EDGE ( 'NONE', *, *, #2377, .T. ) ;
#166 = ORIENTED_EDGE ( 'NONE', *, *, #524, .F. ) ;
#167 = CARTESIAN_POINT ( 'NONE',  ( -53.99344095995156323, 5.875000000000003553, 22.13434452200543134 ) ) ;
#168 = DIRECTION ( 'NONE',  ( 1.000000000000000000, 0.000000000000000000, 0.000000000000000000 ) ) ;
#169 = CARTESIAN_POINT ( 'NONE',  ( -50.88856591388922368, 7.983490513531148913, 26.71994397445526204 ) ) ;
#170 = ORIENTED_EDGE ( 'NONE', *, *, #2595, .T. ) ;
#171 = CARTESIAN_POINT ( 'NONE',  ( -61.54560449174972803, 4.040444544970641871, 27.73876969599392694 ) ) ;
#172 = DIRECTION ( 'NONE',  ( -0.000000000000000000, -0.000000000000000000, -1.000000000000000000 ) ) ;
#173 = ORIENTED_EDGE ( 'NONE', *, *, #228, .F. ) ;
#174 = EDGE_CURVE ( 'NONE', #3082, #1607, #127, .T. ) ;
#175 = EDGE_CURVE ( 'NONE', #3335, #788, #660, .T. ) ;
#176 = CYLINDRICAL_SURFACE ( 'NONE', #3300, 0.5000000000000004441 ) ;
#177 = DIRECTION ( 'NONE',  ( 1.000000000000000000, 0.000000000000000000, 0.000000000000000000 ) ) ;
#178 = ORIENTED_EDGE ( 'NONE', *, *, #571, .F. ) ;
#179 = DIRECTION ( 'NONE',  ( 0.000000000000000000, 0.000000000000000000, -1.000000000000000000 ) ) ;
#180 = EDGE_CURVE ( 'NONE', #2306, #4649, #2513, .T. ) ;
#181 = DIRECTION ( 'NONE',  ( 0.000000000000000000, 0.000000000000000000, -1.000000000000000000 ) ) ;
#182 = DIRECTION ( 'NONE',  ( -0.000000000000000000, 0.000000000000000000, 1.000000000000000000 ) ) ;
#183 = ORIENTED_EDGE ( 'NONE', *, *, #4692, .F. ) ;
#184 = CARTESIAN_POINT ( 'NONE',  ( -38.60223981824245953, -3.250000000000000000, 25.73876969599392694 ) ) ;
#185 = DIRECTION ( 'NONE',  ( 1.000000000000000000, -0.000000000000000000, 0.000000000000000000 ) ) ;
#186 = CARTESIAN_POINT ( 'NONE',  ( -38.60223981824245953, 8.750000000000000000, 26.71994397445526204 ) ) ;
#187 = VERTEX_POINT ( 'NONE', #2175 ) ;
#188 = CIRCLE ( 'NONE', #2095, 1.350000000000000533 ) ;
#189 = DIRECTION ( 'NONE',  ( -1.000000000000000000, 0.000000000000000000, 0.000000000000000000 ) ) ;
#190 = DIRECTION ( 'NONE',  ( -1.000000000000000000, 0.000000000000000000, 0.000000000000000000 ) ) ;
#191 = DIRECTION ( 'NONE',  ( 0.000000000000000000, 0.000000000000000000, 1.000000000000000000 ) ) ;
#192 = VECTOR ( 'NONE', #554, 1000.000000000000000 ) ;
#193 = ORIENTED_EDGE ( 'NONE', *, *, #2806, .F. ) ;
#194 = DIRECTION ( 'NONE',  ( -0.000000000000000000, 1.000000000000000000, 0.000000000000000000 ) ) ;
#195 = EDGE_CURVE ( 'NONE', #754, #3237, #2886, .T. ) ;
#196 = FACE_OUTER_BOUND ( 'NONE', #1863, .T. ) ;
#197 = CIRCLE ( 'NONE', #3754, 3.499999999999999556 ) ;
#198 = EDGE_LOOP ( 'NONE', ( #3654, #4215, #3665, #193, #1171, #4581 ) ) ;
#199 = DIRECTION ( 'NONE',  ( 0.5044624565692709117, -0.8634336279715404405, 0.000000000000000000 ) ) ;
#200 = CARTESIAN_POINT ( 'NONE',  ( 1.873062941308192730, 8.000000000000000000, 22.13434452200543134 ) ) ;
#201 = VERTEX_POINT ( 'NONE', #4882 ) ;
#202 = EDGE_CURVE ( 'NONE', #1661, #275, #1109, .T. ) ;
#203 = DIRECTION ( 'NONE',  ( 0.000000000000000000, 0.000000000000000000, 1.000000000000000000 ) ) ;
#204 = CARTESIAN_POINT ( 'NONE',  ( 3.469226652074591133, 5.875000000000003553, 2.440970280211873789 ) ) ;
#205 = CYLINDRICAL_SURFACE ( 'NONE', #577, 0.5000000000000004441 ) ;
#206 = VERTEX_POINT ( 'NONE', #4126 ) ;
#207 = CIRCLE ( 'NONE', #3765, 1.500000000000001332 ) ;
#208 = AXIS2_PLACEMENT_3D ( 'NONE', #3968, #3602, #2169 ) ;
#209 = EDGE_CURVE ( 'NONE', #1908, #4297, #4082, .T. ) ;
#210 = EDGE_CURVE ( 'NONE', #816, #2946, #4857, .T. ) ;
#211 = DIRECTION ( 'NONE',  ( 0.000000000000000000, 1.000000000000000000, 0.000000000000000000 ) ) ;
#212 = AXIS2_PLACEMENT_3D ( 'NONE', #117, #3550, #3502 ) ;
#213 = CARTESIAN_POINT ( 'NONE',  ( -9.280464726337173786, 8.250000000000000000, 17.31907693046060714 ) ) ;
#214 = LINE ( 'NONE', #2029, #2740 ) ;
#215 = ORIENTED_EDGE ( 'NONE', *, *, #4130, .T. ) ;
#216 = ORIENTED_EDGE ( 'NONE', *, *, #1075, .F. ) ;
#217 = CIRCLE ( 'NONE', #2499, 3.350000000000001421 ) ;
#218 = DIRECTION ( 'NONE',  ( 0.000000000000000000, 0.000000000000000000, 1.000000000000000000 ) ) ;
#219 = AXIS2_PLACEMENT_3D ( 'NONE', #539, #3610, #1354 ) ;
#220 = DIRECTION ( 'NONE',  ( -0.000000000000000000, -0.000000000000000000, -1.000000000000000000 ) ) ;
#221 = CARTESIAN_POINT ( 'NONE',  ( -2.827916956681466587, 10.50000000000000000, 22.43434452200543205 ) ) ;
#222 = VERTEX_POINT ( 'NONE', #1055 ) ;
#223 = CARTESIAN_POINT ( 'NONE',  ( -60.04560449174972803, 12.50000000000000000, -3.261230304006072611 ) ) ;
#224 = DIRECTION ( 'NONE',  ( 1.000000000000000000, 0.000000000000000000, 0.000000000000000000 ) ) ;
#225 = ORIENTED_EDGE ( 'NONE', *, *, #2747, .T. ) ;
#226 = CARTESIAN_POINT ( 'NONE',  ( -50.88856591388922368, 4.966867144221086328, 26.71994397445526204 ) ) ;
#227 = DIRECTION ( 'NONE',  ( 1.000000000000000000, 0.000000000000000000, 0.000000000000000000 ) ) ;
#228 = EDGE_CURVE ( 'NONE', #3180, #4316, #4809, .T. ) ;
#229 = ORIENTED_EDGE ( 'NONE', *, *, #3462, .F. ) ;
#230 = ORIENTED_EDGE ( 'NONE', *, *, #269, .T. ) ;
#231 = CARTESIAN_POINT ( 'NONE',  ( -48.31535629077411897, 8.567453508431418285, 23.43434452200543205 ) ) ;
#232 = DIRECTION ( 'NONE',  ( -1.000000000000000000, 0.000000000000000000, 0.000000000000000000 ) ) ;
#233 = FACE_OUTER_BOUND ( 'NONE', #50, .T. ) ;
#234 = VERTEX_POINT ( 'NONE', #4078 ) ;
#235 = CARTESIAN_POINT ( 'NONE',  ( -53.49344095995156323, 5.875000000000003553, 2.776420582063964471 ) ) ;
#236 = CARTESIAN_POINT ( 'NONE',  ( -39.79572938337270926, 4.966867144221086328, 26.71994397445526204 ) ) ;
#237 = DIRECTION ( 'NONE',  ( 1.000000000000000000, 0.000000000000000000, 0.000000000000000000 ) ) ;
#238 = ADVANCED_FACE ( 'NONE', ( #315 ), #1452, .F. ) ;
#239 = EDGE_CURVE ( 'NONE', #1530, #4270, #1011, .T. ) ;
#240 = ORIENTED_EDGE ( 'NONE', *, *, #1815, .T. ) ;
#241 = ORIENTED_EDGE ( 'NONE', *, *, #4451, .T. ) ;
#242 = CARTESIAN_POINT ( 'NONE',  ( -61.54560449174972803, 8.250000000000000000, 25.73876969599392694 ) ) ;
#243 = EDGE_CURVE ( 'NONE', #4807, #1490, #2202, .T. ) ;
#244 = FACE_OUTER_BOUND ( 'NONE', #1159, .T. ) ;
#245 = ORIENTED_EDGE ( 'NONE', *, *, #4614, .F. ) ;
#246 = CARTESIAN_POINT ( 'NONE',  ( 4.006559040048433218, 5.875000000000003553, 18.78434452200542992 ) ) ;
#247 = FACE_OUTER_BOUND ( 'NONE', #3982, .T. ) ;
#248 = VERTEX_POINT ( 'NONE', #2955 ) ;
#249 = DIRECTION ( 'NONE',  ( 0.000000000000000000, 0.000000000000000000, 1.000000000000000000 ) ) ;
#250 = CARTESIAN_POINT ( 'NONE',  ( 6.352138378250272055, -3.250000000000000000, -4.761230304006072167 ) ) ;
#251 = VERTEX_POINT ( 'NONE', #3360 ) ;
#252 = VERTEX_POINT ( 'NONE', #4481 ) ;
#253 = DIRECTION ( 'NONE',  ( 0.000000000000000000, 0.000000000000000000, 1.000000000000000000 ) ) ;
#254 = CARTESIAN_POINT ( 'NONE',  ( 14.57660255292402773, 4.735238934357184348, -3.761230304006072167 ) ) ;
#255 = CARTESIAN_POINT ( 'NONE',  ( -53.99344095995156323, 5.875000000000003553, 22.13434452200543134 ) ) ;
#256 = ORIENTED_EDGE ( 'NONE', *, *, #4386, .T. ) ;
#257 = EDGE_CURVE ( 'NONE', #4208, #3291, #4029, .T. ) ;
#258 = LINE ( 'NONE', #2905, #1080 ) ;
#259 = CARTESIAN_POINT ( 'NONE',  ( 4.372648506378346234, 12.50000000000000000, 6.828908360124231081 ) ) ;
#260 = VERTEX_POINT ( 'NONE', #1085 ) ;
#261 = ORIENTED_EDGE ( 'NONE', *, *, #327, .F. ) ;
#262 = ADVANCED_FACE ( 'NONE', ( #1756 ), #4781, .T. ) ;
#263 = AXIS2_PLACEMENT_3D ( 'NONE', #4213, #2361, #1249 ) ;
#264 = DIRECTION ( 'NONE',  ( -0.000000000000000000, 1.000000000000000000, -0.000000000000000000 ) ) ;
#265 = DIRECTION ( 'NONE',  ( 0.7564359749186869708, -0.6540677456111221311, 0.000000000000000000 ) ) ;
#266 = VERTEX_POINT ( 'NONE', #1503 ) ;
#267 = CARTESIAN_POINT ( 'NONE',  ( 6.352138378250272055, -3.250000000000000000, 27.73876969599392694 ) ) ;
#268 = CIRCLE ( 'NONE', #3900, 2.420000000000002149 ) ;
#269 = EDGE_CURVE ( 'NONE', #4279, #1832, #4887, .T. ) ;
#270 = CARTESIAN_POINT ( 'NONE',  ( -2.800420255819354942, 10.50000000000000000, 0.1666666666666664909 ) ) ;
#271 = VECTOR ( 'NONE', #4861, 1000.000000000000000 ) ;
#272 = ORIENTED_EDGE ( 'NONE', *, *, #4403, .T. ) ;
#273 = CARTESIAN_POINT ( 'NONE',  ( 1.873062941308192730, 5.875000000000003553, 22.13434452200543134 ) ) ;
#274 = PRESENTATION_STYLE_ASSIGNMENT (( #1841 ) ) ;
#275 = VERTEX_POINT ( 'NONE', #4174 ) ;
#276 = ORIENTED_EDGE ( 'NONE', *, *, #2649, .T. ) ;
#277 = LINE ( 'NONE', #2843, #977 ) ;
#278 = CARTESIAN_POINT ( 'NONE',  ( 0.000000000000000000, 0.000000000000000000, 23.43434452200543205 ) ) ;
#279 = VECTOR ( 'NONE', #1014, 1000.000000000000000 ) ;
#280 = LINE ( 'NONE', #4041, #4374 ) ;
#281 = EDGE_LOOP ( 'NONE', ( #4400, #2463, #178, #4421, #3688, #1454 ) ) ;
#282 = CARTESIAN_POINT ( 'NONE',  ( -52.29952623880910068, 6.425691701260461741, 19.17655030918843195 ) ) ;
#283 = DIRECTION ( 'NONE',  ( -0.000000000000000000, -0.000000000000000000, 1.000000000000000000 ) ) ;
#284 = CLOSED_SHELL ( 'NONE', ( #2679, #1285, #103, #2773, #4077, #4324, #3097, #1375, #2125, #3234, #2458, #2623, #3983, #773, #2827, #903, #1197, #303, #1837, #4286, #2612, #3899, #3250, #1878, #4749, #2268, #3344, #3862, #1640, #164, #3694, #3012, #1991, #4539, #2027, #3074, #897, #2956, #1106, #1480, #542, #1923, #4478, #2149, #1784, #2847, #1937, #1973, #2126, #137, #959, #2118, #2528, #2857, #585, #2650, #680, #4232, #4233, #1873, #2585, #4114, #1824, #4119, #2358, #4262, #2831, #624, #1316, #1329, #3721, #2532, #384, #4727, #88, #2050, #4372, #4352, #4479, #4773, #4599, #418, #4691, #2006, #4104, #4195, #1501, #4754, #63, #931, #1816, #478, #4630, #1444, #4576, #781, #1728, #1117, #3734, #2637, #926, #3105, #1264, #1188, #3136, #2912, #2154, #3955, #262, #3866, #287, #634, #2436, #2383, #2373, #1119, #2256, #823, #4709, #2033, #2472, #4036, #4743, #4570, #4387, #1176, #1204, #3322, #238, #1240, #1352, #896, #2951, #2092, #1419, #2150, #356, #2832, #2523, #3776, #4023, #2562, #3922, #1328, #2353, #3031 ) ) ;
#285 = AXIS2_PLACEMENT_3D ( 'NONE', #4071, #1876, #352 ) ;
#286 = VERTEX_POINT ( 'NONE', #1158 ) ;
#287 = ADVANCED_FACE ( 'NONE', ( #3803 ), #409, .T. ) ;
#288 = VECTOR ( 'NONE', #2333, 1000.000000000000000 ) ;
#289 = DIRECTION ( 'NONE',  ( 1.000000000000000000, 0.000000000000000000, -0.000000000000000000 ) ) ;
#290 = CARTESIAN_POINT ( 'NONE',  ( -46.63866157316878969, 10.50000000000000000, -0.5000000000000000000 ) ) ;
#291 = VERTEX_POINT ( 'NONE', #3826 ) ;
#292 = DIRECTION ( 'NONE',  ( -1.000000000000000000, 0.000000000000000000, 0.000000000000000000 ) ) ;
#293 = VECTOR ( 'NONE', #3775, 1000.000000000000000 ) ;
#294 = CARTESIAN_POINT ( 'NONE',  ( -11.99651859791752173, 5.479082202084430975, 27.73876969599392694 ) ) ;
#295 = AXIS2_PLACEMENT_3D ( 'NONE', #1378, #2389, #1280 ) ;
#296 = VERTEX_POINT ( 'NONE', #4624 ) ;
#297 = DIRECTION ( 'NONE',  ( -1.000000000000000000, 0.000000000000000000, 0.000000000000000000 ) ) ;
#298 = AXIS2_PLACEMENT_3D ( 'NONE', #3690, #2209, #2618 ) ;
#299 = DIRECTION ( 'NONE',  ( 0.000000000000000000, -1.000000000000000000, 0.000000000000000000 ) ) ;
#300 = ORIENTED_EDGE ( 'NONE', *, *, #1754, .F. ) ;
#301 = EDGE_CURVE ( 'NONE', #803, #3693, #4527, .T. ) ;
#302 = CARTESIAN_POINT ( 'NONE',  ( 1.873062941308193619, 8.250000000000000000, 23.27653294632962044 ) ) ;
#303 = ADVANCED_FACE ( 'NONE', ( #3100 ), #94, .T. ) ;
#304 = ORIENTED_EDGE ( 'NONE', *, *, #4047, .T. ) ;
#305 = DIRECTION ( 'NONE',  ( 0.6545987384327839331, 0.7559765152716106940, 0.000000000000000000 ) ) ;
#306 = CARTESIAN_POINT ( 'NONE',  ( 6.352138378250272055, 0.7524792909186129863, -6.761230304006072167 ) ) ;
#307 = DIRECTION ( 'NONE',  ( -0.000000000000000000, -0.5898336942704522912, 0.8075247445764560661 ) ) ;
#308 = ORIENTED_EDGE ( 'NONE', *, *, #2110, .F. ) ;
#309 = FACE_OUTER_BOUND ( 'NONE', #1317, .T. ) ;
#310 = DIRECTION ( 'NONE',  ( 1.000000000000000000, 0.000000000000000000, 0.000000000000000000 ) ) ;
#311 = FACE_OUTER_BOUND ( 'NONE', #3102, .T. ) ;
#312 = ORIENTED_EDGE ( 'NONE', *, *, #630, .F. ) ;
#313 = EDGE_CURVE ( 'NONE', #1607, #559, #44, .T. ) ;
#314 = CIRCLE ( 'NONE', #160, 3.350000000000001421 ) ;
#315 = FACE_OUTER_BOUND ( 'NONE', #689, .T. ) ;
#316 = DIRECTION ( 'NONE',  ( -0.000000000000000000, -0.000000000000000000, -1.000000000000000000 ) ) ;
#317 = EDGE_LOOP ( 'NONE', ( #748, #4178, #3804, #667 ) ) ;
#318 = DIRECTION ( 'NONE',  ( 0.000000000000000000, -0.000000000000000000, 1.000000000000000000 ) ) ;
#319 = DIRECTION ( 'NONE',  ( -1.000000000000000000, 0.000000000000000000, 0.000000000000000000 ) ) ;
#320 = ORIENTED_EDGE ( 'NONE', *, *, #4528, .T. ) ;
#321 = DIRECTION ( 'NONE',  ( 0.000000000000000000, -1.000000000000000000, -0.000000000000000000 ) ) ;
#322 = DIRECTION ( 'NONE',  ( -0.000000000000000000, -0.000000000000000000, -1.000000000000000000 ) ) ;
#323 = EDGE_LOOP ( 'NONE', ( #3880, #1097, #2642 ) ) ;
#324 = CARTESIAN_POINT ( 'NONE',  ( 6.352138378250272055, -3.250000000000000000, 24.23876969599392694 ) ) ;
#325 = ORIENTED_EDGE ( 'NONE', *, *, #3840, .F. ) ;
#326 = CARTESIAN_POINT ( 'NONE',  ( 4.174007426639466445, 8.549883839852032708, 18.78434452200542992 ) ) ;
#327 = EDGE_CURVE ( 'NONE', #3069, #2741, #1982, .T. ) ;
#328 = CARTESIAN_POINT ( 'NONE',  ( -57.08091565620415508, 10.50000000000000000, 23.43434452200543205 ) ) ;
#329 = ORIENTED_EDGE ( 'NONE', *, *, #2925, .F. ) ;
#330 = EDGE_CURVE ( 'NONE', #4607, #3260, #1475, .T. ) ;
#331 = CARTESIAN_POINT ( 'NONE',  ( -19.69137825829315602, 5.512278550188185910, 27.73876969599392694 ) ) ;
#332 = CARTESIAN_POINT ( 'NONE',  ( 3.506559040048433218, 8.522475794581160002, 18.82186810699505486 ) ) ;
#333 = DIRECTION ( 'NONE',  ( 0.000000000000000000, 0.000000000000000000, 1.000000000000000000 ) ) ;
#334 = ORIENTED_EDGE ( 'NONE', *, *, #3956, .T. ) ;
#335 = CARTESIAN_POINT ( 'NONE',  ( -54.49344095995157033, 0.000000000000000000, 0.000000000000000000 ) ) ;
#336 = FACE_OUTER_BOUND ( 'NONE', #1748, .T. ) ;
#337 = ORIENTED_EDGE ( 'NONE', *, *, #4051, .F. ) ;
#338 = DIRECTION ( 'NONE',  ( -1.000000000000000000, 0.000000000000000000, -0.000000000000000000 ) ) ;
#339 = ORIENTED_EDGE ( 'NONE', *, *, #836, .F. ) ;
#340 = DIRECTION ( 'NONE',  ( 0.000000000000000000, -0.000000000000000000, 1.000000000000000000 ) ) ;
#341 = DIRECTION ( 'NONE',  ( -0.5821094191749118796, -0.8131104624267521119, 0.000000000000000000 ) ) ;
#342 = VECTOR ( 'NONE', #4847, 1000.000000000000000 ) ;
#343 = ORIENTED_EDGE ( 'NONE', *, *, #4358, .T. ) ;
#344 = FACE_OUTER_BOUND ( 'NONE', #323, .T. ) ;
#345 = EDGE_CURVE ( 'NONE', #2459, #248, #385, .T. ) ;
#346 = DIRECTION ( 'NONE',  ( 0.000000000000000000, 0.000000000000000000, 1.000000000000000000 ) ) ;
#347 = CIRCLE ( 'NONE', #1142, 0.5000000000000004441 ) ;
#348 = DIRECTION ( 'NONE',  ( 0.000000000000000000, -0.000000000000000000, -1.000000000000000000 ) ) ;
#349 = AXIS2_PLACEMENT_3D ( 'NONE', #101, #3415, #1611 ) ;
#350 = VERTEX_POINT ( 'NONE', #1128 ) ;
#351 = VECTOR ( 'NONE', #27, 1000.000000000000000 ) ;
#352 = DIRECTION ( 'NONE',  ( 0.000000000000000000, 0.000000000000000000, 1.000000000000000000 ) ) ;
#353 = DIRECTION ( 'NONE',  ( -1.000000000000000000, 0.000000000000000000, 0.000000000000000000 ) ) ;
#354 = DIRECTION ( 'NONE',  ( 0.000000000000000000, 1.000000000000000000, 0.000000000000000000 ) ) ;
#355 = ORIENTED_EDGE ( 'NONE', *, *, #4467, .F. ) ;
#356 = ADVANCED_FACE ( 'NONE', ( #1906 ), #3430, .F. ) ;
#357 = EDGE_CURVE ( 'NONE', #3237, #222, #2245, .T. ) ;
#358 = ORIENTED_EDGE ( 'NONE', *, *, #3196, .F. ) ;
#359 = ORIENTED_EDGE ( 'NONE', *, *, #3256, .T. ) ;
#360 = DIRECTION ( 'NONE',  ( -1.000000000000000000, 0.000000000000000000, 6.186460420561288263E-17 ) ) ;
#361 = CARTESIAN_POINT ( 'NONE',  ( -68.67003059873778170, 4.735238934357180796, -3.761230304006072167 ) ) ;
#362 = ORIENTED_EDGE ( 'NONE', *, *, #1603, .T. ) ;
#363 = DIRECTION ( 'NONE',  ( 1.000000000000000000, -0.000000000000000000, 0.000000000000000000 ) ) ;
#364 = VECTOR ( 'NONE', #2239, 1000.000000000000000 ) ;
#365 = VERTEX_POINT ( 'NONE', #3003 ) ;
#366 = VECTOR ( 'NONE', #1095, 1000.000000000000000 ) ;
#367 = LINE ( 'NONE', #273, #764 ) ;
#368 = SURFACE_STYLE_FILL_AREA ( #2939 ) ;
#369 = AXIS2_PLACEMENT_3D ( 'NONE', #850, #2379, #1172 ) ;
#370 = EDGE_LOOP ( 'NONE', ( #1985, #966, #3341, #2069 ) ) ;
#371 = DIRECTION ( 'NONE',  ( 0.000000000000000000, -1.000000000000000000, 0.000000000000000000 ) ) ;
#372 = VECTOR ( 'NONE', #2246, 1000.000000000000000 ) ;
#373 = CARTESIAN_POINT ( 'NONE',  ( 18.02106672353487227, 4.713004295695412793, -3.761230304006072167 ) ) ;
#374 = EDGE_CURVE ( 'NONE', #3693, #1392, #4598, .T. ) ;
#375 = DIRECTION ( 'NONE',  ( 1.000000000000000000, -6.938893903907222067E-15, 0.000000000000000000 ) ) ;
#376 = VERTEX_POINT ( 'NONE', #2632 ) ;
#377 = PRESENTATION_LAYER_ASSIGNMENT (  '', '', ( #2506 ) ) ;
#378 = DIRECTION ( 'NONE',  ( 1.000000000000000000, 1.387778780781444413E-14, 0.000000000000000000 ) ) ;
#379 = FACE_OUTER_BOUND ( 'NONE', #858, .T. ) ;
#380 = CARTESIAN_POINT ( 'NONE',  ( -9.280464726337173786, -3.250000000000000000, 26.76711071965634403 ) ) ;
#381 = ORIENTED_EDGE ( 'NONE', *, *, #4173, .T. ) ;
#382 = ORIENTED_EDGE ( 'NONE', *, *, #983, .F. ) ;
#383 = EDGE_CURVE ( 'NONE', #4738, #2398, #4552, .T. ) ;
#384 = ADVANCED_FACE ( 'NONE', ( #2291 ), #3055, .F. ) ;
#385 = LINE ( 'NONE', #2661, #1230 ) ;
#386 = DIRECTION ( 'NONE',  ( 0.000000000000000000, 0.000000000000000000, 1.000000000000000000 ) ) ;
#387 = AXIS2_PLACEMENT_3D ( 'NONE', #4065, #2581, #375 ) ;
#388 = ORIENTED_EDGE ( 'NONE', *, *, #4898, .T. ) ;
#389 = CARTESIAN_POINT ( 'NONE',  ( 4.006559040048433218, 8.000000000000000000, -2.215655477994569189 ) ) ;
#390 = VECTOR ( 'NONE', #3839, 1000.000000000000000 ) ;
#391 = EDGE_CURVE ( 'NONE', #1111, #4737, #802, .T. ) ;
#392 = ORIENTED_EDGE ( 'NONE', *, *, #4185, .T. ) ;
#393 = FACE_BOUND ( 'NONE', #3326, .T. ) ;
#394 = LINE ( 'NONE', #4180, #4769 ) ;
#395 = ORIENTED_EDGE ( 'NONE', *, *, #3655, .T. ) ;
#396 = DIRECTION ( 'NONE',  ( 0.000000000000000000, 0.000000000000000000, 1.000000000000000000 ) ) ;
#397 = AXIS2_PLACEMENT_3D ( 'NONE', #941, #2396, #3985 ) ;
#398 = DIRECTION ( 'NONE',  ( -0.000000000000000000, 1.000000000000000000, 0.000000000000000000 ) ) ;
#399 = CARTESIAN_POINT ( 'NONE',  ( 4.553332877239093079, 5.875000000000003553, 3.239422186896803169 ) ) ;
#400 = ORIENTED_EDGE ( 'NONE', *, *, #1015, .F. ) ;
#401 = ORIENTED_EDGE ( 'NONE', *, *, #607, .F. ) ;
#402 = CARTESIAN_POINT ( 'NONE',  ( -53.99344095995156323, 12.50000000000000000, 19.71434452200542964 ) ) ;
#403 = DIRECTION ( 'NONE',  ( 0.000000000000000000, -1.000000000000000000, 0.000000000000000000 ) ) ;
#404 = DIRECTION ( 'NONE',  ( 0.000000000000000000, -0.000000000000000000, 1.000000000000000000 ) ) ;
#405 = UNCERTAINTY_MEASURE_WITH_UNIT (LENGTH_MEASURE( 1.000000000000000082E-05 ), #3340, 'distance_accuracy_value', 'NONE');
#406 = ORIENTED_EDGE ( 'NONE', *, *, #1134, .F. ) ;
#407 = EDGE_CURVE ( 'NONE', #4068, #488, #1884, .T. ) ;
#408 = CARTESIAN_POINT ( 'NONE',  ( -11.99651859791752173, 6.659555455029353865, 26.77397846476551280 ) ) ;
#409 = PLANE ( 'NONE',  #1156 ) ;
#410 = VERTEX_POINT ( 'NONE', #458 ) ;
#411 = ORIENTED_EDGE ( 'NONE', *, *, #383, .T. ) ;
#412 = EDGE_CURVE ( 'NONE', #2141, #3237, #2053, .T. ) ;
#413 = ORIENTED_EDGE ( 'NONE', *, *, #1450, .F. ) ;
#414 = DIRECTION ( 'NONE',  ( -0.6540677456111221311, -0.7564359749186869708, -0.000000000000000000 ) ) ;
#415 = CARTESIAN_POINT ( 'NONE',  ( 14.57660255292402773, 4.735238934357184348, -3.761230304006072167 ) ) ;
#416 = ORIENTED_EDGE ( 'NONE', *, *, #1823, .F. ) ;
#417 = CARTESIAN_POINT ( 'NONE',  ( 1.873062941308192730, 8.000000000000000000, 23.27653294632962044 ) ) ;
#418 = ADVANCED_FACE ( 'NONE', ( #4698 ), #1254, .F. ) ;
#419 = EDGE_CURVE ( 'NONE', #4350, #4134, #4565, .T. ) ;
#420 = CARTESIAN_POINT ( 'NONE',  ( 0.6700189159078570045, 10.50000000000000000, 22.43434452200543205 ) ) ;
#421 = VECTOR ( 'NONE', #4269, 1000.000000000000000 ) ;
#422 = DIRECTION ( 'NONE',  ( -1.000000000000000000, 0.000000000000000000, 0.000000000000000000 ) ) ;
#423 = ORIENTED_EDGE ( 'NONE', *, *, #871, .F. ) ;
#424 = VECTOR ( 'NONE', #2867, 1000.000000000000000 ) ;
#425 = FACE_OUTER_BOUND ( 'NONE', #1203, .T. ) ;
#426 = DIRECTION ( 'NONE',  ( 0.000000000000000000, 0.000000000000000000, 1.000000000000000000 ) ) ;
#427 = CYLINDRICAL_SURFACE ( 'NONE', #495, 1.349999999999996980 ) ;
#428 = EDGE_LOOP ( 'NONE', ( #1573, #2860, #1764, #822 ) ) ;
#429 = CIRCLE ( 'NONE', #42, 3.350000000000002309 ) ;
#430 = CYLINDRICAL_SURFACE ( 'NONE', #37, 3.350000000000002309 ) ;
#431 = LINE ( 'NONE', #1627, #3271 ) ;
#432 = DIRECTION ( 'NONE',  ( -0.000000000000000000, -0.000000000000000000, 1.000000000000000000 ) ) ;
#433 = EDGE_CURVE ( 'NONE', #4850, #4488, #3925, .T. ) ;
#434 = CIRCLE ( 'NONE', #4392, 2.420000000000002149 ) ;
#435 = ORIENTED_EDGE ( 'NONE', *, *, #2139, .T. ) ;
#436 = VERTEX_POINT ( 'NONE', #163 ) ;
#437 = CIRCLE ( 'NONE', #1471, 1.349999999999996980 ) ;
#438 = VERTEX_POINT ( 'NONE', #2076 ) ;
#439 = DIRECTION ( 'NONE',  ( -1.000000000000000000, 0.000000000000000000, 6.186460420561288263E-17 ) ) ;
#440 = CARTESIAN_POINT ( 'NONE',  ( -51.19311627875442383, 8.567453508431418285, 22.43434452200543205 ) ) ;
#441 = ORIENTED_EDGE ( 'NONE', *, *, #3018, .T. ) ;
#442 = DIRECTION ( 'NONE',  ( 0.000000000000000000, 0.5898336942704522912, -0.8075247445764560661 ) ) ;
#443 = VECTOR ( 'NONE', #2611, 1000.000000000000000 ) ;
#444 = CIRCLE ( 'NONE', #4083, 1.500000000000001332 ) ;
#445 = DIRECTION ( 'NONE',  ( 0.000000000000000000, 0.000000000000000000, 1.000000000000000000 ) ) ;
#446 = EDGE_CURVE ( 'NONE', #2307, #4499, #1673, .T. ) ;
#447 = EDGE_CURVE ( 'NONE', #3511, #500, #2829, .T. ) ;
#448 = LINE ( 'NONE', #2674, #4512 ) ;
#449 = ORIENTED_EDGE ( 'NONE', *, *, #3039, .F. ) ;
#450 = VECTOR ( 'NONE', #4146, 1000.000000000000000 ) ;
#451 = AXIS2_PLACEMENT_3D ( 'NONE', #3412, #23, #4179 ) ;
#452 = CARTESIAN_POINT ( 'NONE',  ( 0.000000000000000000, -3.250000000000000000, 0.000000000000000000 ) ) ;
#453 = DIRECTION ( 'NONE',  ( 0.000000000000000000, -1.000000000000000000, 0.000000000000000000 ) ) ;
#454 = CARTESIAN_POINT ( 'NONE',  ( 6.352138378250272943, 0.7524792909186128753, -3.261230304006072611 ) ) ;
#455 = ORIENTED_EDGE ( 'NONE', *, *, #32, .F. ) ;
#456 = PLANE ( 'NONE',  #1618 ) ;
#457 = CARTESIAN_POINT ( 'NONE',  ( -9.280464726337173786, -3.250000000000000000, 25.73876969599392339 ) ) ;
#458 = CARTESIAN_POINT ( 'NONE',  ( 6.352138378250272055, 8.757473573018954127, -6.761230304006072167 ) ) ;
#459 = ORIENTED_EDGE ( 'NONE', *, *, #3635, .F. ) ;
#460 = DIRECTION ( 'NONE',  ( -0.000000000000000000, -0.000000000000000000, -1.000000000000000000 ) ) ;
#461 = ORIENTED_EDGE ( 'NONE', *, *, #4600, .F. ) ;
#462 = EDGE_CURVE ( 'NONE', #4611, #1132, #4889, .T. ) ;
#463 = ORIENTED_EDGE ( 'NONE', *, *, #4556, .F. ) ;
#464 = DIRECTION ( 'NONE',  ( 0.000000000000000000, 0.000000000000000000, 1.000000000000000000 ) ) ;
#465 = LINE ( 'NONE', #2009, #2904 ) ;
#466 = ORIENTED_EDGE ( 'NONE', *, *, #4439, .T. ) ;
#467 = FACE_BOUND ( 'NONE', #2172, .T. ) ;
#468 = CYLINDRICAL_SURFACE ( 'NONE', #589, 0.5000000000000004441 ) ;
#469 = VECTOR ( 'NONE', #792, 1000.000000000000000 ) ;
#470 = FACE_OUTER_BOUND ( 'NONE', #3389, .T. ) ;
#471 = ORIENTED_EDGE ( 'NONE', *, *, #836, .T. ) ;
#472 = EDGE_CURVE ( 'NONE', #3977, #1711, #3603, .T. ) ;
#473 = PLANE ( 'NONE',  #1303 ) ;
#474 = ORIENTED_EDGE ( 'NONE', *, *, #4755, .T. ) ;
#475 = LINE ( 'NONE', #2400, #4815 ) ;
#476 = DIRECTION ( 'NONE',  ( 0.000000000000000000, 1.000000000000000000, 0.000000000000000000 ) ) ;
#477 = ORIENTED_EDGE ( 'NONE', *, *, #2549, .F. ) ;
#478 = ADVANCED_FACE ( 'NONE', ( #4653, #4673 ), #3896, .T. ) ;
#479 = DIRECTION ( 'NONE',  ( -0.000000000000000000, 0.000000000000000000, 1.000000000000000000 ) ) ;
#480 = CARTESIAN_POINT ( 'NONE',  ( -51.60056723113756760, 5.875000000000003553, 22.93434452200543205 ) ) ;
#481 = DIRECTION ( 'NONE',  ( 0.000000000000000000, 0.000000000000000000, -1.000000000000000000 ) ) ;
#482 = ORIENTED_EDGE ( 'NONE', *, *, #1390, .T. ) ;
#483 = ORIENTED_EDGE ( 'NONE', *, *, #3410, .T. ) ;
#484 = LINE ( 'NONE', #75, #4569 ) ;
#485 = DIRECTION ( 'NONE',  ( 0.000000000000000000, -0.000000000000000000, -1.000000000000000000 ) ) ;
#486 = ORIENTED_EDGE ( 'NONE', *, *, #4655, .T. ) ;
#487 = CARTESIAN_POINT ( 'NONE',  ( 0.6607500456189721039, 5.875000000000003553, 0.1683403290561540089 ) ) ;
#488 = VERTEX_POINT ( 'NONE', #1275 ) ;
#489 = CIRCLE ( 'NONE', #1522, 3.350000000000002309 ) ;
#490 = FACE_OUTER_BOUND ( 'NONE', #4175, .T. ) ;
#491 = CARTESIAN_POINT ( 'NONE',  ( -50.66345656488113747, 10.50000000000000000, -0.5000000000000000000 ) ) ;
#492 = EDGE_CURVE ( 'NONE', #788, #4360, #4244, .T. ) ;
#493 = ORIENTED_EDGE ( 'NONE', *, *, #4510, .T. ) ;
#494 = CARTESIAN_POINT ( 'NONE',  ( -53.99344095995156323, 10.50000000000000000, 22.13434452200543134 ) ) ;
#495 = AXIS2_PLACEMENT_3D ( 'NONE', #2022, #4647, #2334 ) ;
#496 = CARTESIAN_POINT ( 'NONE',  ( 0.6765746449780051242, 5.875000000000003553, -0.4999999999999998890 ) ) ;
#497 = CARTESIAN_POINT ( 'NONE',  ( -53.99344095995156323, 12.50000000000000000, -0.8656554779945688782 ) ) ;
#498 = AXIS2_PLACEMENT_3D ( 'NONE', #116, #2406, #2686 ) ;
#499 = VERTEX_POINT ( 'NONE', #4751 ) ;
#500 = VERTEX_POINT ( 'NONE', #879 ) ;
#501 = DIRECTION ( 'NONE',  ( -0.000000000000000000, 1.000000000000000000, -0.000000000000000000 ) ) ;
#502 = AXIS2_PLACEMENT_3D ( 'NONE', #3562, #3838, #445 ) ;
#503 = CARTESIAN_POINT ( 'NONE',  ( -53.99344095995156323, 10.50000000000000000, 22.13434452200543134 ) ) ;
#504 = CARTESIAN_POINT ( 'NONE',  ( -12.49651859791752351, 6.659555455029353865, 27.73876969599392694 ) ) ;
#505 = EDGE_CURVE ( 'NONE', #2044, #3383, #214, .T. ) ;
#506 = EDGE_CURVE ( 'NONE', #2136, #2593, #2759, .T. ) ;
#507 = EDGE_LOOP ( 'NONE', ( #1739, #2738, #1899, #463 ) ) ;
#508 = AXIS2_PLACEMENT_3D ( 'NONE', #2070, #848, #1667 ) ;
#509 = VECTOR ( 'NONE', #4129, 1000.000000000000000 ) ;
#510 = CARTESIAN_POINT ( 'NONE',  ( 4.006559040048433218, 8.000000000000000000, -0.8656554779945688782 ) ) ;
#511 = CARTESIAN_POINT ( 'NONE',  ( -56.71569589905544717, 5.875000000000003553, 0.5000000000000000000 ) ) ;
#512 = DIRECTION ( 'NONE',  ( 0.000000000000000000, -1.000000000000000000, 0.000000000000000000 ) ) ;
#513 = EDGE_LOOP ( 'NONE', ( #2962, #3002, #3937, #655 ) ) ;
#514 = CARTESIAN_POINT ( 'NONE',  ( -70.59445670572583253, 8.717998577795750492, -6.761230304006072167 ) ) ;
#515 = VECTOR ( 'NONE', #1668, 1000.000000000000000 ) ;
#516 = CARTESIAN_POINT ( 'NONE',  ( -53.99344095995156323, 8.000000000000000000, 23.48434452200542921 ) ) ;
#517 = ORIENTED_EDGE ( 'NONE', *, *, #3753, .F. ) ;
#518 = AXIS2_PLACEMENT_3D ( 'NONE', #1808, #1407, #732 ) ;
#519 = CYLINDRICAL_SURFACE ( 'NONE', #4186, 2.420000000000000817 ) ;
#520 = CIRCLE ( 'NONE', #1157, 0.5000000000000004441 ) ;
#521 = VERTEX_POINT ( 'NONE', #1726 ) ;
#522 = VECTOR ( 'NONE', #4831, 1000.000000000000000 ) ;
#523 = DIRECTION ( 'NONE',  ( 0.000000000000000000, 1.000000000000000000, 0.000000000000000000 ) ) ;
#524 = EDGE_CURVE ( 'NONE', #3763, #1769, #2890, .T. ) ;
#525 =( BOUNDED_CURVE ( )  B_SPLINE_CURVE ( 3, ( #147, #1283, #936, #2109 ),
 .UNSPECIFIED., .F., .T. ) 
 B_SPLINE_CURVE_WITH_KNOTS ( ( 4, 4 ),
 ( 6.133371799823644110, 6.283185307179586232 ),
 .UNSPECIFIED. ) 
 CURVE ( )  GEOMETRIC_REPRESENTATION_ITEM ( )  RATIONAL_B_SPLINE_CURVE ( ( 1.000000000000000000, 0.9981305337977295356, 0.9981305337977295356, 1.000000000000000000 ) ) 
 REPRESENTATION_ITEM ( '' )  );
#526 = CARTESIAN_POINT ( 'NONE',  ( 0.9190843437958448048, 10.50000000000000000, 23.43434452200543205 ) ) ;
#527 = DIRECTION ( 'NONE',  ( -0.000000000000000000, 1.000000000000000000, -0.000000000000000000 ) ) ;
#528 = AXIS2_PLACEMENT_3D ( 'NONE', #1892, #1790, #3339 ) ;
#529 = VECTOR ( 'NONE', #704, 1000.000000000000000 ) ;
#530 = ORIENTED_EDGE ( 'NONE', *, *, #3045, .F. ) ;
#531 = PLANE ( 'NONE',  #4546 ) ;
#532 = VECTOR ( 'NONE', #1258, 1000.000000000000000 ) ;
#533 = DIRECTION ( 'NONE',  ( -0.000000000000000000, 0.000000000000000000, -1.000000000000000000 ) ) ;
#534 = DIRECTION ( 'NONE',  ( 0.000000000000000000, -0.000000000000000000, 1.000000000000000000 ) ) ;
#535 = ORIENTED_EDGE ( 'NONE', *, *, #4500, .F. ) ;
#536 = EDGE_CURVE ( 'NONE', #499, #2752, #3947, .T. ) ;
#537 = EDGE_CURVE ( 'NONE', #1847, #2151, #1652, .T. ) ;
#538 = CARTESIAN_POINT ( 'NONE',  ( 1.873062941308192730, 8.000000000000000000, 20.99215609768124224 ) ) ;
#539 = CARTESIAN_POINT ( 'NONE',  ( -19.69137825829315602, 6.659555455029353865, 35.00000000000000000 ) ) ;
#540 = CARTESIAN_POINT ( 'NONE',  ( -61.54560449174972803, -3.250000000000000000, 25.73876969599392694 ) ) ;
#541 = VERTEX_POINT ( 'NONE', #2780 ) ;
#542 = ADVANCED_FACE ( 'NONE', ( #3200, #3229, #2365 ), #4296, .T. ) ;
#543 = DIRECTION ( 'NONE',  ( 0.000000000000000000, 1.000000000000000000, 0.000000000000000000 ) ) ;
#544 = VERTEX_POINT ( 'NONE', #3726 ) ;
#545 = DIRECTION ( 'NONE',  ( -0.000000000000000000, 1.000000000000000000, -0.000000000000000000 ) ) ;
#546 = CARTESIAN_POINT ( 'NONE',  ( -51.22703573346488071, 5.875000000000003553, 0.5000000000000000000 ) ) ;
#547 = VERTEX_POINT ( 'NONE', #2906 ) ;
#548 = CARTESIAN_POINT ( 'NONE',  ( 1.873062941308192730, 8.250000000000000000, 25.73876969599392339 ) ) ;
#549 = VECTOR ( 'NONE', #4336, 1000.000000000000000 ) ;
#550 = DIRECTION ( 'NONE',  ( 0.000000000000000000, -1.000000000000000000, 0.000000000000000000 ) ) ;
#551 = CARTESIAN_POINT ( 'NONE',  ( -12.14296520732424867, 5.125528811491157910, 26.77397846476551280 ) ) ;
#552 = PRODUCT_DEFINITION_SHAPE ( 'NONE', 'NONE',  #1143 ) ;
#553 = ORIENTED_EDGE ( 'NONE', *, *, #2595, .F. ) ;
#554 = DIRECTION ( 'NONE',  ( -0.000000000000000000, 1.000000000000000000, 0.000000000000000000 ) ) ;
#555 = CARTESIAN_POINT ( 'NONE',  ( -60.04560449174972803, -3.250000000000000000, -3.261230304006072611 ) ) ;
#556 = CARTESIAN_POINT ( 'NONE',  ( -61.54560449174972803, -3.250000000000000000, -6.761230304006072167 ) ) ;
#557 = ORIENTED_EDGE ( 'NONE', *, *, #1343, .T. ) ;
#558 = EDGE_CURVE ( 'NONE', #4440, #3958, #1957, .T. ) ;
#559 = VERTEX_POINT ( 'NONE', #1401 ) ;
#560 = DIRECTION ( 'NONE',  ( -0.000000000000000000, -1.000000000000000000, -0.000000000000000000 ) ) ;
#561 = LINE ( 'NONE', #4731, #4410 ) ;
#562 = CARTESIAN_POINT ( 'NONE',  ( -46.64434067419821162, 10.50000000000000000, 23.43434452200543205 ) ) ;
#563 = VERTEX_POINT ( 'NONE', #332 ) ;
#564 = CARTESIAN_POINT ( 'NONE',  ( -53.49344095995156323, 6.904660110310268273, 18.82186810699505486 ) ) ;
#565 = EDGE_CURVE ( 'NONE', #4053, #1070, #3278, .T. ) ;
#566 = FACE_OUTER_BOUND ( 'NONE', #4325, .T. ) ;
#567 = ORIENTED_EDGE ( 'NONE', *, *, #2549, .T. ) ;
#568 = CYLINDRICAL_SURFACE ( 'NONE', #2420, 1.349999999999998757 ) ;
#569 = CARTESIAN_POINT ( 'NONE',  ( 18.02106672353487227, 8.757473573018954127, -3.761230304006072167 ) ) ;
#570 = EDGE_CURVE ( 'NONE', #4840, #4908, #1050, .T. ) ;
#571 = EDGE_CURVE ( 'NONE', #1351, #4134, #4424, .T. ) ;
#572 = ORIENTED_EDGE ( 'NONE', *, *, #4143, .F. ) ;
#573 = CARTESIAN_POINT ( 'NONE',  ( -53.99344095995156323, 5.875000000000003553, -0.8656554779945688782 ) ) ;
#574 = CYLINDRICAL_SURFACE ( 'NONE', #2187, 3.500000000000000000 ) ;
#575 = LINE ( 'NONE', #3273, #3741 ) ;
#576 = VERTEX_POINT ( 'NONE', #1029 ) ;
#577 = AXIS2_PLACEMENT_3D ( 'NONE', #2072, #182, #2145 ) ;
#578 = ORIENTED_EDGE ( 'NONE', *, *, #195, .F. ) ;
#579 = FACE_OUTER_BOUND ( 'NONE', #4462, .T. ) ;
#580 = CARTESIAN_POINT ( 'NONE',  ( -53.49344095995156323, 6.904660110310268273, 18.82186810699505486 ) ) ;
#581 = VECTOR ( 'NONE', #753, 1000.000000000000000 ) ;
#582 = DIRECTION ( 'NONE',  ( -0.000000000000000000, 1.000000000000000000, 0.000000000000000000 ) ) ;
#583 = EDGE_LOOP ( 'NONE', ( #720, #779, #4048, #3622 ) ) ;
#584 = CIRCLE ( 'NONE', #3353, 4.000000000000003553 ) ;
#585 = ADVANCED_FACE ( 'NONE', ( #4398 ), #3308, .T. ) ;
#586 = PLANE ( 'NONE',  #4317 ) ;
#587 = LINE ( 'NONE', #2080, #4571 ) ;
#588 = DIRECTION ( 'NONE',  ( -1.000000000000000000, 0.000000000000000000, 0.000000000000000000 ) ) ;
#589 = AXIS2_PLACEMENT_3D ( 'NONE', #1641, #2374, #3514 ) ;
#590 = ORIENTED_EDGE ( 'NONE', *, *, #3001, .T. ) ;
#591 = DIRECTION ( 'NONE',  ( -2.416395261410157149E-16, 0.000000000000000000, -1.000000000000000000 ) ) ;
#592 = CARTESIAN_POINT ( 'NONE',  ( 0.7046605134103504087, 5.875000000000003553, 0.4999999999999982792 ) ) ;
#593 = VECTOR ( 'NONE', #371, 1000.000000000000000 ) ;
#594 = ORIENTED_EDGE ( 'NONE', *, *, #919, .F. ) ;
#595 = LINE ( 'NONE', #1386, #1089 ) ;
#596 = FACE_OUTER_BOUND ( 'NONE', #3436, .T. ) ;
#597 = ORIENTED_EDGE ( 'NONE', *, *, #4592, .F. ) ;
#598 = ORIENTED_EDGE ( 'NONE', *, *, #2822, .T. ) ;
#599 = CARTESIAN_POINT ( 'NONE',  ( -51.19311627875442383, 8.567453508431418285, 22.43434452200543205 ) ) ;
#600 = EDGE_CURVE ( 'NONE', #4594, #3090, #2171, .T. ) ;
#601 = EDGE_CURVE ( 'NONE', #4021, #647, #4803, .T. ) ;
#602 = FACE_OUTER_BOUND ( 'NONE', #2007, .T. ) ;
#603 = DIRECTION ( 'NONE',  ( 0.000000000000000000, 0.000000000000000000, 1.000000000000000000 ) ) ;
#604 = ORIENTED_EDGE ( 'NONE', *, *, #3385, .F. ) ;
#605 = VECTOR ( 'NONE', #3481, 1000.000000000000114 ) ;
#606 = AXIS2_PLACEMENT_3D ( 'NONE', #3887, #2774, #4615 ) ;
#607 = EDGE_CURVE ( 'NONE', #234, #410, #4854, .T. ) ;
#608 = DIRECTION ( 'NONE',  ( 0.000000000000000000, -1.000000000000000000, -0.000000000000000000 ) ) ;
#609 = VECTOR ( 'NONE', #432, 1000.000000000000000 ) ;
#610 = DIRECTION ( 'NONE',  ( -1.000000000000000000, 0.000000000000000000, 0.000000000000000000 ) ) ;
#611 = DIRECTION ( 'NONE',  ( -1.000000000000000000, 0.000000000000000000, 0.000000000000000000 ) ) ;
#612 = ORIENTED_EDGE ( 'NONE', *, *, #1999, .F. ) ;
#613 = AXIS2_PLACEMENT_3D ( 'NONE', #3185, #4361, #199 ) ;
#614 = CARTESIAN_POINT ( 'NONE',  ( -21.38836543812355728, -3.250000000000000000, 25.73876969599392694 ) ) ;
#615 = DIRECTION ( 'NONE',  ( 0.000000000000000000, 0.000000000000000000, 1.000000000000000000 ) ) ;
#616 = ORIENTED_EDGE ( 'NONE', *, *, #3797, .T. ) ;
#617 = CARTESIAN_POINT ( 'NONE',  ( -50.38856591388922368, 4.466867144221085439, 26.71994397445526204 ) ) ;
#618 = CARTESIAN_POINT ( 'NONE',  ( 1.368696318819548008, 5.181250000000004796, -1.569816774922313751 ) ) ;
#619 = VERTEX_POINT ( 'NONE', #2510 ) ;
#620 = CARTESIAN_POINT ( 'NONE',  ( 0.000000000000000000, 12.50000000000000000, -6.761230304006072167 ) ) ;
#621 = PLANE ( 'NONE',  #2143 ) ;
#622 = VERTEX_POINT ( 'NONE', #2928 ) ;
#623 = VERTEX_POINT ( 'NONE', #4777 ) ;
#624 = ADVANCED_FACE ( 'NONE', ( #4448, #2558 ), #1446, .T. ) ;
#625 = CARTESIAN_POINT ( 'NONE',  ( -38.60223981824245953, 8.750000000000000000, 26.71994397445526204 ) ) ;
#626 = AXIS2_PLACEMENT_3D ( 'NONE', #278, #1798, #1100 ) ;
#627 = CARTESIAN_POINT ( 'NONE',  ( 18.02106672353487227, 4.713004295695412793, -3.761230304006072167 ) ) ;
#628 = DIRECTION ( 'NONE',  ( 0.000000000000000000, 0.000000000000000000, 1.000000000000000000 ) ) ;
#629 = ORIENTED_EDGE ( 'NONE', *, *, #3531, .T. ) ;
#630 = EDGE_CURVE ( 'NONE', #4649, #436, #3125, .T. ) ;
#631 = CARTESIAN_POINT ( 'NONE',  ( 0.000000000000000000, 8.250000000000000000, 23.43434452200543205 ) ) ;
#632 = CARTESIAN_POINT ( 'NONE',  ( -51.60056723113756760, 8.000000000000000000, 22.13434452200543134 ) ) ;
#633 = ORIENTED_EDGE ( 'NONE', *, *, #2443, .F. ) ;
#634 = ADVANCED_FACE ( 'NONE', ( #4025 ), #4394, .T. ) ;
#635 = ORIENTED_EDGE ( 'NONE', *, *, #492, .F. ) ;
#636 = CARTESIAN_POINT ( 'NONE',  ( 0.7046605134103512968, 10.50000000000000000, 0.4999999999999997780 ) ) ;
#637 = LINE ( 'NONE', #2155, #2979 ) ;
#638 = ORIENTED_EDGE ( 'NONE', *, *, #3806, .F. ) ;
#639 = DIRECTION ( 'NONE',  ( 0.000000000000000000, 0.000000000000000000, -1.000000000000000000 ) ) ;
#640 = DIRECTION ( 'NONE',  ( 0.000000000000000000, 0.000000000000000000, 1.000000000000000000 ) ) ;
#641 = ORIENTED_EDGE ( 'NONE', *, *, #3230, .T. ) ;
#642 = EDGE_LOOP ( 'NONE', ( #4747, #738 ) ) ;
#643 = CARTESIAN_POINT ( 'NONE',  ( -53.99344095995156323, 5.875000000000003553, 25.48434452200543276 ) ) ;
#644 = CARTESIAN_POINT ( 'NONE',  ( 1.873062941308192730, 8.000000000000000000, 20.99215609768124224 ) ) ;
#645 = EDGE_LOOP ( 'NONE', ( #300, #4113, #3254, #1580 ) ) ;
#646 = ORIENTED_EDGE ( 'NONE', *, *, #3840, .T. ) ;
#647 = VERTEX_POINT ( 'NONE', #1830 ) ;
#648 = DIRECTION ( 'NONE',  ( 0.000000000000000000, -1.000000000000000000, -0.000000000000000000 ) ) ;
#649 = EDGE_CURVE ( 'NONE', #1132, #4611, #4401, .T. ) ;
#650 = CARTESIAN_POINT ( 'NONE',  ( -60.04560449174972803, -3.250000000000000000, -3.261230304006072611 ) ) ;
#651 = CYLINDRICAL_SURFACE ( 'NONE', #1054, 3.350000000000002309 ) ;
#652 = ORIENTED_EDGE ( 'NONE', *, *, #4865, .F. ) ;
#653 = CARTESIAN_POINT ( 'NONE',  ( -66.59445670572583253, 4.713004295695412793, -6.761230304006072167 ) ) ;
#654 = DIRECTION ( 'NONE',  ( -1.000000000000000000, 0.000000000000000000, -0.000000000000000000 ) ) ;
#655 = ORIENTED_EDGE ( 'NONE', *, *, #3561, .F. ) ;
#656 = VERTEX_POINT ( 'NONE', #1077 ) ;
#657 = VECTOR ( 'NONE', #778, 1000.000000000000000 ) ;
#658 = EDGE_CURVE ( 'NONE', #3101, #438, #3292, .T. ) ;
#659 = EDGE_CURVE ( 'NONE', #3384, #939, #2654, .T. ) ;
#660 = LINE ( 'NONE', #3311, #2651 ) ;
#661 = CARTESIAN_POINT ( 'NONE',  ( -50.88856591388922368, 7.483490513531148913, 27.73876969599392694 ) ) ;
#662 = ORIENTED_EDGE ( 'NONE', *, *, #180, .F. ) ;
#663 = CARTESIAN_POINT ( 'NONE',  ( 14.02106672353487227, 4.757473573018953239, -4.761230304006072167 ) ) ;
#664 = AXIS2_PLACEMENT_3D ( 'NONE', #878, #2028, #2385 ) ;
#665 = CARTESIAN_POINT ( 'NONE',  ( 1.172283565373760883, 5.181250000000004796, -0.1668896752339157352 ) ) ;
#666 = AXIS2_PLACEMENT_3D ( 'NONE', #1671, #2127, #4650 ) ;
#667 = ORIENTED_EDGE ( 'NONE', *, *, #1390, .F. ) ;
#668 = LINE ( 'NONE', #1509, #1642 ) ;
#669 = CARTESIAN_POINT ( 'NONE',  ( 4.006559040048433218, 8.250000000000000000, 22.13434452200543134 ) ) ;
#670 = ORIENTED_EDGE ( 'NONE', *, *, #3623, .F. ) ;
#671 = LINE ( 'NONE', #2255, #593 ) ;
#672 = EDGE_LOOP ( 'NONE', ( #4604, #952, #2953, #4205 ) ) ;
#673 = CIRCLE ( 'NONE', #508, 3.350000000000002309 ) ;
#674 = ORIENTED_EDGE ( 'NONE', *, *, #3014, .T. ) ;
#675 = DIRECTION ( 'NONE',  ( -0.000000000000000000, -0.000000000000000000, -1.000000000000000000 ) ) ;
#676 = CARTESIAN_POINT ( 'NONE',  ( -39.25872214769194812, 12.50000000000000000, 2.317690357242517596 ) ) ;
#677 = VECTOR ( 'NONE', #783, 1000.000000000000000 ) ;
#678 = CARTESIAN_POINT ( 'NONE',  ( 4.006559040048433218, 5.875000000000003553, 22.13434452200543134 ) ) ;
#679 = ORIENTED_EDGE ( 'NONE', *, *, #1449, .F. ) ;
#680 = ADVANCED_FACE ( 'NONE', ( #2608, #4900 ), #4573, .F. ) ;
#681 = CARTESIAN_POINT ( 'NONE',  ( 12.97660255292402454, 4.735238934357184348, -6.761230304006072167 ) ) ;
#682 = DIRECTION ( 'NONE',  ( 0.000000000000000000, 0.000000000000000000, 1.000000000000000000 ) ) ;
#683 = CARTESIAN_POINT ( 'NONE',  ( -46.64434067419821162, 10.50000000000000000, 23.43434452200543205 ) ) ;
#684 = AXIS2_PLACEMENT_3D ( 'NONE', #2833, #710, #3657 ) ;
#685 = VECTOR ( 'NONE', #3228, 1000.000000000000000 ) ;
#686 = ORIENTED_EDGE ( 'NONE', *, *, #3149, .F. ) ;
#687 = DIRECTION ( 'NONE',  ( 1.000000000000000000, 0.000000000000000000, -0.000000000000000000 ) ) ;
#688 = DIRECTION ( 'NONE',  ( -1.000000000000000000, 0.000000000000000000, -0.000000000000000000 ) ) ;
#689 = EDGE_LOOP ( 'NONE', ( #334, #832, #3794 ) ) ;
#690 = PLANE ( 'NONE',  #3911 ) ;
#691 = VECTOR ( 'NONE', #353, 1000.000000000000000 ) ;
#692 = EDGE_CURVE ( 'NONE', #4297, #1256, #3475, .T. ) ;
#693 = DIRECTION ( 'NONE',  ( -0.000000000000000000, -0.000000000000000000, 1.000000000000000000 ) ) ;
#694 = AXIS2_PLACEMENT_3D ( 'NONE', #3682, #265, #733 ) ;
#695 = ORIENTED_EDGE ( 'NONE', *, *, #3472, .T. ) ;
#696 = CARTESIAN_POINT ( 'NONE',  ( -51.60056723113756760, 8.000000000000000000, 22.49566891635459953 ) ) ;
#697 = FACE_OUTER_BOUND ( 'NONE', #4164, .T. ) ;
#698 = VERTEX_POINT ( 'NONE', #66 ) ;
#699 = DIRECTION ( 'NONE',  ( 1.000000000000000000, 0.000000000000000000, -0.000000000000000000 ) ) ;
#700 = EDGE_LOOP ( 'NONE', ( #482, #152, #2058, #4885, #2590, #3268, #4888, #1624, #2789 ) ) ;
#701 = EDGE_CURVE ( 'NONE', #1530, #2666, #728, .T. ) ;
#702 = ORIENTED_EDGE ( 'NONE', *, *, #659, .F. ) ;
#703 = DIRECTION ( 'NONE',  ( 0.000000000000000000, 1.000000000000000000, 0.000000000000000000 ) ) ;
#704 = DIRECTION ( 'NONE',  ( 0.000000000000000000, -1.000000000000000000, 0.000000000000000000 ) ) ;
#705 = EDGE_LOOP ( 'NONE', ( #890, #112, #2223, #1583, #1954, #2214, #105, #4568, #4762, #1483, #2349, #3926, #2984, #4202, #2277, #4464 ) ) ;
#706 = DIRECTION ( 'NONE',  ( 0.000000000000000000, -0.000000000000000000, -1.000000000000000000 ) ) ;
#707 = CARTESIAN_POINT ( 'NONE',  ( 4.375071239211006713, 5.875000000000003553, 3.268912810032194471 ) ) ;
#708 = FACE_OUTER_BOUND ( 'NONE', #1247, .T. ) ;
#709 = ORIENTED_EDGE ( 'NONE', *, *, #3280, .T. ) ;
#710 = DIRECTION ( 'NONE',  ( 0.000000000000000000, 1.000000000000000000, 0.000000000000000000 ) ) ;
#711 = EDGE_CURVE ( 'NONE', #17, #2162, #796, .T. ) ;
#712 = PLANE ( 'NONE',  #3222 ) ;
#713 = ORIENTED_EDGE ( 'NONE', *, *, #3891, .T. ) ;
#714 = DIRECTION ( 'NONE',  ( -1.000000000000000000, 0.000000000000000000, 0.000000000000000000 ) ) ;
#715 = CARTESIAN_POINT ( 'NONE',  ( -13.43515625503130551, 4.540444544970648089, 26.77397846476551280 ) ) ;
#716 = ORIENTED_EDGE ( 'NONE', *, *, #1358, .T. ) ;
#717 = EDGE_CURVE ( 'NONE', #4738, #3829, #1125, .T. ) ;
#718 = DIRECTION ( 'NONE',  ( -1.208718933646689929E-16, 0.000000000000000000, -1.000000000000000000 ) ) ;
#719 = DIRECTION ( 'NONE',  ( 0.000000000000000000, 0.000000000000000000, -1.000000000000000000 ) ) ;
#720 = ORIENTED_EDGE ( 'NONE', *, *, #3745, .F. ) ;
#721 = DIRECTION ( 'NONE',  ( -1.000000000000000000, 0.000000000000000000, -0.000000000000000000 ) ) ;
#722 = DIRECTION ( 'NONE',  ( 0.000000000000000000, 0.000000000000000000, 1.000000000000000000 ) ) ;
#723 = EDGE_CURVE ( 'NONE', #803, #1487, #1802, .T. ) ;
#724 = EDGE_CURVE ( 'NONE', #805, #201, #4169, .T. ) ;
#725 = DIRECTION ( 'NONE',  ( 1.000000000000000000, 0.000000000000000000, 0.000000000000000000 ) ) ;
#726 = ORIENTED_EDGE ( 'NONE', *, *, #3123, .F. ) ;
#727 = CARTESIAN_POINT ( 'NONE',  ( -60.04560449174972803, -3.250000000000000000, 24.23876969599392694 ) ) ;
#728 = LINE ( 'NONE', #1902, #3529 ) ;
#729 = CARTESIAN_POINT ( 'NONE',  ( -67.07003059873778739, 4.735238934357180796, -3.761230304006072167 ) ) ;
#730 = ORIENTED_EDGE ( 'NONE', *, *, #446, .F. ) ;
#731 = EDGE_LOOP ( 'NONE', ( #4896, #1706, #136, #2309, #553, #3811 ) ) ;
#732 = DIRECTION ( 'NONE',  ( 1.000000000000000000, 0.000000000000000000, 0.000000000000000000 ) ) ;
#733 = DIRECTION ( 'NONE',  ( 0.6540677456111221311, 0.7564359749186869708, 0.000000000000000000 ) ) ;
#734 = ORIENTED_EDGE ( 'NONE', *, *, #4851, .F. ) ;
#735 = CARTESIAN_POINT ( 'NONE',  ( -10.79999054116380997, 8.250000000000000000, 25.73360027965844665 ) ) ;
#736 = CIRCLE ( 'NONE', #3973, 2.420000000000000373 ) ;
#737 = EDGE_CURVE ( 'NONE', #2705, #4607, #1497, .T. ) ;
#738 = ORIENTED_EDGE ( 'NONE', *, *, #1513, .T. ) ;
#739 = CARTESIAN_POINT ( 'NONE',  ( -48.31535629077411897, 8.567453508431418285, 22.43434452200543205 ) ) ;
#740 = CARTESIAN_POINT ( 'NONE',  ( 16.17660255292402738, 4.735238934357184348, -3.761230304006072167 ) ) ;
#741 = VECTOR ( 'NONE', #2920, 1000.000000000000000 ) ;
#742 = VERTEX_POINT ( 'NONE', #3799 ) ;
#743 = LINE ( 'NONE', #4822, #1379 ) ;
#744 = DIRECTION ( 'NONE',  ( -0.000000000000000000, -1.000000000000000000, -0.000000000000000000 ) ) ;
#745 = AXIS2_PLACEMENT_3D ( 'NONE', #3996, #501, #3198 ) ;
#746 = CARTESIAN_POINT ( 'NONE',  ( -53.49344095995156323, 10.50000000000000000, 16.15947316483460128 ) ) ;
#747 = AXIS2_PLACEMENT_3D ( 'NONE', #3934, #1733, #3583 ) ;
#748 = ORIENTED_EDGE ( 'NONE', *, *, #2342, .F. ) ;
#749 = EDGE_CURVE ( 'NONE', #3667, #248, #4212, .T. ) ;
#750 = EDGE_CURVE ( 'NONE', #623, #911, #752, .T. ) ;
#751 = CYLINDRICAL_SURFACE ( 'NONE', #4805, 3.499999999999999556 ) ;
#752 = LINE ( 'NONE', #2262, #4326 ) ;
#753 = DIRECTION ( 'NONE',  ( 0.000000000000000000, 0.000000000000000000, -1.000000000000000000 ) ) ;
#754 = VERTEX_POINT ( 'NONE', #2240 ) ;
#755 = EDGE_CURVE ( 'NONE', #4181, #2199, #3749, .T. ) ;
#756 = AXIS2_PLACEMENT_3D ( 'NONE', #335, #1857, #2908 ) ;
#757 = DIRECTION ( 'NONE',  ( 1.000000000000000000, 1.734723475976805517E-15, 0.000000000000000000 ) ) ;
#758 = DIRECTION ( 'NONE',  ( 0.000000000000000000, 0.000000000000000000, 1.000000000000000000 ) ) ;
#759 = VERTEX_POINT ( 'NONE', #4591 ) ;
#760 = DIRECTION ( 'NONE',  ( 0.000000000000000000, 0.000000000000000000, 1.000000000000000000 ) ) ;
#761 = VECTOR ( 'NONE', #2221, 1000.000000000000000 ) ;
#762 = AXIS2_PLACEMENT_3D ( 'NONE', #2176, #3312, #386 ) ;
#763 = ORIENTED_EDGE ( 'NONE', *, *, #3530, .F. ) ;
#764 = VECTOR ( 'NONE', #765, 1000.000000000000000 ) ;
#765 = DIRECTION ( 'NONE',  ( 0.000000000000000000, 0.000000000000000000, -1.000000000000000000 ) ) ;
#766 = DIRECTION ( 'NONE',  ( 0.000000000000000000, 0.000000000000000000, 1.000000000000000000 ) ) ;
#767 = VERTEX_POINT ( 'NONE', #1877 ) ;
#768 = DIRECTION ( 'NONE',  ( -0.000000000000000000, 1.000000000000000000, -0.000000000000000000 ) ) ;
#769 = VECTOR ( 'NONE', #2883, 1000.000000000000000 ) ;
#770 = LINE ( 'NONE', #4137, #1295 ) ;
#771 = AXIS2_PLACEMENT_3D ( 'NONE', #4229, #99, #1184 ) ;
#772 = LINE ( 'NONE', #4187, #4431 ) ;
#773 = ADVANCED_FACE ( 'NONE', ( #379 ), #4190, .T. ) ;
#774 = ORIENTED_EDGE ( 'NONE', *, *, #3782, .T. ) ;
#775 = DIRECTION ( 'NONE',  ( -0.000000000000000000, -0.000000000000000000, 1.000000000000000000 ) ) ;
#776 = CARTESIAN_POINT ( 'NONE',  ( -39.25872214769194812, 8.500000000000007105, 24.49769035724251509 ) ) ;
#777 = EDGE_CURVE ( 'NONE', #647, #3144, #3021, .T. ) ;
#778 = DIRECTION ( 'NONE',  ( 0.000000000000000000, 0.000000000000000000, -1.000000000000000000 ) ) ;
#779 = ORIENTED_EDGE ( 'NONE', *, *, #2294, .F. ) ;
#780 = DIRECTION ( 'NONE',  ( -0.000000000000000000, -0.000000000000000000, -1.000000000000000000 ) ) ;
#781 = ADVANCED_FACE ( 'NONE', ( #4502 ), #3423, .F. ) ;
#782 = ORIENTED_EDGE ( 'NONE', *, *, #1745, .F. ) ;
#783 = DIRECTION ( 'NONE',  ( 0.000000000000000000, 1.000000000000000000, -0.000000000000000000 ) ) ;
#784 = ORIENTED_EDGE ( 'NONE', *, *, #1815, .F. ) ;
#785 = ORIENTED_EDGE ( 'NONE', *, *, #777, .F. ) ;
#786 = CYLINDRICAL_SURFACE ( 'NONE', #1966, 0.5000000000000004441 ) ;
#787 = DIRECTION ( 'NONE',  ( 1.000000000000000000, 0.000000000000000000, 0.000000000000000000 ) ) ;
#788 = VERTEX_POINT ( 'NONE', #3047 ) ;
#789 = CARTESIAN_POINT ( 'NONE',  ( -39.25872214769194812, 12.50000000000000000, 24.49769035724251509 ) ) ;
#790 = DIRECTION ( 'NONE',  ( -0.000000000000000000, -0.000000000000000000, -1.000000000000000000 ) ) ;
#791 = B_SPLINE_CURVE_WITH_KNOTS ( 'NONE', 3,
 ( #1252, #2757, #4272, #877, #3251, #4396 ),
 .UNSPECIFIED., .F., .F.,
 ( 4, 2, 4 ),
 ( 8.673617379884035472E-19, 0.0005422935352959118785, 0.001084587070591822890 ),
 .UNSPECIFIED. ) ;
#792 = DIRECTION ( 'NONE',  ( 1.000000000000000000, 0.000000000000000000, 0.000000000000000000 ) ) ;
#793 = ORIENTED_EDGE ( 'NONE', *, *, #536, .T. ) ;
#794 = EDGE_CURVE ( 'NONE', #3644, #2085, #1192, .T. ) ;
#795 = CARTESIAN_POINT ( 'NONE',  ( 4.006559040048433218, 12.50000000000000000, -0.8656554779945688782 ) ) ;
#796 = LINE ( 'NONE', #2998, #1245 ) ;
#797 = CYLINDRICAL_SURFACE ( 'NONE', #3023, 1.350000000000000533 ) ;
#798 = ORIENTED_EDGE ( 'NONE', *, *, #4403, .F. ) ;
#799 = VERTEX_POINT ( 'NONE', #1975 ) ;
#800 = LINE ( 'NONE', #2310, #2561 ) ;
#801 = CARTESIAN_POINT ( 'NONE',  ( -2.800420255819354942, 10.50000000000000000, -0.5000000000000000000 ) ) ;
#802 = LINE ( 'NONE', #2312, #1002 ) ;
#803 = VERTEX_POINT ( 'NONE', #1103 ) ;
#804 = DIRECTION ( 'NONE',  ( -0.000000000000000000, -0.000000000000000000, -1.000000000000000000 ) ) ;
#805 = VERTEX_POINT ( 'NONE', #4122 ) ;
#806 = EDGE_CURVE ( 'NONE', #3876, #4091, #1018, .T. ) ;
#807 = EDGE_CURVE ( 'NONE', #2044, #4350, #2742, .T. ) ;
#808 = ORIENTED_EDGE ( 'NONE', *, *, #2882, .T. ) ;
#809 = CARTESIAN_POINT ( 'NONE',  ( -53.99344095995156323, 5.875000000000003553, -0.8656554779945688782 ) ) ;
#810 = CYLINDRICAL_SURFACE ( 'NONE', #2981, 3.350000000000000533 ) ;
#811 = EDGE_LOOP ( 'NONE', ( #2322, #2410, #1597, #3363 ) ) ;
#812 = CARTESIAN_POINT ( 'NONE',  ( -50.65690083581098691, 10.50000000000000000, 22.43434452200543205 ) ) ;
#813 = CARTESIAN_POINT ( 'NONE',  ( -54.49344095995157033, 5.875000000000003553, 3.284344522005432587 ) ) ;
#814 = VECTOR ( 'NONE', #4420, 1000.000000000000000 ) ;
#815 = CARTESIAN_POINT ( 'NONE',  ( -60.04560449174972803, -3.250000000000000000, 27.73876969599392694 ) ) ;
#816 = VERTEX_POINT ( 'NONE', #1737 ) ;
#817 = VECTOR ( 'NONE', #867, 1000.000000000000000 ) ;
#818 = DIRECTION ( 'NONE',  ( 0.000000000000000000, 1.000000000000000000, 0.000000000000000000 ) ) ;
#819 = CIRCLE ( 'NONE', #899, 0.5000000000000004441 ) ;
#820 = DIRECTION ( 'NONE',  ( -0.000000000000000000, 1.000000000000000000, -0.000000000000000000 ) ) ;
#821 = CARTESIAN_POINT ( 'NONE',  ( 0.6765746449780049021, 5.885962796422301579, -0.5000000000000012212 ) ) ;
#822 = ORIENTED_EDGE ( 'NONE', *, *, #4446, .F. ) ;
#823 = ADVANCED_FACE ( 'NONE', ( #2493 ), #1684, .T. ) ;
#824 = VECTOR ( 'NONE', #2011, 1000.000000000000000 ) ;
#825 = CARTESIAN_POINT ( 'NONE',  ( -19.69137825829315602, 5.512278550188185910, 35.00000000000000000 ) ) ;
#826 = DIRECTION ( 'NONE',  ( -0.000000000000000000, -0.000000000000000000, -1.000000000000000000 ) ) ;
#827 = DIRECTION ( 'NONE',  ( -0.000000000000000000, -0.000000000000000000, -1.000000000000000000 ) ) ;
#828 = VERTEX_POINT ( 'NONE', #3218 ) ;
#829 = CARTESIAN_POINT ( 'NONE',  ( -12.49651859791752351, 7.159555455029352977, 27.73876969599392694 ) ) ;
#830 = ORIENTED_EDGE ( 'NONE', *, *, #948, .T. ) ;
#831 = AXIS2_PLACEMENT_3D ( 'NONE', #254, #970, #232 ) ;
#832 = ORIENTED_EDGE ( 'NONE', *, *, #2658, .F. ) ;
#833 = FACE_OUTER_BOUND ( 'NONE', #3518, .T. ) ;
#834 = CARTESIAN_POINT ( 'NONE',  ( 0.6765746449780049021, 5.885962796422301579, -0.5000000000000012212 ) ) ;
#835 = VERTEX_POINT ( 'NONE', #1593 ) ;
#836 = EDGE_CURVE ( 'NONE', #118, #2398, #4739, .T. ) ;
#837 = ORIENTED_EDGE ( 'NONE', *, *, #839, .F. ) ;
#838 = CARTESIAN_POINT ( 'NONE',  ( 0.6543347963408927548, 5.875000000000003553, -0.1552593584566781260 ) ) ;
#839 = EDGE_CURVE ( 'NONE', #488, #3090, #4713, .T. ) ;
#840 = AXIS2_PLACEMENT_3D ( 'NONE', #4506, #4050, #3333 ) ;
#841 = VECTOR ( 'NONE', #2587, 1000.000000000000000 ) ;
#842 = DIRECTION ( 'NONE',  ( -1.000000000000000000, -0.000000000000000000, -0.000000000000000000 ) ) ;
#843 = VECTOR ( 'NONE', #2456, 1000.000000000000000 ) ;
#844 = DIRECTION ( 'NONE',  ( 0.000000000000000000, -1.000000000000000000, 0.000000000000000000 ) ) ;
#845 = EDGE_CURVE ( 'NONE', #2102, #1070, #1399, .T. ) ;
#846 = VERTEX_POINT ( 'NONE', #2468 ) ;
#847 = CIRCLE ( 'NONE', #528, 3.350000000000002309 ) ;
#848 = DIRECTION ( 'NONE',  ( 0.000000000000000000, 1.000000000000000000, 0.000000000000000000 ) ) ;
#849 = CIRCLE ( 'NONE', #3206, 1.349999999999996980 ) ;
#850 = CARTESIAN_POINT ( 'NONE',  ( -53.99344095995156323, 5.875000000000003553, 22.93434452200543205 ) ) ;
#851 = DIRECTION ( 'NONE',  ( 0.6039992308427329926, -0.7969848989418725216, -3.736617335658028398E-17 ) ) ;
#852 = DIRECTION ( 'NONE',  ( 0.000000000000000000, 0.000000000000000000, 1.000000000000000000 ) ) ;
#853 = CIRCLE ( 'NONE', #771, 3.350000000000002309 ) ;
#854 = ORIENTED_EDGE ( 'NONE', *, *, #1755, .F. ) ;
#855 = CARTESIAN_POINT ( 'NONE',  ( -9.280464726337173786, 8.250000000000000000, 17.31907693046060714 ) ) ;
#856 = CARTESIAN_POINT ( 'NONE',  ( 9.514416038418653798, 0.7524792909186129863, -4.761230304006072167 ) ) ;
#857 = DIRECTION ( 'NONE',  ( -0.000000000000000000, -0.000000000000000000, -1.000000000000000000 ) ) ;
#858 = EDGE_LOOP ( 'NONE', ( #3732, #4892, #3852, #953, #2259, #329, #3244, #3552 ) ) ;
#859 = DIRECTION ( 'NONE',  ( -0.000000000000000000, -0.000000000000000000, 1.000000000000000000 ) ) ;
#860 = EDGE_CURVE ( 'NONE', #4350, #2366, #4035, .T. ) ;
#861 = ORIENTED_EDGE ( 'NONE', *, *, #1263, .F. ) ;
#862 = FACE_BOUND ( 'NONE', #3795, .T. ) ;
#863 = CARTESIAN_POINT ( 'NONE',  ( -50.88856591388922368, 7.983490513531148913, 35.00000000000000000 ) ) ;
#864 = ORIENTED_EDGE ( 'NONE', *, *, #3181, .T. ) ;
#865 = FACE_OUTER_BOUND ( 'NONE', #1069, .T. ) ;
#866 = ORIENTED_EDGE ( 'NONE', *, *, #148, .T. ) ;
#867 = DIRECTION ( 'NONE',  ( -0.000000000000000000, 1.000000000000000000, -0.000000000000000000 ) ) ;
#868 = DIRECTION ( 'NONE',  ( 0.000000000000000000, 0.000000000000000000, 1.000000000000000000 ) ) ;
#869 = ORIENTED_EDGE ( 'NONE', *, *, #412, .F. ) ;
#870 = FACE_OUTER_BOUND ( 'NONE', #40, .T. ) ;
#871 = EDGE_CURVE ( 'NONE', #1428, #3651, #217, .T. ) ;
#872 = EDGE_CURVE ( 'NONE', #2842, #4200, #1314, .T. ) ;
#873 =( BOUNDED_CURVE ( )  B_SPLINE_CURVE ( 3, ( #4894, #326, #3740, #1514 ),
 .UNSPECIFIED., .F., .T. ) 
 B_SPLINE_CURVE_WITH_KNOTS ( ( 4, 4 ),
 ( 0.000000000000000000, 0.1498135073559421493 ),
 .UNSPECIFIED. ) 
 CURVE ( )  GEOMETRIC_REPRESENTATION_ITEM ( )  RATIONAL_B_SPLINE_CURVE ( ( 1.000000000000000000, 0.9981305337977295356, 0.9981305337977295356, 1.000000000000000000 ) ) 
 REPRESENTATION_ITEM ( '' )  );
#874 = LINE ( 'NONE', #2677, #3374 ) ;
#875 = LINE ( 'NONE', #1595, #4613 ) ;
#876 = ORIENTED_EDGE ( 'NONE', *, *, #3595, .F. ) ;
#877 = CARTESIAN_POINT ( 'NONE',  ( 4.192342434432437592, 10.50000000000000000, 5.758684109339148982 ) ) ;
#878 = CARTESIAN_POINT ( 'NONE',  ( -53.99344095995156323, 5.875000000000003553, 22.13434452200543134 ) ) ;
#879 = CARTESIAN_POINT ( 'NONE',  ( 4.006559040048433218, 12.50000000000000000, -3.285655477994569029 ) ) ;
#880 = ORIENTED_EDGE ( 'NONE', *, *, #3990, .T. ) ;
#881 = DIRECTION ( 'NONE',  ( 0.000000000000000000, -1.000000000000000000, 0.000000000000000000 ) ) ;
#882 = DIRECTION ( 'NONE',  ( 0.000000000000000000, 0.000000000000000000, 1.000000000000000000 ) ) ;
#883 = DIRECTION ( 'NONE',  ( 0.000000000000000000, 1.000000000000000000, 0.000000000000000000 ) ) ;
#884 = ORIENTED_EDGE ( 'NONE', *, *, #4528, .F. ) ;
#885 = DIRECTION ( 'NONE',  ( -0.000000000000000000, 1.000000000000000000, -0.000000000000000000 ) ) ;
#886 = EDGE_CURVE ( 'NONE', #1113, #2910, #4616, .T. ) ;
#887 = LINE ( 'NONE', #151, #2321 ) ;
#888 = ORIENTED_EDGE ( 'NONE', *, *, #313, .T. ) ;
#889 = CARTESIAN_POINT ( 'NONE',  ( 1.873062941308192730, 8.250000000000000000, 17.31907693046060714 ) ) ;
#890 = ORIENTED_EDGE ( 'NONE', *, *, #3123, .T. ) ;
#891 = CARTESIAN_POINT ( 'NONE',  ( -66.59445670572583253, 4.717998577795753157, -3.761230304006072167 ) ) ;
#892 = DIRECTION ( 'NONE',  ( 0.000000000000000000, -0.000000000000000000, 1.000000000000000000 ) ) ;
#893 = CARTESIAN_POINT ( 'NONE',  ( 4.006559040048433218, 5.875000000000003553, 23.48434452200543276 ) ) ;
#894 = CIRCLE ( 'NONE', #4702, 2.419999999999998597 ) ;
#895 = ORIENTED_EDGE ( 'NONE', *, *, #1297, .T. ) ;
#896 = ADVANCED_FACE ( 'NONE', ( #4763 ), #3869, .T. ) ;
#897 = ADVANCED_FACE ( 'NONE', ( #3265 ), #568, .F. ) ;
#898 = LINE ( 'NONE', #3946, #192 ) ;
#899 = AXIS2_PLACEMENT_3D ( 'NONE', #1967, #3468, #224 ) ;
#900 = CARTESIAN_POINT ( 'NONE',  ( -38.60223981824245953, 8.750000000000000000, 16.72284629709940162 ) ) ;
#901 = CARTESIAN_POINT ( 'NONE',  ( -53.99344095995156323, 5.875000000000003553, 22.13434452200543134 ) ) ;
#902 = ORIENTED_EDGE ( 'NONE', *, *, #2940, .F. ) ;
#903 = ADVANCED_FACE ( 'NONE', ( #3984 ), #1762, .T. ) ;
#904 = AXIS2_PLACEMENT_3D ( 'NONE', #891, #179, #3117 ) ;
#905 = DIRECTION ( 'NONE',  ( 0.000000000000000000, -0.000000000000000000, 1.000000000000000000 ) ) ;
#906 = CARTESIAN_POINT ( 'NONE',  ( -54.49344095995157033, 10.50000000000000000, 18.82186810699505486 ) ) ;
#907 = CARTESIAN_POINT ( 'NONE',  ( -13.08160286443803066, 4.186891154377374136, 26.77397846476551280 ) ) ;
#908 = ORIENTED_EDGE ( 'NONE', *, *, #3539, .F. ) ;
#909 = PLANE ( 'NONE',  #3197 ) ;
#910 = DIRECTION ( 'NONE',  ( 0.000000000000000000, 0.000000000000000000, -1.000000000000000000 ) ) ;
#911 = VERTEX_POINT ( 'NONE', #991 ) ;
#912 = AXIS2_PLACEMENT_3D ( 'NONE', #4703, #2487, #2809 ) ;
#913 = DIRECTION ( 'NONE',  ( 0.000000000000000000, 0.000000000000000000, 1.000000000000000000 ) ) ;
#914 = VECTOR ( 'NONE', #3725, 1000.000000000000000 ) ;
#915 = ORIENTED_EDGE ( 'NONE', *, *, #374, .F. ) ;
#916 = ORIENTED_EDGE ( 'NONE', *, *, #701, .F. ) ;
#917 = VECTOR ( 'NONE', #2386, 1000.000000000000000 ) ;
#918 = FACE_OUTER_BOUND ( 'NONE', #4681, .T. ) ;
#919 = EDGE_CURVE ( 'NONE', #3633, #2232, #595, .T. ) ;
#920 = FACE_OUTER_BOUND ( 'NONE', #2382, .T. ) ;
#921 = CARTESIAN_POINT ( 'NONE',  ( -53.99344095995156323, 5.875000000000003553, 23.48434452200542921 ) ) ;
#922 = AXIS2_PLACEMENT_3D ( 'NONE', #2275, #4863, #2640 ) ;
#923 = ORIENTED_EDGE ( 'NONE', *, *, #3088, .T. ) ;
#924 = LINE ( 'NONE', #4696, #1299 ) ;
#925 = AXIS2_PLACEMENT_3D ( 'NONE', #4004, #220, #190 ) ;
#926 = ADVANCED_FACE ( 'NONE', ( #2067 ), #176, .F. ) ;
#927 = CARTESIAN_POINT ( 'NONE',  ( -51.82088486171152653, 5.875000000000003553, 19.58434452200542708 ) ) ;
#928 = CARTESIAN_POINT ( 'NONE',  ( -53.99344095995156323, 8.000000000000000000, 22.13434452200543134 ) ) ;
#929 = VERTEX_POINT ( 'NONE', #3589 ) ;
#930 = EDGE_CURVE ( 'NONE', #4492, #799, #3619, .T. ) ;
#931 = ADVANCED_FACE ( 'NONE', ( #1039 ), #3293, .T. ) ;
#932 = DIRECTION ( 'NONE',  ( 1.000000000000000000, 0.000000000000000000, -0.000000000000000000 ) ) ;
#933 = FACE_OUTER_BOUND ( 'NONE', #1814, .T. ) ;
#934 = DIRECTION ( 'NONE',  ( -0.5044624565692711338, 0.8634336279715403295, 0.000000000000000000 ) ) ;
#935 = ORIENTED_EDGE ( 'NONE', *, *, #4138, .F. ) ;
#936 = CARTESIAN_POINT ( 'NONE',  ( 3.839110653457399103, 8.549883839852032708, 18.78434452200542992 ) ) ;
#937 = ORIENTED_EDGE ( 'NONE', *, *, #4046, .F. ) ;
#938 = CARTESIAN_POINT ( 'NONE',  ( -46.64434067419821162, 10.50000000000000000, 22.43434452200543205 ) ) ;
#939 = VERTEX_POINT ( 'NONE', #2252 ) ;
#940 = DIRECTION ( 'NONE',  ( 0.000000000000000000, -0.000000000000000000, 1.000000000000000000 ) ) ;
#941 = CARTESIAN_POINT ( 'NONE',  ( -50.64344095995156891, 5.875000000000003553, -0.5000000000000000000 ) ) ;
#942 = ORIENTED_EDGE ( 'NONE', *, *, #2501, .F. ) ;
#943 = FACE_BOUND ( 'NONE', #642, .T. ) ;
#944 = VECTOR ( 'NONE', #2573, 1000.000000000000000 ) ;
#945 = LINE ( 'NONE', #4365, #3914 ) ;
#946 = CARTESIAN_POINT ( 'NONE',  ( 4.006559040048433218, 8.000000000000000000, 20.78434452200542992 ) ) ;
#947 = ORIENTED_EDGE ( 'NONE', *, *, #3867, .F. ) ;
#948 = EDGE_CURVE ( 'NONE', #1964, #95, #1413, .T. ) ;
#949 = DIRECTION ( 'NONE',  ( 0.000000000000000000, -1.000000000000000000, 0.000000000000000000 ) ) ;
#950 = DIRECTION ( 'NONE',  ( 0.000000000000000000, 0.000000000000000000, 1.000000000000000000 ) ) ;
#951 = DIRECTION ( 'NONE',  ( 0.000000000000000000, 0.000000000000000000, 1.000000000000000000 ) ) ;
#952 = ORIENTED_EDGE ( 'NONE', *, *, #1439, .T. ) ;
#953 = ORIENTED_EDGE ( 'NONE', *, *, #4358, .F. ) ;
#954 = DIRECTION ( 'NONE',  ( 0.000000000000000000, 0.000000000000000000, 1.000000000000000000 ) ) ;
#955 = CARTESIAN_POINT ( 'NONE',  ( 4.006559040048433218, 12.50000000000000000, -0.8656554779945688782 ) ) ;
#956 = CARTESIAN_POINT ( 'NONE',  ( 9.876295877967507408, 8.757473573018954127, -3.761230304006072167 ) ) ;
#957 = ORIENTED_EDGE ( 'NONE', *, *, #2486, .T. ) ;
#958 = PLANE ( 'NONE',  #747 ) ;
#959 = ADVANCED_FACE ( 'NONE', ( #4490 ), #2938, .F. ) ;
#960 = EDGE_CURVE ( 'NONE', #2037, #4056, #367, .T. ) ;
#961 = CARTESIAN_POINT ( 'NONE',  ( 4.006559040048433218, 5.875000000000003553, -0.8656554779945688782 ) ) ;
#962 = ORIENTED_EDGE ( 'NONE', *, *, #4216, .T. ) ;
#963 = ORIENTED_EDGE ( 'NONE', *, *, #2622, .T. ) ;
#964 = CARTESIAN_POINT ( 'NONE',  ( -61.54560449174972803, 10.50000000000000000, -4.761230304006072167 ) ) ;
#965 = CARTESIAN_POINT ( 'NONE',  ( 4.553332877239092191, 0.000000000000000000, -1.100265198818361804E-15 ) ) ;
#966 = ORIENTED_EDGE ( 'NONE', *, *, #3770, .T. ) ;
#967 = CIRCLE ( 'NONE', #3966, 2.420000000000002149 ) ;
#968 = B_SPLINE_CURVE_WITH_KNOTS ( 'NONE', 3,
 ( #4231, #2392, #838, #487, #3440, #2746 ),
 .UNSPECIFIED., .F., .F.,
 ( 4, 2, 4 ),
 ( 0.001045998224940052502, 0.001513377461690791279, 0.002015514392036448377 ),
 .UNSPECIFIED. ) ;
#969 = LINE ( 'NONE', #599, #3824 ) ;
#970 = DIRECTION ( 'NONE',  ( -0.000000000000000000, -0.000000000000000000, -1.000000000000000000 ) ) ;
#971 = DIRECTION ( 'NONE',  ( 0.000000000000000000, 0.000000000000000000, 1.000000000000000000 ) ) ;
#972 = ORIENTED_EDGE ( 'NONE', *, *, #4422, .F. ) ;
#973 = CIRCLE ( 'NONE', #1770, 3.350000000000002309 ) ;
#974 = ORIENTED_EDGE ( 'NONE', *, *, #2354, .T. ) ;
#975 = DIRECTION ( 'NONE',  ( 0.000000000000000000, 0.000000000000000000, 1.000000000000000000 ) ) ;
#976 = DIRECTION ( 'NONE',  ( -1.000000000000000000, 0.000000000000000000, 0.000000000000000000 ) ) ;
#977 = VECTOR ( 'NONE', #2142, 1000.000000000000000 ) ;
#978 = CARTESIAN_POINT ( 'NONE',  ( -12.49651859791752351, 5.479082202084430975, 26.77397846476551280 ) ) ;
#979 = EDGE_CURVE ( 'NONE', #1351, #1282, #847, .T. ) ;
#980 = ORIENTED_EDGE ( 'NONE', *, *, #16, .F. ) ;
#981 = VECTOR ( 'NONE', #4234, 1000.000000000000000 ) ;
#982 = CARTESIAN_POINT ( 'NONE',  ( -60.04560449174972803, -3.250000000000000000, 27.73876969599392694 ) ) ;
#983 = EDGE_CURVE ( 'NONE', #2343, #803, #1460, .T. ) ;
#984 = CYLINDRICAL_SURFACE ( 'NONE', #219, 0.5000000000000004441 ) ;
#985 = AXIS2_PLACEMENT_3D ( 'NONE', #324, #2212, #3342 ) ;
#986 = ORIENTED_EDGE ( 'NONE', *, *, #919, .T. ) ;
#987 = CARTESIAN_POINT ( 'NONE',  ( 0.000000000000000000, 8.750000000000000000, 0.000000000000000000 ) ) ;
#988 = PLANE ( 'NONE',  #3359 ) ;
#989 = ORIENTED_EDGE ( 'NONE', *, *, #3478, .F. ) ;
#990 = EDGE_CURVE ( 'NONE', #87, #3296, #4651, .T. ) ;
#991 = CARTESIAN_POINT ( 'NONE',  ( 3.506559040048433218, 10.50000000000000000, 16.11449525870471433 ) ) ;
#992 = LINE ( 'NONE', #2793, #2442 ) ;
#993 = ORIENTED_EDGE ( 'NONE', *, *, #723, .F. ) ;
#994 = CIRCLE ( 'NONE', #1469, 3.500000000000000000 ) ;
#995 = EDGE_LOOP ( 'NONE', ( #4415, #1629, #449, #3320 ) ) ;
#996 = CARTESIAN_POINT ( 'NONE',  ( -51.60056723113756760, 8.000000000000000000, 21.77302012765626316 ) ) ;
#997 = AXIS2_PLACEMENT_3D ( 'NONE', #1523, #4250, #2736 ) ;
#998 = EDGE_CURVE ( 'NONE', #1312, #266, #4155, .T. ) ;
#999 = CARTESIAN_POINT ( 'NONE',  ( -21.38836543812355373, -3.250000000000000000, 26.77397846476551280 ) ) ;
#1000 = DIRECTION ( 'NONE',  ( -0.000000000000000000, -1.000000000000000000, -0.000000000000000000 ) ) ;
#1001 = EDGE_LOOP ( 'NONE', ( #34, #216, #535, #935 ) ) ;
#1002 = VECTOR ( 'NONE', #2709, 1000.000000000000000 ) ;
#1003 = AXIS2_PLACEMENT_3D ( 'NONE', #1803, #4750, #610 ) ;
#1004 = DIRECTION ( 'NONE',  ( -0.000000000000000000, -0.000000000000000000, -1.000000000000000000 ) ) ;
#1005 = VECTOR ( 'NONE', #4841, 1000.000000000000000 ) ;
#1006 = DIRECTION ( 'NONE',  ( 0.000000000000000000, 1.000000000000000000, 0.000000000000000000 ) ) ;
#1007 = CARTESIAN_POINT ( 'NONE',  ( 6.352138378250272055, 8.757473573018954127, -6.761230304006072167 ) ) ;
#1008 = ORIENTED_EDGE ( 'NONE', *, *, #807, .F. ) ;
#1009 = VECTOR ( 'NONE', #316, 1000.000000000000000 ) ;
#1010 = MECHANICAL_DESIGN_GEOMETRIC_PRESENTATION_REPRESENTATION (  '', ( #2506 ), #1325 ) ;
#1011 = LINE ( 'NONE', #4427, #2338 ) ;
#1012 = CARTESIAN_POINT ( 'NONE',  ( -50.66345656488113747, 5.875000000000003553, -0.5000000000000000000 ) ) ;
#1013 = ORIENTED_EDGE ( 'NONE', *, *, #3405, .T. ) ;
#1014 = DIRECTION ( 'NONE',  ( -1.000000000000000000, -1.525498497872751877E-16, 0.000000000000000000 ) ) ;
#1015 = EDGE_CURVE ( 'NONE', #4567, #4908, #2598, .T. ) ;
#1016 = CARTESIAN_POINT ( 'NONE',  ( 4.006559040048433218, 8.000000000000000000, -0.8656554779945688782 ) ) ;
#1017 = EDGE_LOOP ( 'NONE', ( #1604, #3645 ) ) ;
#1018 = LINE ( 'NONE', #2891, #2504 ) ;
#1019 = LINE ( 'NONE', #1818, #3306 ) ;
#1020 = VERTEX_POINT ( 'NONE', #2543 ) ;
#1021 = VERTEX_POINT ( 'NONE', #1488 ) ;
#1022 = CARTESIAN_POINT ( 'NONE',  ( -60.04560449174972803, 10.50000000000000000, 22.43434452200543205 ) ) ;
#1023 = DIRECTION ( 'NONE',  ( 0.000000000000000000, 0.000000000000000000, 1.000000000000000000 ) ) ;
#1024 = DIRECTION ( 'NONE',  ( -0.000000000000000000, 1.000000000000000000, -0.000000000000000000 ) ) ;
#1025 = ORIENTED_EDGE ( 'NONE', *, *, #4851, .T. ) ;
#1026 = EDGE_CURVE ( 'NONE', #521, #2492, #4057, .T. ) ;
#1027 = EDGE_CURVE ( 'NONE', #4904, #1637, #4819, .T. ) ;
#1028 = CARTESIAN_POINT ( 'NONE',  ( 0.000000000000000000, 12.50000000000000000, 27.73876969599392694 ) ) ;
#1029 = CARTESIAN_POINT ( 'NONE',  ( -11.99651859791752173, 6.659555455029353865, 26.77397846476551280 ) ) ;
#1030 = ORIENTED_EDGE ( 'NONE', *, *, #3746, .F. ) ;
#1031 = ORIENTED_EDGE ( 'NONE', *, *, #2980, .F. ) ;
#1032 = CARTESIAN_POINT ( 'NONE',  ( 4.553332877239093079, 5.875000000000003553, 2.439422186896803346 ) ) ;
#1033 = ADVANCED_BREP_SHAPE_REPRESENTATION ( 'BOT_CASE_291024', ( #2554, #2879 ), #4553 ) ;
#1034 = CARTESIAN_POINT ( 'NONE',  ( -53.99344095995156323, 5.875000000000003553, 22.13434452200543134 ) ) ;
#1035 = VERTEX_POINT ( 'NONE', #2208 ) ;
#1036 = CARTESIAN_POINT ( 'NONE',  ( -53.49344095995156323, 5.875000000000003553, 19.58434452200542708 ) ) ;
#1037 = DIRECTION ( 'NONE',  ( -0.000000000000000000, 1.000000000000000000, -0.000000000000000000 ) ) ;
#1038 = EDGE_LOOP ( 'NONE', ( #2941, #4846, #2282, #1971 ) ) ;
#1039 = FACE_OUTER_BOUND ( 'NONE', #811, .T. ) ;
#1040 = DIRECTION ( 'NONE',  ( -0.000000000000000000, 1.000000000000000000, 0.000000000000000000 ) ) ;
#1041 = EDGE_CURVE ( 'NONE', #260, #4625, #668, .T. ) ;
#1042 = ORIENTED_EDGE ( 'NONE', *, *, #3929, .T. ) ;
#1043 = PLANE ( 'NONE',  #1622 ) ;
#1044 = ORIENTED_EDGE ( 'NONE', *, *, #1015, .T. ) ;
#1045 = LINE ( 'NONE', #2475, #342 ) ;
#1046 = CARTESIAN_POINT ( 'NONE',  ( 0.6700189159078570045, 8.250000000000000000, 22.43434452200543205 ) ) ;
#1047 = FACE_OUTER_BOUND ( 'NONE', #705, .T. ) ;
#1048 = VERTEX_POINT ( 'NONE', #3689 ) ;
#1049 = CARTESIAN_POINT ( 'NONE',  ( 4.006559040048433218, 8.000000000000000000, -0.8656554779945688782 ) ) ;
#1050 = LINE ( 'NONE', #4045, #3923 ) ;
#1051 = EDGE_CURVE ( 'NONE', #3789, #4499, #4459, .T. ) ;
#1052 = DIRECTION ( 'NONE',  ( 1.000000000000000000, 0.000000000000000000, 0.000000000000000000 ) ) ;
#1053 = ORIENTED_EDGE ( 'NONE', *, *, #1406, .F. ) ;
#1054 = AXIS2_PLACEMENT_3D ( 'NONE', #255, #1024, #603 ) ;
#1055 = CARTESIAN_POINT ( 'NONE',  ( -60.04560449174972803, 0.7130042956954123490, -6.761230304006072167 ) ) ;
#1056 = EDGE_CURVE ( 'NONE', #1543, #2010, #4089, .T. ) ;
#1057 = CYLINDRICAL_SURFACE ( 'NONE', #2201, 1.349999999999996980 ) ;
#1058 = ORIENTED_EDGE ( 'NONE', *, *, #2761, .T. ) ;
#1059 = CARTESIAN_POINT ( 'NONE',  ( 9.876295877967507408, 8.757473573018954127, -3.761230304006072167 ) ) ;
#1060 = CIRCLE ( 'NONE', #664, 1.349999999999996980 ) ;
#1061 = AXIS2_PLACEMENT_3D ( 'NONE', #4525, #4574, #1104 ) ;
#1062 = DIRECTION ( 'NONE',  ( 0.5044624565692709117, -0.8634336279715404405, -0.000000000000000000 ) ) ;
#1063 = CIRCLE ( 'NONE', #502, 3.350000000000001421 ) ;
#1064 = ORIENTED_EDGE ( 'NONE', *, *, #1676, .T. ) ;
#1065 = DIRECTION ( 'NONE',  ( 0.000000000000000000, 0.000000000000000000, -1.000000000000000000 ) ) ;
#1066 = FACE_OUTER_BOUND ( 'NONE', #3414, .T. ) ;
#1067 = ORIENTED_EDGE ( 'NONE', *, *, #2926, .F. ) ;
#1068 = DIRECTION ( 'NONE',  ( 0.000000000000000000, -1.000000000000000000, 0.000000000000000000 ) ) ;
#1069 = EDGE_LOOP ( 'NONE', ( #4349, #923, #2416, #7, #3052, #4794, #3056, #2805 ) ) ;
#1070 = VERTEX_POINT ( 'NONE', #696 ) ;
#1071 = CARTESIAN_POINT ( 'NONE',  ( -50.88856591388922368, -3.250000000000000000, 27.73876969599392694 ) ) ;
#1072 = CARTESIAN_POINT ( 'NONE',  ( -53.99344095995156323, 5.875000000000003553, -0.8656554779945688782 ) ) ;
#1073 = VECTOR ( 'NONE', #4430, 1000.000000000000000 ) ;
#1074 = ORIENTED_EDGE ( 'NONE', *, *, #2856, .T. ) ;
#1075 = EDGE_CURVE ( 'NONE', #365, #4654, #2230, .T. ) ;
#1076 = DIRECTION ( 'NONE',  ( -0.000000000000000000, 1.000000000000000000, 0.000000000000000000 ) ) ;
#1077 = CARTESIAN_POINT ( 'NONE',  ( 1.873062941308193619, 8.250000000000000000, 19.55157577574490446 ) ) ;
#1078 = DIRECTION ( 'NONE',  ( 0.000000000000000000, 0.000000000000000000, 1.000000000000000000 ) ) ;
#1079 = AXIS2_PLACEMENT_3D ( 'NONE', #3258, #3681, #3730 ) ;
#1080 = VECTOR ( 'NONE', #1750, 1000.000000000000000 ) ;
#1081 = VERTEX_POINT ( 'NONE', #1114 ) ;
#1082 = EDGE_LOOP ( 'NONE', ( #1598, #2061, #1267, #798 ) ) ;
#1083 = EDGE_LOOP ( 'NONE', ( #3073, #3972, #3577, #1675, #2553 ) ) ;
#1084 = EDGE_CURVE ( 'NONE', #3834, #2988, #3736, .T. ) ;
#1085 = CARTESIAN_POINT ( 'NONE',  ( 6.352138378250272055, -3.250000000000000000, -4.761230304006072167 ) ) ;
#1086 = FACE_OUTER_BOUND ( 'NONE', #1038, .T. ) ;
#1087 = ORIENTED_EDGE ( 'NONE', *, *, #3391, .T. ) ;
#1088 = DIRECTION ( 'NONE',  ( -0.000000000000000000, 0.000000000000000000, 1.000000000000000000 ) ) ;
#1089 = VECTOR ( 'NONE', #2360, 1000.000000000000000 ) ;
#1090 = EDGE_CURVE ( 'NONE', #4334, #4193, #1864, .T. ) ;
#1091 = EDGE_CURVE ( 'NONE', #2096, #698, #4132, .T. ) ;
#1092 = DIRECTION ( 'NONE',  ( 1.000000000000000000, 0.000000000000000000, 0.000000000000000000 ) ) ;
#1093 = CIRCLE ( 'NONE', #1724, 4.000000000000000000 ) ;
#1094 = EDGE_LOOP ( 'NONE', ( #869, #2194, #1182, #1251, #3646, #1135, #3439, #3217 ) ) ;
#1095 = DIRECTION ( 'NONE',  ( 1.000000000000000000, 1.015275922635573312E-16, -0.000000000000000000 ) ) ;
#1096 = PLANE ( 'NONE',  #2426 ) ;
#1097 = ORIENTED_EDGE ( 'NONE', *, *, #2168, .T. ) ;
#1098 = FACE_OUTER_BOUND ( 'NONE', #2684, .T. ) ;
#1099 = DIRECTION ( 'NONE',  ( -0.000000000000000000, 0.000000000000000000, -1.000000000000000000 ) ) ;
#1100 = DIRECTION ( 'NONE',  ( 1.000000000000000000, 0.000000000000000000, -0.000000000000000000 ) ) ;
#1101 = ORIENTED_EDGE ( 'NONE', *, *, #3165, .F. ) ;
#1102 = DIRECTION ( 'NONE',  ( 0.000000000000000000, 0.000000000000000000, -1.000000000000000000 ) ) ;
#1103 = CARTESIAN_POINT ( 'NONE',  ( -19.05990109359755635, 4.184876654430928156, 26.77397846476551280 ) ) ;
#1104 = DIRECTION ( 'NONE',  ( 0.5044624565692711338, -0.8634336279715403295, 0.000000000000000000 ) ) ;
#1105 = ORIENTED_EDGE ( 'NONE', *, *, #4795, .T. ) ;
#1106 = ADVANCED_FACE ( 'NONE', ( #1584, #862, #393 ), #1962, .T. ) ;
#1107 = VERTEX_POINT ( 'NONE', #3132 ) ;
#1108 = VECTOR ( 'NONE', #2043, 1000.000000000000000 ) ;
#1109 = LINE ( 'NONE', #2932, #4640 ) ;
#1110 = DIRECTION ( 'NONE',  ( 0.000000000000000000, 0.000000000000000000, 1.000000000000000000 ) ) ;
#1111 = VERTEX_POINT ( 'NONE', #3787 ) ;
#1112 = DIRECTION ( 'NONE',  ( 0.000000000000000000, 0.000000000000000000, 1.000000000000000000 ) ) ;
#1113 = VERTEX_POINT ( 'NONE', #2008 ) ;
#1114 = CARTESIAN_POINT ( 'NONE',  ( -51.82088486171152653, 5.875000000000003553, 19.58434452200542708 ) ) ;
#1115 = FACE_OUTER_BOUND ( 'NONE', #583, .T. ) ;
#1116 = VERTEX_POINT ( 'NONE', #3809 ) ;
#1117 = ADVANCED_FACE ( 'NONE', ( #2296, #51 ), #3083, .F. ) ;
#1118 = PLANE ( 'NONE',  #4875 ) ;
#1119 = ADVANCED_FACE ( 'NONE', ( #4657 ), #4277, .F. ) ;
#1120 = CARTESIAN_POINT ( 'NONE',  ( -21.38836543812355373, 8.250000000000000000, 25.73876969599392694 ) ) ;
#1121 = DIRECTION ( 'NONE',  ( 0.000000000000000000, 0.000000000000000000, 1.000000000000000000 ) ) ;
#1122 = EDGE_CURVE ( 'NONE', #1443, #3704, #484, .T. ) ;
#1123 = VERTEX_POINT ( 'NONE', #2369 ) ;
#1124 = CARTESIAN_POINT ( 'NONE',  ( -20.19137825829315602, 6.659555455029353865, 27.73876969599392694 ) ) ;
#1125 = LINE ( 'NONE', #2627, #3695 ) ;
#1126 = DIRECTION ( 'NONE',  ( 0.000000000000000000, 1.000000000000000000, 0.000000000000000000 ) ) ;
#1127 = ORIENTED_EDGE ( 'NONE', *, *, #3386, .F. ) ;
#1128 = CARTESIAN_POINT ( 'NONE',  ( -61.54560449174972803, -3.250000000000000000, -3.261230304006073055 ) ) ;
#1129 = CARTESIAN_POINT ( 'NONE',  ( 14.02106672353487227, 4.713004295695412793, -3.761230304006072167 ) ) ;
#1130 = ORIENTED_EDGE ( 'NONE', *, *, #4511, .F. ) ;
#1131 = CARTESIAN_POINT ( 'NONE',  ( 4.006559040048433218, 5.875000000000003553, -0.8656554779945688782 ) ) ;
#1132 = VERTEX_POINT ( 'NONE', #1531 ) ;
#1133 = VECTOR ( 'NONE', #527, 1000.000000000000000 ) ;
#1134 = EDGE_CURVE ( 'NONE', #3082, #2842, #2743, .T. ) ;
#1135 = ORIENTED_EDGE ( 'NONE', *, *, #1486, .T. ) ;
#1136 = DIRECTION ( 'NONE',  ( 0.000000000000000000, 0.000000000000000000, 1.000000000000000000 ) ) ;
#1137 = CYLINDRICAL_SURFACE ( 'NONE', #4897, 0.5000000000000004441 ) ;
#1138 = VECTOR ( 'NONE', #305, 1000.000000000000114 ) ;
#1139 = ORIENTED_EDGE ( 'NONE', *, *, #1467, .T. ) ;
#1140 = CARTESIAN_POINT ( 'NONE',  ( 16.17660255292402738, 4.735238934357184348, -3.761230304006072167 ) ) ;
#1141 = DIRECTION ( 'NONE',  ( -0.000000000000000000, 1.000000000000000000, -0.000000000000000000 ) ) ;
#1142 = AXIS2_PLACEMENT_3D ( 'NONE', #715, #693, #1178 ) ;
#1143 = PRODUCT_DEFINITION ( 'UNKNOWN', '', #2331, #2381 ) ;
#1144 = EDGE_CURVE ( 'NONE', #33, #118, #3304, .T. ) ;
#1145 = CARTESIAN_POINT ( 'NONE',  ( -51.19311627875442383, 8.567453508431418285, 23.43434452200543205 ) ) ;
#1146 = CIRCLE ( 'NONE', #2638, 4.000000000000003553 ) ;
#1147 = ORIENTED_EDGE ( 'NONE', *, *, #462, .T. ) ;
#1148 = EDGE_CURVE ( 'NONE', #3856, #3187, #4583, .T. ) ;
#1149 = AXIS2_PLACEMENT_3D ( 'NONE', #1131, #3314, #3287 ) ;
#1150 = CARTESIAN_POINT ( 'NONE',  ( -4.258722147691941906, 8.500000000000007105, 24.49769035724251509 ) ) ;
#1151 = CARTESIAN_POINT ( 'NONE',  ( -10.79999054116380997, -12.75000000000000000, 26.77397846476551280 ) ) ;
#1152 = LINE ( 'NONE', #4191, #581 ) ;
#1153 = ORIENTED_EDGE ( 'NONE', *, *, #537, .F. ) ;
#1154 = ORIENTED_EDGE ( 'NONE', *, *, #2788, .T. ) ;
#1155 = ORIENTED_EDGE ( 'NONE', *, *, #4878, .T. ) ;
#1156 = AXIS2_PLACEMENT_3D ( 'NONE', #1885, #71, #1179 ) ;
#1157 = AXIS2_PLACEMENT_3D ( 'NONE', #331, #1850, #378 ) ;
#1158 = CARTESIAN_POINT ( 'NONE',  ( 1.873062941308193619, 8.250000000000000000, 24.71711326826596178 ) ) ;
#1159 = EDGE_LOOP ( 'NONE', ( #1516, #3000, #3758, #2825 ) ) ;
#1160 = ORIENTED_EDGE ( 'NONE', *, *, #210, .T. ) ;
#1161 = ORIENTED_EDGE ( 'NONE', *, *, #2688, .F. ) ;
#1162 = VECTOR ( 'NONE', #3564, 1000.000000000000000 ) ;
#1163 = DIRECTION ( 'NONE',  ( 0.000000000000000000, -1.000000000000000000, 0.000000000000000000 ) ) ;
#1164 = CARTESIAN_POINT ( 'NONE',  ( -53.99344095995156323, 5.875000000000003553, -2.215655477994567413 ) ) ;
#1165 = ORIENTED_EDGE ( 'NONE', *, *, #313, .F. ) ;
#1166 = DIRECTION ( 'NONE',  ( -0.000000000000000000, -0.000000000000000000, 1.000000000000000000 ) ) ;
#1167 = EDGE_CURVE ( 'NONE', #4360, #4426, #3508, .T. ) ;
#1168 = VECTOR ( 'NONE', #1163, 1000.000000000000000 ) ;
#1169 = DIRECTION ( 'NONE',  ( -0.000000000000000000, 1.000000000000000000, 0.000000000000000000 ) ) ;
#1170 = DIRECTION ( 'NONE',  ( 0.000000000000000000, 0.000000000000000000, 1.000000000000000000 ) ) ;
#1171 = ORIENTED_EDGE ( 'NONE', *, *, #3807, .T. ) ;
#1172 = DIRECTION ( 'NONE',  ( 0.000000000000000000, -0.000000000000000000, 1.000000000000000000 ) ) ;
#1173 = DIRECTION ( 'NONE',  ( -0.000000000000000000, 1.000000000000000000, -0.000000000000000000 ) ) ;
#1174 = DIRECTION ( 'NONE',  ( 0.000000000000000000, -1.000000000000000000, 0.000000000000000000 ) ) ;
#1175 = ORIENTED_EDGE ( 'NONE', *, *, #462, .F. ) ;
#1176 = ADVANCED_FACE ( 'NONE', ( #833 ), #1183, .F. ) ;
#1177 = EDGE_CURVE ( 'NONE', #4279, #4880, #2347, .T. ) ;
#1178 = DIRECTION ( 'NONE',  ( -1.000000000000000000, 0.000000000000000000, 0.000000000000000000 ) ) ;
#1179 = DIRECTION ( 'NONE',  ( 1.000000000000000000, 0.000000000000000000, 3.110824955691249205E-17 ) ) ;
#1180 = ORIENTED_EDGE ( 'NONE', *, *, #3350, .F. ) ;
#1181 = ORIENTED_EDGE ( 'NONE', *, *, #3553, .F. ) ;
#1182 = ORIENTED_EDGE ( 'NONE', *, *, #2211, .F. ) ;
#1183 = PLANE ( 'NONE',  #451 ) ;
#1184 = DIRECTION ( 'NONE',  ( 0.000000000000000000, 0.000000000000000000, -1.000000000000000000 ) ) ;
#1185 = EDGE_LOOP ( 'NONE', ( #1087, #2453 ) ) ;
#1186 = DIRECTION ( 'NONE',  ( 0.000000000000000000, 1.000000000000000000, 0.000000000000000000 ) ) ;
#1187 = CARTESIAN_POINT ( 'NONE',  ( -57.34344095995156465, 5.875000000000003553, 22.43434452200543205 ) ) ;
#1188 = ADVANCED_FACE ( 'NONE', ( #1635 ), #786, .F. ) ;
#1189 = CARTESIAN_POINT ( 'NONE',  ( -57.32998108409214666, 10.50000000000000000, 22.43434452200543205 ) ) ;
#1190 = ORIENTED_EDGE ( 'NONE', *, *, #3018, .F. ) ;
#1191 = DIRECTION ( 'NONE',  ( 0.000000000000000000, 0.000000000000000000, 1.000000000000000000 ) ) ;
#1192 = LINE ( 'NONE', #3845, #4010 ) ;
#1193 = CARTESIAN_POINT ( 'NONE',  ( -60.04560449174972803, -3.250000000000000000, 25.73876969599392694 ) ) ;
#1194 = EDGE_LOOP ( 'NONE', ( #2266, #416, #2995, #3711 ) ) ;
#1195 = AXIS2_PLACEMENT_3D ( 'NONE', #123, #4758, #1259 ) ;
#1196 = FACE_OUTER_BOUND ( 'NONE', #4319, .T. ) ;
#1197 = ADVANCED_FACE ( 'NONE', ( #2694 ), #4203, .T. ) ;
#1198 = EDGE_CURVE ( 'NONE', #1123, #95, #3107, .T. ) ;
#1199 = FACE_OUTER_BOUND ( 'NONE', #2519, .T. ) ;
#1200 = CARTESIAN_POINT ( 'NONE',  ( -60.04560449174972803, -3.250000000000000000, -6.761230304006072167 ) ) ;
#1201 = ORIENTED_EDGE ( 'NONE', *, *, #4225, .F. ) ;
#1202 = PRODUCT_CONTEXT ( 'NONE', #4901, 'mechanical' ) ;
#1203 = EDGE_LOOP ( 'NONE', ( #173, #2298, #4856, #641 ) ) ;
#1204 = ADVANCED_FACE ( 'NONE', ( #1232 ), #4256, .T. ) ;
#1205 = CARTESIAN_POINT ( 'NONE',  ( -54.49344095995157033, 5.875000000000003553, 3.284344522005432587 ) ) ;
#1206 = DIRECTION ( 'NONE',  ( 1.000000000000000000, 0.000000000000000000, -0.000000000000000000 ) ) ;
#1207 = FACE_OUTER_BOUND ( 'NONE', #1083, .T. ) ;
#1208 = ORIENTED_EDGE ( 'NONE', *, *, #4452, .F. ) ;
#1209 = CARTESIAN_POINT ( 'NONE',  ( -53.99344095995156323, 8.000000000000000000, 19.71434452200542964 ) ) ;
#1210 = VECTOR ( 'NONE', #3850, 1000.000000000000000 ) ;
#1211 = DIRECTION ( 'NONE',  ( 0.000000000000000000, 0.000000000000000000, -1.000000000000000000 ) ) ;
#1212 = CIRCLE ( 'NONE', #4218, 3.350000000000002309 ) ;
#1213 = DIRECTION ( 'NONE',  ( -0.000000000000000000, -1.000000000000000000, -0.000000000000000000 ) ) ;
#1214 = ORIENTED_EDGE ( 'NONE', *, *, #1654, .T. ) ;
#1215 = DIRECTION ( 'NONE',  ( 0.000000000000000000, 0.000000000000000000, -1.000000000000000000 ) ) ;
#1216 = DIRECTION ( 'NONE',  ( 0.000000000000000000, 1.000000000000000000, 0.000000000000000000 ) ) ;
#1217 = VECTOR ( 'NONE', #842, 1000.000000000000000 ) ;
#1218 = DIRECTION ( 'NONE',  ( 0.000000000000000000, 0.000000000000000000, 1.000000000000000000 ) ) ;
#1219 = DIRECTION ( 'NONE',  ( 1.000000000000000000, 0.000000000000000000, 0.000000000000000000 ) ) ;
#1220 = EDGE_LOOP ( 'NONE', ( #2880, #1234, #4222, #2700 ) ) ;
#1221 = EDGE_CURVE ( 'NONE', #3395, #2313, #2488, .T. ) ;
#1222 = EDGE_LOOP ( 'NONE', ( #1284, #1448, #3463, #3159, #1276, #358 ) ) ;
#1223 = VECTOR ( 'NONE', #3086, 1000.000000000000000 ) ;
#1224 = CARTESIAN_POINT ( 'NONE',  ( 0.000000000000000000, 0.000000000000000000, 23.43434452200543205 ) ) ;
#1225 = DIRECTION ( 'NONE',  ( 0.000000000000000000, 0.000000000000000000, 1.000000000000000000 ) ) ;
#1226 = CARTESIAN_POINT ( 'NONE',  ( -60.04560449174972803, -3.250000000000000000, -6.761230304006072167 ) ) ;
#1227 = CIRCLE ( 'NONE', #1304, 4.000000000000000000 ) ;
#1228 = ORIENTED_EDGE ( 'NONE', *, *, #174, .F. ) ;
#1229 = EDGE_CURVE ( 'NONE', #4000, #2141, #4329, .T. ) ;
#1230 = VECTOR ( 'NONE', #780, 1000.000000000000000 ) ;
#1231 = ORIENTED_EDGE ( 'NONE', *, *, #1524, .F. ) ;
#1232 = FACE_OUTER_BOUND ( 'NONE', #4741, .T. ) ;
#1233 = FACE_OUTER_BOUND ( 'NONE', #4735, .T. ) ;
#1234 = ORIENTED_EDGE ( 'NONE', *, *, #1255, .F. ) ;
#1235 = VERTEX_POINT ( 'NONE', #906 ) ;
#1236 = CARTESIAN_POINT ( 'NONE',  ( 0.000000000000000000, 12.50000000000000000, 0.000000000000000000 ) ) ;
#1237 = VECTOR ( 'NONE', #932, 1000.000000000000000 ) ;
#1238 = VECTOR ( 'NONE', #1400, 1000.000000000000000 ) ;
#1239 = EDGE_CURVE ( 'NONE', #206, #222, #3533, .T. ) ;
#1240 = ADVANCED_FACE ( 'NONE', ( #3557 ), #144, .T. ) ;
#1241 = CARTESIAN_POINT ( 'NONE',  ( -39.25872214769194812, 8.500000000000007105, 2.317690357242517596 ) ) ;
#1242 = AXIS2_PLACEMENT_3D ( 'NONE', #556, #1350, #3875 ) ;
#1243 = CARTESIAN_POINT ( 'NONE',  ( -18.91380884494807901, 4.040444544970647200, 35.00000000000000000 ) ) ;
#1244 = ORIENTED_EDGE ( 'NONE', *, *, #3520, .T. ) ;
#1245 = VECTOR ( 'NONE', #1173, 1000.000000000000000 ) ;
#1246 = DIRECTION ( 'NONE',  ( 0.000000000000000000, 0.000000000000000000, 1.000000000000000000 ) ) ;
#1247 = EDGE_LOOP ( 'NONE', ( #4686, #4719, #4494, #3011 ) ) ;
#1248 = CARTESIAN_POINT ( 'NONE',  ( 6.352138378250272055, 0.7524792909186129863, -4.761230304006072167 ) ) ;
#1249 = DIRECTION ( 'NONE',  ( 1.000000000000000000, 0.000000000000000000, -0.000000000000000000 ) ) ;
#1250 = VECTOR ( 'NONE', #299, 1000.000000000000000 ) ;
#1251 = ORIENTED_EDGE ( 'NONE', *, *, #2019, .T. ) ;
#1252 = CARTESIAN_POINT ( 'NONE',  ( 3.469226652074590689, 10.50000000000000000, 5.745757241660123249 ) ) ;
#1253 = PLANE ( 'NONE',  #1773 ) ;
#1254 = PLANE ( 'NONE',  #212 ) ;
#1255 = EDGE_CURVE ( 'NONE', #3033, #2896, #2853, .T. ) ;
#1256 = VERTEX_POINT ( 'NONE', #3951 ) ;
#1257 = DIRECTION ( 'NONE',  ( 0.000000000000000000, 1.000000000000000000, -0.000000000000000000 ) ) ;
#1258 = DIRECTION ( 'NONE',  ( -0.000000000000000000, 1.000000000000000000, -0.000000000000000000 ) ) ;
#1259 = DIRECTION ( 'NONE',  ( 0.000000000000000000, 0.000000000000000000, 1.000000000000000000 ) ) ;
#1260 = ORIENTED_EDGE ( 'NONE', *, *, #4638, .T. ) ;
#1261 = LINE ( 'NONE', #78, #1223 ) ;
#1262 = LINE ( 'NONE', #4682, #3830 ) ;
#1263 = EDGE_CURVE ( 'NONE', #576, #438, #587, .T. ) ;
#1264 = ADVANCED_FACE ( 'NONE', ( #3931 ), #984, .F. ) ;
#1265 = VECTOR ( 'NONE', #4740, 1000.000000000000000 ) ;
#1266 = CARTESIAN_POINT ( 'NONE',  ( 0.000000000000000000, 0.000000000000000000, 0.5000000000000000000 ) ) ;
#1267 = ORIENTED_EDGE ( 'NONE', *, *, #1959, .F. ) ;
#1268 = LINE ( 'NONE', #4463, #1541 ) ;
#1269 = EDGE_CURVE ( 'NONE', #350, #4265, #561, .T. ) ;
#1270 = CYLINDRICAL_SURFACE ( 'NONE', #606, 2.420000000000002149 ) ;
#1271 = CARTESIAN_POINT ( 'NONE',  ( 0.000000000000000000, -3.250000000000000000, 27.73876969599392694 ) ) ;
#1272 = ORIENTED_EDGE ( 'NONE', *, *, #3375, .T. ) ;
#1273 = CARTESIAN_POINT ( 'NONE',  ( -66.59445670572583253, 4.713004295695412793, -4.761230304006072167 ) ) ;
#1274 = DIRECTION ( 'NONE',  ( -1.000000000000000000, -0.000000000000000000, 0.000000000000000000 ) ) ;
#1275 = CARTESIAN_POINT ( 'NONE',  ( -39.79572938337270926, 4.466867144221085439, 27.73876969599392694 ) ) ;
#1276 = ORIENTED_EDGE ( 'NONE', *, *, #2486, .F. ) ;
#1277 = ORIENTED_EDGE ( 'NONE', *, *, #4263, .F. ) ;
#1278 = CARTESIAN_POINT ( 'NONE',  ( -60.04560449174972803, 10.50000000000000178, 0.5000000000000000000 ) ) ;
#1279 = VECTOR ( 'NONE', #934, 1000.000000000000000 ) ;
#1280 = DIRECTION ( 'NONE',  ( 0.000000000000000000, 0.000000000000000000, 1.000000000000000000 ) ) ;
#1281 = DIRECTION ( 'NONE',  ( -0.000000000000000000, -1.000000000000000000, -0.000000000000000000 ) ) ;
#1282 = VERTEX_POINT ( 'NONE', #2438 ) ;
#1283 = CARTESIAN_POINT ( 'NONE',  ( 3.672131825515398962, 8.540730713301007526, 18.79687581048892753 ) ) ;
#1284 = ORIENTED_EDGE ( 'NONE', *, *, #3578, .T. ) ;
#1285 = ADVANCED_FACE ( 'NONE', ( #933 ), #1730, .F. ) ;
#1286 = DIRECTION ( 'NONE',  ( -1.151122521977739762E-16, -0.8792394653918297331, -0.4763800609780906581 ) ) ;
#1287 = ORIENTED_EDGE ( 'NONE', *, *, #1886, .F. ) ;
#1288 = DIRECTION ( 'NONE',  ( -1.000000000000000000, 0.000000000000000000, 1.208718933646689929E-16 ) ) ;
#1289 = ORIENTED_EDGE ( 'NONE', *, *, #1665, .T. ) ;
#1290 = EDGE_CURVE ( 'NONE', #500, #828, #139, .T. ) ;
#1291 = DIRECTION ( 'NONE',  ( 0.000000000000000000, -1.000000000000000000, 0.000000000000000000 ) ) ;
#1292 = CIRCLE ( 'NONE', #4538, 0.5000000000000004441 ) ;
#1293 = DIRECTION ( 'NONE',  ( 0.000000000000000000, 1.000000000000000000, 0.000000000000000000 ) ) ;
#1294 = CARTESIAN_POINT ( 'NONE',  ( -53.99344095995156323, 8.000000000000000000, 24.55434452200543305 ) ) ;
#1295 = VECTOR ( 'NONE', #1938, 1000.000000000000000 ) ;
#1296 = EDGE_LOOP ( 'NONE', ( #1044, #3051, #165, #3064, #709, #170 ) ) ;
#1297 = EDGE_CURVE ( 'NONE', #3461, #846, #2461, .T. ) ;
#1298 = CARTESIAN_POINT ( 'NONE',  ( -53.99344095995156323, 8.000000000000000000, 22.13434452200543134 ) ) ;
#1299 = VECTOR ( 'NONE', #2431, 1000.000000000000000 ) ;
#1300 = DIRECTION ( 'NONE',  ( -0.000000000000000000, 1.000000000000000000, -0.000000000000000000 ) ) ;
#1301 = DIRECTION ( 'NONE',  ( -1.000000000000000000, 0.000000000000000000, 0.000000000000000000 ) ) ;
#1302 = ORIENTED_EDGE ( 'NONE', *, *, #1524, .T. ) ;
#1303 = AXIS2_PLACEMENT_3D ( 'NONE', #1995, #3913, #1619 ) ;
#1304 = AXIS2_PLACEMENT_3D ( 'NONE', #3684, #4108, #714 ) ;
#1305 = DIRECTION ( 'NONE',  ( -0.000000000000000000, 1.000000000000000000, 0.000000000000000000 ) ) ;
#1306 = FACE_OUTER_BOUND ( 'NONE', #1806, .T. ) ;
#1307 = DIRECTION ( 'NONE',  ( 0.000000000000000000, 0.000000000000000000, -1.000000000000000000 ) ) ;
#1308 = ORIENTED_EDGE ( 'NONE', *, *, #570, .T. ) ;
#1309 = DIRECTION ( 'NONE',  ( 1.000000000000000000, 0.000000000000000000, 0.000000000000000000 ) ) ;
#1310 = AXIS2_PLACEMENT_3D ( 'NONE', #2900, #3247, #2121 ) ;
#1311 = CARTESIAN_POINT ( 'NONE',  ( -57.08091565620415508, 10.50000000000000000, 23.43434452200543205 ) ) ;
#1312 = VERTEX_POINT ( 'NONE', #1678 ) ;
#1313 = VECTOR ( 'NONE', #1429, 1000.000000000000000 ) ;
#1314 = LINE ( 'NONE', #3093, #2815 ) ;
#1315 = DIRECTION ( 'NONE',  ( -0.000000000000000000, 1.000000000000000000, -0.000000000000000000 ) ) ;
#1316 = ADVANCED_FACE ( 'NONE', ( #2106 ), #3175, .F. ) ;
#1317 = EDGE_LOOP ( 'NONE', ( #2247, #3728, #2991, #392 ) ) ;
#1318 = AXIS2_PLACEMENT_3D ( 'NONE', #1628, #2101, #3128 ) ;
#1319 = CARTESIAN_POINT ( 'NONE',  ( 4.006559040048433218, 10.50000000000000000, 25.48434452200543276 ) ) ;
#1320 = DIRECTION ( 'NONE',  ( 0.000000000000000000, 0.000000000000000000, -1.000000000000000000 ) ) ;
#1321 = LINE ( 'NONE', #4020, #4295 ) ;
#1322 = ORIENTED_EDGE ( 'NONE', *, *, #4310, .F. ) ;
#1323 = CARTESIAN_POINT ( 'NONE',  ( -51.60056723113756760, 5.875000000000003553, 24.47883920486393805 ) ) ;
#1324 = AXIS2_PLACEMENT_3D ( 'NONE', #4858, #4079, #1453 ) ;
#1325 =( GEOMETRIC_REPRESENTATION_CONTEXT ( 3 ) GLOBAL_UNCERTAINTY_ASSIGNED_CONTEXT ( ( #405 ) ) GLOBAL_UNIT_ASSIGNED_CONTEXT ( ( #3340, #4413, #4435 ) ) REPRESENTATION_CONTEXT ( 'NONE', 'WORKASPACE' ) );
#1326 = LINE ( 'NONE', #631, #4645 ) ;
#1327 = CARTESIAN_POINT ( 'NONE',  ( 0.000000000000000000, -3.250000000000000000, -6.761230304006072167 ) ) ;
#1328 = ADVANCED_FACE ( 'NONE', ( #1306 ), #2035, .F. ) ;
#1329 = ADVANCED_FACE ( 'NONE', ( #244 ), #3259, .F. ) ;
#1330 = VERTEX_POINT ( 'NONE', #2783 ) ;
#1331 = CARTESIAN_POINT ( 'NONE',  ( -39.25872214769194812, 10.50000000000000000, 0.000000000000000000 ) ) ;
#1332 = DIRECTION ( 'NONE',  ( -0.000000000000000000, -0.000000000000000000, -1.000000000000000000 ) ) ;
#1333 = LINE ( 'NONE', #683, #2706 ) ;
#1334 = ORIENTED_EDGE ( 'NONE', *, *, #1793, .T. ) ;
#1335 = PLANE ( 'NONE',  #2801 ) ;
#1336 = CARTESIAN_POINT ( 'NONE',  ( -3.319966660366299838, 11.19375000000000142, -0.3331271829957326291 ) ) ;
#1337 = ORIENTED_EDGE ( 'NONE', *, *, #1239, .F. ) ;
#1338 = DIRECTION ( 'NONE',  ( -0.000000000000000000, 1.000000000000000000, -0.000000000000000000 ) ) ;
#1339 = CARTESIAN_POINT ( 'NONE',  ( -53.99344095995156323, 8.000000000000000000, -0.8656554779945688782 ) ) ;
#1340 = AXIS2_PLACEMENT_3D ( 'NONE', #128, #1940, #1917 ) ;
#1341 = ORIENTED_EDGE ( 'NONE', *, *, #600, .T. ) ;
#1342 = LINE ( 'NONE', #3989, #1615 ) ;
#1343 = EDGE_CURVE ( 'NONE', #72, #835, #3902, .T. ) ;
#1344 = CARTESIAN_POINT ( 'NONE',  ( -39.25872214769194812, 10.50000000000000000, 2.317690357242517596 ) ) ;
#1345 = CARTESIAN_POINT ( 'NONE',  ( -12.14296520732424867, 5.125528811491157910, 26.77397846476551280 ) ) ;
#1346 = EDGE_LOOP ( 'NONE', ( #3369, #686, #1130, #3484 ) ) ;
#1347 = ORIENTED_EDGE ( 'NONE', *, *, #1479, .T. ) ;
#1348 = DIRECTION ( 'NONE',  ( 0.000000000000000000, 1.000000000000000000, 0.000000000000000000 ) ) ;
#1349 = CARTESIAN_POINT ( 'NONE',  ( 9.876295877967507408, 0.7524792909186129863, -4.761230304006072167 ) ) ;
#1350 = DIRECTION ( 'NONE',  ( 0.000000000000000000, 0.000000000000000000, -1.000000000000000000 ) ) ;
#1351 = VERTEX_POINT ( 'NONE', #4811 ) ;
#1352 = ADVANCED_FACE ( 'NONE', ( #336 ), #3707, .F. ) ;
#1353 = DIRECTION ( 'NONE',  ( 0.000000000000000000, 1.000000000000000000, 0.000000000000000000 ) ) ;
#1354 = DIRECTION ( 'NONE',  ( 1.000000000000000000, 0.000000000000000000, 0.000000000000000000 ) ) ;
#1355 = DIRECTION ( 'NONE',  ( 1.146924612216069856E-14, 0.000000000000000000, -1.000000000000000000 ) ) ;
#1356 = ORIENTED_EDGE ( 'NONE', *, *, #2316, .F. ) ;
#1357 = CARTESIAN_POINT ( 'NONE',  ( 0.000000000000000000, 0.000000000000000000, -3.761230304006072167 ) ) ;
#1358 = EDGE_CURVE ( 'NONE', #4440, #1132, #4884, .T. ) ;
#1359 = CARTESIAN_POINT ( 'NONE',  ( 1.179925590834720817, 5.181250000000004796, 0.1685913784145771643 ) ) ;
#1360 = ORIENTED_EDGE ( 'NONE', *, *, #3431, .T. ) ;
#1361 = DIRECTION ( 'NONE',  ( 0.000000000000000000, 0.000000000000000000, -1.000000000000000000 ) ) ;
#1362 = DIRECTION ( 'NONE',  ( 1.000000000000000000, 0.000000000000000000, -2.416395261410157149E-16 ) ) ;
#1363 = EDGE_LOOP ( 'NONE', ( #713, #2673, #1805, #2119 ) ) ;
#1364 = EDGE_LOOP ( 'NONE', ( #320, #3808, #4733, #3432 ) ) ;
#1365 = CARTESIAN_POINT ( 'NONE',  ( 4.006559040048433218, 8.000000000000000000, -3.285655477994569029 ) ) ;
#1366 = CARTESIAN_POINT ( 'NONE',  ( 9.852138378250273831, 12.50000000000000000, 0.000000000000000000 ) ) ;
#1367 = CARTESIAN_POINT ( 'NONE',  ( -4.258722147691941906, 12.50000000000000000, 2.317690357242517596 ) ) ;
#1368 = ORIENTED_EDGE ( 'NONE', *, *, #3045, .T. ) ;
#1369 = AXIS2_PLACEMENT_3D ( 'NONE', #4243, #1623, #1219 ) ;
#1370 = CARTESIAN_POINT ( 'NONE',  ( -51.60056723113756760, 8.750000000000000000, 16.72284629709940162 ) ) ;
#1371 = CARTESIAN_POINT ( 'NONE',  ( 1.873062941308192730, -3.250000000000000000, 25.73876969599392694 ) ) ;
#1372 = CIRCLE ( 'NONE', #1693, 3.499999999999999556 ) ;
#1373 = CARTESIAN_POINT ( 'NONE',  ( -53.99344095995156323, 12.50000000000000000, -0.8656554779945688782 ) ) ;
#1374 = EDGE_LOOP ( 'NONE', ( #2030, #1287, #4149 ) ) ;
#1375 = ADVANCED_FACE ( 'NONE', ( #1482 ), #1057, .F. ) ;
#1376 = VECTOR ( 'NONE', #2596, 1000.000000000000000 ) ;
#1377 = CARTESIAN_POINT ( 'NONE',  ( -61.54560449174972803, -3.250000000000000000, 25.73876969599392694 ) ) ;
#1378 = CARTESIAN_POINT ( 'NONE',  ( -39.25872214769194812, 8.500000000000007105, 2.317690357242517596 ) ) ;
#1379 = VECTOR ( 'NONE', #3764, 1000.000000000000000 ) ;
#1380 = ORIENTED_EDGE ( 'NONE', *, *, #175, .F. ) ;
#1381 = DIRECTION ( 'NONE',  ( -0.000000000000000000, 1.000000000000000000, 0.000000000000000000 ) ) ;
#1382 = CARTESIAN_POINT ( 'NONE',  ( -2.800420255819354942, 10.50000000000000000, 0.5000000000000000000 ) ) ;
#1383 = VECTOR ( 'NONE', #2059, 999.9999999999998863 ) ;
#1384 = ORIENTED_EDGE ( 'NONE', *, *, #565, .F. ) ;
#1385 = ORIENTED_EDGE ( 'NONE', *, *, #1910, .F. ) ;
#1386 = CARTESIAN_POINT ( 'NONE',  ( -70.59445670572583253, 4.717998577795753157, -3.761230304006072167 ) ) ;
#1387 = CARTESIAN_POINT ( 'NONE',  ( -50.88856591388922368, 7.983490513531148913, 35.00000000000000000 ) ) ;
#1388 = ORIENTED_EDGE ( 'NONE', *, *, #2882, .F. ) ;
#1389 = EDGE_CURVE ( 'NONE', #3605, #1591, #3004, .T. ) ;
#1390 = EDGE_CURVE ( 'NONE', #4866, #1929, #1430, .T. ) ;
#1391 = VECTOR ( 'NONE', #181, 1000.000000000000000 ) ;
#1392 = VERTEX_POINT ( 'NONE', #4127 ) ;
#1393 = CARTESIAN_POINT ( 'NONE',  ( 4.006559040048433218, 8.000000000000000000, 22.13434452200543134 ) ) ;
#1394 = AXIS2_PLACEMENT_3D ( 'NONE', #636, #3406, #360 ) ;
#1395 = AXIS2_PLACEMENT_3D ( 'NONE', #2196, #3701, #3380 ) ;
#1396 = DIRECTION ( 'NONE',  ( -0.000000000000000000, -0.000000000000000000, -1.000000000000000000 ) ) ;
#1397 = DIRECTION ( 'NONE',  ( 0.000000000000000000, 0.000000000000000000, 1.000000000000000000 ) ) ;
#1398 = ORIENTED_EDGE ( 'NONE', *, *, #2675, .F. ) ;
#1399 = CIRCLE ( 'NONE', #4166, 2.420000000000002149 ) ;
#1400 = DIRECTION ( 'NONE',  ( 0.000000000000000000, -1.000000000000000000, 0.000000000000000000 ) ) ;
#1401 = CARTESIAN_POINT ( 'NONE',  ( 3.469226652074590689, 10.50000000000000000, 5.745757241660123249 ) ) ;
#1402 = ORIENTED_EDGE ( 'NONE', *, *, #446, .T. ) ;
#1403 = VERTEX_POINT ( 'NONE', #661 ) ;
#1404 = VECTOR ( 'NONE', #3580, 1000.000000000000000 ) ;
#1405 = VECTOR ( 'NONE', #4606, 1000.000000000000000 ) ;
#1406 = EDGE_CURVE ( 'NONE', #3085, #759, #3334, .T. ) ;
#1407 = DIRECTION ( 'NONE',  ( 0.000000000000000000, 0.000000000000000000, 1.000000000000000000 ) ) ;
#1408 = DIRECTION ( 'NONE',  ( -1.000000000000000000, 0.000000000000000000, 0.000000000000000000 ) ) ;
#1409 = VERTEX_POINT ( 'NONE', #2565 ) ;
#1410 = DIRECTION ( 'NONE',  ( -1.000000000000000000, 0.000000000000000000, -0.000000000000000000 ) ) ;
#1411 = CARTESIAN_POINT ( 'NONE',  ( -2.800420255819354942, 10.50000000000000000, -2.120088323101982475 ) ) ;
#1412 = EDGE_LOOP ( 'NONE', ( #3586, #2657, #1821, #4532, #3528, #4098 ) ) ;
#1413 = LINE ( 'NONE', #3761, #2659 ) ;
#1414 = CARTESIAN_POINT ( 'NONE',  ( 0.000000000000000000, 0.000000000000000000, 23.43434452200543205 ) ) ;
#1415 = EDGE_LOOP ( 'NONE', ( #4388, #1617, #2537, #1180 ) ) ;
#1416 = CARTESIAN_POINT ( 'NONE',  ( -53.99344095995156323, 5.875000000000003553, 25.48434452200543276 ) ) ;
#1417 = ORIENTED_EDGE ( 'NONE', *, *, #209, .T. ) ;
#1418 = LINE ( 'NONE', #231, #424 ) ;
#1419 = ADVANCED_FACE ( 'NONE', ( #1086 ), #3756, .T. ) ;
#1420 = EDGE_CURVE ( 'NONE', #17, #816, #3459, .T. ) ;
#1421 = CYLINDRICAL_SURFACE ( 'NONE', #4744, 0.5000000000000004441 ) ;
#1422 = FACE_OUTER_BOUND ( 'NONE', #2792, .T. ) ;
#1423 = ORIENTED_EDGE ( 'NONE', *, *, #3160, .F. ) ;
#1424 = EDGE_CURVE ( 'NONE', #4181, #2692, #2957, .T. ) ;
#1425 = DIRECTION ( 'NONE',  ( -0.000000000000000000, -0.000000000000000000, -1.000000000000000000 ) ) ;
#1426 = CARTESIAN_POINT ( 'NONE',  ( -51.60056723113756760, 5.875000000000003553, 24.47883920486393805 ) ) ;
#1427 = ORIENTED_EDGE ( 'NONE', *, *, #4786, .T. ) ;
#1428 = VERTEX_POINT ( 'NONE', #1012 ) ;
#1429 = DIRECTION ( 'NONE',  ( 1.000000000000000000, 0.000000000000000000, 0.000000000000000000 ) ) ;
#1430 = LINE ( 'NONE', #4906, #1564 ) ;
#1431 = ORIENTED_EDGE ( 'NONE', *, *, #3358, .F. ) ;
#1432 = CARTESIAN_POINT ( 'NONE',  ( -60.04560449174972803, 8.717998577795750492, -6.761230304006072167 ) ) ;
#1433 = CARTESIAN_POINT ( 'NONE',  ( -3.318599015105413663, 11.19375000000000142, -0.1666375785926778319 ) ) ;
#1434 = ORIENTED_EDGE ( 'NONE', *, *, #571, .T. ) ;
#1435 = CARTESIAN_POINT ( 'NONE',  ( 9.876295877967509185, 0.7130042956954123490, -3.761230304006072167 ) ) ;
#1436 = ORIENTED_EDGE ( 'NONE', *, *, #3358, .T. ) ;
#1437 = CARTESIAN_POINT ( 'NONE',  ( 4.006559040048433218, 8.250000000000000000, 22.13434452200543134 ) ) ;
#1438 = ORIENTED_EDGE ( 'NONE', *, *, #447, .T. ) ;
#1439 = EDGE_CURVE ( 'NONE', #3172, #2112, #4482, .T. ) ;
#1440 = ORIENTED_EDGE ( 'NONE', *, *, #3195, .F. ) ;
#1441 = LINE ( 'NONE', #996, #2394 ) ;
#1442 = CARTESIAN_POINT ( 'NONE',  ( 6.352138378250272055, -3.250000000000000000, -6.761230304006072167 ) ) ;
#1443 = VERTEX_POINT ( 'NONE', #1810 ) ;
#1444 = ADVANCED_FACE ( 'NONE', ( #4106 ), #712, .F. ) ;
#1445 = DIRECTION ( 'NONE',  ( 0.000000000000000000, -1.000000000000000000, 0.000000000000000000 ) ) ;
#1446 = PLANE ( 'NONE',  #3847 ) ;
#1447 = CYLINDRICAL_SURFACE ( 'NONE', #1695, 2.419999999999998597 ) ;
#1448 = ORIENTED_EDGE ( 'NONE', *, *, #1090, .T. ) ;
#1449 = EDGE_CURVE ( 'NONE', #234, #1116, #1093, .T. ) ;
#1450 = EDGE_CURVE ( 'NONE', #1409, #1769, #1780, .T. ) ;
#1451 = ORIENTED_EDGE ( 'NONE', *, *, #4292, .F. ) ;
#1452 = PLANE ( 'NONE',  #756 ) ;
#1453 = DIRECTION ( 'NONE',  ( 0.000000000000000000, 0.000000000000000000, 1.000000000000000000 ) ) ;
#1454 = ORIENTED_EDGE ( 'NONE', *, *, #3375, .F. ) ;
#1455 = CARTESIAN_POINT ( 'NONE',  ( -63.54560449174972803, 0.7130042956954123490, -4.761230304006072167 ) ) ;
#1456 = VECTOR ( 'NONE', #4442, 1000.000000000000000 ) ;
#1457 = CARTESIAN_POINT ( 'NONE',  ( 4.006559040048433218, 5.875000000000003553, 22.13434452200543134 ) ) ;
#1458 = CIRCLE ( 'NONE', #4224, 2.420000000000000373 ) ;
#1459 = ORIENTED_EDGE ( 'NONE', *, *, #3806, .T. ) ;
#1460 = LINE ( 'NONE', #2963, #1720 ) ;
#1461 = DIRECTION ( 'NONE',  ( -0.000000000000000000, -1.000000000000000000, -0.000000000000000000 ) ) ;
#1462 = ORIENTED_EDGE ( 'NONE', *, *, #1290, .T. ) ;
#1463 = LINE ( 'NONE', #3370, #4711 ) ;
#1464 = ORIENTED_EDGE ( 'NONE', *, *, #1771, .T. ) ;
#1465 = VECTOR ( 'NONE', #4182, 1000.000000000000000 ) ;
#1466 = DIRECTION ( 'NONE',  ( -0.5044624565692711338, 0.8634336279715403295, 0.000000000000000000 ) ) ;
#1467 = EDGE_CURVE ( 'NONE', #1282, #291, #637, .T. ) ;
#1468 = DIRECTION ( 'NONE',  ( 0.000000000000000000, 0.000000000000000000, 1.000000000000000000 ) ) ;
#1469 = AXIS2_PLACEMENT_3D ( 'NONE', #223, #4378, #4407 ) ;
#1470 = ORIENTED_EDGE ( 'NONE', *, *, #374, .T. ) ;
#1471 = AXIS2_PLACEMENT_3D ( 'NONE', #4391, #1691, #4717 ) ;
#1472 = DIRECTION ( 'NONE',  ( -1.000000000000000000, 0.000000000000000000, 0.000000000000000000 ) ) ;
#1473 = DIRECTION ( 'NONE',  ( 0.000000000000000000, 1.000000000000000000, 0.000000000000000000 ) ) ;
#1474 = CARTESIAN_POINT ( 'NONE',  ( -51.19311627875442383, 10.50000000000000000, 23.43434452200543205 ) ) ;
#1475 = CIRCLE ( 'NONE', #3373, 0.5000000000000004441 ) ;
#1476 = CIRCLE ( 'NONE', #1003, 0.5000000000000004441 ) ;
#1477 = VERTEX_POINT ( 'NONE', #2983 ) ;
#1478 = AXIS2_PLACEMENT_3D ( 'NONE', #3171, #481, #1699 ) ;
#1479 = EDGE_CURVE ( 'NONE', #1409, #3210, #849, .T. ) ;
#1480 = ADVANCED_FACE ( 'NONE', ( #2613 ), #4052, .T. ) ;
#1481 = DIRECTION ( 'NONE',  ( 0.000000000000000000, 0.000000000000000000, 1.000000000000000000 ) ) ;
#1482 = FACE_OUTER_BOUND ( 'NONE', #3452, .T. ) ;
#1483 = ORIENTED_EDGE ( 'NONE', *, *, #28, .F. ) ;
#1484 = LINE ( 'NONE', #735, #3115 ) ;
#1485 = AXIS2_PLACEMENT_3D ( 'NONE', #4605, #3062, #1206 ) ;
#1486 = EDGE_CURVE ( 'NONE', #2204, #3859, #1952, .T. ) ;
#1487 = VERTEX_POINT ( 'NONE', #1907 ) ;
#1488 = CARTESIAN_POINT ( 'NONE',  ( -54.49344095995157033, 6.904660110310268273, 18.82186810699505486 ) ) ;
#1489 = CARTESIAN_POINT ( 'NONE',  ( -61.54560449174972803, 10.50000000000000000, -4.761230304006072167 ) ) ;
#1490 = VERTEX_POINT ( 'NONE', #4152 ) ;
#1491 = DIRECTION ( 'NONE',  ( -0.000000000000000000, 0.000000000000000000, -1.000000000000000000 ) ) ;
#1492 = DIRECTION ( 'NONE',  ( -0.7071067811865473507, -0.7071067811865477948, 0.000000000000000000 ) ) ;
#1493 = FACE_OUTER_BOUND ( 'NONE', #4275, .T. ) ;
#1494 = ORIENTED_EDGE ( 'NONE', *, *, #2713, .F. ) ;
#1495 = AXIS2_PLACEMENT_3D ( 'NONE', #1072, #3376, #10 ) ;
#1496 = DIRECTION ( 'NONE',  ( 0.000000000000000000, 0.000000000000000000, 1.000000000000000000 ) ) ;
#1497 = LINE ( 'NONE', #85, #293 ) ;
#1498 = PLANE ( 'NONE',  #3104 ) ;
#1499 = ORIENTED_EDGE ( 'NONE', *, *, #3357, .F. ) ;
#1500 = VECTOR ( 'NONE', #4641, 1000.000000000000000 ) ;
#1501 = ADVANCED_FACE ( 'NONE', ( #2271 ), #1525, .T. ) ;
#1502 = ORIENTED_EDGE ( 'NONE', *, *, #2806, .T. ) ;
#1503 = CARTESIAN_POINT ( 'NONE',  ( -63.50970610688748508, 0.7130042956954115718, -3.761230304006072167 ) ) ;
#1504 = DIRECTION ( 'NONE',  ( 0.000000000000000000, 0.000000000000000000, 1.000000000000000000 ) ) ;
#1505 = ORIENTED_EDGE ( 'NONE', *, *, #2761, .F. ) ;
#1506 = PLANE ( 'NONE',  #3365 ) ;
#1507 = EDGE_CURVE ( 'NONE', #2910, #1048, #444, .T. ) ;
#1508 = ORIENTED_EDGE ( 'NONE', *, *, #4292, .T. ) ;
#1509 = CARTESIAN_POINT ( 'NONE',  ( -61.54560449174972803, -3.250000000000000000, -4.761230304006072167 ) ) ;
#1510 = CARTESIAN_POINT ( 'NONE',  ( -54.49344095995157033, 5.875000000000003553, 18.82186810699505486 ) ) ;
#1511 = ORIENTED_EDGE ( 'NONE', *, *, #3635, .T. ) ;
#1512 = CARTESIAN_POINT ( 'NONE',  ( -70.59445670572583253, 8.717998577795750492, -3.761230304006072167 ) ) ;
#1513 = EDGE_CURVE ( 'NONE', #3187, #4778, #2191, .T. ) ;
#1514 = CARTESIAN_POINT ( 'NONE',  ( 4.506559040048433218, 8.522475794581160002, 18.82186810699505486 ) ) ;
#1515 = PLANE ( 'NONE',  #2518 ) ;
#1516 = ORIENTED_EDGE ( 'NONE', *, *, #1574, .T. ) ;
#1517 = LINE ( 'NONE', #4447, #55 ) ;
#1518 = DIRECTION ( 'NONE',  ( -0.000000000000000000, 1.000000000000000000, -0.000000000000000000 ) ) ;
#1519 = DIRECTION ( 'NONE',  ( 1.000000000000000000, 0.000000000000000000, 0.000000000000000000 ) ) ;
#1520 = ORIENTED_EDGE ( 'NONE', *, *, #1660, .T. ) ;
#1521 = ORIENTED_EDGE ( 'NONE', *, *, #1449, .T. ) ;
#1522 = AXIS2_PLACEMENT_3D ( 'NONE', #1731, #883, #2929 ) ;
#1523 = CARTESIAN_POINT ( 'NONE',  ( 0.000000000000000000, 0.000000000000000000, 22.43434452200543205 ) ) ;
#1524 = EDGE_CURVE ( 'NONE', #206, #3834, #1714, .T. ) ;
#1525 = CYLINDRICAL_SURFACE ( 'NONE', #2735, 4.000000000000000000 ) ;
#1526 = ORIENTED_EDGE ( 'NONE', *, *, #4786, .F. ) ;
#1527 = DIRECTION ( 'NONE',  ( 1.000000000000000000, 0.000000000000000000, 0.000000000000000000 ) ) ;
#1528 = VECTOR ( 'NONE', #852, 1000.000000000000000 ) ;
#1529 = CIRCLE ( 'NONE', #1924, 1.349999999999998757 ) ;
#1530 = VERTEX_POINT ( 'NONE', #3631 ) ;
#1531 = CARTESIAN_POINT ( 'NONE',  ( -68.67003059873778170, 4.735238934357180796, -6.761230304006072167 ) ) ;
#1532 = CYLINDRICAL_SURFACE ( 'NONE', #3537, 3.350000000000002309 ) ;
#1533 = VECTOR ( 'NONE', #3147, 1000.000000000000000 ) ;
#1534 = EDGE_LOOP ( 'NONE', ( #635, #3743, #2449, #4395 ) ) ;
#1535 = FACE_OUTER_BOUND ( 'NONE', #4832, .T. ) ;
#1536 = DIRECTION ( 'NONE',  ( 0.000000000000000000, 0.000000000000000000, 1.000000000000000000 ) ) ;
#1537 = AXIS2_PLACEMENT_3D ( 'NONE', #1273, #138, #1749 ) ;
#1538 = EDGE_CURVE ( 'NONE', #576, #3331, #1476, .T. ) ;
#1539 = EDGE_CURVE ( 'NONE', #3025, #3172, #3677, .T. ) ;
#1540 = CARTESIAN_POINT ( 'NONE',  ( 4.193217250673007435, 5.874999999999344524, 3.283790529398293856 ) ) ;
#1541 = VECTOR ( 'NONE', #396, 1000.000000000000000 ) ;
#1542 = ORIENTED_EDGE ( 'NONE', *, *, #3327, .F. ) ;
#1543 = VERTEX_POINT ( 'NONE', #2482 ) ;
#1544 = VECTOR ( 'NONE', #859, 1000.000000000000000 ) ;
#1545 = PLANE ( 'NONE',  #2584 ) ;
#1546 = DIRECTION ( 'NONE',  ( -1.000000000000000000, 0.000000000000000000, 0.000000000000000000 ) ) ;
#1547 = CARTESIAN_POINT ( 'NONE',  ( -50.88856591388922368, 4.466867144221085439, 35.00000000000000000 ) ) ;
#1548 = VERTEX_POINT ( 'NONE', #3307 ) ;
#1549 = CYLINDRICAL_SURFACE ( 'NONE', #4381, 0.5000000000000004441 ) ;
#1550 = CIRCLE ( 'NONE', #4804, 3.350000000000002309 ) ;
#1551 = VECTOR ( 'NONE', #1472, 1000.000000000000000 ) ;
#1552 = DIRECTION ( 'NONE',  ( -0.000000000000000000, 1.000000000000000000, 0.000000000000000000 ) ) ;
#1553 = ORIENTED_EDGE ( 'NONE', *, *, #3706, .T. ) ;
#1554 = VERTEX_POINT ( 'NONE', #1349 ) ;
#1555 = AXIS2_PLACEMENT_3D ( 'NONE', #4578, #3851, #4197 ) ;
#1556 = EDGE_CURVE ( 'NONE', #2971, #3651, #2147, .T. ) ;
#1557 = ORIENTED_EDGE ( 'NONE', *, *, #1056, .T. ) ;
#1558 = AXIS2_PLACEMENT_3D ( 'NONE', #4524, #2284, #13 ) ;
#1559 = CARTESIAN_POINT ( 'NONE',  ( -61.54560449174972803, -3.250000000000000000, 27.73876969599392694 ) ) ;
#1560 = DIRECTION ( 'NONE',  ( 0.000000000000000000, 0.000000000000000000, -1.000000000000000000 ) ) ;
#1561 = CIRCLE ( 'NONE', #61, 3.499999999999999556 ) ;
#1562 = ORIENTED_EDGE ( 'NONE', *, *, #1027, .F. ) ;
#1563 = CARTESIAN_POINT ( 'NONE',  ( 4.506559040048433218, 8.005696803542699413, 19.52937570921329069 ) ) ;
#1564 = VECTOR ( 'NONE', #2933, 1000.000000000000000 ) ;
#1565 = CARTESIAN_POINT ( 'NONE',  ( 14.57660255292402773, 4.735238934357184348, -6.761230304006072167 ) ) ;
#1566 = DIRECTION ( 'NONE',  ( 1.000000000000000000, -0.000000000000000000, 0.000000000000000000 ) ) ;
#1567 = VERTEX_POINT ( 'NONE', #1371 ) ;
#1568 = PRODUCT_RELATED_PRODUCT_CATEGORY ( 'part', '', ( #1788 ) ) ;
#1569 = EDGE_CURVE ( 'NONE', #4666, #1081, #2859, .T. ) ;
#1570 = LINE ( 'NONE', #3521, #3295 ) ;
#1571 = DIRECTION ( 'NONE',  ( -0.000000000000000000, -0.000000000000000000, -1.000000000000000000 ) ) ;
#1572 = CARTESIAN_POINT ( 'NONE',  ( -2.827916956681466587, 10.50000000000000000, 22.43434452200543205 ) ) ;
#1573 = ORIENTED_EDGE ( 'NONE', *, *, #269, .F. ) ;
#1574 = EDGE_CURVE ( 'NONE', #1994, #2112, #4802, .T. ) ;
#1575 = EDGE_LOOP ( 'NONE', ( #3724, #97, #245, #4062, #4543, #2539, #861, #3110, #4670, #53, #3460, #241 ) ) ;
#1576 = DIRECTION ( 'NONE',  ( -0.000000000000000000, 1.000000000000000000, -0.000000000000000000 ) ) ;
#1577 = DIRECTION ( 'NONE',  ( 1.000000000000000000, 0.000000000000000000, -0.000000000000000000 ) ) ;
#1578 = DIRECTION ( 'NONE',  ( -0.7111357810794345369, 0.7030546926580765188, 0.000000000000000000 ) ) ;
#1579 = VECTOR ( 'NONE', #3444, 1000.000000000000000 ) ;
#1580 = ORIENTED_EDGE ( 'NONE', *, *, #930, .F. ) ;
#1581 = APPLICATION_PROTOCOL_DEFINITION ( 'draft international standard', 'automotive_design', 1998, #4901 ) ;
#1582 = ORIENTED_EDGE ( 'NONE', *, *, #3231, .F. ) ;
#1583 = ORIENTED_EDGE ( 'NONE', *, *, #2980, .T. ) ;
#1584 = FACE_OUTER_BOUND ( 'NONE', #3999, .T. ) ;
#1585 = DIRECTION ( 'NONE',  ( 1.000000000000000000, 0.000000000000000000, 0.000000000000000000 ) ) ;
#1586 = EDGE_LOOP ( 'NONE', ( #1384, #2218, #3305, #3356 ) ) ;
#1587 = DIRECTION ( 'NONE',  ( -0.000000000000000000, -0.000000000000000000, -1.000000000000000000 ) ) ;
#1588 = CARTESIAN_POINT ( 'NONE',  ( -4.258722147691941906, 12.50000000000000000, 2.317690357242517596 ) ) ;
#1589 = CARTESIAN_POINT ( 'NONE',  ( -9.280464726337173786, -3.250000000000000000, 17.31907693046060714 ) ) ;
#1590 = EDGE_CURVE ( 'NONE', #4043, #1330, #2849, .T. ) ;
#1591 = VERTEX_POINT ( 'NONE', #3997 ) ;
#1592 = CARTESIAN_POINT ( 'NONE',  ( 4.006559040048433218, 12.50000000000000000, 22.13434452200543134 ) ) ;
#1593 = CARTESIAN_POINT ( 'NONE',  ( -57.05244163262612744, 5.875000000000003553, 0.5000000000000000000 ) ) ;
#1594 = EDGE_CURVE ( 'NONE', #3090, #2307, #4402, .T. ) ;
#1595 = CARTESIAN_POINT ( 'NONE',  ( -53.99344095995156323, 8.000000000000000000, 1.554344522005431939 ) ) ;
#1596 = ORIENTED_EDGE ( 'NONE', *, *, #175, .T. ) ;
#1597 = ORIENTED_EDGE ( 'NONE', *, *, #777, .T. ) ;
#1598 = ORIENTED_EDGE ( 'NONE', *, *, #3990, .F. ) ;
#1599 = DIRECTION ( 'NONE',  ( 1.000000000000000000, 0.000000000000000000, 0.000000000000000000 ) ) ;
#1600 = DIRECTION ( 'NONE',  ( 0.000000000000000000, 0.000000000000000000, 1.000000000000000000 ) ) ;
#1601 = CARTESIAN_POINT ( 'NONE',  ( -53.99344095995156323, 5.875000000000003553, 22.13434452200543134 ) ) ;
#1602 = EDGE_CURVE ( 'NONE', #187, #4607, #258, .T. ) ;
#1603 = EDGE_CURVE ( 'NONE', #350, #4625, #4162, .T. ) ;
#1604 = ORIENTED_EDGE ( 'NONE', *, *, #558, .F. ) ;
#1605 = LINE ( 'NONE', #3785, #1544 ) ;
#1606 = ORIENTED_EDGE ( 'NONE', *, *, #1823, .T. ) ;
#1607 = VERTEX_POINT ( 'NONE', #4423 ) ;
#1608 = DIRECTION ( 'NONE',  ( 0.000000000000000000, 0.000000000000000000, 1.000000000000000000 ) ) ;
#1609 = DIRECTION ( 'NONE',  ( -0.000000000000000000, 1.000000000000000000, -0.000000000000000000 ) ) ;
#1610 = ORIENTED_EDGE ( 'NONE', *, *, #948, .F. ) ;
#1611 = DIRECTION ( 'NONE',  ( 0.000000000000000000, 0.000000000000000000, 1.000000000000000000 ) ) ;
#1612 = CIRCLE ( 'NONE', #2629, 2.419999999999998597 ) ;
#1613 = VECTOR ( 'NONE', #4534, 1000.000000000000000 ) ;
#1614 = PLANE ( 'NONE',  #3587 ) ;
#1615 = VECTOR ( 'NONE', #3625, 1000.000000000000000 ) ;
#1616 = PLANE ( 'NONE',  #1740 ) ;
#1617 = ORIENTED_EDGE ( 'NONE', *, *, #1255, .T. ) ;
#1618 = AXIS2_PLACEMENT_3D ( 'NONE', #2707, #4217, #1980 ) ;
#1619 = DIRECTION ( 'NONE',  ( 0.000000000000000000, -0.000000000000000000, 1.000000000000000000 ) ) ;
#1620 = EDGE_CURVE ( 'NONE', #4908, #3691, #2580, .T. ) ;
#1621 = LINE ( 'NONE', #1996, #1717 ) ;
#1622 = AXIS2_PLACEMENT_3D ( 'NONE', #4061, #699, #1491 ) ;
#1623 = DIRECTION ( 'NONE',  ( -0.000000000000000000, 0.000000000000000000, 1.000000000000000000 ) ) ;
#1624 = ORIENTED_EDGE ( 'NONE', *, *, #3075, .F. ) ;
#1625 = VECTOR ( 'NONE', #4813, 1000.000000000000000 ) ;
#1626 = LINE ( 'NONE', #3823, #271 ) ;
#1627 = CARTESIAN_POINT ( 'NONE',  ( -4.258722147691941906, 10.50000000000000000, 0.000000000000000000 ) ) ;
#1628 = CARTESIAN_POINT ( 'NONE',  ( -67.07003059873778739, 4.735238934357180796, -6.761230304006072167 ) ) ;
#1629 = ORIENTED_EDGE ( 'NONE', *, *, #872, .T. ) ;
#1630 = ORIENTED_EDGE ( 'NONE', *, *, #600, .F. ) ;
#1631 = EDGE_CURVE ( 'NONE', #929, #619, #3768, .T. ) ;
#1632 = EDGE_CURVE ( 'NONE', #1107, #4034, #1326, .T. ) ;
#1633 = VECTOR ( 'NONE', #3755, 1000.000000000000000 ) ;
#1634 = CARTESIAN_POINT ( 'NONE',  ( 9.852138378250273831, 12.50000000000000000, -3.261230304006073055 ) ) ;
#1635 = FACE_OUTER_BOUND ( 'NONE', #1534, .T. ) ;
#1636 = CARTESIAN_POINT ( 'NONE',  ( -53.99344095995156323, 8.000000000000000000, -0.8656554779945688782 ) ) ;
#1637 = VERTEX_POINT ( 'NONE', #3277 ) ;
#1638 = LINE ( 'NONE', #417, #351 ) ;
#1639 = AXIS2_PLACEMENT_3D ( 'NONE', #2927, #1076, #4100 ) ;
#1640 = ADVANCED_FACE ( 'NONE', ( #1698 ), #3199, .T. ) ;
#1641 = CARTESIAN_POINT ( 'NONE',  ( -39.79572938337270926, 4.966867144221086328, 35.00000000000000000 ) ) ;
#1642 = VECTOR ( 'NONE', #2183, 1000.000000000000000 ) ;
#1643 = LINE ( 'NONE', #3793, #3792 ) ;
#1644 = ORIENTED_EDGE ( 'NONE', *, *, #3220, .F. ) ;
#1645 = CARTESIAN_POINT ( 'NONE',  ( 4.006559040048433218, 8.000000000000000000, 22.13434452200543134 ) ) ;
#1646 = CIRCLE ( 'NONE', #298, 2.420000000000002149 ) ;
#1647 = DIRECTION ( 'NONE',  ( 1.000000000000000000, 0.000000000000000000, 0.000000000000000000 ) ) ;
#1648 = LINE ( 'NONE', #893, #1688 ) ;
#1649 = ORIENTED_EDGE ( 'NONE', *, *, #3712, .F. ) ;
#1650 = CARTESIAN_POINT ( 'NONE',  ( 4.506559040048433218, 10.50000000000000000, 16.11449525870471433 ) ) ;
#1651 = LINE ( 'NONE', #3874, #1210 ) ;
#1652 = LINE ( 'NONE', #3969, #4088 ) ;
#1653 = ORIENTED_EDGE ( 'NONE', *, *, #3890, .F. ) ;
#1654 = EDGE_CURVE ( 'NONE', #3033, #3291, #4346, .T. ) ;
#1655 = LINE ( 'NONE', #2852, #2031 ) ;
#1656 = DIRECTION ( 'NONE',  ( 0.000000000000000000, -0.4698073123948461882, 0.8827689897251326245 ) ) ;
#1657 = FACE_BOUND ( 'NONE', #3226, .T. ) ;
#1658 = ORIENTED_EDGE ( 'NONE', *, *, #472, .T. ) ;
#1659 = CARTESIAN_POINT ( 'NONE',  ( 6.352138378250272943, 10.50000000000000000, -3.261230304006072611 ) ) ;
#1660 = EDGE_CURVE ( 'NONE', #4021, #3264, #2100, .T. ) ;
#1661 = VERTEX_POINT ( 'NONE', #3747 ) ;
#1662 = DIRECTION ( 'NONE',  ( -1.000000000000000000, 0.000000000000000000, -0.000000000000000000 ) ) ;
#1663 = VERTEX_POINT ( 'NONE', #3352 ) ;
#1664 = PLANE ( 'NONE',  #4348 ) ;
#1665 = EDGE_CURVE ( 'NONE', #4868, #4880, #4722, .T. ) ;
#1666 = ORIENTED_EDGE ( 'NONE', *, *, #3189, .T. ) ;
#1667 = DIRECTION ( 'NONE',  ( 0.000000000000000000, 0.000000000000000000, 1.000000000000000000 ) ) ;
#1668 = DIRECTION ( 'NONE',  ( 0.000000000000000000, 0.000000000000000000, -1.000000000000000000 ) ) ;
#1669 = LINE ( 'NONE', #2755, #421 ) ;
#1670 = ORIENTED_EDGE ( 'NONE', *, *, #1221, .F. ) ;
#1671 = CARTESIAN_POINT ( 'NONE',  ( -53.99344095995156323, 8.000000000000000000, -0.8656554779945688782 ) ) ;
#1672 = DIRECTION ( 'NONE',  ( 0.000000000000000000, 1.000000000000000000, 0.000000000000000000 ) ) ;
#1673 = LINE ( 'NONE', #3575, #917 ) ;
#1674 = ORIENTED_EDGE ( 'NONE', *, *, #412, .T. ) ;
#1675 = ORIENTED_EDGE ( 'NONE', *, *, #2602, .F. ) ;
#1676 = EDGE_CURVE ( 'NONE', #2574, #3116, #4318, .T. ) ;
#1677 = DIRECTION ( 'NONE',  ( 0.000000000000000000, 0.000000000000000000, 1.000000000000000000 ) ) ;
#1678 = CARTESIAN_POINT ( 'NONE',  ( -66.59445670572583253, 0.7130042956954119049, -3.761230304006072167 ) ) ;
#1679 = DIRECTION ( 'NONE',  ( -0.000000000000000000, 1.000000000000000000, -0.000000000000000000 ) ) ;
#1680 = ORIENTED_EDGE ( 'NONE', *, *, #1603, .F. ) ;
#1681 = DIRECTION ( 'NONE',  ( 0.000000000000000000, 1.000000000000000000, 0.000000000000000000 ) ) ;
#1682 = FACE_OUTER_BOUND ( 'NONE', #672, .T. ) ;
#1683 = EDGE_LOOP ( 'NONE', ( #4874, #674, #1914, #3466 ) ) ;
#1684 = PLANE ( 'NONE',  #613 ) ;
#1685 = FACE_OUTER_BOUND ( 'NONE', #96, .T. ) ;
#1686 = ORIENTED_EDGE ( 'NONE', *, *, #3915, .T. ) ;
#1687 = FACE_OUTER_BOUND ( 'NONE', #1346, .T. ) ;
#1688 = VECTOR ( 'NONE', #2798, 1000.000000000000000 ) ;
#1689 = EDGE_CURVE ( 'NONE', #4356, #622, #1797, .T. ) ;
#1690 = EDGE_CURVE ( 'NONE', #2307, #4068, #1517, .T. ) ;
#1691 = DIRECTION ( 'NONE',  ( -0.000000000000000000, -1.000000000000000000, -0.000000000000000000 ) ) ;
#1692 = DIRECTION ( 'NONE',  ( 0.000000000000000000, 0.000000000000000000, -1.000000000000000000 ) ) ;
#1693 = AXIS2_PLACEMENT_3D ( 'NONE', #3015, #1141, #4183 ) ;
#1694 = VERTEX_POINT ( 'NONE', #681 ) ;
#1695 = AXIS2_PLACEMENT_3D ( 'NONE', #4147, #2628, #4855 ) ;
#1696 = LINE ( 'NONE', #4723, #4067 ) ;
#1697 = CIRCLE ( 'NONE', #2722, 3.350000000000001421 ) ;
#1698 = FACE_OUTER_BOUND ( 'NONE', #4285, .T. ) ;
#1699 = DIRECTION ( 'NONE',  ( -1.000000000000000000, 0.000000000000000000, -0.000000000000000000 ) ) ;
#1700 = EDGE_LOOP ( 'NONE', ( #2919, #1064 ) ) ;
#1701 = AXIS2_PLACEMENT_3D ( 'NONE', #4493, #3692, #2601 ) ;
#1702 = CIRCLE ( 'NONE', #4799, 3.350000000000000533 ) ;
#1703 = FACE_OUTER_BOUND ( 'NONE', #4038, .T. ) ;
#1704 = DIRECTION ( 'NONE',  ( 0.000000000000000000, 0.8036448296316399675, -0.5951092234256939451 ) ) ;
#1705 = FACE_BOUND ( 'NONE', #700, .T. ) ;
#1706 = ORIENTED_EDGE ( 'NONE', *, *, #57, .T. ) ;
#1707 = CARTESIAN_POINT ( 'NONE',  ( -60.04560449174972803, -3.250000000000000000, -4.761230304006072167 ) ) ;
#1708 = EDGE_CURVE ( 'NONE', #3116, #2574, #3044, .T. ) ;
#1709 = VERTEX_POINT ( 'NONE', #402 ) ;
#1710 = CARTESIAN_POINT ( 'NONE',  ( -2.800420255819354942, 10.50000000000000000, 0.3333333333333332038 ) ) ;
#1711 = VERTEX_POINT ( 'NONE', #3328 ) ;
#1712 = CARTESIAN_POINT ( 'NONE',  ( -53.99344095995156323, 5.875000000000003553, 22.13434452200543134 ) ) ;
#1713 = LINE ( 'NONE', #546, #3239 ) ;
#1714 = CIRCLE ( 'NONE', #1881, 4.000000000000003553 ) ;
#1715 = ORIENTED_EDGE ( 'NONE', *, *, #2408, .F. ) ;
#1716 = DIRECTION ( 'NONE',  ( -0.000000000000000000, -1.000000000000000000, -0.000000000000000000 ) ) ;
#1717 = VECTOR ( 'NONE', #84, 1000.000000000000000 ) ;
#1718 = CARTESIAN_POINT ( 'NONE',  ( -57.05244163262612744, 10.50000000000000000, 0.5000000000000000000 ) ) ;
#1719 = DIRECTION ( 'NONE',  ( 1.000000000000000000, 0.000000000000000000, 0.000000000000000000 ) ) ;
#1720 = VECTOR ( 'NONE', #3317, 1000.000000000000000 ) ;
#1721 = ORIENTED_EDGE ( 'NONE', *, *, #1467, .F. ) ;
#1722 = EDGE_CURVE ( 'NONE', #4193, #1548, #2652, .T. ) ;
#1723 = FACE_OUTER_BOUND ( 'NONE', #4198, .T. ) ;
#1724 = AXIS2_PLACEMENT_3D ( 'NONE', #3731, #1858, #3361 ) ;
#1725 = CARTESIAN_POINT ( 'NONE',  ( -61.54560449174972803, -3.250000000000000000, 25.73876969599392694 ) ) ;
#1726 = CARTESIAN_POINT ( 'NONE',  ( 9.876295877967509185, 0.7524792909186129863, -6.761230304006072167 ) ) ;
#1727 = ORIENTED_EDGE ( 'NONE', *, *, #202, .T. ) ;
#1728 = ADVANCED_FACE ( 'NONE', ( #309 ), #1829, .T. ) ;
#1729 = LINE ( 'NONE', #614, #1796 ) ;
#1730 = CYLINDRICAL_SURFACE ( 'NONE', #925, 1.600000000000004086 ) ;
#1731 = CARTESIAN_POINT ( 'NONE',  ( -53.99344095995156323, 10.50000000000000000, 22.13434452200543134 ) ) ;
#1732 = ORIENTED_EDGE ( 'NONE', *, *, #3473, .F. ) ;
#1733 = DIRECTION ( 'NONE',  ( 1.000000000000000000, 0.000000000000000000, 0.000000000000000000 ) ) ;
#1734 = CARTESIAN_POINT ( 'NONE',  ( 1.449232335330653321, 5.181250000000004796, -2.104725162383469961 ) ) ;
#1735 = AXIS2_PLACEMENT_3D ( 'NONE', #3348, #4848, #1468 ) ;
#1736 = ORIENTED_EDGE ( 'NONE', *, *, #2280, .F. ) ;
#1737 = CARTESIAN_POINT ( 'NONE',  ( 4.006559040048433218, 8.000000000000000000, 19.71434452200543319 ) ) ;
#1738 = CARTESIAN_POINT ( 'NONE',  ( 0.6565590400484316858, 8.005448038964223301, 23.43434452200543205 ) ) ;
#1739 = ORIENTED_EDGE ( 'NONE', *, *, #4810, .F. ) ;
#1740 = AXIS2_PLACEMENT_3D ( 'NONE', #1266, #868, #4163 ) ;
#1741 = ORIENTED_EDGE ( 'NONE', *, *, #4323, .T. ) ;
#1742 = ORIENTED_EDGE ( 'NONE', *, *, #1755, .T. ) ;
#1743 = LINE ( 'NONE', #2898, #4142 ) ;
#1744 = AXIS2_PLACEMENT_3D ( 'NONE', #965, #1362, #3910 ) ;
#1745 = EDGE_CURVE ( 'NONE', #2715, #2560, #4830, .T. ) ;
#1746 = DIRECTION ( 'NONE',  ( -1.000000000000000000, 0.000000000000000000, -0.000000000000000000 ) ) ;
#1747 = CYLINDRICAL_SURFACE ( 'NONE', #4059, 0.5000000000000004441 ) ;
#1748 = EDGE_LOOP ( 'NONE', ( #1398, #517, #1956, #3616 ) ) ;
#1749 = DIRECTION ( 'NONE',  ( -1.000000000000000000, 0.000000000000000000, 0.000000000000000000 ) ) ;
#1750 = DIRECTION ( 'NONE',  ( -0.7071067811865473507, -0.7071067811865477948, 0.000000000000000000 ) ) ;
#1751 = DIRECTION ( 'NONE',  ( 0.000000000000000000, -1.000000000000000000, 0.000000000000000000 ) ) ;
#1752 = ORIENTED_EDGE ( 'NONE', *, *, #1167, .F. ) ;
#1753 = ORIENTED_EDGE ( 'NONE', *, *, #886, .F. ) ;
#1754 = EDGE_CURVE ( 'NONE', #4550, #4492, #3447, .T. ) ;
#1755 = EDGE_CURVE ( 'NONE', #1487, #159, #3798, .T. ) ;
#1756 = FACE_OUTER_BOUND ( 'NONE', #995, .T. ) ;
#1757 = DIRECTION ( 'NONE',  ( -0.000000000000000000, -1.000000000000000000, -0.000000000000000000 ) ) ;
#1758 = ORIENTED_EDGE ( 'NONE', *, *, #2324, .F. ) ;
#1759 = CARTESIAN_POINT ( 'NONE',  ( 9.852138378250273831, -3.250000000000000000, -3.261230304006073055 ) ) ;
#1760 = CARTESIAN_POINT ( 'NONE',  ( 0.6607500456189721039, 5.875000000000003553, 0.1683403290561540089 ) ) ;
#1761 = EDGE_LOOP ( 'NONE', ( #3041, #2745, #3718, #2445 ) ) ;
#1762 = CYLINDRICAL_SURFACE ( 'NONE', #4094, 3.350000000000002309 ) ;
#1763 = FACE_OUTER_BOUND ( 'NONE', #4726, .T. ) ;
#1764 = ORIENTED_EDGE ( 'NONE', *, *, #1665, .F. ) ;
#1765 = ORIENTED_EDGE ( 'NONE', *, *, #4588, .T. ) ;
#1766 = DIRECTION ( 'NONE',  ( 0.000000000000000000, -1.000000000000000000, 0.000000000000000000 ) ) ;
#1767 = DIRECTION ( 'NONE',  ( 0.6545987384327839331, 0.7559765152716106940, 0.000000000000000000 ) ) ;
#1768 = CARTESIAN_POINT ( 'NONE',  ( -66.59445670572583253, 8.717998577795750492, -3.761230304006072167 ) ) ;
#1769 = VERTEX_POINT ( 'NONE', #2261 ) ;
#1770 = AXIS2_PLACEMENT_3D ( 'NONE', #3225, #2901, #971 ) ;
#1771 = EDGE_CURVE ( 'NONE', #1351, #742, #4121, .T. ) ;
#1772 = CARTESIAN_POINT ( 'NONE',  ( 14.02106672353487227, 4.713004295695412793, -3.761230304006072167 ) ) ;
#1773 = AXIS2_PLACEMENT_3D ( 'NONE', #3455, #2052, #3549 ) ;
#1774 = DIRECTION ( 'NONE',  ( 0.000000000000000000, 0.000000000000000000, 1.000000000000000000 ) ) ;
#1775 = ORIENTED_EDGE ( 'NONE', *, *, #2139, .F. ) ;
#1776 = ORIENTED_EDGE ( 'NONE', *, *, #301, .T. ) ;
#1777 = ORIENTED_EDGE ( 'NONE', *, *, #3298, .T. ) ;
#1778 = VECTOR ( 'NONE', #949, 1000.000000000000000 ) ;
#1779 = DIRECTION ( 'NONE',  ( -0.000000000000000000, 1.000000000000000000, 0.000000000000000000 ) ) ;
#1780 = LINE ( 'NONE', #2514, #2351 ) ;
#1781 = AXIS2_PLACEMENT_3D ( 'NONE', #494, #2821, #203 ) ;
#1782 = ORIENTED_EDGE ( 'NONE', *, *, #4852, .T. ) ;
#1783 = CARTESIAN_POINT ( 'NONE',  ( 0.000000000000000000, 0.000000000000000000, 22.43434452200543205 ) ) ;
#1784 = ADVANCED_FACE ( 'NONE', ( #2220 ), #751, .T. ) ;
#1785 = EDGE_CURVE ( 'NONE', #544, #3426, #4168, .T. ) ;
#1786 = CARTESIAN_POINT ( 'NONE',  ( 0.6541048060877024950, 5.875000000000003553, -0.1668605871599267432 ) ) ;
#1787 = VECTOR ( 'NONE', #3057, 1000.000000000000000 ) ;
#1788 = PRODUCT ( 'BOT_CASE_291024', 'BOT_CASE_291024', '', ( #1202 ) ) ;
#1789 = EDGE_LOOP ( 'NONE', ( #1067, #1653, #2877, #1644 ) ) ;
#1790 = DIRECTION ( 'NONE',  ( -0.000000000000000000, 1.000000000000000000, -0.000000000000000000 ) ) ;
#1791 = ORIENTED_EDGE ( 'NONE', *, *, #3867, .T. ) ;
#1792 = ORIENTED_EDGE ( 'NONE', *, *, #174, .T. ) ;
#1793 = EDGE_CURVE ( 'NONE', #1392, #2082, #520, .T. ) ;
#1794 = EDGE_LOOP ( 'NONE', ( #1721, #4103, #1464, #1960, #81, #2711, #2914, #2907 ) ) ;
#1795 = LINE ( 'NONE', #4364, #1138 ) ;
#1796 = VECTOR ( 'NONE', #4756, 1000.000000000000000 ) ;
#1797 = CIRCLE ( 'NONE', #285, 2.419999999999998597 ) ;
#1798 = DIRECTION ( 'NONE',  ( 0.000000000000000000, 0.000000000000000000, 1.000000000000000000 ) ) ;
#1799 = DIRECTION ( 'NONE',  ( -0.000000000000000000, 1.000000000000000000, -0.000000000000000000 ) ) ;
#1800 = ORIENTED_EDGE ( 'NONE', *, *, #2213, .F. ) ;
#1801 = ORIENTED_EDGE ( 'NONE', *, *, #2342, .T. ) ;
#1802 = CIRCLE ( 'NONE', #2123, 0.5000000000000004441 ) ;
#1803 = CARTESIAN_POINT ( 'NONE',  ( -12.49651859791752351, 6.659555455029353865, 26.77397846476551280 ) ) ;
#1804 = DIRECTION ( 'NONE',  ( 0.000000000000000000, -0.000000000000000000, 1.000000000000000000 ) ) ;
#1805 = ORIENTED_EDGE ( 'NONE', *, *, #3970, .F. ) ;
#1806 = EDGE_LOOP ( 'NONE', ( #1741, #3892, #4246, #1031 ) ) ;
#1807 = VECTOR ( 'NONE', #4633, 1000.000000000000000 ) ;
#1808 = CARTESIAN_POINT ( 'NONE',  ( 14.57660255292402773, 4.735238934357184348, -3.761230304006072167 ) ) ;
#1809 = EDGE_CURVE ( 'NONE', #3144, #2903, #1901, .T. ) ;
#1810 = CARTESIAN_POINT ( 'NONE',  ( -53.49344095995156323, 5.875000000000003553, 3.284344522005432587 ) ) ;
#1811 = EDGE_LOOP ( 'NONE', ( #1989, #1438, #1462, #1649 ) ) ;
#1812 = DIRECTION ( 'NONE',  ( 0.000000000000000000, 0.000000000000000000, 1.000000000000000000 ) ) ;
#1813 = CARTESIAN_POINT ( 'NONE',  ( 0.6848358673255949824, 5.875000000000003553, -0.5000000000000012212 ) ) ;
#1814 = EDGE_LOOP ( 'NONE', ( #2336, #2846, #4337, #4817 ) ) ;
#1815 = EDGE_CURVE ( 'NONE', #3210, #3763, #2974, .T. ) ;
#1816 = ADVANCED_FACE ( 'NONE', ( #12 ), #4501, .T. ) ;
#1817 = DIRECTION ( 'NONE',  ( -1.000000000000000000, 5.209522807270858964E-16, -0.000000000000000000 ) ) ;
#1818 = CARTESIAN_POINT ( 'NONE',  ( -21.38836543812355373, 8.250000000000000000, 25.73360027965844665 ) ) ;
#1819 = EDGE_LOOP ( 'NONE', ( #3445, #2777, #2690, #638 ) ) ;
#1820 = DIRECTION ( 'NONE',  ( -0.000000000000000000, 0.000000000000000000, -1.000000000000000000 ) ) ;
#1821 = ORIENTED_EDGE ( 'NONE', *, *, #3553, .T. ) ;
#1822 = CARTESIAN_POINT ( 'NONE',  ( -21.38836543812355373, -3.250000000000000000, 0.000000000000000000 ) ) ;
#1823 = EDGE_CURVE ( 'NONE', #3286, #1554, #2702, .T. ) ;
#1824 = ADVANCED_FACE ( 'NONE', ( #2303 ), #1270, .F. ) ;
#1825 = FACE_OUTER_BOUND ( 'NONE', #1983, .T. ) ;
#1826 = LINE ( 'NONE', #4849, #2863 ) ;
#1827 = ORIENTED_EDGE ( 'NONE', *, *, #1056, .F. ) ;
#1828 = CIRCLE ( 'NONE', #3400, 0.5000000000000004441 ) ;
#1829 = PLANE ( 'NONE',  #4239 ) ;
#1830 = CARTESIAN_POINT ( 'NONE',  ( -10.79999054116380997, -3.249999999999999556, 26.77397846476551280 ) ) ;
#1831 = CARTESIAN_POINT ( 'NONE',  ( -13.43515625503130551, 4.540444544970648089, 35.00000000000000000 ) ) ;
#1832 = VERTEX_POINT ( 'NONE', #4211 ) ;
#1833 = DIRECTION ( 'NONE',  ( 0.000000000000000000, -1.000000000000000000, 0.000000000000000000 ) ) ;
#1834 = DIRECTION ( 'NONE',  ( 1.000000000000000000, 0.000000000000000000, -0.000000000000000000 ) ) ;
#1835 = VERTEX_POINT ( 'NONE', #3142 ) ;
#1836 = CYLINDRICAL_SURFACE ( 'NONE', #3837, 4.000000000000000000 ) ;
#1837 = ADVANCED_FACE ( 'NONE', ( #425 ), #3092, .T. ) ;
#1838 = FACE_OUTER_BOUND ( 'NONE', #2531, .T. ) ;
#1839 = ORIENTED_EDGE ( 'NONE', *, *, #2409, .T. ) ;
#1840 = CARTESIAN_POINT ( 'NONE',  ( -70.59445670572583253, 4.713004295695412793, -3.761230304006072167 ) ) ;
#1841 = SURFACE_STYLE_USAGE ( .BOTH. , #2892 ) ;
#1842 = ORIENTED_EDGE ( 'NONE', *, *, #4865, .T. ) ;
#1843 = DIRECTION ( 'NONE',  ( -7.767418549149877508E-16, 0.000000000000000000, 1.000000000000000000 ) ) ;
#1844 = ORIENTED_EDGE ( 'NONE', *, *, #4452, .T. ) ;
#1845 = CARTESIAN_POINT ( 'NONE',  ( -66.59445670572583253, 0.7130042956954123490, -4.761230304006072167 ) ) ;
#1846 = PLANE ( 'NONE',  #626 ) ;
#1847 = VERTEX_POINT ( 'NONE', #2754 ) ;
#1848 = EDGE_CURVE ( 'NONE', #2295, #698, #874, .T. ) ;
#1849 = EDGE_CURVE ( 'NONE', #2162, #2946, #4002, .T. ) ;
#1850 = DIRECTION ( 'NONE',  ( -0.000000000000000000, -0.000000000000000000, -1.000000000000000000 ) ) ;
#1851 = CARTESIAN_POINT ( 'NONE',  ( 4.191964135517597612, 12.50000000000000000, 6.828908360124231081 ) ) ;
#1852 = CARTESIAN_POINT ( 'NONE',  ( 4.006559040048433218, 12.50000000000000000, 19.71434452200543319 ) ) ;
#1853 = VECTOR ( 'NONE', #1174, 1000.000000000000000 ) ;
#1854 = ORIENTED_EDGE ( 'NONE', *, *, #2731, .T. ) ;
#1855 = B_SPLINE_CURVE_WITH_KNOTS ( 'NONE', 3,
 ( #834, #2370, #3810, #3063 ),
 .UNSPECIFIED., .F., .F.,
 ( 4, 4 ),
 ( 0.000000000000000000, 3.628260898526424421E-05 ),
 .UNSPECIFIED. ) ;
#1856 = VECTOR ( 'NONE', #2603, 1000.000000000000000 ) ;
#1857 = DIRECTION ( 'NONE',  ( 1.000000000000000000, 0.000000000000000000, -0.000000000000000000 ) ) ;
#1858 = DIRECTION ( 'NONE',  ( 0.000000000000000000, 0.000000000000000000, -1.000000000000000000 ) ) ;
#1859 = ORIENTED_EDGE ( 'NONE', *, *, #4085, .F. ) ;
#1860 = CARTESIAN_POINT ( 'NONE',  ( 0.000000000000000000, 0.000000000000000000, -0.5000000000000000000 ) ) ;
#1861 = AXIS2_PLACEMENT_3D ( 'NONE', #2337, #92, #1599 ) ;
#1862 = CIRCLE ( 'NONE', #3988, 4.000000000000003553 ) ;
#1863 = EDGE_LOOP ( 'NONE', ( #4015, #3392, #2024, #493, #2931 ) ) ;
#1864 = LINE ( 'NONE', #2617, #4408 ) ;
#1865 = DIRECTION ( 'NONE',  ( 0.8131104624267521119, -0.5821094191749118796, 0.000000000000000000 ) ) ;
#1866 = EDGE_CURVE ( 'NONE', #3876, #3033, #1945, .T. ) ;
#1867 = EDGE_LOOP ( 'NONE', ( #2943, #3507, #3641, #3912 ) ) ;
#1868 = CARTESIAN_POINT ( 'NONE',  ( -51.22703573346488071, 5.875000000000003553, -0.5000000000000000000 ) ) ;
#1869 = AXIS2_PLACEMENT_3D ( 'NONE', #155, #3164, #3865 ) ;
#1870 = CARTESIAN_POINT ( 'NONE',  ( 4.006559040048433218, 5.875000000000003553, 23.48434452200543276 ) ) ;
#1871 = CARTESIAN_POINT ( 'NONE',  ( -51.19311627875442383, 8.567453508431418285, 23.43434452200543205 ) ) ;
#1872 = CIRCLE ( 'NONE', #4076, 0.5000000000000004441 ) ;
#1873 = ADVANCED_FACE ( 'NONE', ( #3474, #3844 ), #2727, .F. ) ;
#1874 = EDGE_LOOP ( 'NONE', ( #1385, #4377, #4516, #3848 ) ) ;
#1875 = CIRCLE ( 'NONE', #912, 3.350000000000002309 ) ;
#1876 = DIRECTION ( 'NONE',  ( -0.000000000000000000, -1.000000000000000000, -0.000000000000000000 ) ) ;
#1877 = CARTESIAN_POINT ( 'NONE',  ( 6.352138378250272055, 10.50000000000000000, -4.761230304006072167 ) ) ;
#1878 = ADVANCED_FACE ( 'NONE', ( #1974, #4646 ), #2359, .F. ) ;
#1879 = CARTESIAN_POINT ( 'NONE',  ( -61.54560449174972803, 10.50000000000000000, 24.23876969599391984 ) ) ;
#1880 = VECTOR ( 'NONE', #1751, 1000.000000000000000 ) ;
#1881 = AXIS2_PLACEMENT_3D ( 'NONE', #653, #4321, #976 ) ;
#1882 = ORIENTED_EDGE ( 'NONE', *, *, #3821, .F. ) ;
#1883 = ORIENTED_EDGE ( 'NONE', *, *, #1122, .T. ) ;
#1884 = CIRCLE ( 'NONE', #3451, 0.5000000000000004441 ) ;
#1885 = CARTESIAN_POINT ( 'NONE',  ( -2.800420255819354942, 10.50000000000000000, -0.5000000000000000000 ) ) ;
#1886 = EDGE_CURVE ( 'NONE', #2498, #939, #3448, .T. ) ;
#1887 = DIRECTION ( 'NONE',  ( -1.000000000000000000, -0.000000000000000000, -0.000000000000000000 ) ) ;
#1888 = ORIENTED_EDGE ( 'NONE', *, *, #4818, .T. ) ;
#1889 = CARTESIAN_POINT ( 'NONE',  ( -63.54560449174972803, 12.50000000000000000, -3.261230304006073055 ) ) ;
#1890 = VECTOR ( 'NONE', #1338, 1000.000000000000000 ) ;
#1891 = ORIENTED_EDGE ( 'NONE', *, *, #4138, .T. ) ;
#1892 = CARTESIAN_POINT ( 'NONE',  ( -53.99344095995156323, 8.750000000000000000, 22.13434452200543134 ) ) ;
#1893 = VECTOR ( 'NONE', #4842, 1000.000000000000000 ) ;
#1894 = CARTESIAN_POINT ( 'NONE',  ( -51.60056723113756760, 8.750000000000000000, 21.77302012765626316 ) ) ;
#1895 = ORIENTED_EDGE ( 'NONE', *, *, #2435, .F. ) ;
#1896 = DIRECTION ( 'NONE',  ( 0.000000000000000000, 0.000000000000000000, 1.000000000000000000 ) ) ;
#1897 = CARTESIAN_POINT ( 'NONE',  ( -20.04290560462219517, 5.156710659648467754, 26.77397846476551280 ) ) ;
#1898 = DIRECTION ( 'NONE',  ( 0.000000000000000000, 0.000000000000000000, 1.000000000000000000 ) ) ;
#1899 = ORIENTED_EDGE ( 'NONE', *, *, #3770, .F. ) ;
#1900 = EDGE_CURVE ( 'NONE', #4625, #4859, #475, .T. ) ;
#1901 = LINE ( 'NONE', #4876, #1551 ) ;
#1902 = CARTESIAN_POINT ( 'NONE',  ( -51.60056723113756760, -3.250000000000000000, 25.73876969599392694 ) ) ;
#1903 = DIRECTION ( 'NONE',  ( 0.000000000000000000, 0.000000000000000000, 1.000000000000000000 ) ) ;
#1904 = UNCERTAINTY_MEASURE_WITH_UNIT (LENGTH_MEASURE( 1.000000000000000082E-05 ), #4555, 'distance_accuracy_value', 'NONE');
#1905 = VERTEX_POINT ( 'NONE', #65 ) ;
#1906 = FACE_OUTER_BOUND ( 'NONE', #3299, .T. ) ;
#1907 = CARTESIAN_POINT ( 'NONE',  ( -18.70837374726851721, 4.040444544970647200, 26.77397846476551280 ) ) ;
#1908 = VERTEX_POINT ( 'NONE', #4590 ) ;
#1909 = EDGE_CURVE ( 'NONE', #3025, #1994, #1570, .T. ) ;
#1910 = EDGE_CURVE ( 'NONE', #2971, #1123, #1621, .T. ) ;
#1911 = EDGE_LOOP ( 'NONE', ( #3408, #1777, #1842, #916 ) ) ;
#1912 = CARTESIAN_POINT ( 'NONE',  ( 0.7046605134103512968, 10.50000000000000000, 0.4999999999999997780 ) ) ;
#1913 = FACE_OUTER_BOUND ( 'NONE', #3674, .T. ) ;
#1914 = ORIENTED_EDGE ( 'NONE', *, *, #1507, .T. ) ;
#1915 = CYLINDRICAL_SURFACE ( 'NONE', #1701, 2.420000000000002149 ) ;
#1916 = CARTESIAN_POINT ( 'NONE',  ( 6.352138378250272055, 0.7524792909186129863, -4.761230304006072167 ) ) ;
#1917 = DIRECTION ( 'NONE',  ( 0.000000000000000000, 0.000000000000000000, 1.000000000000000000 ) ) ;
#1918 = ORIENTED_EDGE ( 'NONE', *, *, #2473, .T. ) ;
#1919 = CARTESIAN_POINT ( 'NONE',  ( -50.38856591388922368, 4.966867144221086328, 27.73876969599392694 ) ) ;
#1920 = DIRECTION ( 'NONE',  ( -0.000000000000000000, -0.000000000000000000, 1.000000000000000000 ) ) ;
#1921 = CARTESIAN_POINT ( 'NONE',  ( -10.79999054116380997, -3.250000000000000000, 25.73876969599392694 ) ) ;
#1922 = ORIENTED_EDGE ( 'NONE', *, *, #794, .T. ) ;
#1923 = ADVANCED_FACE ( 'NONE', ( #3070 ), #3119, .T. ) ;
#1924 = AXIS2_PLACEMENT_3D ( 'NONE', #1636, #1281, #2784 ) ;
#1925 = FACE_OUTER_BOUND ( 'NONE', #317, .T. ) ;
#1926 = CARTESIAN_POINT ( 'NONE',  ( 0.6565590400484316858, 8.005448038964223301, 22.43434452200543205 ) ) ;
#1927 = ORIENTED_EDGE ( 'NONE', *, *, #2731, .F. ) ;
#1928 = LINE ( 'NONE', #21, #1944 ) ;
#1929 = VERTEX_POINT ( 'NONE', #526 ) ;
#1930 = AXIS2_PLACEMENT_3D ( 'NONE', #3727, #1126, #333 ) ;
#1931 = ORIENTED_EDGE ( 'NONE', *, *, #4339, .T. ) ;
#1932 = DIRECTION ( 'NONE',  ( 1.000000000000000000, 0.000000000000000000, -0.000000000000000000 ) ) ;
#1933 = CARTESIAN_POINT ( 'NONE',  ( 6.352138378250272055, 8.757473573018954127, -4.761230304006072167 ) ) ;
#1934 = CIRCLE ( 'NONE', #2557, 3.500000000000000000 ) ;
#1935 = ORIENTED_EDGE ( 'NONE', *, *, #649, .T. ) ;
#1936 = PLANE ( 'NONE',  #4389 ) ;
#1937 = ADVANCED_FACE ( 'NONE', ( #3422 ), #1545, .F. ) ;
#1938 = DIRECTION ( 'NONE',  ( 0.000000000000000000, -1.000000000000000000, 0.000000000000000000 ) ) ;
#1939 = VECTOR ( 'NONE', #1348, 1000.000000000000000 ) ;
#1940 = DIRECTION ( 'NONE',  ( -0.000000000000000000, -1.000000000000000000, -0.000000000000000000 ) ) ;
#1941 = EDGE_CURVE ( 'NONE', #828, #500, #4245, .T. ) ;
#1942 = VECTOR ( 'NONE', #1068, 1000.000000000000000 ) ;
#1943 = ORIENTED_EDGE ( 'NONE', *, *, #2688, .T. ) ;
#1944 = VECTOR ( 'NONE', #804, 1000.000000000000000 ) ;
#1945 = LINE ( 'NONE', #4268, #3050 ) ;
#1946 = DIRECTION ( 'NONE',  ( -1.000000000000000000, -0.000000000000000000, -0.000000000000000000 ) ) ;
#1947 = DIRECTION ( 'NONE',  ( -0.000000000000000000, 1.000000000000000000, -0.000000000000000000 ) ) ;
#1948 = ORIENTED_EDGE ( 'NONE', *, *, #2086, .F. ) ;
#1949 = CARTESIAN_POINT ( 'NONE',  ( -20.19137825829315602, 5.512278550188185910, 26.77397846476551280 ) ) ;
#1950 = AXIS2_PLACEMENT_3D ( 'NONE', #2982, #1779, #1481 ) ;
#1951 = DIRECTION ( 'NONE',  ( 0.000000000000000000, 0.000000000000000000, 1.000000000000000000 ) ) ;
#1952 = CIRCLE ( 'NONE', #2808, 3.499999999999999556 ) ;
#1953 = DIRECTION ( 'NONE',  ( 0.000000000000000000, 0.000000000000000000, 1.000000000000000000 ) ) ;
#1954 = ORIENTED_EDGE ( 'NONE', *, *, #257, .T. ) ;
#1955 =( NAMED_UNIT ( * ) PLANE_ANGLE_UNIT ( ) SI_UNIT ( $, .RADIAN. ) );
#1956 = ORIENTED_EDGE ( 'NONE', *, *, #4755, .F. ) ;
#1957 = CIRCLE ( 'NONE', #2583, 1.600000000000004086 ) ;
#1958 = AXIS2_PLACEMENT_3D ( 'NONE', #452, #818, #892 ) ;
#1959 = EDGE_CURVE ( 'NONE', #4411, #4181, #3649, .T. ) ;
#1960 = ORIENTED_EDGE ( 'NONE', *, *, #2713, .T. ) ;
#1961 = AXIS2_PLACEMENT_3D ( 'NONE', #4434, #3009, #3393 ) ;
#1962 = PLANE ( 'NONE',  #2346 ) ;
#1963 = CARTESIAN_POINT ( 'NONE',  ( 4.006559040048433218, 5.875000000000003553, -0.8656554779945688782 ) ) ;
#1964 = VERTEX_POINT ( 'NONE', #1718 ) ;
#1965 = LINE ( 'NONE', #1209, #3597 ) ;
#1966 = AXIS2_PLACEMENT_3D ( 'NONE', #4558, #464, #2667 ) ;
#1967 = CARTESIAN_POINT ( 'NONE',  ( -50.38856591388922368, 7.483490513531148913, 26.71994397445526204 ) ) ;
#1968 = EDGE_CURVE ( 'NONE', #1035, #3005, #3224, .T. ) ;
#1969 = VECTOR ( 'NONE', #4156, 1000.000000000000000 ) ;
#1970 = DIRECTION ( 'NONE',  ( -0.000000000000000000, -0.000000000000000000, -1.000000000000000000 ) ) ;
#1971 = ORIENTED_EDGE ( 'NONE', *, *, #3386, .T. ) ;
#1972 = EDGE_CURVE ( 'NONE', #3691, #1905, #3570, .T. ) ;
#1973 = ADVANCED_FACE ( 'NONE', ( #3963 ), #3191, .F. ) ;
#1974 = FACE_OUTER_BOUND ( 'NONE', #1094, .T. ) ;
#1975 = CARTESIAN_POINT ( 'NONE',  ( -50.88856591388922368, 4.966867144221086328, 26.71994397445526204 ) ) ;
#1976 = CARTESIAN_POINT ( 'NONE',  ( -4.258722147691941906, 10.50000000000000000, 2.317690357242517596 ) ) ;
#1977 = ORIENTED_EDGE ( 'NONE', *, *, #243, .F. ) ;
#1978 = VECTOR ( 'NONE', #2624, 1000.000000000000000 ) ;
#1979 = ORIENTED_EDGE ( 'NONE', *, *, #3821, .T. ) ;
#1980 = DIRECTION ( 'NONE',  ( 0.000000000000000000, -0.000000000000000000, 1.000000000000000000 ) ) ;
#1981 = LINE ( 'NONE', #4294, #2012 ) ;
#1982 = LINE ( 'NONE', #1926, #605 ) ;
#1983 = EDGE_LOOP ( 'NONE', ( #83, #908, #2799, #2434 ) ) ;
#1984 = CARTESIAN_POINT ( 'NONE',  ( -20.19137825829315958, -3.250000000000000000, 27.73876969599392694 ) ) ;
#1985 = ORIENTED_EDGE ( 'NONE', *, *, #1785, .T. ) ;
#1986 = ORIENTED_EDGE ( 'NONE', *, *, #1479, .F. ) ;
#1987 = DIRECTION ( 'NONE',  ( -1.000000000000000000, 0.000000000000000000, 0.000000000000000000 ) ) ;
#1988 = FACE_OUTER_BOUND ( 'NONE', #1412, .T. ) ;
#1989 = ORIENTED_EDGE ( 'NONE', *, *, #3262, .F. ) ;
#1990 = CYLINDRICAL_SURFACE ( 'NONE', #4471, 1.600000000000004086 ) ;
#1991 = ADVANCED_FACE ( 'NONE', ( #3596 ), #574, .T. ) ;
#1992 = DIRECTION ( 'NONE',  ( -1.000000000000000000, 0.000000000000000000, -0.000000000000000000 ) ) ;
#1993 = DIRECTION ( 'NONE',  ( 0.000000000000000000, 0.000000000000000000, -1.000000000000000000 ) ) ;
#1994 = VERTEX_POINT ( 'NONE', #1344 ) ;
#1995 = CARTESIAN_POINT ( 'NONE',  ( 4.006559040048433218, 5.875000000000003553, 22.13434452200543134 ) ) ;
#1996 = CARTESIAN_POINT ( 'NONE',  ( -60.04560449174972803, 10.50000000000000178, -0.5000000000000000000 ) ) ;
#1997 = LINE ( 'NONE', #1271, #3501 ) ;
#1998 = ORIENTED_EDGE ( 'NONE', *, *, #1198, .F. ) ;
#1999 = EDGE_CURVE ( 'NONE', #4356, #286, #3545, .T. ) ;
#2000 = EDGE_CURVE ( 'NONE', #4674, #251, #945, .T. ) ;
#2001 = DIRECTION ( 'NONE',  ( -0.000000000000000000, 0.000000000000000000, 1.000000000000000000 ) ) ;
#2002 = DIRECTION ( 'NONE',  ( 0.000000000000000000, 0.000000000000000000, 1.000000000000000000 ) ) ;
#2003 = DIRECTION ( 'NONE',  ( 1.000000000000000000, -0.000000000000000000, -0.000000000000000000 ) ) ;
#2004 = EDGE_LOOP ( 'NONE', ( #1208, #1499, #4312, #1494, #1013, #4557, #4584, #3854 ) ) ;
#2005 = SHAPE_DEFINITION_REPRESENTATION ( #552, #1033 ) ;
#2006 = ADVANCED_FACE ( 'NONE', ( #4693 ), #2869, .F. ) ;
#2007 = EDGE_LOOP ( 'NONE', ( #2016, #2760, #3576, #1736 ) ) ;
#2008 = CARTESIAN_POINT ( 'NONE',  ( -61.54560449174972803, 10.50000000000000000, -3.261230304006073055 ) ) ;
#2009 = CARTESIAN_POINT ( 'NONE',  ( 9.876295877967507408, 8.757473573018954127, -3.761230304006072167 ) ) ;
#2010 = VERTEX_POINT ( 'NONE', #204 ) ;
#2011 = DIRECTION ( 'NONE',  ( 0.000000000000000000, -1.000000000000000000, 0.000000000000000000 ) ) ;
#2012 = VECTOR ( 'NONE', #93, 1000.000000000000000 ) ;
#2013 = LINE ( 'NONE', #4639, #981 ) ;
#2014 = VECTOR ( 'NONE', #2002, 1000.000000000000000 ) ;
#2015 = CARTESIAN_POINT ( 'NONE',  ( 3.647571787580841995, 5.874999999999344524, 3.269951672286888655 ) ) ;
#2016 = ORIENTED_EDGE ( 'NONE', *, *, #1177, .F. ) ;
#2017 = VECTOR ( 'NONE', #608, 1000.000000000000000 ) ;
#2018 = CARTESIAN_POINT ( 'NONE',  ( -57.34344095995156465, 5.875000000000003553, 23.43434452200543205 ) ) ;
#2019 = EDGE_CURVE ( 'NONE', #4654, #4828, #1561, .T. ) ;
#2020 = DIRECTION ( 'NONE',  ( 0.000000000000000000, 1.000000000000000000, 0.000000000000000000 ) ) ;
#2021 = CIRCLE ( 'NONE', #1781, 3.350000000000002309 ) ;
#2022 = CARTESIAN_POINT ( 'NONE',  ( -53.99344095995156323, 5.875000000000003553, 22.13434452200543134 ) ) ;
#2023 = VERTEX_POINT ( 'NONE', #4314 ) ;
#2024 = ORIENTED_EDGE ( 'NONE', *, *, #2602, .T. ) ;
#2025 = AXIS2_PLACEMENT_3D ( 'NONE', #987, #2490, #3178 ) ;
#2026 = LINE ( 'NONE', #1650, #2795 ) ;
#2027 = ADVANCED_FACE ( 'NONE', ( #602 ), #4341, .F. ) ;
#2028 = DIRECTION ( 'NONE',  ( -0.000000000000000000, 1.000000000000000000, 0.000000000000000000 ) ) ;
#2029 = CARTESIAN_POINT ( 'NONE',  ( -56.80620536528137876, 5.875000000000003553, 23.43434452200543205 ) ) ;
#2030 = ORIENTED_EDGE ( 'NONE', *, *, #659, .T. ) ;
#2031 = VECTOR ( 'NONE', #3556, 1000.000000000000000 ) ;
#2032 = AXIS2_PLACEMENT_3D ( 'NONE', #4776, #2075, #950 ) ;
#2033 = ADVANCED_FACE ( 'NONE', ( #920 ), #2428, .F. ) ;
#2034 = DIRECTION ( 'NONE',  ( -0.000000000000000000, 1.000000000000000000, -0.000000000000000000 ) ) ;
#2035 = PLANE ( 'NONE',  #2664 ) ;
#2036 = CARTESIAN_POINT ( 'NONE',  ( 9.876295877967509185, 0.7130042956954123490, -3.761230304006072167 ) ) ;
#2037 = VERTEX_POINT ( 'NONE', #4768 ) ;
#2038 = DIRECTION ( 'NONE',  ( 0.000000000000000000, 1.000000000000000000, 0.000000000000000000 ) ) ;
#2039 = VECTOR ( 'NONE', #4725, 1000.000000000000000 ) ;
#2040 = CARTESIAN_POINT ( 'NONE',  ( -70.59445670572583253, 4.713004295695412793, -6.761230304006072167 ) ) ;
#2041 = VECTOR ( 'NONE', #3868, 1000.000000000000000 ) ;
#2042 = ORIENTED_EDGE ( 'NONE', *, *, #3442, .T. ) ;
#2043 = DIRECTION ( 'NONE',  ( -0.000000000000000000, 1.000000000000000000, -0.000000000000000000 ) ) ;
#2044 = VERTEX_POINT ( 'NONE', #2502 ) ;
#2045 = VECTOR ( 'NONE', #1332, 1000.000000000000000 ) ;
#2046 = DIRECTION ( 'NONE',  ( 1.000000000000000000, 0.000000000000000000, 0.000000000000000000 ) ) ;
#2047 = DIRECTION ( 'NONE',  ( 1.000000000000000000, 0.000000000000000000, 0.000000000000000000 ) ) ;
#2048 = FACE_OUTER_BOUND ( 'NONE', #4005, .T. ) ;
#2049 = VERTEX_POINT ( 'NONE', #999 ) ;
#2050 = ADVANCED_FACE ( 'NONE', ( #4019 ), #2144, .F. ) ;
#2051 = CARTESIAN_POINT ( 'NONE',  ( 3.506559040048433218, 5.875000000000003553, 18.82186810699505486 ) ) ;
#2052 = DIRECTION ( 'NONE',  ( -1.525498497872751877E-16, 1.000000000000000000, 0.000000000000000000 ) ) ;
#2053 = LINE ( 'NONE', #1327, #2039 ) ;
#2054 = ORIENTED_EDGE ( 'NONE', *, *, #3431, .F. ) ;
#2055 = CARTESIAN_POINT ( 'NONE',  ( -63.54560449174972803, -3.250000000000000000, 24.23876969599391984 ) ) ;
#2056 = CARTESIAN_POINT ( 'NONE',  ( 7.852138378250272943, -3.250000000000000000, -4.761230304006072167 ) ) ;
#2057 = CARTESIAN_POINT ( 'NONE',  ( 14.57660255292402773, 4.735238934357184348, -6.761230304006072167 ) ) ;
#2058 = ORIENTED_EDGE ( 'NONE', *, *, #1722, .T. ) ;
#2059 = DIRECTION ( 'NONE',  ( -0.7111357810794346479, 0.7030546926580766298, 0.000000000000000000 ) ) ;
#2060 = EDGE_CURVE ( 'NONE', #365, #33, #4798, .T. ) ;
#2061 = ORIENTED_EDGE ( 'NONE', *, *, #755, .F. ) ;
#2062 = EDGE_CURVE ( 'NONE', #1769, #3763, #437, .T. ) ;
#2063 = AXIS2_PLACEMENT_3D ( 'NONE', #2599, #341, #1865 ) ;
#2064 = DIRECTION ( 'NONE',  ( 0.000000000000000000, 0.000000000000000000, 1.000000000000000000 ) ) ;
#2065 = B_SPLINE_SURFACE_WITH_KNOTS ( 'NONE', 3, 1, ( 
 ( #3661, #1382, #592, #4761 ),
 ( #4457, #1710, #2444, #2135 ),
 ( #3640, #270, #1760, #1359 ),
 ( #1433, #4736, #1786, #665 ),
 ( #1336, #2466, #2111, #3263 ),
 ( #4788, #2858, #1813, #2887 ),
 ( #4055, #4409, #4359, #2158 ),
 ( #3615, #2540, #2936, #618 ),
 ( #3290, #1411, #2913, #1734 ) ),
 .UNSPECIFIED., .F., .F., .F.,
 ( 4, 2, 3, 4 ),
 ( 2, 1, 1, 2 ),
 ( 0.000000000000000000, 0.5000000000000000000, 1.000000000000000000, 2.620088323101983807 ),
 ( -0.1499999999999999944, 0.000000000000000000, 1.000000000000000000, 1.149999999999999911 ),
 .UNSPECIFIED. ) ;
#2066 = ORIENTED_EDGE ( 'NONE', *, *, #2772, .T. ) ;
#2067 = FACE_OUTER_BOUND ( 'NONE', #645, .T. ) ;
#2068 = FACE_OUTER_BOUND ( 'NONE', #428, .T. ) ;
#2069 = ORIENTED_EDGE ( 'NONE', *, *, #3323, .F. ) ;
#2070 = CARTESIAN_POINT ( 'NONE',  ( -53.99344095995156323, 10.50000000000000000, 22.13434452200543134 ) ) ;
#2071 = DIRECTION ( 'NONE',  ( 0.000000000000000000, -0.000000000000000000, -1.000000000000000000 ) ) ;
#2072 = CARTESIAN_POINT ( 'NONE',  ( -50.38856591388922368, 7.483490513531148913, 35.00000000000000000 ) ) ;
#2073 = ORIENTED_EDGE ( 'NONE', *, *, #4267, .F. ) ;
#2074 = LINE ( 'NONE', #3227, #2954 ) ;
#2075 = DIRECTION ( 'NONE',  ( -0.000000000000000000, -1.000000000000000000, -0.000000000000000000 ) ) ;
#2076 = CARTESIAN_POINT ( 'NONE',  ( -11.99651859791752173, 5.479082202084430975, 26.77397846476551280 ) ) ;
#2077 = EDGE_CURVE ( 'NONE', #3335, #2864, #2823, .T. ) ;
#2078 = VERTEX_POINT ( 'NONE', #4895 ) ;
#2079 = CARTESIAN_POINT ( 'NONE',  ( 6.352138378250272055, 12.50000000000000000, -6.761230304006072167 ) ) ;
#2080 = CARTESIAN_POINT ( 'NONE',  ( -11.99651859791752173, 7.159555455029352977, 26.77397846476551280 ) ) ;
#2081 = LINE ( 'NONE', #2764, #4770 ) ;
#2082 = VERTEX_POINT ( 'NONE', #3742 ) ;
#2083 = LINE ( 'NONE', #1759, #2644 ) ;
#2084 = CYLINDRICAL_SURFACE ( 'NONE', #2327, 3.350000000000000533 ) ;
#2085 = VERTEX_POINT ( 'NONE', #1046 ) ;
#2086 = EDGE_CURVE ( 'NONE', #3789, #4068, #4468, .T. ) ;
#2087 = DIRECTION ( 'NONE',  ( 0.000000000000000000, 0.000000000000000000, -1.000000000000000000 ) ) ;
#2088 = PLANE ( 'NONE',  #1744 ) ;
#2089 = EDGE_LOOP ( 'NONE', ( #4783, #4513, #2430, #4260, #68, #670 ) ) ;
#2090 = DIRECTION ( 'NONE',  ( -0.000000000000000000, 1.000000000000000000, -0.000000000000000000 ) ) ;
#2091 = VECTOR ( 'NONE', #3072, 1000.000000000000000 ) ;
#2092 = ADVANCED_FACE ( 'NONE', ( #1825 ), #1515, .T. ) ;
#2093 = CARTESIAN_POINT ( 'NONE',  ( 1.873062941308192730, 8.250000000000000000, 17.31907693046060714 ) ) ;
#2094 = CARTESIAN_POINT ( 'NONE',  ( -53.99344095995156323, 5.875000000000003553, 0.4843445220054299338 ) ) ;
#2095 = AXIS2_PLACEMENT_3D ( 'NONE', #1393, #1716, #4039 ) ;
#2096 = VERTEX_POINT ( 'NONE', #3769 ) ;
#2097 = CIRCLE ( 'NONE', #4871, 1.600000000000004086 ) ;
#2098 = DIRECTION ( 'NONE',  ( 0.000000000000000000, 1.000000000000000000, 0.000000000000000000 ) ) ;
#2099 = VECTOR ( 'NONE', #4261, 1000.000000000000000 ) ;
#2100 = LINE ( 'NONE', #1725, #914 ) ;
#2101 = DIRECTION ( 'NONE',  ( 0.000000000000000000, 0.000000000000000000, 1.000000000000000000 ) ) ;
#2102 = VERTEX_POINT ( 'NONE', #3398 ) ;
#2103 = VERTEX_POINT ( 'NONE', #328 ) ;
#2104 = VECTOR ( 'NONE', #1215, 1000.000000000000000 ) ;
#2105 = CARTESIAN_POINT ( 'NONE',  ( -20.19137825829315602, 5.303496124073167728, 26.77397846476551280 ) ) ;
#2106 = FACE_OUTER_BOUND ( 'NONE', #3897, .T. ) ;
#2107 = CYLINDRICAL_SURFACE ( 'NONE', #1195, 2.419999999999998597 ) ;
#2108 = ORIENTED_EDGE ( 'NONE', *, *, #3970, .T. ) ;
#2109 = CARTESIAN_POINT ( 'NONE',  ( 4.006559040048433218, 8.549883839852032708, 18.78434452200542992 ) ) ;
#2110 = EDGE_CURVE ( 'NONE', #2306, #3482, #4177, .T. ) ;
#2111 = CARTESIAN_POINT ( 'NONE',  ( 0.6632224411602795078, 5.875000000000003553, -0.3347076689173388298 ) ) ;
#2112 = VERTEX_POINT ( 'NONE', #676 ) ;
#2113 = VECTOR ( 'NONE', #1257, 1000.000000000000000 ) ;
#2114 = DIRECTION ( 'NONE',  ( 1.000000000000000000, 0.000000000000000000, 0.000000000000000000 ) ) ;
#2115 = CARTESIAN_POINT ( 'NONE',  ( -63.54560449174972803, -3.250000000000000000, 0.000000000000000000 ) ) ;
#2116 = ORIENTED_EDGE ( 'NONE', *, *, #1041, .F. ) ;
#2117 = EDGE_LOOP ( 'NONE', ( #4304, #4475 ) ) ;
#2118 = ADVANCED_FACE ( 'NONE', ( #3016 ), #2994, .F. ) ;
#2119 = ORIENTED_EDGE ( 'NONE', *, *, #506, .F. ) ;
#2120 = DIRECTION ( 'NONE',  ( -1.000000000000000000, -0.000000000000000000, -0.000000000000000000 ) ) ;
#2121 = DIRECTION ( 'NONE',  ( 0.000000000000000000, 0.000000000000000000, 1.000000000000000000 ) ) ;
#2122 = CARTESIAN_POINT ( 'NONE',  ( -55.11520106696482202, 6.777921909693363389, 18.91571935740634203 ) ) ;
#2123 = AXIS2_PLACEMENT_3D ( 'NONE', #4547, #1920, #2678 ) ;
#2124 = ORIENTED_EDGE ( 'NONE', *, *, #4323, .F. ) ;
#2125 = ADVANCED_FACE ( 'NONE', ( #2217 ), #4542, .F. ) ;
#2126 = ADVANCED_FACE ( 'NONE', ( #1493 ), #3302, .F. ) ;
#2127 = DIRECTION ( 'NONE',  ( 0.000000000000000000, 1.000000000000000000, 0.000000000000000000 ) ) ;
#2128 = CARTESIAN_POINT ( 'NONE',  ( -52.87168085293829733, 6.777921909693363389, 18.91571935740634203 ) ) ;
#2129 = CARTESIAN_POINT ( 'NONE',  ( -67.07003059873778739, 4.735238934357180796, -3.761230304006072167 ) ) ;
#2130 = ORIENTED_EDGE ( 'NONE', *, *, #1269, .T. ) ;
#2131 = CARTESIAN_POINT ( 'NONE',  ( 18.02106672353487227, 4.757473573018953239, -3.761230304006072167 ) ) ;
#2132 = CARTESIAN_POINT ( 'NONE',  ( 4.006559040048433218, 8.000000000000000000, -0.8656554779945688782 ) ) ;
#2133 = ORIENTED_EDGE ( 'NONE', *, *, #2473, .F. ) ;
#2134 = CARTESIAN_POINT ( 'NONE',  ( -13.22804947384475760, 4.040444544970648089, 26.77397846476551280 ) ) ;
#2135 = CARTESIAN_POINT ( 'NONE',  ( 1.198052896629144382, 5.181250000000004796, 0.3360482880420461171 ) ) ;
#2136 = VERTEX_POINT ( 'NONE', #1145 ) ;
#2137 = DIRECTION ( 'NONE',  ( 0.000000000000000000, 1.000000000000000000, 0.000000000000000000 ) ) ;
#2138 = DIRECTION ( 'NONE',  ( 0.000000000000000000, 1.000000000000000000, 0.000000000000000000 ) ) ;
#2139 = EDGE_CURVE ( 'NONE', #159, #2343, #3470, .T. ) ;
#2140 = ORIENTED_EDGE ( 'NONE', *, *, #1513, .F. ) ;
#2141 = VERTEX_POINT ( 'NONE', #1442 ) ;
#2142 = DIRECTION ( 'NONE',  ( -0.000000000000000000, 1.000000000000000000, -0.000000000000000000 ) ) ;
#2143 = AXIS2_PLACEMENT_3D ( 'NONE', #3243, #2138, #3960 ) ;
#2144 = PLANE ( 'NONE',  #2660 ) ;
#2145 = DIRECTION ( 'NONE',  ( 1.000000000000000000, 0.000000000000000000, 0.000000000000000000 ) ) ;
#2146 = ORIENTED_EDGE ( 'NONE', *, *, #3656, .T. ) ;
#2147 = LINE ( 'NONE', #2529, #1238 ) ;
#2148 = DIRECTION ( 'NONE',  ( -0.000000000000000000, 0.000000000000000000, 1.000000000000000000 ) ) ;
#2149 = ADVANCED_FACE ( 'NONE', ( #3324 ), #3671, .T. ) ;
#2150 = ADVANCED_FACE ( 'NONE', ( #4096 ), #1846, .T. ) ;
#2151 = VERTEX_POINT ( 'NONE', #2604 ) ;
#2152 = ORIENTED_EDGE ( 'NONE', *, *, #4665, .F. ) ;
#2153 = FACE_OUTER_BOUND ( 'NONE', #3953, .T. ) ;
#2154 = ADVANCED_FACE ( 'NONE', ( #4826 ), #1421, .F. ) ;
#2155 = CARTESIAN_POINT ( 'NONE',  ( 0.000000000000000000, 8.750000000000000000, 23.43434452200543205 ) ) ;
#2156 = ORIENTED_EDGE ( 'NONE', *, *, #3257, .F. ) ;
#2157 = LINE ( 'NONE', #4456, #4311 ) ;
#2158 = CARTESIAN_POINT ( 'NONE',  ( 1.288160302308442695, 5.181250000000004796, -1.034908387461157542 ) ) ;
#2159 = EDGE_LOOP ( 'NONE', ( #1943, #4707, #4429, #2865, #1341, #3779, #1402, #3377 ) ) ;
#2160 = CARTESIAN_POINT ( 'NONE',  ( -54.49344095995157033, 0.000000000000000000, 0.000000000000000000 ) ) ;
#2161 = CARTESIAN_POINT ( 'NONE',  ( -39.79572938337270926, 7.983490513531148913, 26.71994397445526204 ) ) ;
#2162 = VERTEX_POINT ( 'NONE', #2236 ) ;
#2163 = EDGE_LOOP ( 'NONE', ( #1201, #3638, #963, #4373, #2964, #4230, #2765 ) ) ;
#2164 = CARTESIAN_POINT ( 'NONE',  ( 4.006559040048433218, 5.875000000000003553, 22.13434452200543134 ) ) ;
#2165 = DIRECTION ( 'NONE',  ( 0.000000000000000000, 0.000000000000000000, 1.000000000000000000 ) ) ;
#2166 = ORIENTED_EDGE ( 'NONE', *, *, #1602, .F. ) ;
#2167 = AXIS2_PLACEMENT_3D ( 'NONE', #454, #1000, #3627 ) ;
#2168 = EDGE_CURVE ( 'NONE', #1548, #4367, #4443, .T. ) ;
#2169 = DIRECTION ( 'NONE',  ( 0.000000000000000000, 0.000000000000000000, 1.000000000000000000 ) ) ;
#2170 = VECTOR ( 'NONE', #1099, 1000.000000000000000 ) ;
#2171 = LINE ( 'NONE', #4101, #130 ) ;
#2172 = EDGE_LOOP ( 'NONE', ( #2719, #2292 ) ) ;
#2173 = VECTOR ( 'NONE', #975, 1000.000000000000000 ) ;
#2174 = EDGE_CURVE ( 'NONE', #3005, #2207, #4140, .T. ) ;
#2175 = CARTESIAN_POINT ( 'NONE',  ( -12.14296520732424334, 5.125528811491159686, 27.73876969599392694 ) ) ;
#2176 = CARTESIAN_POINT ( 'NONE',  ( -63.54560449174972803, -3.250000000000000000, -4.761230304006072167 ) ) ;
#2177 = AXIS2_PLACEMENT_3D ( 'NONE', #4893, #4092, #1896 ) ;
#2178 = ORIENTED_EDGE ( 'NONE', *, *, #447, .F. ) ;
#2179 = PLANE ( 'NONE',  #2404 ) ;
#2180 = EDGE_CURVE ( 'NONE', #4000, #521, #3697, .T. ) ;
#2181 = DIRECTION ( 'NONE',  ( 0.000000000000000000, 1.000000000000000000, 0.000000000000000000 ) ) ;
#2182 = ORIENTED_EDGE ( 'NONE', *, *, #3921, .F. ) ;
#2183 = DIRECTION ( 'NONE',  ( -1.000000000000000000, -0.000000000000000000, -0.000000000000000000 ) ) ;
#2184 = DIRECTION ( 'NONE',  ( 0.000000000000000000, 0.000000000000000000, 1.000000000000000000 ) ) ;
#2185 = ORIENTED_EDGE ( 'NONE', *, *, #3165, .T. ) ;
#2186 = CARTESIAN_POINT ( 'NONE',  ( 0.000000000000000000, 0.000000000000000000, -3.761230304006072167 ) ) ;
#2187 = AXIS2_PLACEMENT_3D ( 'NONE', #2844, #1293, #1023 ) ;
#2188 = EDGE_LOOP ( 'NONE', ( #146, #1181, #4766, #1582, #3841 ) ) ;
#2189 = CARTESIAN_POINT ( 'NONE',  ( 7.852138378250272943, -3.250000000000000000, 24.23876969599391984 ) ) ;
#2190 = VECTOR ( 'NONE', #905, 1000.000000000000000 ) ;
#2191 = CIRCLE ( 'NONE', #208, 1.350000000000000533 ) ;
#2192 = DIRECTION ( 'NONE',  ( -1.000000000000000000, 0.000000000000000000, 0.000000000000000000 ) ) ;
#2193 = FACE_OUTER_BOUND ( 'NONE', #1761, .T. ) ;
#2194 = ORIENTED_EDGE ( 'NONE', *, *, #3685, .T. ) ;
#2195 = VECTOR ( 'NONE', #3071, 1000.000000000000000 ) ;
#2196 = CARTESIAN_POINT ( 'NONE',  ( 4.006559040048433218, 10.50000000000000000, 22.13434452200543134 ) ) ;
#2197 = CARTESIAN_POINT ( 'NONE',  ( 4.553332877239093968, 5.875000000000003553, 3.239422186896803169 ) ) ;
#2198 = PLANE ( 'NONE',  #1061 ) ;
#2199 = VERTEX_POINT ( 'NONE', #491 ) ;
#2200 = EDGE_CURVE ( 'NONE', #2896, #3264, #2281, .T. ) ;
#2201 = AXIS2_PLACEMENT_3D ( 'NONE', #2203, #2592, #2536 ) ;
#2202 = LINE ( 'NONE', #1032, #3122 ) ;
#2203 = CARTESIAN_POINT ( 'NONE',  ( -53.99344095995156323, 5.875000000000003553, 22.13434452200543134 ) ) ;
#2204 = VERTEX_POINT ( 'NONE', #815 ) ;
#2205 = FACE_OUTER_BOUND ( 'NONE', #3241, .T. ) ;
#2206 = LINE ( 'NONE', #3096, #1376 ) ;
#2207 = VERTEX_POINT ( 'NONE', #4587 ) ;
#2208 = CARTESIAN_POINT ( 'NONE',  ( -53.49344095995156323, 10.50000000000000000, 18.82186810699505486 ) ) ;
#2209 = DIRECTION ( 'NONE',  ( 0.000000000000000000, 1.000000000000000000, 0.000000000000000000 ) ) ;
#2210 = ORIENTED_EDGE ( 'NONE', *, *, #960, .F. ) ;
#2211 = EDGE_CURVE ( 'NONE', #4654, #2023, #1643, .T. ) ;
#2212 = DIRECTION ( 'NONE',  ( -0.000000000000000000, -1.000000000000000000, -0.000000000000000000 ) ) ;
#2213 = EDGE_CURVE ( 'NONE', #1543, #3719, #4683, .T. ) ;
#2214 = ORIENTED_EDGE ( 'NONE', *, *, #3350, .T. ) ;
#2215 = DIRECTION ( 'NONE',  ( -0.000000000000000000, 1.000000000000000000, 0.000000000000000000 ) ) ;
#2216 = CIRCLE ( 'NONE', #1340, 1.500000000000000000 ) ;
#2217 = FACE_OUTER_BOUND ( 'NONE', #3659, .T. ) ;
#2218 = ORIENTED_EDGE ( 'NONE', *, *, #3357, .T. ) ;
#2219 = AXIS2_PLACEMENT_3D ( 'NONE', #669, #1461, #3394 ) ;
#2220 = FACE_OUTER_BOUND ( 'NONE', #2934, .T. ) ;
#2221 = DIRECTION ( 'NONE',  ( 0.000000000000000000, -0.000000000000000000, 1.000000000000000000 ) ) ;
#2222 = PLANE ( 'NONE',  #4221 ) ;
#2223 = ORIENTED_EDGE ( 'NONE', *, *, #150, .F. ) ;
#2224 = EDGE_CURVE ( 'NONE', #260, #846, #2216, .T. ) ;
#2225 = DIRECTION ( 'NONE',  ( 1.000000000000000000, 0.000000000000000000, 0.000000000000000000 ) ) ;
#2226 = DIRECTION ( 'NONE',  ( -1.000000000000000000, 0.000000000000000000, 0.000000000000000000 ) ) ;
#2227 = ORIENTED_EDGE ( 'NONE', *, *, #3520, .F. ) ;
#2228 = FACE_OUTER_BOUND ( 'NONE', #4124, .T. ) ;
#2229 = ORIENTED_EDGE ( 'NONE', *, *, #4085, .T. ) ;
#2230 = LINE ( 'NONE', #3713, #3617 ) ;
#2231 = PLANE ( 'NONE',  #2063 ) ;
#2232 = VERTEX_POINT ( 'NONE', #4209 ) ;
#2233 = DIRECTION ( 'NONE',  ( -0.000000000000000000, 1.000000000000000000, -0.000000000000000000 ) ) ;
#2234 = CARTESIAN_POINT ( 'NONE',  ( 4.553332877239093968, 10.50000000000000000, 5.745289892734819048 ) ) ;
#2235 = EDGE_CURVE ( 'NONE', #1048, #3081, #3491, .T. ) ;
#2236 = CARTESIAN_POINT ( 'NONE',  ( 4.006559040048433218, 12.50000000000000000, 24.55434452200542950 ) ) ;
#2237 = ORIENTED_EDGE ( 'NONE', *, *, #4661, .F. ) ;
#2238 = EDGE_CURVE ( 'NONE', #1123, #4093, #3040, .T. ) ;
#2239 = DIRECTION ( 'NONE',  ( -0.000000000000000000, 1.000000000000000000, -0.000000000000000000 ) ) ;
#2240 = CARTESIAN_POINT ( 'NONE',  ( -63.54560449174972803, -3.250000000000000000, -3.261230304006073055 ) ) ;
#2241 = DIRECTION ( 'NONE',  ( 0.000000000000000000, 1.000000000000000000, 0.000000000000000000 ) ) ;
#2242 = CIRCLE ( 'NONE', #2947, 2.419999999999998597 ) ;
#2243 = EDGE_LOOP ( 'NONE', ( #362, #3543, #1058, #2185 ) ) ;
#2244 = CIRCLE ( 'NONE', #4466, 3.350000000000002309 ) ;
#2245 = LINE ( 'NONE', #1226, #1633 ) ;
#2246 = DIRECTION ( 'NONE',  ( 0.000000000000000000, 0.000000000000000000, 1.000000000000000000 ) ) ;
#2247 = ORIENTED_EDGE ( 'NONE', *, *, #239, .T. ) ;
#2248 = LINE ( 'NONE', #1036, #3517 ) ;
#2249 = AXIS2_PLACEMENT_3D ( 'NONE', #1224, #43, #3053 ) ;
#2250 = AXIS2_PLACEMENT_3D ( 'NONE', #4032, #2038, #2417 ) ;
#2251 = ORIENTED_EDGE ( 'NONE', *, *, #1343, .F. ) ;
#2252 = CARTESIAN_POINT ( 'NONE',  ( 0.6765746449780051242, 10.50000000000000000, -0.4999999999999998890 ) ) ;
#2253 = DIRECTION ( 'NONE',  ( 1.000000000000000000, 0.000000000000000000, -0.000000000000000000 ) ) ;
#2254 = ORIENTED_EDGE ( 'NONE', *, *, #3722, .T. ) ;
#2255 = CARTESIAN_POINT ( 'NONE',  ( 0.9475583673738698920, 5.875000000000003553, 0.4999999999999998890 ) ) ;
#2256 = ADVANCED_FACE ( 'NONE', ( #4610 ), #1616, .T. ) ;
#2257 = CARTESIAN_POINT ( 'NONE',  ( -57.32342535502199610, 5.875000000000003553, -0.5000000000000000000 ) ) ;
#2258 = DIRECTION ( 'NONE',  ( 0.000000000000000000, 1.000000000000000000, 0.000000000000000000 ) ) ;
#2259 = ORIENTED_EDGE ( 'NONE', *, *, #794, .F. ) ;
#2260 = AXIS2_PLACEMENT_3D ( 'NONE', #2762, #881, #2437 ) ;
#2261 = CARTESIAN_POINT ( 'NONE',  ( -53.99344095995156323, 8.000000000000000000, 20.78434452200543348 ) ) ;
#2262 = CARTESIAN_POINT ( 'NONE',  ( 3.506559040048433218, 10.50000000000000000, 16.11449525870471433 ) ) ;
#2263 = CARTESIAN_POINT ( 'NONE',  ( -12.49651859791752351, 5.479082202084430975, 27.73876969599392694 ) ) ;
#2264 = AXIS2_PLACEMENT_3D ( 'NONE', #3329, #4473, #237 ) ;
#2265 = VECTOR ( 'NONE', #3916, 1000.000000000000000 ) ;
#2266 = ORIENTED_EDGE ( 'NONE', *, *, #57, .F. ) ;
#2267 = EDGE_CURVE ( 'NONE', #1235, #2207, #448, .T. ) ;
#2268 = ADVANCED_FACE ( 'NONE', ( #470 ), #3114, .T. ) ;
#2269 = AXIS2_PLACEMENT_3D ( 'NONE', #4533, #297, #1136 ) ;
#2270 = DIRECTION ( 'NONE',  ( 1.208718933646689929E-16, -0.000000000000000000, 1.000000000000000000 ) ) ;
#2271 = FACE_OUTER_BOUND ( 'NONE', #2515, .T. ) ;
#2272 = EDGE_LOOP ( 'NONE', ( #4107, #1155, #3129, #4344 ) ) ;
#2273 = VECTOR ( 'NONE', #1757, 1000.000000000000000 ) ;
#2274 = EDGE_LOOP ( 'NONE', ( #1161, #4255, #2610, #2669 ) ) ;
#2275 = CARTESIAN_POINT ( 'NONE',  ( -60.04560449174972803, -3.250000000000000000, 24.23876969599392694 ) ) ;
#2276 = CARTESIAN_POINT ( 'NONE',  ( -39.79572938337270926, 7.483490513531148913, 35.00000000000000000 ) ) ;
#2277 = ORIENTED_EDGE ( 'NONE', *, *, #2714, .F. ) ;
#2278 = CARTESIAN_POINT ( 'NONE',  ( 12.97660255292402454, 4.735238934357184348, -3.761230304006072167 ) ) ;
#2279 = CARTESIAN_POINT ( 'NONE',  ( 4.006559040048433218, 5.875000000000003553, 22.13434452200543134 ) ) ;
#2280 = EDGE_CURVE ( 'NONE', #4880, #4868, #2606, .T. ) ;
#2281 = LINE ( 'NONE', #1589, #1579 ) ;
#2282 = ORIENTED_EDGE ( 'NONE', *, *, #2747, .F. ) ;
#2283 = DIRECTION ( 'NONE',  ( -0.000000000000000000, -1.000000000000000000, -0.000000000000000000 ) ) ;
#2284 = DIRECTION ( 'NONE',  ( -0.000000000000000000, 1.000000000000000000, 0.000000000000000000 ) ) ;
#2285 = FACE_OUTER_BOUND ( 'NONE', #3399, .T. ) ;
#2286 = ORIENTED_EDGE ( 'NONE', *, *, #4417, .F. ) ;
#2287 = LINE ( 'NONE', #4577, #4622 ) ;
#2288 = EDGE_CURVE ( 'NONE', #799, #4594, #1828, .T. ) ;
#2289 = EDGE_CURVE ( 'NONE', #4549, #3085, #82, .T. ) ;
#2290 = CIRCLE ( 'NONE', #4271, 0.5000000000000004441 ) ;
#2291 = FACE_OUTER_BOUND ( 'NONE', #4028, .T. ) ;
#2292 = ORIENTED_EDGE ( 'NONE', *, *, #1290, .F. ) ;
#2293 = ORIENTED_EDGE ( 'NONE', *, *, #601, .F. ) ;
#2294 = EDGE_CURVE ( 'NONE', #3935, #2103, #2355, .T. ) ;
#2295 = VERTEX_POINT ( 'NONE', #4566 ) ;
#2296 = FACE_BOUND ( 'NONE', #2159, .T. ) ;
#2297 = DIRECTION ( 'NONE',  ( 0.000000000000000000, -1.000000000000000000, 0.000000000000000000 ) ) ;
#2298 = ORIENTED_EDGE ( 'NONE', *, *, #3882, .F. ) ;
#2299 = LINE ( 'NONE', #3489, #1465 ) ;
#2300 = LINE ( 'NONE', #2326, #1856 ) ;
#2301 = CARTESIAN_POINT ( 'NONE',  ( -19.69137825829315602, 6.659555455029353865, 26.77397846476551280 ) ) ;
#2302 = ORIENTED_EDGE ( 'NONE', *, *, #3492, .T. ) ;
#2303 = FACE_OUTER_BOUND ( 'NONE', #2004, .T. ) ;
#2304 = DIRECTION ( 'NONE',  ( 0.000000000000000000, 0.000000000000000000, 1.000000000000000000 ) ) ;
#2305 = CARTESIAN_POINT ( 'NONE',  ( 4.006559040048433218, 5.875000000000003553, 22.13434452200543134 ) ) ;
#2306 = VERTEX_POINT ( 'NONE', #3884 ) ;
#2307 = VERTEX_POINT ( 'NONE', #3139 ) ;
#2308 = EDGE_CURVE ( 'NONE', #805, #544, #4664, .T. ) ;
#2309 = ORIENTED_EDGE ( 'NONE', *, *, #2822, .F. ) ;
#2310 = CARTESIAN_POINT ( 'NONE',  ( -20.19137825829315602, 7.159555455029352977, 26.77397846476551280 ) ) ;
#2311 = LINE ( 'NONE', #140, #3981 ) ;
#2312 = CARTESIAN_POINT ( 'NONE',  ( -50.38856591388922368, 7.983490513531148913, 26.71994397445526204 ) ) ;
#2313 = VERTEX_POINT ( 'NONE', #1189 ) ;
#2314 = CARTESIAN_POINT ( 'NONE',  ( 7.852138378250272943, 10.50000000000000000, 24.23876969599391984 ) ) ;
#2315 = ORIENTED_EDGE ( 'NONE', *, *, #1556, .F. ) ;
#2316 = EDGE_CURVE ( 'NONE', #846, #1637, #772, .T. ) ;
#2317 = AXIS2_PLACEMENT_3D ( 'NONE', #2364, #1600, #3480 ) ;
#2318 = ORIENTED_EDGE ( 'NONE', *, *, #4500, .T. ) ;
#2319 = CARTESIAN_POINT ( 'NONE',  ( -60.04560449174972803, 10.50000000000000178, -0.5000000000000000000 ) ) ;
#2320 = LINE ( 'NONE', #1933, #1969 ) ;
#2321 = VECTOR ( 'NONE', #2768, 1000.000000000000000 ) ;
#2322 = ORIENTED_EDGE ( 'NONE', *, *, #2866, .T. ) ;
#2323 = CARTESIAN_POINT ( 'NONE',  ( 9.876295877967509185, 0.7130042956954123490, -3.761230304006072167 ) ) ;
#2324 = EDGE_CURVE ( 'NONE', #2864, #2715, #2290, .T. ) ;
#2325 = EDGE_CURVE ( 'NONE', #4060, #547, #1713, .T. ) ;
#2326 = CARTESIAN_POINT ( 'NONE',  ( 4.506559040048433218, 8.005696803542699413, 19.52937570921329069 ) ) ;
#2327 = AXIS2_PLACEMENT_3D ( 'NONE', #961, #3214, #2838 ) ;
#2328 = DIRECTION ( 'NONE',  ( -0.7111357810794345369, 0.7030546926580765188, 0.000000000000000000 ) ) ;
#2329 = CIRCLE ( 'NONE', #2724, 3.499999999999999556 ) ;
#2330 = ORIENTED_EDGE ( 'NONE', *, *, #419, .F. ) ;
#2331 = PRODUCT_DEFINITION_FORMATION_WITH_SPECIFIED_SOURCE ( 'ANY', '', #1788, .NOT_KNOWN. ) ;
#2332 = CARTESIAN_POINT ( 'NONE',  ( -53.99344095995156323, 5.875000000000003553, -0.8656554779945688782 ) ) ;
#2333 = DIRECTION ( 'NONE',  ( 1.000000000000000000, -0.000000000000000000, 3.110824955691248589E-17 ) ) ;
#2334 = DIRECTION ( 'NONE',  ( 0.000000000000000000, 0.000000000000000000, 1.000000000000000000 ) ) ;
#2335 = ORIENTED_EDGE ( 'NONE', *, *, #433, .T. ) ;
#2336 = ORIENTED_EDGE ( 'NONE', *, *, #558, .T. ) ;
#2337 = CARTESIAN_POINT ( 'NONE',  ( -19.69137825829315602, 6.659555455029353865, 27.73876969599392694 ) ) ;
#2338 = VECTOR ( 'NONE', #687, 1000.000000000000000 ) ;
#2339 = DIRECTION ( 'NONE',  ( 0.000000000000000000, 1.000000000000000000, 0.000000000000000000 ) ) ;
#2340 = AXIS2_PLACEMENT_3D ( 'NONE', #555, #2803, #3252 ) ;
#2341 = DIRECTION ( 'NONE',  ( 1.000000000000000000, 0.000000000000000000, 0.000000000000000000 ) ) ;
#2342 = EDGE_CURVE ( 'NONE', #1107, #4866, #3938, .T. ) ;
#2343 = VERTEX_POINT ( 'NONE', #2862 ) ;
#2344 = VERTEX_POINT ( 'NONE', #4764 ) ;
#2345 = ORIENTED_EDGE ( 'NONE', *, *, #2294, .T. ) ;
#2346 = AXIS2_PLACEMENT_3D ( 'NONE', #1559, #882, #3464 ) ;
#2347 = LINE ( 'NONE', #3034, #4498 ) ;
#2348 = PLANE ( 'NONE',  #2749 ) ;
#2349 = ORIENTED_EDGE ( 'NONE', *, *, #202, .F. ) ;
#2350 = DIRECTION ( 'NONE',  ( -0.000000000000000000, 1.000000000000000000, 0.000000000000000000 ) ) ;
#2351 = VECTOR ( 'NONE', #4030, 1000.000000000000000 ) ;
#2352 = FACE_OUTER_BOUND ( 'NONE', #2511, .T. ) ;
#2353 = ADVANCED_FACE ( 'NONE', ( #1763 ), #621, .F. ) ;
#2354 = EDGE_CURVE ( 'NONE', #754, #3859, #2841, .T. ) ;
#2355 = LINE ( 'NONE', #4264, #469 ) ;
#2356 = EDGE_LOOP ( 'NONE', ( #4087, #2146, #1139, #3366, #3318, #1127 ) ) ;
#2357 = PLANE ( 'NONE',  #1869 ) ;
#2358 = ADVANCED_FACE ( 'NONE', ( #4362 ), #519, .F. ) ;
#2359 = PLANE ( 'NONE',  #1958 ) ;
#2360 = DIRECTION ( 'NONE',  ( 0.000000000000000000, 0.000000000000000000, -1.000000000000000000 ) ) ;
#2361 = DIRECTION ( 'NONE',  ( 0.000000000000000000, 0.000000000000000000, 1.000000000000000000 ) ) ;
#2362 = ORIENTED_EDGE ( 'NONE', *, *, #3391, .F. ) ;
#2363 = DIRECTION ( 'NONE',  ( 0.000000000000000000, 0.000000000000000000, 1.000000000000000000 ) ) ;
#2364 = CARTESIAN_POINT ( 'NONE',  ( 14.57660255292402773, 4.735238934357184348, -3.761230304006072167 ) ) ;
#2365 = FACE_BOUND ( 'NONE', #4385, .T. ) ;
#2366 = VERTEX_POINT ( 'NONE', #4384 ) ;
#2367 = AXIS2_PLACEMENT_3D ( 'NONE', #4714, #1315, #4460 ) ;
#2368 = ORIENTED_EDGE ( 'NONE', *, *, #1198, .T. ) ;
#2369 = CARTESIAN_POINT ( 'NONE',  ( -60.04560449174972803, 10.50000000000000178, -0.5000000000000000000 ) ) ;
#2370 = CARTESIAN_POINT ( 'NONE',  ( 0.6778330551729239151, 5.882309047950088576, -0.4885397961637018560 ) ) ;
#2371 = ORIENTED_EDGE ( 'NONE', *, *, #1269, .F. ) ;
#2372 = DIRECTION ( 'NONE',  ( 0.000000000000000000, 1.000000000000000000, 0.000000000000000000 ) ) ;
#2373 = ADVANCED_FACE ( 'NONE', ( #2448 ), #4309, .T. ) ;
#2374 = DIRECTION ( 'NONE',  ( 0.000000000000000000, 0.000000000000000000, 1.000000000000000000 ) ) ;
#2375 = CARTESIAN_POINT ( 'NONE',  ( 3.829467524857924410, 5.874999999999344524, 3.284309960525817917 ) ) ;
#2376 = ORIENTED_EDGE ( 'NONE', *, *, #3, .F. ) ;
#2377 = EDGE_CURVE ( 'NONE', #3691, #87, #3643, .T. ) ;
#2378 = DIRECTION ( 'NONE',  ( -0.000000000000000000, 1.000000000000000000, -0.000000000000000000 ) ) ;
#2379 = DIRECTION ( 'NONE',  ( -0.000000000000000000, 1.000000000000000000, 0.000000000000000000 ) ) ;
#2380 = DIRECTION ( 'NONE',  ( -0.000000000000000000, 0.000000000000000000, 1.000000000000000000 ) ) ;
#2381 = PRODUCT_DEFINITION_CONTEXT ( 'detailed design', #2446, 'design' ) ;
#2382 = EDGE_LOOP ( 'NONE', ( #2527, #830, #3715, #557 ) ) ;
#2383 = ADVANCED_FACE ( 'NONE', ( #596 ), #2088, .T. ) ;
#2384 = LINE ( 'NONE', #235, #2173 ) ;
#2385 = DIRECTION ( 'NONE',  ( 0.000000000000000000, 0.000000000000000000, 1.000000000000000000 ) ) ;
#2386 = DIRECTION ( 'NONE',  ( 0.000000000000000000, 1.000000000000000000, 0.000000000000000000 ) ) ;
#2387 = ORIENTED_EDGE ( 'NONE', *, *, #4351, .F. ) ;
#2388 = CARTESIAN_POINT ( 'NONE',  ( -57.34344095995156465, 5.875000000000003553, 0.5000000000000000000 ) ) ;
#2389 = DIRECTION ( 'NONE',  ( -1.000000000000000000, 0.000000000000000000, 0.000000000000000000 ) ) ;
#2390 = CARTESIAN_POINT ( 'NONE',  ( -57.34344095995156465, 5.875000000000003553, 23.43434452200543205 ) ) ;
#2391 = ORIENTED_EDGE ( 'NONE', *, *, #1507, .F. ) ;
#2392 = CARTESIAN_POINT ( 'NONE',  ( 0.6620198094925203725, 5.875000000000003553, -0.3114722508129130762 ) ) ;
#2393 = LINE ( 'NONE', #938, #4706 ) ;
#2394 = VECTOR ( 'NONE', #2578, 1000.000000000000000 ) ;
#2395 = ORIENTED_EDGE ( 'NONE', *, *, #750, .T. ) ;
#2396 = DIRECTION ( 'NONE',  ( 0.7559765152716106940, -0.6545987384327838221, 0.000000000000000000 ) ) ;
#2397 = EDGE_CURVE ( 'NONE', #4866, #2741, #992, .T. ) ;
#2398 = VERTEX_POINT ( 'NONE', #3162 ) ;
#2399 = LINE ( 'NONE', #2018, #2104 ) ;
#2400 = CARTESIAN_POINT ( 'NONE',  ( -60.04560449174972803, -3.250000000000000000, -4.761230304006072167 ) ) ;
#2401 = VECTOR ( 'NONE', #3141, 1000.000000000000000 ) ;
#2402 = LINE ( 'NONE', #1294, #1133 ) ;
#2403 = VERTEX_POINT ( 'NONE', #3542 ) ;
#2404 = AXIS2_PLACEMENT_3D ( 'NONE', #2935, #363, #2635 ) ;
#2405 = CYLINDRICAL_SURFACE ( 'NONE', #1537, 4.000000000000003553 ) ;
#2406 = DIRECTION ( 'NONE',  ( 1.000000000000000000, 0.000000000000000000, -0.000000000000000000 ) ) ;
#2407 = DIRECTION ( 'NONE',  ( 0.000000000000000000, 0.000000000000000000, 1.000000000000000000 ) ) ;
#2408 = EDGE_CURVE ( 'NONE', #767, #260, #4792, .T. ) ;
#2409 = EDGE_CURVE ( 'NONE', #1477, #59, #2494, .T. ) ;
#2410 = ORIENTED_EDGE ( 'NONE', *, *, #601, .T. ) ;
#2411 = AXIS2_PLACEMENT_3D ( 'NONE', #510, #2034, #218 ) ;
#2412 = VECTOR ( 'NONE', #3652, 1000.000000000000000 ) ;
#2413 = LINE ( 'NONE', #982, #4721 ) ;
#2414 = CARTESIAN_POINT ( 'NONE',  ( -9.280464726337173786, 8.250000000000000000, 26.76711071965634403 ) ) ;
#2415 = FACE_BOUND ( 'NONE', #3338, .T. ) ;
#2416 = ORIENTED_EDGE ( 'NONE', *, *, #3472, .F. ) ;
#2417 = DIRECTION ( 'NONE',  ( 0.000000000000000000, 0.000000000000000000, 1.000000000000000000 ) ) ;
#2418 = AXIS2_PLACEMENT_3D ( 'NONE', #978, #3998, #611 ) ;
#2419 = DIRECTION ( 'NONE',  ( 1.000000000000000000, -0.000000000000000000, -0.000000000000000000 ) ) ;
#2420 = AXIS2_PLACEMENT_3D ( 'NONE', #4242, #545, #4383 ) ;
#2421 = ORIENTED_EDGE ( 'NONE', *, *, #148, .F. ) ;
#2422 = CARTESIAN_POINT ( 'NONE',  ( 3.469226652074589801, 0.000000000000000000, -4.193319939474274181E-16 ) ) ;
#2423 = ORIENTED_EDGE ( 'NONE', *, *, #1909, .T. ) ;
#2424 = AXIS2_PLACEMENT_3D ( 'NONE', #2132, #3235, #4757 ) ;
#2425 = LINE ( 'NONE', #4238, #4631 ) ;
#2426 = AXIS2_PLACEMENT_3D ( 'NONE', #4133, #2253, #4058 ) ;
#2427 = EDGE_CURVE ( 'NONE', #1835, #3497, #314, .T. ) ;
#2428 = PLANE ( 'NONE',  #2576 ) ;
#2429 = LINE ( 'NONE', #551, #4461 ) ;
#2430 = ORIENTED_EDGE ( 'NONE', *, *, #607, .T. ) ;
#2431 = DIRECTION ( 'NONE',  ( 1.000000000000000000, -0.000000000000000000, -0.000000000000000000 ) ) ;
#2432 = DIRECTION ( 'NONE',  ( -0.000000000000000000, 0.000000000000000000, 1.000000000000000000 ) ) ;
#2433 = DIRECTION ( 'NONE',  ( -0.000000000000000000, -1.000000000000000000, -0.000000000000000000 ) ) ;
#2434 = ORIENTED_EDGE ( 'NONE', *, *, #3504, .T. ) ;
#2435 = EDGE_CURVE ( 'NONE', #4499, #2505, #3076, .T. ) ;
#2436 = ADVANCED_FACE ( 'NONE', ( #1685 ), #1664, .T. ) ;
#2437 = DIRECTION ( 'NONE',  ( 0.000000000000000000, -0.000000000000000000, -1.000000000000000000 ) ) ;
#2438 = CARTESIAN_POINT ( 'NONE',  ( -50.90596626369897848, 8.750000000000000000, 23.43434452200543205 ) ) ;
#2439 = DIRECTION ( 'NONE',  ( -1.000000000000000000, 0.000000000000000000, 0.000000000000000000 ) ) ;
#2440 = ORIENTED_EDGE ( 'NONE', *, *, #4588, .F. ) ;
#2441 = DIRECTION ( 'NONE',  ( 0.000000000000000000, 1.000000000000000000, 0.000000000000000000 ) ) ;
#2442 = VECTOR ( 'NONE', #3590, 1000.000000000000000 ) ;
#2443 = EDGE_CURVE ( 'NONE', #656, #622, #3186, .T. ) ;
#2444 = CARTESIAN_POINT ( 'NONE',  ( 0.6765129202228187255, 5.875000000000003553, 0.3356941635148227299 ) ) ;
#2445 = ORIENTED_EDGE ( 'NONE', *, *, #3066, .F. ) ;
#2446 = APPLICATION_CONTEXT ( 'automotive_design' ) ;
#2447 = DIRECTION ( 'NONE',  ( 0.000000000000000000, 0.000000000000000000, 1.000000000000000000 ) ) ;
#2448 = FACE_OUTER_BOUND ( 'NONE', #2930, .T. ) ;
#2449 = ORIENTED_EDGE ( 'NONE', *, *, #1538, .F. ) ;
#2450 = DIRECTION ( 'NONE',  ( -1.000000000000000000, 0.000000000000000000, 0.000000000000000000 ) ) ;
#2451 = CARTESIAN_POINT ( 'NONE',  ( -19.69137825829315602, 7.159555455029352977, 26.77397846476551280 ) ) ;
#2452 = CARTESIAN_POINT ( 'NONE',  ( -53.99344095995156323, 8.000000000000000000, -0.8656554779945688782 ) ) ;
#2453 = ORIENTED_EDGE ( 'NONE', *, *, #2465, .T. ) ;
#2454 = DIRECTION ( 'NONE',  ( -0.000000000000000000, -1.000000000000000000, 0.000000000000000000 ) ) ;
#2455 = DIRECTION ( 'NONE',  ( -0.000000000000000000, 0.000000000000000000, 1.000000000000000000 ) ) ;
#2456 = DIRECTION ( 'NONE',  ( -0.000000000000000000, -1.000000000000000000, -0.000000000000000000 ) ) ;
#2457 = ORIENTED_EDGE ( 'NONE', *, *, #1221, .T. ) ;
#2458 = ADVANCED_FACE ( 'NONE', ( #2068 ), #3565, .F. ) ;
#2459 = VERTEX_POINT ( 'NONE', #1894 ) ;
#2460 = CARTESIAN_POINT ( 'NONE',  ( -61.54560449174972803, 7.983490513531148913, 27.73876969599392694 ) ) ;
#2461 = LINE ( 'NONE', #2056, #2045 ) ;
#2462 = CARTESIAN_POINT ( 'NONE',  ( 1.873062941308192730, 5.875000000000003553, 19.55157577574490446 ) ) ;
#2463 = ORIENTED_EDGE ( 'NONE', *, *, #419, .T. ) ;
#2464 = CARTESIAN_POINT ( 'NONE',  ( 9.852138378250273831, -3.250000000000000000, 24.23876969599391984 ) ) ;
#2465 = EDGE_CURVE ( 'NONE', #3856, #3591, #3555, .T. ) ;
#2466 = CARTESIAN_POINT ( 'NONE',  ( -2.800420255819354942, 10.50000000000000000, -0.3333333333333334259 ) ) ;
#2467 = ORIENTED_EDGE ( 'NONE', *, *, #1424, .T. ) ;
#2468 = CARTESIAN_POINT ( 'NONE',  ( 7.852138378250272943, -3.250000000000000000, -3.261230304006073055 ) ) ;
#2469 = DIRECTION ( 'NONE',  ( 0.000000000000000000, 1.000000000000000000, 0.000000000000000000 ) ) ;
#2470 = AXIS2_PLACEMENT_3D ( 'NONE', #1474, #4503, #2380 ) ;
#2471 = ORIENTED_EDGE ( 'NONE', *, *, #1689, .F. ) ;
#2472 = ADVANCED_FACE ( 'NONE', ( #1066 ), #2231, .T. ) ;
#2473 = EDGE_CURVE ( 'NONE', #767, #4859, #3737, .T. ) ;
#2474 = ORIENTED_EDGE ( 'NONE', *, *, #1051, .T. ) ;
#2475 = CARTESIAN_POINT ( 'NONE',  ( -2.800420255819354942, 10.50000000000000000, -0.5000000000000000000 ) ) ;
#2476 = VECTOR ( 'NONE', #3720, 1000.000000000000000 ) ;
#2477 = DIRECTION ( 'NONE',  ( 9.912705577010326536E-16, 0.000000000000000000, 1.000000000000000000 ) ) ;
#2478 = CARTESIAN_POINT ( 'NONE',  ( -12.49651859791752351, 5.479082202084430975, 35.00000000000000000 ) ) ;
#2479 = EDGE_LOOP ( 'NONE', ( #4176, #1322, #1895, #4157 ) ) ;
#2480 = CARTESIAN_POINT ( 'NONE',  ( 1.873062941308192730, 5.875000000000003553, 19.55157577574490446 ) ) ;
#2481 = AXIS2_PLACEMENT_3D ( 'NONE', #1236, #2372, #3881 ) ;
#2482 = CARTESIAN_POINT ( 'NONE',  ( 3.469226652095421137, 5.875000000000003553, 3.240970280215258903 ) ) ;
#2483 = CARTESIAN_POINT ( 'NONE',  ( 3.469226652074587580, 5.875000000000003553, 3.240970280211873167 ) ) ;
#2484 = ORIENTED_EDGE ( 'NONE', *, *, #3137, .T. ) ;
#2485 = ORIENTED_EDGE ( 'NONE', *, *, #2377, .F. ) ;
#2486 = EDGE_CURVE ( 'NONE', #286, #4034, #3717, .T. ) ;
#2487 = DIRECTION ( 'NONE',  ( 0.000000000000000000, 1.000000000000000000, 0.000000000000000000 ) ) ;
#2488 = LINE ( 'NONE', #4405, #769 ) ;
#2489 = ORIENTED_EDGE ( 'NONE', *, *, #2224, .T. ) ;
#2490 = DIRECTION ( 'NONE',  ( 0.000000000000000000, -1.000000000000000000, 0.000000000000000000 ) ) ;
#2491 = CARTESIAN_POINT ( 'NONE',  ( -11.99651859791752173, 5.271975420897883957, 35.00000000000000000 ) ) ;
#2492 = VERTEX_POINT ( 'NONE', #4090 ) ;
#2493 = FACE_OUTER_BOUND ( 'NONE', #3599, .T. ) ;
#2494 = LINE ( 'NONE', #200, #1265 ) ;
#2495 = AXIS2_PLACEMENT_3D ( 'NONE', #1919, #1425, #2607 ) ;
#2496 = ORIENTED_EDGE ( 'NONE', *, *, #2427, .F. ) ;
#2497 = ORIENTED_EDGE ( 'NONE', *, *, #1590, .T. ) ;
#2498 = VERTEX_POINT ( 'NONE', #3664 ) ;
#2499 = AXIS2_PLACEMENT_3D ( 'NONE', #3959, #2840, #4012 ) ;
#2500 = EDGE_CURVE ( 'NONE', #4445, #1663, #4112, .T. ) ;
#2501 = EDGE_CURVE ( 'NONE', #622, #59, #3714, .T. ) ;
#2502 = CARTESIAN_POINT ( 'NONE',  ( -57.08091565620415508, 5.875000000000003553, 23.43434452200543205 ) ) ;
#2503 = DIRECTION ( 'NONE',  ( 1.000000000000000000, 0.000000000000000000, 0.000000000000000000 ) ) ;
#2504 = VECTOR ( 'NONE', #4412, 1000.000000000000000 ) ;
#2505 = VERTEX_POINT ( 'NONE', #2161 ) ;
#2506 = STYLED_ITEM ( 'NONE', ( #274 ), #2554 ) ;
#2507 = EDGE_CURVE ( 'NONE', #2903, #3605, #1019, .T. ) ;
#2508 = AXIS2_PLACEMENT_3D ( 'NONE', #1414, #719, #4891 ) ;
#2509 = DIRECTION ( 'NONE',  ( -0.000000000000000000, 1.000000000000000000, -0.000000000000000000 ) ) ;
#2510 = CARTESIAN_POINT ( 'NONE',  ( -53.99344095995156323, 8.000000000000000000, 0.4843445220054299338 ) ) ;
#2511 = EDGE_LOOP ( 'NONE', ( #2457, #3987, #3572, #4620 ) ) ;
#2512 = ORIENTED_EDGE ( 'NONE', *, *, #1122, .F. ) ;
#2513 = LINE ( 'NONE', #3705, #2579 ) ;
#2514 = CARTESIAN_POINT ( 'NONE',  ( -53.99344095995156323, 5.875000000000003553, 20.78434452200543348 ) ) ;
#2515 = EDGE_LOOP ( 'NONE', ( #4535, #3457, #4508, #3885 ) ) ;
#2516 = FACE_OUTER_BOUND ( 'NONE', #1874, .T. ) ;
#2517 = CARTESIAN_POINT ( 'NONE',  ( 1.873062941308192730, 8.250000000000000000, 26.76711071965634403 ) ) ;
#2518 = AXIS2_PLACEMENT_3D ( 'NONE', #1871, #4872, #348 ) ;
#2519 = EDGE_LOOP ( 'NONE', ( #4171, #4128, #4632 ) ) ;
#2520 = DIRECTION ( 'NONE',  ( -0.000000000000000000, 1.000000000000000000, 0.000000000000000000 ) ) ;
#2521 = ORIENTED_EDGE ( 'NONE', *, *, #2280, .T. ) ;
#2522 = ORIENTED_EDGE ( 'NONE', *, *, #3797, .F. ) ;
#2523 = ADVANCED_FACE ( 'NONE', ( #1115 ), #3368, .F. ) ;
#2524 = CARTESIAN_POINT ( 'NONE',  ( 9.514416038418653798, -3.250000000000000000, -4.761230304006072167 ) ) ;
#2525 = CARTESIAN_POINT ( 'NONE',  ( -50.64344095995156891, 5.875000000000003553, -0.5000000000000000000 ) ) ;
#2526 = CARTESIAN_POINT ( 'NONE',  ( -54.49344095995157033, 10.50000000000000000, 2.446820937015809605 ) ) ;
#2527 = ORIENTED_EDGE ( 'NONE', *, *, #4201, .F. ) ;
#2528 = ADVANCED_FACE ( 'NONE', ( #697 ), #2990, .T. ) ;
#2529 = CARTESIAN_POINT ( 'NONE',  ( -57.32342535502199610, 10.50000000000000000, -0.5000000000000000000 ) ) ;
#2530 = CARTESIAN_POINT ( 'NONE',  ( -39.29572938337270926, 7.983490513531148913, 35.00000000000000000 ) ) ;
#2531 = EDGE_LOOP ( 'NONE', ( #4331, #915, #4752, #3708 ) ) ;
#2532 = ADVANCED_FACE ( 'NONE', ( #2916 ), #1096, .F. ) ;
#2533 = EDGE_LOOP ( 'NONE', ( #4075, #3801 ) ) ;
#2534 = EDGE_LOOP ( 'NONE', ( #2571, #3909, #441, #3898 ) ) ;
#2535 = CARTESIAN_POINT ( 'NONE',  ( -18.70837374726851721, 4.040444544970648977, 27.73876969599392694 ) ) ;
#2536 = DIRECTION ( 'NONE',  ( 0.000000000000000000, 0.000000000000000000, 1.000000000000000000 ) ) ;
#2537 = ORIENTED_EDGE ( 'NONE', *, *, #2200, .T. ) ;
#2538 = CARTESIAN_POINT ( 'NONE',  ( 4.006559040048433218, 8.000000000000000000, 23.48434452200543276 ) ) ;
#2539 = ORIENTED_EDGE ( 'NONE', *, *, #658, .T. ) ;
#2540 = CARTESIAN_POINT ( 'NONE',  ( -2.800420255819354942, 10.50000000000000000, -1.580058882067988613 ) ) ;
#2541 = AXIS2_PLACEMENT_3D ( 'NONE', #2057, #4658, #1052 ) ;
#2542 = ORIENTED_EDGE ( 'NONE', *, *, #4143, .T. ) ;
#2543 = CARTESIAN_POINT ( 'NONE',  ( 9.514416038418653798, 8.757473573018954127, -4.761230304006072167 ) ) ;
#2544 = DIRECTION ( 'NONE',  ( 0.000000000000000000, 0.000000000000000000, -1.000000000000000000 ) ) ;
#2545 = ORIENTED_EDGE ( 'NONE', *, *, #2308, .F. ) ;
#2546 = CARTESIAN_POINT ( 'NONE',  ( -50.64344095995156891, 5.875000000000003553, -0.5000000000000000000 ) ) ;
#2547 = ORIENTED_EDGE ( 'NONE', *, *, #2563, .T. ) ;
#2548 = LINE ( 'NONE', #3223, #111 ) ;
#2549 = EDGE_CURVE ( 'NONE', #1709, #3877, #1646, .T. ) ;
#2550 = AXIS2_PLACEMENT_3D ( 'NONE', #4355, #3236, #191 ) ;
#2551 = CARTESIAN_POINT ( 'NONE',  ( 4.506559040048433218, 5.875000000000003553, 18.82186810699505486 ) ) ;
#2552 = PLANE ( 'NONE',  #3425 ) ;
#2553 = ORIENTED_EDGE ( 'NONE', *, *, #1886, .T. ) ;
#2554 = MANIFOLD_SOLID_BREP ( 'Stock-CASE_NO_LETTERS_081123-1', #284 ) ;
#2555 = VECTOR ( 'NONE', #3818, 1000.000000000000000 ) ;
#2556 = DIRECTION ( 'NONE',  ( -0.000000000000000000, -0.000000000000000000, 1.000000000000000000 ) ) ;
#2557 = AXIS2_PLACEMENT_3D ( 'NONE', #4869, #744, #2698 ) ;
#2558 = FACE_BOUND ( 'NONE', #3177, .T. ) ;
#2559 = FACE_OUTER_BOUND ( 'NONE', #4363, .T. ) ;
#2560 = VERTEX_POINT ( 'NONE', #2744 ) ;
#2561 = VECTOR ( 'NONE', #1092, 1000.000000000000000 ) ;
#2562 = ADVANCED_FACE ( 'NONE', ( #1233 ), #4515, .F. ) ;
#2563 = EDGE_CURVE ( 'NONE', #3255, #1020, #2320, .T. ) ;
#2564 = DIRECTION ( 'NONE',  ( 0.000000000000000000, -1.000000000000000000, 0.000000000000000000 ) ) ;
#2565 = CARTESIAN_POINT ( 'NONE',  ( -53.99344095995156323, 5.875000000000003553, 20.78434452200543348 ) ) ;
#2566 = VECTOR ( 'NONE', #768, 1000.000000000000000 ) ;
#2567 = VERTEX_POINT ( 'NONE', #3833 ) ;
#2568 = FACE_OUTER_BOUND ( 'NONE', #731, .T. ) ;
#2569 = LINE ( 'NONE', #4086, #3030 ) ;
#2570 = AXIS2_PLACEMENT_3D ( 'NONE', #1455, #3709, #318 ) ;
#2571 = ORIENTED_EDGE ( 'NONE', *, *, #2940, .T. ) ;
#2572 = CARTESIAN_POINT ( 'NONE',  ( -39.29572938337270926, 7.483490513531148913, 26.71994397445526204 ) ) ;
#2573 = DIRECTION ( 'NONE',  ( -1.000000000000000000, -0.000000000000000000, -0.000000000000000000 ) ) ;
#2574 = VERTEX_POINT ( 'NONE', #1164 ) ;
#2575 = CARTESIAN_POINT ( 'NONE',  ( 4.006559040048433218, 5.875000000000003553, 25.48434452200543276 ) ) ;
#2576 = AXIS2_PLACEMENT_3D ( 'NONE', #3626, #1320, #1746 ) ;
#2577 = ORIENTED_EDGE ( 'NONE', *, *, #537, .T. ) ;
#2578 = DIRECTION ( 'NONE',  ( -0.000000000000000000, 1.000000000000000000, -0.000000000000000000 ) ) ;
#2579 = VECTOR ( 'NONE', #2881, 1000.000000000000000 ) ;
#2580 = CIRCLE ( 'NONE', #4563, 4.000000000000000000 ) ;
#2581 = DIRECTION ( 'NONE',  ( -0.000000000000000000, -0.000000000000000000, -1.000000000000000000 ) ) ;
#2582 = ORIENTED_EDGE ( 'NONE', *, *, #1676, .F. ) ;
#2583 = AXIS2_PLACEMENT_3D ( 'NONE', #2129, #1774, #3678 ) ;
#2584 = AXIS2_PLACEMENT_3D ( 'NONE', #3046, #4572, #4189 ) ;
#2585 = ADVANCED_FACE ( 'NONE', ( #4559 ), #3438, .T. ) ;
#2586 = VECTOR ( 'NONE', #2087, 1000.000000000000000 ) ;
#2587 = DIRECTION ( 'NONE',  ( -0.000000000000000000, -0.000000000000000000, -1.000000000000000000 ) ) ;
#2588 = CARTESIAN_POINT ( 'NONE',  ( 3.830595393796096371, 12.50000000000000000, 6.828908360124231081 ) ) ;
#2589 = DIRECTION ( 'NONE',  ( 1.000000000000000000, 0.000000000000000000, 0.000000000000000000 ) ) ;
#2590 = ORIENTED_EDGE ( 'NONE', *, *, #120, .T. ) ;
#2591 = DIRECTION ( 'NONE',  ( 0.000000000000000000, 0.000000000000000000, 1.000000000000000000 ) ) ;
#2592 = DIRECTION ( 'NONE',  ( -0.000000000000000000, 1.000000000000000000, -0.000000000000000000 ) ) ;
#2593 = VERTEX_POINT ( 'NONE', #440 ) ;
#2594 = PLANE ( 'NONE',  #2570 ) ;
#2595 = EDGE_CURVE ( 'NONE', #2767, #4567, #465, .T. ) ;
#2596 = DIRECTION ( 'NONE',  ( 0.000000000000000000, -1.000000000000000000, 0.000000000000000000 ) ) ;
#2597 = ORIENTED_EDGE ( 'NONE', *, *, #2325, .T. ) ;
#2598 = LINE ( 'NONE', #1435, #3130 ) ;
#2599 = CARTESIAN_POINT ( 'NONE',  ( 0.6565590400484316858, 8.005448038964223301, 23.43434452200543205 ) ) ;
#2600 = ORIENTED_EDGE ( 'NONE', *, *, #2714, .T. ) ;
#2601 = DIRECTION ( 'NONE',  ( 0.000000000000000000, 0.000000000000000000, 1.000000000000000000 ) ) ;
#2602 = EDGE_CURVE ( 'NONE', #2498, #2078, #1855, .T. ) ;
#2603 = DIRECTION ( 'NONE',  ( -0.000000000000000000, -0.5898336942704522912, 0.8075247445764560661 ) ) ;
#2604 = CARTESIAN_POINT ( 'NONE',  ( -54.49344095995157033, 10.50000000000000000, 5.745757241660123249 ) ) ;
#2605 = ORIENTED_EDGE ( 'NONE', *, *, #4692, .T. ) ;
#2606 = CIRCLE ( 'NONE', #3872, 1.350000000000000533 ) ;
#2607 = DIRECTION ( 'NONE',  ( 1.000000000000000000, 0.000000000000000000, 0.000000000000000000 ) ) ;
#2608 = FACE_BOUND ( 'NONE', #4258, .T. ) ;
#2609 = DIRECTION ( 'NONE',  ( -1.000000000000000000, 0.000000000000000000, 0.000000000000000000 ) ) ;
#2610 = ORIENTED_EDGE ( 'NONE', *, *, #89, .F. ) ;
#2611 = DIRECTION ( 'NONE',  ( -1.000000000000000000, 0.000000000000000000, 0.000000000000000000 ) ) ;
#2612 = ADVANCED_FACE ( 'NONE', ( #1207 ), #810, .T. ) ;
#2613 = FACE_OUTER_BOUND ( 'NONE', #15, .T. ) ;
#2614 = ORIENTED_EDGE ( 'NONE', *, *, #28, .T. ) ;
#2615 = CARTESIAN_POINT ( 'NONE',  ( -39.25872214769194812, 12.50000000000000000, 2.317690357242517596 ) ) ;
#2616 = ORIENTED_EDGE ( 'NONE', *, *, #2267, .F. ) ;
#2617 = CARTESIAN_POINT ( 'NONE',  ( 4.006559040048433218, 5.875000000000003553, 25.48434452200543276 ) ) ;
#2618 = DIRECTION ( 'NONE',  ( 0.000000000000000000, 0.000000000000000000, 1.000000000000000000 ) ) ;
#2619 = ORIENTED_EDGE ( 'NONE', *, *, #505, .T. ) ;
#2620 = LINE ( 'NONE', #4536, #1942 ) ;
#2621 = DIRECTION ( 'NONE',  ( 0.000000000000000000, -1.000000000000000000, 0.000000000000000000 ) ) ;
#2622 = EDGE_CURVE ( 'NONE', #3085, #248, #853, .T. ) ;
#2623 = ADVANCED_FACE ( 'NONE', ( #1988 ), #1532, .T. ) ;
#2624 = DIRECTION ( 'NONE',  ( 0.000000000000000000, -1.000000000000000000, 0.000000000000000000 ) ) ;
#2625 = EDGE_LOOP ( 'NONE', ( #1434, #4455, #3343, #4441, #763, #4458, #2672, #3281 ) ) ;
#2626 = CARTESIAN_POINT ( 'NONE',  ( -53.99344095995156323, 5.875000000000003553, -0.8656554779945688782 ) ) ;
#2627 = CARTESIAN_POINT ( 'NONE',  ( -63.54560449174974224, 8.717998577795754045, -6.761230304006072167 ) ) ;
#2628 = DIRECTION ( 'NONE',  ( -0.000000000000000000, 1.000000000000000000, -0.000000000000000000 ) ) ;
#2629 = AXIS2_PLACEMENT_3D ( 'NONE', #3303, #3248, #4771 ) ;
#2630 = ORIENTED_EDGE ( 'NONE', *, *, #1972, .T. ) ;
#2631 = VECTOR ( 'NONE', #3647, 999.9999999999998863 ) ;
#2632 = CARTESIAN_POINT ( 'NONE',  ( -39.79572938337270926, 7.983490513531148913, 27.73876969599392694 ) ) ;
#2633 = DIRECTION ( 'NONE',  ( -0.000000000000000000, -1.000000000000000000, -0.000000000000000000 ) ) ;
#2634 = VERTEX_POINT ( 'NONE', #3487 ) ;
#2635 = DIRECTION ( 'NONE',  ( 0.000000000000000000, 0.000000000000000000, -1.000000000000000000 ) ) ;
#2636 = AXIS2_PLACEMENT_3D ( 'NONE', #3540, #2790, #2064 ) ;
#2637 = ADVANCED_FACE ( 'NONE', ( #2668 ), #1137, .F. ) ;
#2638 = AXIS2_PLACEMENT_3D ( 'NONE', #3569, #3091, #2450 ) ;
#2639 = VERTEX_POINT ( 'NONE', #4204 ) ;
#2640 = DIRECTION ( 'NONE',  ( 0.000000000000000000, 0.000000000000000000, 1.000000000000000000 ) ) ;
#2641 = CARTESIAN_POINT ( 'NONE',  ( -51.60056723113756760, -3.250000000000000000, 25.73876969599392694 ) ) ;
#2642 = ORIENTED_EDGE ( 'NONE', *, *, #3567, .F. ) ;
#2643 = LINE ( 'NONE', #4158, #2566 ) ;
#2644 = VECTOR ( 'NONE', #194, 1000.000000000000000 ) ;
#2645 = CARTESIAN_POINT ( 'NONE',  ( 9.876295877967507408, 8.757473573018954127, -3.761230304006072167 ) ) ;
#2646 = DIRECTION ( 'NONE',  ( 0.000000000000000000, 0.000000000000000000, -1.000000000000000000 ) ) ;
#2647 = VERTEX_POINT ( 'NONE', #3108 ) ;
#2648 = VERTEX_POINT ( 'NONE', #3788 ) ;
#2649 = EDGE_CURVE ( 'NONE', #4594, #4550, #3084, .T. ) ;
#2650 = ADVANCED_FACE ( 'NONE', ( #2717 ), #2348, .T. ) ;
#2651 = VECTOR ( 'NONE', #289, 1000.000000000000000 ) ;
#2652 = CIRCLE ( 'NONE', #1395, 3.350000000000002309 ) ;
#2653 = CARTESIAN_POINT ( 'NONE',  ( -21.38836543812355373, -12.75000000000000000, 25.73360027965844665 ) ) ;
#2654 = LINE ( 'NONE', #2703, #288 ) ;
#2655 = LINE ( 'NONE', #4170, #657 ) ;
#2656 = VECTOR ( 'NONE', #4347, 1000.000000000000000 ) ;
#2657 = ORIENTED_EDGE ( 'NONE', *, *, #2000, .T. ) ;
#2658 = EDGE_CURVE ( 'NONE', #1235, #1021, #6, .T. ) ;
#2659 = VECTOR ( 'NONE', #1817, 1000.000000000000000 ) ;
#2660 = AXIS2_PLACEMENT_3D ( 'NONE', #3941, #550, #2071 ) ;
#2661 = CARTESIAN_POINT ( 'NONE',  ( -51.60056723113756760, 8.750000000000000000, 16.72284629709940162 ) ) ;
#2662 = ORIENTED_EDGE ( 'NONE', *, *, #3706, .F. ) ;
#2663 = APPLICATION_PROTOCOL_DEFINITION ( 'draft international standard', 'automotive_design', 1998, #2446 ) ;
#2664 = AXIS2_PLACEMENT_3D ( 'NONE', #4704, #3153, #3637 ) ;
#2665 = ORIENTED_EDGE ( 'NONE', *, *, #1144, .T. ) ;
#2666 = VERTEX_POINT ( 'NONE', #2641 ) ;
#2667 = DIRECTION ( 'NONE',  ( 1.000000000000000000, 0.000000000000000000, 0.000000000000000000 ) ) ;
#2668 = FACE_OUTER_BOUND ( 'NONE', #2479, .T. ) ;
#2669 = ORIENTED_EDGE ( 'NONE', *, *, #391, .T. ) ;
#2670 = FACE_BOUND ( 'NONE', #507, .T. ) ;
#2671 = LINE ( 'NONE', #2645, #2718 ) ;
#2672 = ORIENTED_EDGE ( 'NONE', *, *, #3405, .F. ) ;
#2673 = ORIENTED_EDGE ( 'NONE', *, *, #2701, .T. ) ;
#2674 = CARTESIAN_POINT ( 'NONE',  ( -54.49344095995157033, 10.50000000000000000, 16.15947316483460128 ) ) ;
#2675 = EDGE_CURVE ( 'NONE', #1835, #2648, #394, .T. ) ;
#2676 = ORIENTED_EDGE ( 'NONE', *, *, #2658, .T. ) ;
#2677 = CARTESIAN_POINT ( 'NONE',  ( -48.31535629077411897, 8.567453508431418285, 23.43434452200543205 ) ) ;
#2678 = DIRECTION ( 'NONE',  ( -1.000000000000000000, -5.204170427930416550E-15, 0.000000000000000000 ) ) ;
#2679 = ADVANCED_FACE ( 'NONE', ( #1913 ), #3413, .F. ) ;
#2680 = CARTESIAN_POINT ( 'NONE',  ( 4.006559040048433218, 8.000000000000000000, 22.13434452200543134 ) ) ;
#2681 = ORIENTED_EDGE ( 'NONE', *, *, #1229, .T. ) ;
#2682 = VECTOR ( 'NONE', #3266, 1000.000000000000114 ) ;
#2683 = ORIENTED_EDGE ( 'NONE', *, *, #1167, .T. ) ;
#2684 = EDGE_LOOP ( 'NONE', ( #2387, #1844, #567, #3784 ) ) ;
#2685 = FACE_OUTER_BOUND ( 'NONE', #1415, .T. ) ;
#2686 = DIRECTION ( 'NONE',  ( -0.000000000000000000, 0.000000000000000000, -1.000000000000000000 ) ) ;
#2687 = CARTESIAN_POINT ( 'NONE',  ( -18.91380884494807901, 4.040444544970647200, 26.77397846476551280 ) ) ;
#2688 = EDGE_CURVE ( 'NONE', #2505, #4737, #4705, .T. ) ;
#2689 = EDGE_CURVE ( 'NONE', #619, #929, #1529, .T. ) ;
#2690 = ORIENTED_EDGE ( 'NONE', *, *, #2213, .T. ) ;
#2691 = CARTESIAN_POINT ( 'NONE',  ( -60.04560449174972803, 10.50000000000000000, -4.761230304006072167 ) ) ;
#2692 = VERTEX_POINT ( 'NONE', #3133 ) ;
#2693 = EDGE_LOOP ( 'NONE', ( #4700, #3805 ) ) ;
#2694 = FACE_OUTER_BOUND ( 'NONE', #3140, .T. ) ;
#2695 = DIRECTION ( 'NONE',  ( -0.000000000000000000, 1.000000000000000000, -0.000000000000000000 ) ) ;
#2696 = ORIENTED_EDGE ( 'NONE', *, *, #2308, .T. ) ;
#2697 = FACE_BOUND ( 'NONE', #2533, .T. ) ;
#2698 = DIRECTION ( 'NONE',  ( 9.912705577010326536E-16, 0.000000000000000000, 1.000000000000000000 ) ) ;
#2699 = DIRECTION ( 'NONE',  ( 1.000000000000000000, 0.000000000000000000, 0.000000000000000000 ) ) ;
#2700 = ORIENTED_EDGE ( 'NONE', *, *, #806, .T. ) ;
#2701 = EDGE_CURVE ( 'NONE', #291, #759, #3509, .T. ) ;
#2702 = LINE ( 'NONE', #1248, #2265 ) ;
#2703 = CARTESIAN_POINT ( 'NONE',  ( 0.6848358673255958706, 10.50000000000000000, -0.4999999999999998890 ) ) ;
#2704 = CARTESIAN_POINT ( 'NONE',  ( 0.9475583673738698920, 10.50000000000000000, 0.4999999999999997780 ) ) ;
#2705 = VERTEX_POINT ( 'NONE', #907 ) ;
#2706 = VECTOR ( 'NONE', #2835, 1000.000000000000000 ) ;
#2707 = CARTESIAN_POINT ( 'NONE',  ( 0.000000000000000000, 8.250000000000000000, 0.000000000000000000 ) ) ;
#2708 = LINE ( 'NONE', #900, #4779 ) ;
#2709 = DIRECTION ( 'NONE',  ( 0.000000000000000000, 0.000000000000000000, -1.000000000000000000 ) ) ;
#2710 = ORIENTED_EDGE ( 'NONE', *, *, #4422, .T. ) ;
#2711 = ORIENTED_EDGE ( 'NONE', *, *, #2622, .F. ) ;
#2712 = VECTOR ( 'NONE', #2503, 1000.000000000000000 ) ;
#2713 = EDGE_CURVE ( 'NONE', #742, #2459, #967, .T. ) ;
#2714 = EDGE_CURVE ( 'NONE', #3081, #2666, #4073, .T. ) ;
#2715 = VERTEX_POINT ( 'NONE', #3558 ) ;
#2716 = CARTESIAN_POINT ( 'NONE',  ( 6.352138378250272943, 12.50000000000000000, -3.261230304006072611 ) ) ;
#2717 = FACE_OUTER_BOUND ( 'NONE', #2274, .T. ) ;
#2718 = VECTOR ( 'NONE', #790, 1000.000000000000000 ) ;
#2719 = ORIENTED_EDGE ( 'NONE', *, *, #1941, .F. ) ;
#2720 = CARTESIAN_POINT ( 'NONE',  ( -67.07003059873778739, 4.735238934357180796, -3.761230304006072167 ) ) ;
#2721 = DIRECTION ( 'NONE',  ( -1.000000000000000000, 0.000000000000000000, 0.000000000000000000 ) ) ;
#2722 = AXIS2_PLACEMENT_3D ( 'NONE', #4816, #2181, #640 ) ;
#2723 = CARTESIAN_POINT ( 'NONE',  ( -50.38856591388922368, 4.966867144221086328, 26.71994397445526204 ) ) ;
#2724 = AXIS2_PLACEMENT_3D ( 'NONE', #3013, #2233, #2992 ) ;
#2725 = ORIENTED_EDGE ( 'NONE', *, *, #4878, .F. ) ;
#2726 = CARTESIAN_POINT ( 'NONE',  ( -61.54560449174972803, -3.250000000000000000, 24.23876969599391984 ) ) ;
#2727 = PLANE ( 'NONE',  #369 ) ;
#2728 = DIRECTION ( 'NONE',  ( -0.000000000000000000, 0.000000000000000000, 1.000000000000000000 ) ) ;
#2729 = LINE ( 'NONE', #4694, #1528 ) ;
#2730 = ORIENTED_EDGE ( 'NONE', *, *, #492, .T. ) ;
#2731 = EDGE_CURVE ( 'NONE', #1694, #1663, #4774, .T. ) ;
#2732 = LINE ( 'NONE', #4247, #114 ) ;
#2733 = VECTOR ( 'NONE', #2270, 1000.000000000000000 ) ;
#2734 = CARTESIAN_POINT ( 'NONE',  ( -51.60056723113756760, 8.750000000000000000, 26.71994397445526204 ) ) ;
#2735 = AXIS2_PLACEMENT_3D ( 'NONE', #1129, #3783, #3407 ) ;
#2736 = DIRECTION ( 'NONE',  ( 1.000000000000000000, 0.000000000000000000, -0.000000000000000000 ) ) ;
#2737 = ORIENTED_EDGE ( 'NONE', *, *, #2200, .F. ) ;
#2738 = ORIENTED_EDGE ( 'NONE', *, *, #1439, .F. ) ;
#2739 = EDGE_CURVE ( 'NONE', #2103, #2366, #489, .T. ) ;
#2740 = VECTOR ( 'NONE', #1301, 1000.000000000000000 ) ;
#2741 = VERTEX_POINT ( 'NONE', #221 ) ;
#2742 = CIRCLE ( 'NONE', #60, 3.350000000000002309 ) ;
#2743 = LINE ( 'NONE', #1912, #2902 ) ;
#2744 = CARTESIAN_POINT ( 'NONE',  ( -20.19137825829315958, 6.659555455029353865, 27.73876969599392694 ) ) ;
#2745 = ORIENTED_EDGE ( 'NONE', *, *, #1148, .T. ) ;
#2746 = CARTESIAN_POINT ( 'NONE',  ( 0.7046605134103508528, 5.875000000000003553, 0.4999999999999997780 ) ) ;
#2747 = EDGE_CURVE ( 'NONE', #2752, #2096, #1333, .T. ) ;
#2748 = LINE ( 'NONE', #2814, #817 ) ;
#2749 = AXIS2_PLACEMENT_3D ( 'NONE', #863, #3879, #485 ) ;
#2750 = DIRECTION ( 'NONE',  ( 1.000000000000000000, 0.000000000000000000, 0.000000000000000000 ) ) ;
#2751 = EDGE_CURVE ( 'NONE', #559, #1543, #4449, .T. ) ;
#2752 = VERTEX_POINT ( 'NONE', #562 ) ;
#2753 = CYLINDRICAL_SURFACE ( 'NONE', #4307, 3.350000000000001421 ) ;
#2754 = CARTESIAN_POINT ( 'NONE',  ( -53.49344095995156323, 10.50000000000000000, 5.745757241660123249 ) ) ;
#2755 = CARTESIAN_POINT ( 'NONE',  ( 0.7046605134103512968, 5.875000000000003553, 0.4999999999999997780 ) ) ;
#2756 = ORIENTED_EDGE ( 'NONE', *, *, #1424, .F. ) ;
#2757 = CARTESIAN_POINT ( 'NONE',  ( 3.649204838677381435, 10.50000000000000000, 5.754506341154574045 ) ) ;
#2758 = DIRECTION ( 'NONE',  ( 0.000000000000000000, -1.000000000000000000, 0.000000000000000000 ) ) ;
#2759 = LINE ( 'NONE', #2804, #2656 ) ;
#2760 = ORIENTED_EDGE ( 'NONE', *, *, #4818, .F. ) ;
#2761 = EDGE_CURVE ( 'NONE', #4859, #1113, #3345, .T. ) ;
#2762 = CARTESIAN_POINT ( 'NONE',  ( 0.000000000000000000, 8.250000000000000000, 0.000000000000000000 ) ) ;
#2763 = CARTESIAN_POINT ( 'NONE',  ( -11.99651859791751818, -3.250000000000000000, 27.73876969599392694 ) ) ;
#2764 = CARTESIAN_POINT ( 'NONE',  ( -46.63866157316878969, 10.50000000000000000, 0.5000000000000000000 ) ) ;
#2765 = ORIENTED_EDGE ( 'NONE', *, *, #4172, .F. ) ;
#2766 = DIRECTION ( 'NONE',  ( 0.000000000000000000, 0.000000000000000000, 1.000000000000000000 ) ) ;
#2767 = VERTEX_POINT ( 'NONE', #956 ) ;
#2768 = DIRECTION ( 'NONE',  ( -0.000000000000000000, 1.000000000000000000, -0.000000000000000000 ) ) ;
#2769 = DIRECTION ( 'NONE',  ( -0.000000000000000000, -1.000000000000000000, -0.000000000000000000 ) ) ;
#2770 = ORIENTED_EDGE ( 'NONE', *, *, #433, .F. ) ;
#2771 = CARTESIAN_POINT ( 'NONE',  ( 9.876295877967509185, 0.7130042956954123490, -6.761230304006072167 ) ) ;
#2772 = EDGE_CURVE ( 'NONE', #656, #4056, #4330, .T. ) ;
#2773 = ADVANCED_FACE ( 'NONE', ( #2559 ), #2107, .F. ) ;
#2774 = DIRECTION ( 'NONE',  ( -0.000000000000000000, 1.000000000000000000, -0.000000000000000000 ) ) ;
#2775 = CARTESIAN_POINT ( 'NONE',  ( -2.800420255819354942, 10.50000000000000000, -0.5000000000000000000 ) ) ;
#2776 = EDGE_LOOP ( 'NONE', ( #1436, #1347 ) ) ;
#2777 = ORIENTED_EDGE ( 'NONE', *, *, #2751, .T. ) ;
#2778 = FACE_BOUND ( 'NONE', #2693, .T. ) ;
#2779 = CARTESIAN_POINT ( 'NONE',  ( -13.43515625503130551, 4.040444544970648977, 27.73876969599392694 ) ) ;
#2780 = CARTESIAN_POINT ( 'NONE',  ( -13.43515625503130551, 4.040444544970648089, 26.77397846476551280 ) ) ;
#2781 = ORIENTED_EDGE ( 'NONE', *, *, #2060, .T. ) ;
#2782 = FACE_OUTER_BOUND ( 'NONE', #1811, .T. ) ;
#2783 = CARTESIAN_POINT ( 'NONE',  ( 6.352138378250272055, 12.50000000000000000, 27.73876969599392694 ) ) ;
#2784 = DIRECTION ( 'NONE',  ( 0.000000000000000000, 0.000000000000000000, 1.000000000000000000 ) ) ;
#2785 = ORIENTED_EDGE ( 'NONE', *, *, #4556, .T. ) ;
#2786 = LINE ( 'NONE', #4305, #1383 ) ;
#2787 = CIRCLE ( 'NONE', #4139, 3.350000000000001421 ) ;
#2788 = EDGE_CURVE ( 'NONE', #2692, #3497, #2081, .T. ) ;
#2789 = ORIENTED_EDGE ( 'NONE', *, *, #2397, .F. ) ;
#2790 = DIRECTION ( 'NONE',  ( -0.000000000000000000, 1.000000000000000000, 0.000000000000000000 ) ) ;
#2791 = VECTOR ( 'NONE', #2621, 1000.000000000000000 ) ;
#2792 = EDGE_LOOP ( 'NONE', ( #3751, #4016, #3949, #4579 ) ) ;
#2793 = CARTESIAN_POINT ( 'NONE',  ( -2.827916956681466587, 10.50000000000000000, 23.43434452200543205 ) ) ;
#2794 = ORIENTED_EDGE ( 'NONE', *, *, #4281, .T. ) ;
#2795 = VECTOR ( 'NONE', #3146, 1000.000000000000000 ) ;
#2796 = LINE ( 'NONE', #2771, #4551 ) ;
#2797 = CARTESIAN_POINT ( 'NONE',  ( 6.352138378250272055, -3.250000000000000000, 24.23876969599392694 ) ) ;
#2798 = DIRECTION ( 'NONE',  ( -0.000000000000000000, 1.000000000000000000, -0.000000000000000000 ) ) ;
#2799 = ORIENTED_EDGE ( 'NONE', *, *, #1848, .F. ) ;
#2800 = EDGE_CURVE ( 'NONE', #3383, #3935, #4278, .T. ) ;
#2801 = AXIS2_PLACEMENT_3D ( 'NONE', #4760, #2837, #4357 ) ;
#2802 = LINE ( 'NONE', #2051, #1778 ) ;
#2803 = DIRECTION ( 'NONE',  ( -0.000000000000000000, -1.000000000000000000, -0.000000000000000000 ) ) ;
#2804 = CARTESIAN_POINT ( 'NONE',  ( -51.19311627875442383, 8.567453508431418285, 23.43434452200543205 ) ) ;
#2805 = ORIENTED_EDGE ( 'NONE', *, *, #3685, .F. ) ;
#2806 = EDGE_CURVE ( 'NONE', #2647, #266, #3903, .T. ) ;
#2807 = CIRCLE ( 'NONE', #518, 1.600000000000000755 ) ;
#2808 = AXIS2_PLACEMENT_3D ( 'NONE', #4529, #2633, #758 ) ;
#2809 = DIRECTION ( 'NONE',  ( 0.000000000000000000, 0.000000000000000000, 1.000000000000000000 ) ) ;
#2810 = DIRECTION ( 'NONE',  ( 1.000000000000000000, -0.000000000000000000, -0.000000000000000000 ) ) ;
#2811 = DIRECTION ( 'NONE',  ( 1.000000000000000000, 0.000000000000000000, 0.000000000000000000 ) ) ;
#2812 = EDGE_LOOP ( 'NONE', ( #2237, #3831, #4659, #1742 ) ) ;
#2813 = DIRECTION ( 'NONE',  ( 0.000000000000000000, 0.000000000000000000, 1.000000000000000000 ) ) ;
#2814 = CARTESIAN_POINT ( 'NONE',  ( 4.006559040048433218, 8.000000000000000000, 1.554344522005431495 ) ) ;
#2815 = VECTOR ( 'NONE', #851, 1000.000000000000114 ) ;
#2816 = EDGE_LOOP ( 'NONE', ( #2781, #2665, #471, #2605, #2335, #156, #2497, #2318 ) ) ;
#2817 = CARTESIAN_POINT ( 'NONE',  ( -50.38856591388922368, 4.966867144221086328, 35.00000000000000000 ) ) ;
#2818 = DIRECTION ( 'NONE',  ( 1.208718933646689929E-16, 0.000000000000000000, 1.000000000000000000 ) ) ;
#2819 = ORIENTED_EDGE ( 'NONE', *, *, #2062, .F. ) ;
#2820 = VECTOR ( 'NONE', #1408, 1000.000000000000000 ) ;
#2821 = DIRECTION ( 'NONE',  ( 0.000000000000000000, 1.000000000000000000, 0.000000000000000000 ) ) ;
#2822 = EDGE_CURVE ( 'NONE', #4567, #2492, #3534, .T. ) ;
#2823 = LINE ( 'NONE', #2451, #4881 ) ;
#2824 = FACE_OUTER_BOUND ( 'NONE', #1789, .T. ) ;
#2825 = ORIENTED_EDGE ( 'NONE', *, *, #108, .F. ) ;
#2826 = DIRECTION ( 'NONE',  ( 0.000000000000000000, -1.000000000000000000, 0.000000000000000000 ) ) ;
#2827 = ADVANCED_FACE ( 'NONE', ( #3581, #3154, #2415, #1657, #3932, #1705 ), #39, .F. ) ;
#2828 = DIRECTION ( 'NONE',  ( -1.000000000000000000, 0.000000000000000000, -0.000000000000000000 ) ) ;
#2829 = LINE ( 'NONE', #2850, #4007 ) ;
#2830 = ORIENTED_EDGE ( 'NONE', *, *, #4838, .F. ) ;
#2831 = ADVANCED_FACE ( 'NONE', ( #708 ), #1447, .F. ) ;
#2832 = ADVANCED_FACE ( 'NONE', ( #3022 ), #2198, .T. ) ;
#2833 = CARTESIAN_POINT ( 'NONE',  ( 6.352138378250272055, -3.250000000000000000, 24.23876969599392694 ) ) ;
#2834 = DIRECTION ( 'NONE',  ( 0.000000000000000000, 0.000000000000000000, 1.000000000000000000 ) ) ;
#2835 = DIRECTION ( 'NONE',  ( 0.000000000000000000, 0.000000000000000000, -1.000000000000000000 ) ) ;
#2836 = ORIENTED_EDGE ( 'NONE', *, *, #2751, .F. ) ;
#2837 = DIRECTION ( 'NONE',  ( -1.000000000000000000, 0.000000000000000000, 0.000000000000000000 ) ) ;
#2838 = DIRECTION ( 'NONE',  ( 0.000000000000000000, 0.000000000000000000, 1.000000000000000000 ) ) ;
#2839 = ORIENTED_EDGE ( 'NONE', *, *, #1594, .F. ) ;
#2840 = DIRECTION ( 'NONE',  ( -0.000000000000000000, 1.000000000000000000, 0.000000000000000000 ) ) ;
#2841 = LINE ( 'NONE', #2115, #549 ) ;
#2842 = VERTEX_POINT ( 'NONE', #2976 ) ;
#2843 = CARTESIAN_POINT ( 'NONE',  ( -53.99344095995156323, 5.875000000000003553, -2.215655477994567413 ) ) ;
#2844 = CARTESIAN_POINT ( 'NONE',  ( -60.04560449174972803, -3.250000000000000000, -3.261230304006072611 ) ) ;
#2845 = CARTESIAN_POINT ( 'NONE',  ( -54.49344095995157033, 6.904660110310268273, 18.82186810699505486 ) ) ;
#2846 = ORIENTED_EDGE ( 'NONE', *, *, #3473, .T. ) ;
#2847 = ADVANCED_FACE ( 'NONE', ( #3800 ), #2222, .F. ) ;
#2848 = CARTESIAN_POINT ( 'NONE',  ( -51.60056723113756760, 8.000000000000000000, 21.77302012765626316 ) ) ;
#2849 = LINE ( 'NONE', #1028, #2412 ) ;
#2850 = CARTESIAN_POINT ( 'NONE',  ( 4.006559040048433218, 8.000000000000000000, -3.285655477994569029 ) ) ;
#2851 = ORIENTED_EDGE ( 'NONE', *, *, #4592, .T. ) ;
#2852 = CARTESIAN_POINT ( 'NONE',  ( -53.99344095995156323, 5.875000000000003553, 0.4843445220054299338 ) ) ;
#2853 = LINE ( 'NONE', #2414, #1404 ) ;
#2854 = ORIENTED_EDGE ( 'NONE', *, *, #2238, .T. ) ;
#2855 = LINE ( 'NONE', #2134, #45 ) ;
#2856 = EDGE_CURVE ( 'NONE', #3958, #4440, #2097, .T. ) ;
#2857 = ADVANCED_FACE ( 'NONE', ( #2285 ), #1498, .T. ) ;
#2858 = CARTESIAN_POINT ( 'NONE',  ( -2.800420255819354942, 10.50000000000000000, -0.5000000000000000000 ) ) ;
#2859 =( BOUNDED_CURVE ( )  B_SPLINE_CURVE ( 3, ( #580, #2128, #282, #927 ),
 .UNSPECIFIED., .F., .T. ) 
 B_SPLINE_CURVE_WITH_KNOTS ( ( 4, 4 ),
 ( 0.1498135073559421493, 0.7056440465982339871 ),
 .UNSPECIFIED. ) 
 CURVE ( )  GEOMETRIC_REPRESENTATION_ITEM ( )  RATIONAL_B_SPLINE_CURVE ( ( 1.000000000000000000, 0.9744196509921716487, 0.9744196509921716487, 1.000000000000000000 ) ) 
 REPRESENTATION_ITEM ( '' )  );
#2860 = ORIENTED_EDGE ( 'NONE', *, *, #1177, .T. ) ;
#2861 = CARTESIAN_POINT ( 'NONE',  ( -53.99344095995156323, 8.000000000000000000, 22.13434452200543134 ) ) ;
#2862 = CARTESIAN_POINT ( 'NONE',  ( -19.05990109359756346, 4.184876654430926379, 27.73876969599392694 ) ) ;
#2863 = VECTOR ( 'NONE', #307, 1000.000000000000000 ) ;
#2864 = VERTEX_POINT ( 'NONE', #2952 ) ;
#2865 = ORIENTED_EDGE ( 'NONE', *, *, #2288, .T. ) ;
#2866 = EDGE_CURVE ( 'NONE', #1591, #4021, #4123, .T. ) ;
#2867 = DIRECTION ( 'NONE',  ( -0.6540677456111221311, -0.7564359749186869708, -0.000000000000000000 ) ) ;
#2868 = VECTOR ( 'NONE', #826, 1000.000000000000000 ) ;
#2869 = CYLINDRICAL_SURFACE ( 'NONE', #831, 1.600000000000002531 ) ;
#2870 = LINE ( 'NONE', #4393, #3351 ) ;
#2871 = ORIENTED_EDGE ( 'NONE', *, *, #3594, .F. ) ;
#2872 = ORIENTED_EDGE ( 'NONE', *, *, #692, .F. ) ;
#2873 = LINE ( 'NONE', #1370, #2874 ) ;
#2874 = VECTOR ( 'NONE', #1004, 1000.000000000000000 ) ;
#2875 = CARTESIAN_POINT ( 'NONE',  ( -4.258722147691941906, 8.500000000000007105, 2.317690357242517596 ) ) ;
#2876 = CARTESIAN_POINT ( 'NONE',  ( 3.829467524857924854, 5.875000000000003553, 3.284309960526170524 ) ) ;
#2877 = ORIENTED_EDGE ( 'NONE', *, *, #658, .F. ) ;
#2878 = ORIENTED_EDGE ( 'NONE', *, *, #3956, .F. ) ;
#2879 = AXIS2_PLACEMENT_3D ( 'NONE', #3409, #760, #4602 ) ;
#2880 = ORIENTED_EDGE ( 'NONE', *, *, #3746, .T. ) ;
#2881 = DIRECTION ( 'NONE',  ( -0.000000000000000000, 1.000000000000000000, -0.000000000000000000 ) ) ;
#2882 = EDGE_CURVE ( 'NONE', #816, #59, #2242, .T. ) ;
#2883 = DIRECTION ( 'NONE',  ( 1.000000000000000000, 0.000000000000000000, 0.000000000000000000 ) ) ;
#2884 = ORIENTED_EDGE ( 'NONE', *, *, #2739, .T. ) ;
#2885 = FACE_OUTER_BOUND ( 'NONE', #20, .T. ) ;
#2886 = CIRCLE ( 'NONE', #3842, 3.500000000000000000 ) ;
#2887 = CARTESIAN_POINT ( 'NONE',  ( 1.207624285797337160, 5.181250000000004796, -0.5000000000000014433 ) ) ;
#2888 = VERTEX_POINT ( 'NONE', #4474 ) ;
#2889 = EDGE_CURVE ( 'NONE', #3296, #234, #1152, .T. ) ;
#2890 = CIRCLE ( 'NONE', #3378, 1.349999999999996980 ) ;
#2891 = CARTESIAN_POINT ( 'NONE',  ( 1.873062941308192730, 8.250000000000000000, 26.76711071965634403 ) ) ;
#2892 = SURFACE_SIDE_STYLE ('',( #368 ) ) ;
#2893 = AXIS2_PLACEMENT_3D ( 'NONE', #2332, #4288, #4241 ) ;
#2894 = ORIENTED_EDGE ( 'NONE', *, *, #4069, .T. ) ;
#2895 = ORIENTED_EDGE ( 'NONE', *, *, #1690, .T. ) ;
#2896 = VERTEX_POINT ( 'NONE', #380 ) ;
#2897 = VECTOR ( 'NONE', #414, 1000.000000000000000 ) ;
#2898 = CARTESIAN_POINT ( 'NONE',  ( 6.352138378250272055, -3.250000000000000000, -6.761230304006072167 ) ) ;
#2899 = EDGE_CURVE ( 'NONE', #1554, #3255, #3703, .T. ) ;
#2900 = CARTESIAN_POINT ( 'NONE',  ( 4.006559040048433218, 5.875000000000003553, -0.8656554779945688782 ) ) ;
#2901 = DIRECTION ( 'NONE',  ( -0.000000000000000000, 1.000000000000000000, 0.000000000000000000 ) ) ;
#2902 = VECTOR ( 'NONE', #439, 1000.000000000000000 ) ;
#2903 = VERTEX_POINT ( 'NONE', #3382 ) ;
#2904 = VECTOR ( 'NONE', #3465, 1000.000000000000000 ) ;
#2905 = CARTESIAN_POINT ( 'NONE',  ( -41.03204925528254421, -23.76355523646716250, 27.73876969599392694 ) ) ;
#2906 = CARTESIAN_POINT ( 'NONE',  ( -50.64344095995156891, 5.875000000000003553, 0.5000000000000000000 ) ) ;
#2907 = ORIENTED_EDGE ( 'NONE', *, *, #2701, .F. ) ;
#2908 = DIRECTION ( 'NONE',  ( -0.000000000000000000, 0.000000000000000000, -1.000000000000000000 ) ) ;
#2909 = CARTESIAN_POINT ( 'NONE',  ( 0.000000000000000000, 8.750000000000000000, 22.43434452200543205 ) ) ;
#2910 = VERTEX_POINT ( 'NONE', #1879 ) ;
#2911 = CARTESIAN_POINT ( 'NONE',  ( -50.88856591388922368, 7.483490513531148913, 26.71994397445526204 ) ) ;
#2912 = ADVANCED_FACE ( 'NONE', ( #311 ), #4902, .F. ) ;
#2913 = CARTESIAN_POINT ( 'NONE',  ( 0.8949298234415217213, 5.875000000000003553, -2.106729052911971767 ) ) ;
#2914 = ORIENTED_EDGE ( 'NONE', *, *, #1406, .T. ) ;
#2915 = DIRECTION ( 'NONE',  ( 1.000000000000000000, 0.000000000000000000, 0.000000000000000000 ) ) ;
#2916 = FACE_OUTER_BOUND ( 'NONE', #370, .T. ) ;
#2917 = EDGE_LOOP ( 'NONE', ( #4684, #312 ) ) ;
#2918 = PLANE ( 'NONE',  #3676 ) ;
#2919 = ORIENTED_EDGE ( 'NONE', *, *, #1708, .T. ) ;
#2920 = DIRECTION ( 'NONE',  ( -1.000000000000000000, 0.000000000000000000, 0.000000000000000000 ) ) ;
#2921 = VECTOR ( 'NONE', #913, 1000.000000000000000 ) ;
#2922 = DIRECTION ( 'NONE',  ( 0.000000000000000000, -0.000000000000000000, 1.000000000000000000 ) ) ;
#2923 = CYLINDRICAL_SURFACE ( 'NONE', #3347, 1.350000000000000533 ) ;
#2924 = ORIENTED_EDGE ( 'NONE', *, *, #3298, .F. ) ;
#2925 = EDGE_CURVE ( 'NONE', #623, #3644, #4214, .T. ) ;
#2926 = EDGE_CURVE ( 'NONE', #4426, #187, #1292, .T. ) ;
#2927 = CARTESIAN_POINT ( 'NONE',  ( -53.99344095995156323, 5.875000000000003553, -0.8656554779945688782 ) ) ;
#2928 = CARTESIAN_POINT ( 'NONE',  ( 1.873062941308192730, 8.250000000000000000, 20.99215609768124224 ) ) ;
#2929 = DIRECTION ( 'NONE',  ( 0.000000000000000000, 0.000000000000000000, 1.000000000000000000 ) ) ;
#2930 = EDGE_LOOP ( 'NONE', ( #2467, #2054, #572, #4793 ) ) ;
#2931 = ORIENTED_EDGE ( 'NONE', *, *, #872, .F. ) ;
#2932 = CARTESIAN_POINT ( 'NONE',  ( -61.54560449174972803, -3.250000000000000000, 25.73876969599392694 ) ) ;
#2933 = DIRECTION ( 'NONE',  ( 1.000000000000000000, 0.000000000000000000, 0.000000000000000000 ) ) ;
#2934 = EDGE_LOOP ( 'NONE', ( #3059, #980, #2152, #4483 ) ) ;
#2935 = CARTESIAN_POINT ( 'NONE',  ( -20.19137825829315602, 5.303496124073167728, 35.00000000000000000 ) ) ;
#2936 = CARTESIAN_POINT ( 'NONE',  ( 0.8248985047362128453, 5.875000000000003553, -1.571152701941314733 ) ) ;
#2937 = ORIENTED_EDGE ( 'NONE', *, *, #108, .T. ) ;
#2938 = CYLINDRICAL_SURFACE ( 'NONE', #922, 1.500000000000001332 ) ;
#2939 = FILL_AREA_STYLE ('',( #3762 ) ) ;
#2940 = EDGE_CURVE ( 'NONE', #2151, #3180, #2655, .T. ) ;
#2941 = ORIENTED_EDGE ( 'NONE', *, *, #1848, .T. ) ;
#2942 = DIRECTION ( 'NONE',  ( 0.000000000000000000, 0.000000000000000000, -1.000000000000000000 ) ) ;
#2943 = ORIENTED_EDGE ( 'NONE', *, *, #1389, .T. ) ;
#2944 = CARTESIAN_POINT ( 'NONE',  ( -4.258722147691941906, 12.50000000000000000, 24.49769035724251509 ) ) ;
#2945 = CARTESIAN_POINT ( 'NONE',  ( 6.352138378250272943, -3.250000000000000000, -3.261230304006072611 ) ) ;
#2946 = VERTEX_POINT ( 'NONE', #1852 ) ;
#2947 = AXIS2_PLACEMENT_3D ( 'NONE', #2680, #354, #14 ) ;
#2948 = DIRECTION ( 'NONE',  ( -0.000000000000000000, -0.000000000000000000, 1.000000000000000000 ) ) ;
#2949 = CIRCLE ( 'NONE', #3979, 1.350000000000000533 ) ;
#2950 = CARTESIAN_POINT ( 'NONE',  ( 3.649911022935344196, 12.50000000000000000, 6.828908360124231081 ) ) ;
#2951 = ADVANCED_FACE ( 'NONE', ( #3355 ), #4879, .T. ) ;
#2952 = CARTESIAN_POINT ( 'NONE',  ( -19.69137825829315602, 7.159555455029352977, 26.77397846476551280 ) ) ;
#2953 = ORIENTED_EDGE ( 'NONE', *, *, #1574, .F. ) ;
#2954 = VECTOR ( 'NONE', #3630, 1000.000000000000000 ) ;
#2955 = CARTESIAN_POINT ( 'NONE',  ( -51.60056723113756760, 8.750000000000000000, 19.78984983914692819 ) ) ;
#2956 = ADVANCED_FACE ( 'NONE', ( #2048 ), #427, .F. ) ;
#2957 = LINE ( 'NONE', #290, #372 ) ;
#2958 = CIRCLE ( 'NONE', #4150, 3.350000000000002309 ) ;
#2959 = ORIENTED_EDGE ( 'NONE', *, *, #2289, .F. ) ;
#2960 = DIRECTION ( 'NONE',  ( 0.000000000000000000, 0.000000000000000000, -1.000000000000000000 ) ) ;
#2961 = DIRECTION ( 'NONE',  ( 0.000000000000000000, 0.000000000000000000, 1.000000000000000000 ) ) ;
#2962 = ORIENTED_EDGE ( 'NONE', *, *, #998, .F. ) ;
#2963 = CARTESIAN_POINT ( 'NONE',  ( -19.05990109359755635, 4.184876654430928156, 26.77397846476551280 ) ) ;
#2964 = ORIENTED_EDGE ( 'NONE', *, *, #79, .T. ) ;
#2965 = FACE_OUTER_BOUND ( 'NONE', #4017, .T. ) ;
#2966 = ORIENTED_EDGE ( 'NONE', *, *, #3944, .F. ) ;
#2967 = ORIENTED_EDGE ( 'NONE', *, *, #930, .T. ) ;
#2968 = CARTESIAN_POINT ( 'NONE',  ( -70.59445670572583253, 4.717998577795753157, -3.761230304006072167 ) ) ;
#2969 = VECTOR ( 'NONE', #2948, 1000.000000000000000 ) ;
#2970 = DIRECTION ( 'NONE',  ( -0.000000000000000000, 1.000000000000000000, 0.000000000000000000 ) ) ;
#2971 = VERTEX_POINT ( 'NONE', #3546 ) ;
#2972 = VECTOR ( 'NONE', #534, 1000.000000000000000 ) ;
#2973 = EDGE_CURVE ( 'NONE', #3384, #2498, #3007, .T. ) ;
#2974 = LINE ( 'NONE', #3401, #364 ) ;
#2975 = CARTESIAN_POINT ( 'NONE',  ( -46.63866157316878969, 10.50000000000000000, -0.5000000000000000000 ) ) ;
#2976 = CARTESIAN_POINT ( 'NONE',  ( -2.800420255819354942, 10.50000000000000000, 0.5000000000000000000 ) ) ;
#2977 = ORIENTED_EDGE ( 'NONE', *, *, #2110, .T. ) ;
#2978 = EDGE_LOOP ( 'NONE', ( #4636, #1859, #3582, #1356 ) ) ;
#2979 = VECTOR ( 'NONE', #3285, 1000.000000000000000 ) ;
#2980 = EDGE_CURVE ( 'NONE', #1567, #4208, #3870, .T. ) ;
#2981 = AXIS2_PLACEMENT_3D ( 'NONE', #1963, #1609, #76 ) ;
#2982 = CARTESIAN_POINT ( 'NONE',  ( -53.99344095995156323, 5.875000000000003553, 22.13434452200543134 ) ) ;
#2983 = CARTESIAN_POINT ( 'NONE',  ( 1.873062941308192730, 8.000000000000000000, 23.27653294632962044 ) ) ;
#2984 = ORIENTED_EDGE ( 'NONE', *, *, #239, .F. ) ;
#2985 = CARTESIAN_POINT ( 'NONE',  ( -53.49344095995156323, 5.875000000000003553, 3.284344522005432587 ) ) ;
#2986 = EDGE_CURVE ( 'NONE', #2102, #3877, #2402, .T. ) ;
#2987 = EDGE_CURVE ( 'NONE', #2204, #4828, #1997, .T. ) ;
#2988 = VERTEX_POINT ( 'NONE', #3496 ) ;
#2989 = CARTESIAN_POINT ( 'NONE',  ( 7.852138378250272943, 10.50000000000000000, -4.761230304006072167 ) ) ;
#2990 = PLANE ( 'NONE',  #4254 ) ;
#2991 = ORIENTED_EDGE ( 'NONE', *, *, #3443, .T. ) ;
#2992 = DIRECTION ( 'NONE',  ( 0.000000000000000000, 0.000000000000000000, -1.000000000000000000 ) ) ;
#2993 = CARTESIAN_POINT ( 'NONE',  ( -50.90596626369897848, 10.50000000000000000, 23.43434452200543205 ) ) ;
#2994 = CYLINDRICAL_SURFACE ( 'NONE', #4829, 1.500000000000000000 ) ;
#2995 = ORIENTED_EDGE ( 'NONE', *, *, #3088, .F. ) ;
#2996 = AXIS2_PLACEMENT_3D ( 'NONE', #3294, #1040, #2184 ) ;
#2997 = DIRECTION ( 'NONE',  ( -0.000000000000000000, 1.000000000000000000, -0.000000000000000000 ) ) ;
#2998 = CARTESIAN_POINT ( 'NONE',  ( 4.006559040048433218, 8.000000000000000000, 24.55434452200542950 ) ) ;
#2999 = DIRECTION ( 'NONE',  ( -2.156417553693440290E-16, 1.000000000000000000, 0.000000000000000000 ) ) ;
#3000 = ORIENTED_EDGE ( 'NONE', *, *, #4810, .T. ) ;
#3001 = EDGE_CURVE ( 'NONE', #436, #4649, #3895, .T. ) ;
#3002 = ORIENTED_EDGE ( 'NONE', *, *, #3595, .T. ) ;
#3003 = CARTESIAN_POINT ( 'NONE',  ( 9.852138378250273831, 12.50000000000000000, 24.23876969599391984 ) ) ;
#3004 = LINE ( 'NONE', #3658, #64 ) ;
#3005 = VERTEX_POINT ( 'NONE', #86 ) ;
#3006 = CARTESIAN_POINT ( 'NONE',  ( -50.38856591388922368, 7.983490513531148913, 26.71994397445526204 ) ) ;
#3007 = B_SPLINE_CURVE_WITH_KNOTS ( 'NONE', 1,
 ( #2775, #821 ),
 .UNSPECIFIED., .F., .F.,
 ( 2, 2 ),
 ( 0.000000000000000000, 0.9976296656384221473 ),
 .UNSPECIFIED. ) ;
#3008 = ORIENTED_EDGE ( 'NONE', *, *, #886, .T. ) ;
#3009 = DIRECTION ( 'NONE',  ( -0.000000000000000000, 0.000000000000000000, 1.000000000000000000 ) ) ;
#3010 = CARTESIAN_POINT ( 'NONE',  ( -53.99344095995156323, 5.875000000000003553, 22.13434452200543134 ) ) ;
#3011 = ORIENTED_EDGE ( 'NONE', *, *, #1849, .T. ) ;
#3012 = ADVANCED_FACE ( 'NONE', ( #134 ), #110, .T. ) ;
#3013 = CARTESIAN_POINT ( 'NONE',  ( -60.04560449174972803, 8.717998577795754045, -3.261230304006072611 ) ) ;
#3014 = EDGE_CURVE ( 'NONE', #4265, #2910, #3120, .T. ) ;
#3015 = CARTESIAN_POINT ( 'NONE',  ( 6.352138378250272943, 8.757473573018954127, -3.261230304006072611 ) ) ;
#3016 = FACE_OUTER_BOUND ( 'NONE', #2243, .T. ) ;
#3017 = VECTOR ( 'NONE', #1307, 1000.000000000000000 ) ;
#3018 = EDGE_CURVE ( 'NONE', #4316, #3704, #2729, .T. ) ;
#3019 = ORIENTED_EDGE ( 'NONE', *, *, #2675, .T. ) ;
#3020 = DIRECTION ( 'NONE',  ( -0.000000000000000000, 1.000000000000000000, 0.000000000000000000 ) ) ;
#3021 = LINE ( 'NONE', #1151, #2195 ) ;
#3022 = FACE_OUTER_BOUND ( 'NONE', #1364, .T. ) ;
#3023 = AXIS2_PLACEMENT_3D ( 'NONE', #2305, #1947, #3450 ) ;
#3024 = ORIENTED_EDGE ( 'NONE', *, *, #2899, .T. ) ;
#3025 = VERTEX_POINT ( 'NONE', #1976 ) ;
#3026 = CIRCLE ( 'NONE', #3506, 3.500000000000000000 ) ;
#3027 = CARTESIAN_POINT ( 'NONE',  ( -20.04290560462219517, 5.156710659648467754, 27.73876969599392694 ) ) ;
#3028 = ORIENTED_EDGE ( 'NONE', *, *, #3836, .T. ) ;
#3029 = CARTESIAN_POINT ( 'NONE',  ( 4.006559040048433218, 8.000000000000000000, 0.4843445220054316547 ) ) ;
#3030 = VECTOR ( 'NONE', #2454, 1000.000000000000000 ) ;
#3031 = ADVANCED_FACE ( 'NONE', ( #3143 ), #3522, .F. ) ;
#3032 = AXIS2_PLACEMENT_3D ( 'NONE', #4313, #3190, #1246 ) ;
#3033 = VERTEX_POINT ( 'NONE', #3846 ) ;
#3034 = CARTESIAN_POINT ( 'NONE',  ( 4.006559040048433218, 5.875000000000003553, -2.215655477994569189 ) ) ;
#3035 = CARTESIAN_POINT ( 'NONE',  ( 4.006559040048433218, 5.875000000000003553, 22.13434452200543134 ) ) ;
#3036 = ORIENTED_EDGE ( 'NONE', *, *, #1590, .F. ) ;
#3037 = CYLINDRICAL_SURFACE ( 'NONE', #349, 3.500000000000000000 ) ;
#3038 = CARTESIAN_POINT ( 'NONE',  ( 4.006559040048433218, 5.875000000000003553, -0.8656554779945688782 ) ) ;
#3039 = EDGE_CURVE ( 'NONE', #2634, #4200, #1669, .T. ) ;
#3040 = LINE ( 'NONE', #3089, #1500 ) ;
#3041 = ORIENTED_EDGE ( 'NONE', *, *, #2465, .F. ) ;
#3042 = EDGE_LOOP ( 'NONE', ( #1918, #4210, #2116, #1715 ) ) ;
#3043 = VECTOR ( 'NONE', #4276, 1000.000000000000000 ) ;
#3044 = CIRCLE ( 'NONE', #132, 1.349999999999998757 ) ;
#3045 = EDGE_CURVE ( 'NONE', #3482, #436, #875, .T. ) ;
#3046 = CARTESIAN_POINT ( 'NONE',  ( -61.54560449174972803, -3.250000000000000000, -4.761230304006072167 ) ) ;
#3047 = CARTESIAN_POINT ( 'NONE',  ( -12.49651859791751995, 7.159555455029353865, 27.73876969599392694 ) ) ;
#3048 = CARTESIAN_POINT ( 'NONE',  ( -61.54560449174972803, -3.250000000000000000, -4.761230304006072167 ) ) ;
#3049 = AXIS2_PLACEMENT_3D ( 'NONE', #504, #857, #4274 ) ;
#3050 = VECTOR ( 'NONE', #109, 1000.000000000000000 ) ;
#3051 = ORIENTED_EDGE ( 'NONE', *, *, #1620, .T. ) ;
#3052 = ORIENTED_EDGE ( 'NONE', *, *, #3442, .F. ) ;
#3053 = DIRECTION ( 'NONE',  ( -1.000000000000000000, 0.000000000000000000, -0.000000000000000000 ) ) ;
#3054 = VECTOR ( 'NONE', #340, 1000.000000000000000 ) ;
#3055 = PLANE ( 'NONE',  #1555 ) ;
#3056 = ORIENTED_EDGE ( 'NONE', *, *, #4675, .F. ) ;
#3057 = DIRECTION ( 'NONE',  ( -0.000000000000000000, -0.000000000000000000, 1.000000000000000000 ) ) ;
#3058 = VECTOR ( 'NONE', #168, 1000.000000000000000 ) ;
#3059 = ORIENTED_EDGE ( 'NONE', *, *, #1486, .F. ) ;
#3060 = COLOUR_RGB ( '',0.7921568627450980005, 0.8196078431372548767, 0.9333333333333333481 ) ;
#3061 = ORIENTED_EDGE ( 'NONE', *, *, #737, .T. ) ;
#3062 = DIRECTION ( 'NONE',  ( 0.000000000000000000, 0.000000000000000000, 1.000000000000000000 ) ) ;
#3063 = CARTESIAN_POINT ( 'NONE',  ( 0.6805272488406796105, 5.875000000000003553, -0.4656398234567175054 ) ) ;
#3064 = ORIENTED_EDGE ( 'NONE', *, *, #990, .T. ) ;
#3065 = DIRECTION ( 'NONE',  ( 0.000000000000000000, -0.8075247445764560661, -0.5898336942704522912 ) ) ;
#3066 = EDGE_CURVE ( 'NONE', #3591, #4778, #1648, .T. ) ;
#3067 = DIRECTION ( 'NONE',  ( 0.000000000000000000, 0.000000000000000000, 1.000000000000000000 ) ) ;
#3068 = DIRECTION ( 'NONE',  ( -0.000000000000000000, 1.000000000000000000, 0.000000000000000000 ) ) ;
#3069 = VERTEX_POINT ( 'NONE', #3167 ) ;
#3070 = FACE_OUTER_BOUND ( 'NONE', #100, .T. ) ;
#3071 = DIRECTION ( 'NONE',  ( 0.000000000000000000, 1.000000000000000000, 0.000000000000000000 ) ) ;
#3072 = DIRECTION ( 'NONE',  ( 1.000000000000000000, 0.000000000000000000, 0.000000000000000000 ) ) ;
#3073 = ORIENTED_EDGE ( 'NONE', *, *, #4281, .F. ) ;
#3074 = ADVANCED_FACE ( 'NONE', ( #3917 ), #797, .F. ) ;
#3075 = EDGE_CURVE ( 'NONE', #2741, #3644, #67, .T. ) ;
#3076 = CIRCLE ( 'NONE', #4518, 0.5000000000000004441 ) ;
#3077 = CARTESIAN_POINT ( 'NONE',  ( -10.79999054116380997, -3.250000000000000000, 25.73876969599392694 ) ) ;
#3078 = CARTESIAN_POINT ( 'NONE',  ( -12.49651859791752351, 7.159555455029352977, 26.77397846476551280 ) ) ;
#3079 = CARTESIAN_POINT ( 'NONE',  ( -13.43515625503130551, 4.540444544970648089, 27.73876969599392694 ) ) ;
#3080 = VERTEX_POINT ( 'NONE', #4593 ) ;
#3081 = VERTEX_POINT ( 'NONE', #1193 ) ;
#3082 = VERTEX_POINT ( 'NONE', #2704 ) ;
#3083 = PLANE ( 'NONE',  #3927 ) ;
#3084 = LINE ( 'NONE', #4634, #1405 ) ;
#3085 = VERTEX_POINT ( 'NONE', #3094 ) ;
#3086 = DIRECTION ( 'NONE',  ( 0.000000000000000000, -1.000000000000000000, 0.000000000000000000 ) ) ;
#3087 = LINE ( 'NONE', #4609, #1217 ) ;
#3088 = EDGE_CURVE ( 'NONE', #4000, #3286, #3099, .T. ) ;
#3089 = CARTESIAN_POINT ( 'NONE',  ( -57.34344095995156465, 5.875000000000003553, -0.5000000000000000000 ) ) ;
#3090 = VERTEX_POINT ( 'NONE', #3598 ) ;
#3091 = DIRECTION ( 'NONE',  ( -0.000000000000000000, 0.000000000000000000, 1.000000000000000000 ) ) ;
#3092 = CYLINDRICAL_SURFACE ( 'NONE', #2893, 3.350000000000001421 ) ;
#3093 = CARTESIAN_POINT ( 'NONE',  ( -1.047879871204502100, 8.187500000000001776, 0.4999999999999998890 ) ) ;
#3094 = CARTESIAN_POINT ( 'NONE',  ( -50.65690083581098691, 8.750000000000000000, 22.43434452200543205 ) ) ;
#3095 = ORIENTED_EDGE ( 'NONE', *, *, #2500, .F. ) ;
#3096 = CARTESIAN_POINT ( 'NONE',  ( -50.66345656488113747, 10.50000000000000000, -0.5000000000000000000 ) ) ;
#3097 = ADVANCED_FACE ( 'NONE', ( #1422 ), #651, .T. ) ;
#3098 = CARTESIAN_POINT ( 'NONE',  ( -9.280464726337173786, 8.250000000000000000, 25.73876969599392339 ) ) ;
#3099 = CIRCLE ( 'NONE', #2167, 3.500000000000000000 ) ;
#3100 = FACE_OUTER_BOUND ( 'NONE', #3547, .T. ) ;
#3101 = VERTEX_POINT ( 'NONE', #1345 ) ;
#3102 = EDGE_LOOP ( 'NONE', ( #3249, #3621, #2182, #2830 ) ) ;
#3103 = VECTOR ( 'NONE', #703, 1000.000000000000000 ) ;
#3105 = ADVANCED_FACE ( 'NONE', ( #233 ), #205, .F. ) ;
#3104 = AXIS2_PLACEMENT_3D ( 'NONE', #1547, #4548, #404 ) ;
#3106 = EDGE_LOOP ( 'NONE', ( #229, #3493, #4836, #3541 ) ) ;
#3107 = LINE ( 'NONE', #2319, #1807 ) ;
#3108 = CARTESIAN_POINT ( 'NONE',  ( -63.50970610688748508, 8.717998577795750492, -3.761230304006072167 ) ) ;
#3109 = VECTOR ( 'NONE', #3849, 1000.000000000000000 ) ;
#3110 = ORIENTED_EDGE ( 'NONE', *, *, #1538, .T. ) ;
#3111 = CARTESIAN_POINT ( 'NONE',  ( 4.006559040048433218, 5.875000000000003553, 22.13434452200543134 ) ) ;
#3112 = CARTESIAN_POINT ( 'NONE',  ( -39.29572938337270926, 7.483490513531148913, 27.73876969599392694 ) ) ;
#3113 = VECTOR ( 'NONE', #4660, 1000.000000000000000 ) ;
#3114 = PLANE ( 'NONE',  #3150 ) ;
#3115 = VECTOR ( 'NONE', #1112, 1000.000000000000000 ) ;
#3116 = VERTEX_POINT ( 'NONE', #2094 ) ;
#3117 = DIRECTION ( 'NONE',  ( -1.000000000000000000, 0.000000000000000000, 0.000000000000000000 ) ) ;
#3118 = VECTOR ( 'NONE', #591, 1000.000000000000000 ) ;
#3119 = PLANE ( 'NONE',  #4491 ) ;
#3120 = LINE ( 'NONE', #4289, #2555 ) ;
#3121 = ORIENTED_EDGE ( 'NONE', *, *, #1091, .T. ) ;
#3122 = VECTOR ( 'NONE', #1833, 1000.000000000000000 ) ;
#3123 = EDGE_CURVE ( 'NONE', #1048, #3080, #3650, .T. ) ;
#3124 = FACE_OUTER_BOUND ( 'NONE', #1222, .T. ) ;
#3125 = CIRCLE ( 'NONE', #3767, 2.420000000000000817 ) ;
#3126 = CARTESIAN_POINT ( 'NONE',  ( -19.69137825829315958, 7.159555455029353865, 27.73876969599392694 ) ) ;
#3127 = AXIS2_PLACEMENT_3D ( 'NONE', #4724, #2828, #2455 ) ;
#3128 = DIRECTION ( 'NONE',  ( 1.000000000000000000, 0.000000000000000000, 0.000000000000000000 ) ) ;
#3129 = ORIENTED_EDGE ( 'NONE', *, *, #3807, .F. ) ;
#3130 = VECTOR ( 'NONE', #2915, 1000.000000000000000 ) ;
#3131 = CARTESIAN_POINT ( 'NONE',  ( 9.876295877967509185, 0.7524792909186129863, -4.761230304006072167 ) ) ;
#3132 = CARTESIAN_POINT ( 'NONE',  ( 0.3149604477991956308, 8.250000000000000000, 23.43434452200543205 ) ) ;
#3133 = CARTESIAN_POINT ( 'NONE',  ( -46.63866157316878969, 10.50000000000000000, 0.5000000000000000000 ) ) ;
#3134 = ORIENTED_EDGE ( 'NONE', *, *, #3231, .T. ) ;
#3135 = DIRECTION ( 'NONE',  ( -1.000000000000000000, 0.000000000000000000, 0.000000000000000000 ) ) ;
#3136 = ADVANCED_FACE ( 'NONE', ( #2824 ), #1747, .F. ) ;
#3137 = EDGE_CURVE ( 'NONE', #1021, #1908, #4907, .T. ) ;
#3138 = CARTESIAN_POINT ( 'NONE',  ( 6.352138378250272055, -3.250000000000000000, 25.73876969599392694 ) ) ;
#3139 = CARTESIAN_POINT ( 'NONE',  ( -39.29572938337270926, 4.966867144221086328, 26.71994397445526204 ) ) ;
#3140 = EDGE_LOOP ( 'NONE', ( #2496, #3019, #3028, #355 ) ) ;
#3141 = DIRECTION ( 'NONE',  ( -0.000000000000000000, -0.000000000000000000, 1.000000000000000000 ) ) ;
#3142 = CARTESIAN_POINT ( 'NONE',  ( -53.49344095995156323, 10.50000000000000000, 2.446820937015809161 ) ) ;
#3143 = FACE_OUTER_BOUND ( 'NONE', #1220, .T. ) ;
#3144 = VERTEX_POINT ( 'NONE', #4366 ) ;
#3145 = AXIS2_PLACEMENT_3D ( 'NONE', #4521, #4497, #1121 ) ;
#3146 = DIRECTION ( 'NONE',  ( -0.000000000000000000, -0.000000000000000000, -1.000000000000000000 ) ) ;
#3147 = DIRECTION ( 'NONE',  ( -0.000000000000000000, -1.000000000000000000, -0.000000000000000000 ) ) ;
#3148 = DIRECTION ( 'NONE',  ( -1.000000000000000000, 0.000000000000000000, 0.000000000000000000 ) ) ;
#3149 = EDGE_CURVE ( 'NONE', #4674, #4056, #973, .T. ) ;
#3150 = AXIS2_PLACEMENT_3D ( 'NONE', #1243, #3469, #2328 ) ;
#3151 = ORIENTED_EDGE ( 'NONE', *, *, #3256, .F. ) ;
#3152 = LINE ( 'NONE', #2131, #3043 ) ;
#3153 = DIRECTION ( 'NONE',  ( 1.000000000000000000, 0.000000000000000000, 0.000000000000000000 ) ) ;
#3154 = FACE_BOUND ( 'NONE', #3488, .T. ) ;
#3155 = ORIENTED_EDGE ( 'NONE', *, *, #4883, .F. ) ;
#3156 = DIRECTION ( 'NONE',  ( 0.000000000000000000, 0.000000000000000000, 1.000000000000000000 ) ) ;
#3157 = ORIENTED_EDGE ( 'NONE', *, *, #3014, .F. ) ;
#3158 = CARTESIAN_POINT ( 'NONE',  ( -66.59445670572583253, 4.717998577795753157, -6.761230304006072167 ) ) ;
#3159 = ORIENTED_EDGE ( 'NONE', *, *, #4418, .T. ) ;
#3160 = EDGE_CURVE ( 'NONE', #2313, #4297, #575, .T. ) ;
#3161 = EDGE_CURVE ( 'NONE', #2946, #2162, #1612, .T. ) ;
#3162 = CARTESIAN_POINT ( 'NONE',  ( -60.04560449174972803, 12.50000000000000000, -6.761230304006072167 ) ) ;
#3163 = EDGE_LOOP ( 'NONE', ( #3155, #477 ) ) ;
#3164 = DIRECTION ( 'NONE',  ( -0.000000000000000000, 1.000000000000000000, 0.000000000000000000 ) ) ;
#3165 = EDGE_CURVE ( 'NONE', #1113, #350, #3942, .T. ) ;
#3166 = DIRECTION ( 'NONE',  ( -0.000000000000000000, 1.000000000000000000, -0.000000000000000000 ) ) ;
#3167 = CARTESIAN_POINT ( 'NONE',  ( 0.3149604477991956863, 8.250000000000000000, 22.43434452200543205 ) ) ;
#3168 = ORIENTED_EDGE ( 'NONE', *, *, #2926, .T. ) ;
#3169 = LINE ( 'NONE', #4368, #4145 ) ;
#3170 = CARTESIAN_POINT ( 'NONE',  ( 9.876295877967507408, 8.757473573018954127, -4.761230304006072167 ) ) ;
#3171 = CARTESIAN_POINT ( 'NONE',  ( -10.79999054116380997, -12.75000000000000000, 26.77397846476551280 ) ) ;
#3172 = VERTEX_POINT ( 'NONE', #1367 ) ;
#3173 = ORIENTED_EDGE ( 'NONE', *, *, #3410, .F. ) ;
#3174 = DIRECTION ( 'NONE',  ( 0.000000000000000000, -1.000000000000000000, 0.000000000000000000 ) ) ;
#3175 = CYLINDRICAL_SURFACE ( 'NONE', #2424, 2.420000000000000373 ) ;
#3176 = CARTESIAN_POINT ( 'NONE',  ( 3.469226652074590689, 12.50000000000000000, 6.828908360124231081 ) ) ;
#3177 = EDGE_LOOP ( 'NONE', ( #1289, #2521 ) ) ;
#3178 = DIRECTION ( 'NONE',  ( 0.000000000000000000, -0.000000000000000000, -1.000000000000000000 ) ) ;
#3179 = CIRCLE ( 'NONE', #2317, 1.600000000000000755 ) ;
#3180 = VERTEX_POINT ( 'NONE', #2526 ) ;
#3181 = EDGE_CURVE ( 'NONE', #647, #2049, #2870, .T. ) ;
#3182 = CARTESIAN_POINT ( 'NONE',  ( -50.38856591388922368, 7.483490513531148913, 27.73876969599392694 ) ) ;
#3183 = AXIS2_PLACEMENT_3D ( 'NONE', #1916, #3418, #4207 ) ;
#3184 = VERTEX_POINT ( 'NONE', #1768 ) ;
#3185 = CARTESIAN_POINT ( 'NONE',  ( -57.34344095995156465, 5.875000000000003553, -0.5000000000000000000 ) ) ;
#3186 = LINE ( 'NONE', #889, #2921 ) ;
#3187 = VERTEX_POINT ( 'NONE', #946 ) ;
#3188 = CIRCLE ( 'NONE', #2636, 3.350000000000001421 ) ;
#3189 = EDGE_CURVE ( 'NONE', #4208, #3876, #1321, .T. ) ;
#3190 = DIRECTION ( 'NONE',  ( 0.000000000000000000, 1.000000000000000000, 0.000000000000000000 ) ) ;
#3191 = PLANE ( 'NONE',  #3201 ) ;
#3192 = AXIS2_PLACEMENT_3D ( 'NONE', #3790, #1166, #3135 ) ;
#3193 = CARTESIAN_POINT ( 'NONE',  ( -53.99344095995156323, 5.875000000000003553, -0.8656554779945688782 ) ) ;
#3194 = ORIENTED_EDGE ( 'NONE', *, *, #4675, .T. ) ;
#3195 = EDGE_CURVE ( 'NONE', #3482, #2306, #3584, .T. ) ;
#3196 = EDGE_CURVE ( 'NONE', #2037, #286, #280, .T. ) ;
#3197 = AXIS2_PLACEMENT_3D ( 'NONE', #1357, #4680, #1309 ) ;
#3198 = DIRECTION ( 'NONE',  ( 0.000000000000000000, 0.000000000000000000, 1.000000000000000000 ) ) ;
#3199 = PLANE ( 'NONE',  #3127 ) ;
#3200 = FACE_OUTER_BOUND ( 'NONE', #3563, .T. ) ;
#3201 = AXIS2_PLACEMENT_3D ( 'NONE', #4040, #2047, #4745 ) ;
#3202 = ORIENTED_EDGE ( 'NONE', *, *, #330, .T. ) ;
#3203 = ORIENTED_EDGE ( 'NONE', *, *, #4008, .T. ) ;
#3204 = ORIENTED_EDGE ( 'NONE', *, *, #1968, .T. ) ;
#3205 = VECTOR ( 'NONE', #1353, 1000.000000000000000 ) ;
#3206 = AXIS2_PLACEMENT_3D ( 'NONE', #1034, #4507, #1110 ) ;
#3207 = CARTESIAN_POINT ( 'NONE',  ( -63.54560449174974224, 8.717998577795754045, -4.761230304006072167 ) ) ;
#3208 = DIRECTION ( 'NONE',  ( 0.000000000000000000, -1.000000000000000000, 0.000000000000000000 ) ) ;
#3209 = CARTESIAN_POINT ( 'NONE',  ( -53.99344095995156323, 8.750000000000000000, 22.13434452200543134 ) ) ;
#3210 = VERTEX_POINT ( 'NONE', #921 ) ;
#3211 = DIRECTION ( 'NONE',  ( -1.000000000000000000, -1.525498497872751877E-16, 0.000000000000000000 ) ) ;
#3212 = AXIS2_PLACEMENT_3D ( 'NONE', #2530, #654, #2148 ) ;
#3213 = ORIENTED_EDGE ( 'NONE', *, *, #4600, .T. ) ;
#3214 = DIRECTION ( 'NONE',  ( -0.000000000000000000, 1.000000000000000000, -0.000000000000000000 ) ) ;
#3215 = ORIENTED_EDGE ( 'NONE', *, *, #990, .F. ) ;
#3216 = VECTOR ( 'NONE', #1218, 1000.000000000000000 ) ;
#3217 = ORIENTED_EDGE ( 'NONE', *, *, #195, .T. ) ;
#3218 = CARTESIAN_POINT ( 'NONE',  ( 4.006559040048433218, 12.50000000000000000, 1.554344522005431495 ) ) ;
#3219 = CARTESIAN_POINT ( 'NONE',  ( -53.99344095995156323, 10.50000000000000000, -0.8656554779945688782 ) ) ;
#3220 = EDGE_CURVE ( 'NONE', #187, #3101, #2429, .T. ) ;
#3221 = EDGE_LOOP ( 'NONE', ( #90, #3700, #4812, #1800, #1557, #461, #4801 ) ) ;
#3222 = AXIS2_PLACEMENT_3D ( 'NONE', #3388, #2226, #1504 ) ;
#3223 = CARTESIAN_POINT ( 'NONE',  ( -65.47003059873777886, 4.735238934357180796, -3.761230304006072167 ) ) ;
#3224 = LINE ( 'NONE', #3272, #3604 ) ;
#3225 = CARTESIAN_POINT ( 'NONE',  ( 4.006559040048433218, 5.875000000000003553, 22.13434452200543134 ) ) ;
#3226 = EDGE_LOOP ( 'NONE', ( #2423, #2937, #2696, #4240 ) ) ;
#3227 = CARTESIAN_POINT ( 'NONE',  ( -50.64344095995156891, 5.875000000000003553, -0.5000000000000000000 ) ) ;
#3228 = DIRECTION ( 'NONE',  ( -0.000000000000000000, -0.000000000000000000, -1.000000000000000000 ) ) ;
#3229 = FACE_BOUND ( 'NONE', #3864, .T. ) ;
#3230 = EDGE_CURVE ( 'NONE', #835, #4316, #2787, .T. ) ;
#3231 = EDGE_CURVE ( 'NONE', #911, #563, #1826, .T. ) ;
#3232 = ORIENTED_EDGE ( 'NONE', *, *, #2408, .T. ) ;
#3233 = LINE ( 'NONE', #3131, #4562 ) ;
#3234 = ADVANCED_FACE ( 'NONE', ( #2193 ), #2923, .F. ) ;
#3235 = DIRECTION ( 'NONE',  ( -0.000000000000000000, 1.000000000000000000, -0.000000000000000000 ) ) ;
#3236 = DIRECTION ( 'NONE',  ( 0.000000000000000000, 1.000000000000000000, 0.000000000000000000 ) ) ;
#3237 = VERTEX_POINT ( 'NONE', #4444 ) ;
#3238 = PLANE ( 'NONE',  #2025 ) ;
#3239 = VECTOR ( 'NONE', #177, 1000.000000000000000 ) ;
#3240 = DIRECTION ( 'NONE',  ( 0.000000000000000000, 0.000000000000000000, 1.000000000000000000 ) ) ;
#3241 = EDGE_LOOP ( 'NONE', ( #3948, #4695, #4192, #1922 ) ) ;
#3242 = CARTESIAN_POINT ( 'NONE',  ( -53.99344095995156323, 5.875000000000003553, 22.13434452200543134 ) ) ;
#3243 = CARTESIAN_POINT ( 'NONE',  ( 0.000000000000000000, 8.250000000000000000, 0.000000000000000000 ) ) ;
#3244 = ORIENTED_EDGE ( 'NONE', *, *, #4051, .T. ) ;
#3245 = EDGE_LOOP ( 'NONE', ( #483, #2924, #4343, #1658 ) ) ;
#3246 = LINE ( 'NONE', #4465, #4785 ) ;
#3247 = DIRECTION ( 'NONE',  ( -0.000000000000000000, 1.000000000000000000, -0.000000000000000000 ) ) ;
#3248 = DIRECTION ( 'NONE',  ( 0.000000000000000000, 1.000000000000000000, 0.000000000000000000 ) ) ;
#3249 = ORIENTED_EDGE ( 'NONE', *, *, #330, .F. ) ;
#3250 = ADVANCED_FACE ( 'NONE', ( #1047 ), #2552, .F. ) ;
#3251 = CARTESIAN_POINT ( 'NONE',  ( 4.373379897422167595, 10.50000000000000000, 5.754192722360596868 ) ) ;
#3252 = DIRECTION ( 'NONE',  ( 0.000000000000000000, 0.000000000000000000, 1.000000000000000000 ) ) ;
#3253 = CARTESIAN_POINT ( 'NONE',  ( -10.79999054116380997, -3.250000000000000000, 0.000000000000000000 ) ) ;
#3254 = ORIENTED_EDGE ( 'NONE', *, *, #2288, .F. ) ;
#3255 = VERTEX_POINT ( 'NONE', #3170 ) ;
#3256 = EDGE_CURVE ( 'NONE', #4450, #4445, #3179, .T. ) ;
#3257 = EDGE_CURVE ( 'NONE', #4715, #799, #1651, .T. ) ;
#3258 = CARTESIAN_POINT ( 'NONE',  ( -20.19137825829315602, 7.159555455029352977, 35.00000000000000000 ) ) ;
#3259 = PLANE ( 'NONE',  #295 ) ;
#3260 = VERTEX_POINT ( 'NONE', #2779 ) ;
#3261 = CARTESIAN_POINT ( 'NONE',  ( -53.99344095995156323, 12.50000000000000000, -3.285655477994569473 ) ) ;
#3262 = EDGE_CURVE ( 'NONE', #3511, #2639, #736, .T. ) ;
#3263 = CARTESIAN_POINT ( 'NONE',  ( 1.182768845707224292, 5.181250000000004796, -0.3349138192549396820 ) ) ;
#3264 = VERTEX_POINT ( 'NONE', #457 ) ;
#3265 = FACE_OUTER_BOUND ( 'NONE', #3106, .T. ) ;
#3266 = DIRECTION ( 'NONE',  ( -0.8131104624267522230, 0.5821094191749117686, 0.000000000000000000 ) ) ;
#3267 = VECTOR ( 'NONE', #3476, 1000.000000000000000 ) ;
#3268 = ORIENTED_EDGE ( 'NONE', *, *, #750, .F. ) ;
#3269 = ORIENTED_EDGE ( 'NONE', *, *, #1999, .T. ) ;
#3270 = CARTESIAN_POINT ( 'NONE',  ( -51.19311627875442383, 8.567453508431418285, 23.43434452200543205 ) ) ;
#3271 = VECTOR ( 'NONE', #533, 1000.000000000000000 ) ;
#3272 = CARTESIAN_POINT ( 'NONE',  ( -53.49344095995156323, 10.50000000000000000, 16.15947316483460128 ) ) ;
#3273 = CARTESIAN_POINT ( 'NONE',  ( -57.32998108409214666, 10.50000000000000000, 22.43434452200543205 ) ) ;
#3274 = VECTOR ( 'NONE', #1037, 1000.000000000000000 ) ;
#3275 = ORIENTED_EDGE ( 'NONE', *, *, #4467, .T. ) ;
#3276 = VECTOR ( 'NONE', #4867, 1000.000000000000000 ) ;
#3277 = CARTESIAN_POINT ( 'NONE',  ( 7.852138378250272943, 10.50000000000000000, -3.261230304006073055 ) ) ;
#3278 = LINE ( 'NONE', #632, #4643 ) ;
#3279 = ORIENTED_EDGE ( 'NONE', *, *, #4225, .T. ) ;
#3280 = EDGE_CURVE ( 'NONE', #3296, #2767, #1981, .T. ) ;
#3281 = ORIENTED_EDGE ( 'NONE', *, *, #1771, .F. ) ;
#3282 = CIRCLE ( 'NONE', #3680, 3.499999999999999556 ) ;
#3283 = VECTOR ( 'NONE', #1767, 1000.000000000000114 ) ;
#3284 = PLANE ( 'NONE',  #1079 ) ;
#3285 = DIRECTION ( 'NONE',  ( -1.000000000000000000, 0.000000000000000000, 0.000000000000000000 ) ) ;
#3286 = VERTEX_POINT ( 'NONE', #856 ) ;
#3287 = DIRECTION ( 'NONE',  ( 0.000000000000000000, 0.000000000000000000, 1.000000000000000000 ) ) ;
#3288 = VECTOR ( 'NONE', #264, 1000.000000000000000 ) ;
#3289 = VECTOR ( 'NONE', #1300, 1000.000000000000000 ) ;
#3290 = CARTESIAN_POINT ( 'NONE',  ( -3.354722767708484987, 11.19375000000000142, -2.122092213630484281 ) ) ;
#3291 = VERTEX_POINT ( 'NONE', #3098 ) ;
#3292 = CIRCLE ( 'NONE', #2418, 0.5000000000000004441 ) ;
#3293 = PLANE ( 'NONE',  #2269 ) ;
#3294 = CARTESIAN_POINT ( 'NONE',  ( 4.006559040048433218, 5.875000000000003553, 22.13434452200543134 ) ) ;
#3295 = VECTOR ( 'NONE', #36, 1000.000000000000000 ) ;
#3296 = VERTEX_POINT ( 'NONE', #4697 ) ;
#3297 = EDGE_CURVE ( 'NONE', #4270, #3977, #2708, .T. ) ;
#3298 = EDGE_CURVE ( 'NONE', #252, #296, #3924, .T. ) ;
#3299 = EDGE_LOOP ( 'NONE', ( #2959, #1979, #3121, #4438, #2108, #1053 ) ) ;
#3300 = AXIS2_PLACEMENT_3D ( 'NONE', #2817, #940, #2114 ) ;
#3301 = CARTESIAN_POINT ( 'NONE',  ( -53.49344095995156323, 5.875000000000003553, 19.58434452200542708 ) ) ;
#3302 = CYLINDRICAL_SURFACE ( 'NONE', #4340, 1.500000000000000000 ) ;
#3303 = CARTESIAN_POINT ( 'NONE',  ( 4.006559040048433218, 12.50000000000000000, 22.13434452200543134 ) ) ;
#3304 = CIRCLE ( 'NONE', #3853, 3.500000000000000000 ) ;
#3305 = ORIENTED_EDGE ( 'NONE', *, *, #4351, .T. ) ;
#3306 = VECTOR ( 'NONE', #322, 1000.000000000000000 ) ;
#3307 = CARTESIAN_POINT ( 'NONE',  ( 4.506559040048433218, 10.50000000000000000, 18.82186810699505486 ) ) ;
#3308 = PLANE ( 'NONE',  #3212 ) ;
#3309 = ORIENTED_EDGE ( 'NONE', *, *, #472, .F. ) ;
#3310 = EDGE_CURVE ( 'NONE', #3667, #4134, #4249, .T. ) ;
#3311 = CARTESIAN_POINT ( 'NONE',  ( -61.54560449174972803, 7.159555455029353865, 27.73876969599392694 ) ) ;
#3312 = DIRECTION ( 'NONE',  ( -1.000000000000000000, 0.000000000000000000, 0.000000000000000000 ) ) ;
#3313 = EDGE_LOOP ( 'NONE', ( #662, #1440, #1368, #590 ) ) ;
#3314 = DIRECTION ( 'NONE',  ( -0.000000000000000000, 1.000000000000000000, 0.000000000000000000 ) ) ;
#3315 = CARTESIAN_POINT ( 'NONE',  ( 4.006559040048433218, 5.875000000000003553, 20.78434452200542992 ) ) ;
#3316 = ORIENTED_EDGE ( 'NONE', *, *, #2987, .T. ) ;
#3317 = DIRECTION ( 'NONE',  ( 0.000000000000000000, 0.000000000000000000, -1.000000000000000000 ) ) ;
#3318 = ORIENTED_EDGE ( 'NONE', *, *, #3504, .F. ) ;
#3319 = CARTESIAN_POINT ( 'NONE',  ( -11.99651859791751818, 6.659555455029353865, 27.73876969599392694 ) ) ;
#3320 = ORIENTED_EDGE ( 'NONE', *, *, #4439, .F. ) ;
#3321 = DIRECTION ( 'NONE',  ( -0.000000000000000000, -1.000000000000000000, -0.000000000000000000 ) ) ;
#3322 = ADVANCED_FACE ( 'NONE', ( #1199 ), #4219, .T. ) ;
#3323 = EDGE_CURVE ( 'NONE', #544, #3025, #431, .T. ) ;
#3324 = FACE_OUTER_BOUND ( 'NONE', #1001, .T. ) ;
#3325 = DIRECTION ( 'NONE',  ( -0.000000000000000000, 1.000000000000000000, -0.000000000000000000 ) ) ;
#3326 = EDGE_LOOP ( 'NONE', ( #4371, #435, #1260, #1334, #1025, #1042, #1596, #2730, #2683, #3168, #4308, #3202 ) ) ;
#3327 = EDGE_CURVE ( 'NONE', #4450, #1694, #3825, .T. ) ;
#3328 = CARTESIAN_POINT ( 'NONE',  ( -38.60223981824245953, -3.250000000000000000, 26.71994397445526204 ) ) ;
#3329 = CARTESIAN_POINT ( 'NONE',  ( -67.07003059873778739, 4.735238934357180796, -6.761230304006072167 ) ) ;
#3330 = DIRECTION ( 'NONE',  ( 1.000000000000000000, 0.000000000000000000, 0.000000000000000000 ) ) ;
#3331 = VERTEX_POINT ( 'NONE', #3078 ) ;
#3332 = ORIENTED_EDGE ( 'NONE', *, *, #2224, .F. ) ;
#3333 = DIRECTION ( 'NONE',  ( 0.000000000000000000, 0.000000000000000000, 1.000000000000000000 ) ) ;
#3334 = LINE ( 'NONE', #2909, #2820 ) ;
#3335 = VERTEX_POINT ( 'NONE', #3126 ) ;
#3336 = FACE_OUTER_BOUND ( 'NONE', #513, .T. ) ;
#3337 = DIRECTION ( 'NONE',  ( -0.000000000000000000, -0.8036448296316399675, 0.5951092234256939451 ) ) ;
#3338 = EDGE_LOOP ( 'NONE', ( #4382, #4601, #3827, #2756, #3404, #646, #129, #2368, #1610, #3434, #902, #1153 ) ) ;
#3339 = DIRECTION ( 'NONE',  ( 0.000000000000000000, 0.000000000000000000, -1.000000000000000000 ) ) ;
#3340 =( LENGTH_UNIT ( ) NAMED_UNIT ( * ) SI_UNIT ( .MILLI., .METRE. ) );
#3341 = ORIENTED_EDGE ( 'NONE', *, *, #1539, .F. ) ;
#3342 = DIRECTION ( 'NONE',  ( 1.156482317317870344E-15, 0.000000000000000000, 1.000000000000000000 ) ) ;
#3343 = ORIENTED_EDGE ( 'NONE', *, *, #749, .T. ) ;
#3344 = ADVANCED_FACE ( 'NONE', ( #4652 ), #1253, .T. ) ;
#3345 = CIRCLE ( 'NONE', #2550, 1.500000000000000000 ) ;
#3346 = CARTESIAN_POINT ( 'NONE',  ( 4.006559040048433218, 8.000000000000000000, 22.13434452200543134 ) ) ;
#3347 = AXIS2_PLACEMENT_3D ( 'NONE', #678, #3325, #3698 ) ;
#3348 = CARTESIAN_POINT ( 'NONE',  ( -53.99344095995156323, 8.000000000000000000, -0.8656554779945688782 ) ) ;
#3349 = ORIENTED_EDGE ( 'NONE', *, *, #1041, .T. ) ;
#3350 = EDGE_CURVE ( 'NONE', #3291, #3264, #162, .T. ) ;
#3351 = VECTOR ( 'NONE', #3571, 1000.000000000000000 ) ;
#3352 = CARTESIAN_POINT ( 'NONE',  ( 16.17660255292402738, 4.735238934357184348, -6.761230304006072167 ) ) ;
#3353 = AXIS2_PLACEMENT_3D ( 'NONE', #3158, #1211, #2721 ) ;
#3354 = CARTESIAN_POINT ( 'NONE',  ( 3.647571787580841995, 5.875000000000003553, 3.269951672287242594 ) ) ;
#3355 = FACE_OUTER_BOUND ( 'NONE', #1363, .T. ) ;
#3356 = ORIENTED_EDGE ( 'NONE', *, *, #845, .T. ) ;
#3357 = EDGE_CURVE ( 'NONE', #4053, #2888, #268, .T. ) ;
#3358 = EDGE_CURVE ( 'NONE', #3210, #1409, #1060, .T. ) ;
#3359 = AXIS2_PLACEMENT_3D ( 'NONE', #2491, #3585, #4839 ) ;
#3360 = CARTESIAN_POINT ( 'NONE',  ( 4.006559040048433218, 8.549883839852032708, 18.78434452200542992 ) ) ;
#3361 = DIRECTION ( 'NONE',  ( -1.000000000000000000, 0.000000000000000000, 0.000000000000000000 ) ) ;
#3362 = CIRCLE ( 'NONE', #3192, 0.5000000000000004441 ) ;
#3363 = ORIENTED_EDGE ( 'NONE', *, *, #4720, .F. ) ;
#3364 = DIRECTION ( 'NONE',  ( 1.000000000000000000, 2.156417553693440290E-16, -0.000000000000000000 ) ) ;
#3365 = AXIS2_PLACEMENT_3D ( 'NONE', #1860, #4860, #338 ) ;
#3366 = ORIENTED_EDGE ( 'NONE', *, *, #3891, .F. ) ;
#3367 = DIRECTION ( 'NONE',  ( -0.000000000000000000, 1.000000000000000000, -0.000000000000000000 ) ) ;
#3368 = PLANE ( 'NONE',  #2508 ) ;
#3369 = ORIENTED_EDGE ( 'NONE', *, *, #960, .T. ) ;
#3370 = CARTESIAN_POINT ( 'NONE',  ( 0.3149604477991956308, 8.250000000000000000, 23.43434452200543205 ) ) ;
#3371 = VECTOR ( 'NONE', #1578, 1000.000000000000114 ) ;
#3372 = CARTESIAN_POINT ( 'NONE',  ( -11.99651859791752173, 5.271975420897883957, 26.77397846476551280 ) ) ;
#3373 = AXIS2_PLACEMENT_3D ( 'NONE', #3079, #3781, #757 ) ;
#3374 = VECTOR ( 'NONE', #3495, 1000.000000000000000 ) ;
#3375 = EDGE_CURVE ( 'NONE', #2366, #499, #1212, .T. ) ;
#3376 = DIRECTION ( 'NONE',  ( -0.000000000000000000, 1.000000000000000000, -0.000000000000000000 ) ) ;
#3377 = ORIENTED_EDGE ( 'NONE', *, *, #2435, .T. ) ;
#3378 = AXIS2_PLACEMENT_3D ( 'NONE', #928, #2433, #951 ) ;
#3379 = VECTOR ( 'NONE', #820, 1000.000000000000000 ) ;
#3380 = DIRECTION ( 'NONE',  ( 0.000000000000000000, 0.000000000000000000, 1.000000000000000000 ) ) ;
#3381 = CARTESIAN_POINT ( 'NONE',  ( 4.006559040048433218, 5.875000000000003553, 22.13434452200543134 ) ) ;
#3382 = CARTESIAN_POINT ( 'NONE',  ( -21.38836543812355373, 8.250000000000000000, 26.77397846476551280 ) ) ;
#3383 = VERTEX_POINT ( 'NONE', #4196 ) ;
#3384 = VERTEX_POINT ( 'NONE', #801 ) ;
#3385 = EDGE_CURVE ( 'NONE', #488, #4550, #2311, .T. ) ;
#3386 = EDGE_CURVE ( 'NONE', #2752, #2295, #1418, .T. ) ;
#3387 = CARTESIAN_POINT ( 'NONE',  ( 3.469226652074589801, 10.50000000000000000, -4.193319939474274181E-16 ) ) ;
#3388 = CARTESIAN_POINT ( 'NONE',  ( -51.60056723113756760, 8.750000000000000000, 16.72284629709940162 ) ) ;
#3389 = EDGE_LOOP ( 'NONE', ( #4141, #3939, #1776, #1470 ) ) ;
#3390 = DIRECTION ( 'NONE',  ( -2.156417553693440290E-16, 1.000000000000000000, 0.000000000000000000 ) ) ;
#3391 = EDGE_CURVE ( 'NONE', #3591, #3856, #2949, .T. ) ;
#3392 = ORIENTED_EDGE ( 'NONE', *, *, #2973, .T. ) ;
#3393 = DIRECTION ( 'NONE',  ( 1.000000000000000000, 0.000000000000000000, 0.000000000000000000 ) ) ;
#3394 = DIRECTION ( 'NONE',  ( 7.767418549149877508E-16, 0.000000000000000000, 1.000000000000000000 ) ) ;
#3395 = VERTEX_POINT ( 'NONE', #1022 ) ;
#3396 = FACE_OUTER_BOUND ( 'NONE', #198, .T. ) ;
#3397 = DIRECTION ( 'NONE',  ( -0.000000000000000000, -1.000000000000000000, -0.000000000000000000 ) ) ;
#3398 = CARTESIAN_POINT ( 'NONE',  ( -53.99344095995156323, 8.000000000000000000, 24.55434452200543305 ) ) ;
#3399 = EDGE_LOOP ( 'NONE', ( #604, #73, #1630, #276 ) ) ;
#3400 = AXIS2_PLACEMENT_3D ( 'NONE', #2723, #4235, #2750 ) ;
#3401 = CARTESIAN_POINT ( 'NONE',  ( -53.99344095995156323, 5.875000000000003553, 23.48434452200542921 ) ) ;
#3402 = CARTESIAN_POINT ( 'NONE',  ( -51.60056723113756760, 5.875000000000003553, 19.78984983914692819 ) ) ;
#3403 = DIRECTION ( 'NONE',  ( 0.000000000000000000, -0.000000000000000000, 1.000000000000000000 ) ) ;
#3404 = ORIENTED_EDGE ( 'NONE', *, *, #755, .T. ) ;
#3405 = EDGE_CURVE ( 'NONE', #742, #1070, #3246, .T. ) ;
#3406 = DIRECTION ( 'NONE',  ( 6.186460420561288263E-17, -3.480583175594251401E-32, 1.000000000000000000 ) ) ;
#3407 = DIRECTION ( 'NONE',  ( -1.000000000000000000, 0.000000000000000000, 0.000000000000000000 ) ) ;
#3408 = ORIENTED_EDGE ( 'NONE', *, *, #4185, .F. ) ;
#3409 = CARTESIAN_POINT ( 'NONE',  ( 0.000000000000000000, 0.000000000000000000, 0.000000000000000000 ) ) ;
#3410 = EDGE_CURVE ( 'NONE', #1711, #296, #3696, .T. ) ;
#3411 = ORIENTED_EDGE ( 'NONE', *, *, #3929, .F. ) ;
#3412 = CARTESIAN_POINT ( 'NONE',  ( 3.506559040048433218, 0.000000000000000000, 0.000000000000000000 ) ) ;
#3413 = CYLINDRICAL_SURFACE ( 'NONE', #3666, 1.600000000000002531 ) ;
#3414 = EDGE_LOOP ( 'NONE', ( #972, #1801, #22, #261 ) ) ;
#3415 = DIRECTION ( 'NONE',  ( -0.000000000000000000, 1.000000000000000000, 0.000000000000000000 ) ) ;
#3416 = EDGE_CURVE ( 'NONE', #4778, #3187, #188, .T. ) ;
#3417 = ORIENTED_EDGE ( 'NONE', *, *, #407, .T. ) ;
#3418 = DIRECTION ( 'NONE',  ( 0.000000000000000000, 1.000000000000000000, 0.000000000000000000 ) ) ;
#3419 = CARTESIAN_POINT ( 'NONE',  ( 3.469226652095421137, 5.875000000000003553, 3.240970280215258903 ) ) ;
#3420 = ORIENTED_EDGE ( 'NONE', *, *, #4541, .T. ) ;
#3421 = ORIENTED_EDGE ( 'NONE', *, *, #3462, .T. ) ;
#3422 = FACE_OUTER_BOUND ( 'NONE', #3042, .T. ) ;
#3423 = PLANE ( 'NONE',  #135 ) ;
#3424 = CARTESIAN_POINT ( 'NONE',  ( 0.000000000000000000, 10.50000000000000000, 0.000000000000000000 ) ) ;
#3425 = AXIS2_PLACEMENT_3D ( 'NONE', #4066, #70, #1577 ) ;
#3426 = VERTEX_POINT ( 'NONE', #2944 ) ;
#3427 = ORIENTED_EDGE ( 'NONE', *, *, #4795, .F. ) ;
#3428 = PLANE ( 'NONE',  #2249 ) ;
#3429 = VECTOR ( 'NONE', #1492, 1000.000000000000000 ) ;
#3430 = PLANE ( 'NONE',  #997 ) ;
#3431 = EDGE_CURVE ( 'NONE', #547, #2692, #1795, .T. ) ;
#3432 = ORIENTED_EDGE ( 'NONE', *, *, #2800, .T. ) ;
#3433 = CARTESIAN_POINT ( 'NONE',  ( -2.827916956681465699, 10.50000000000000000, 23.43434452200543205 ) ) ;
#3434 = ORIENTED_EDGE ( 'NONE', *, *, #3882, .T. ) ;
#3435 = AXIS2_PLACEMENT_3D ( 'NONE', #1645, #523, #3494 ) ;
#3436 = EDGE_LOOP ( 'NONE', ( #2871, #1459, #486, #1977 ) ) ;
#3437 = CARTESIAN_POINT ( 'NONE',  ( 4.006559040048433218, 5.875000000000003553, 20.78434452200542992 ) ) ;
#3438 = CYLINDRICAL_SURFACE ( 'NONE', #3778, 3.350000000000002309 ) ;
#3439 = ORIENTED_EDGE ( 'NONE', *, *, #2354, .F. ) ;
#3440 = CARTESIAN_POINT ( 'NONE',  ( 0.6765129202228187255, 5.875000000000003553, 0.3356941635148227299 ) ) ;
#3441 = FACE_OUTER_BOUND ( 'NONE', #1194, .T. ) ;
#3442 = EDGE_CURVE ( 'NONE', #118, #410, #1743, .T. ) ;
#3443 = EDGE_CURVE ( 'NONE', #3977, #252, #4018, .T. ) ;
#3444 = DIRECTION ( 'NONE',  ( -0.000000000000000000, -0.000000000000000000, -1.000000000000000000 ) ) ;
#3445 = ORIENTED_EDGE ( 'NONE', *, *, #4173, .F. ) ;
#3446 = VECTOR ( 'NONE', #189, 1000.000000000000000 ) ;
#3447 = CIRCLE ( 'NONE', #2495, 0.5000000000000004441 ) ;
#3448 = LINE ( 'NONE', #496, #2041 ) ;
#3449 = CARTESIAN_POINT ( 'NONE',  ( -56.80620536528137876, 5.875000000000003553, 22.43434452200543205 ) ) ;
#3450 = DIRECTION ( 'NONE',  ( 0.000000000000000000, 0.000000000000000000, 1.000000000000000000 ) ) ;
#3451 = AXIS2_PLACEMENT_3D ( 'NONE', #4220, #827, #2341 ) ;
#3452 = EDGE_LOOP ( 'NONE', ( #1986, #4806, #166, #784 ) ) ;
#3453 = DIRECTION ( 'NONE',  ( 0.000000000000000000, 0.000000000000000000, -1.000000000000000000 ) ) ;
#3454 = AXIS2_PLACEMENT_3D ( 'NONE', #2160, #3642, #2728 ) ;
#3455 = CARTESIAN_POINT ( 'NONE',  ( -13.22804947384475760, 4.040444544970648089, 35.00000000000000000 ) ) ;
#3456 = CARTESIAN_POINT ( 'NONE',  ( 4.006559040048433218, 5.875000000000003553, -0.8656554779945688782 ) ) ;
#3457 = ORIENTED_EDGE ( 'NONE', *, *, #570, .F. ) ;
#3458 = CARTESIAN_POINT ( 'NONE',  ( -53.99344095995156323, 12.50000000000000000, 22.13434452200543134 ) ) ;
#3459 = CIRCLE ( 'NONE', #1324, 2.419999999999998597 ) ;
#3460 = ORIENTED_EDGE ( 'NONE', *, *, #49, .F. ) ;
#3461 = VERTEX_POINT ( 'NONE', #2189 ) ;
#3462 = EDGE_CURVE ( 'NONE', #2574, #929, #277, .T. ) ;
#3463 = ORIENTED_EDGE ( 'NONE', *, *, #26, .F. ) ;
#3464 = DIRECTION ( 'NONE',  ( 1.000000000000000000, 0.000000000000000000, -0.000000000000000000 ) ) ;
#3465 = DIRECTION ( 'NONE',  ( 2.156417553693440290E-16, -1.000000000000000000, 0.000000000000000000 ) ) ;
#3466 = ORIENTED_EDGE ( 'NONE', *, *, #2235, .T. ) ;
#3467 = FACE_OUTER_BOUND ( 'NONE', #4414, .T. ) ;
#3468 = DIRECTION ( 'NONE',  ( 0.000000000000000000, -0.000000000000000000, 1.000000000000000000 ) ) ;
#3469 = DIRECTION ( 'NONE',  ( 0.7030546926580765188, 0.7111357810794345369, 0.000000000000000000 ) ) ;
#3470 = CIRCLE ( 'NONE', #387, 0.5000000000000004441 ) ;
#3471 = ORIENTED_EDGE ( 'NONE', *, *, #4787, .T. ) ;
#3472 = EDGE_CURVE ( 'NONE', #1020, #3286, #4416, .T. ) ;
#3473 = EDGE_CURVE ( 'NONE', #3958, #4611, #2548, .T. ) ;
#3474 = FACE_OUTER_BOUND ( 'NONE', #4, .T. ) ;
#3475 = LINE ( 'NONE', #3449, #4814 ) ;
#3476 = DIRECTION ( 'NONE',  ( 0.000000000000000000, 1.000000000000000000, 0.000000000000000000 ) ) ;
#3477 = ORIENTED_EDGE ( 'NONE', *, *, #79, .F. ) ;
#3478 = EDGE_CURVE ( 'NONE', #2049, #275, #4767, .T. ) ;
#3479 = CARTESIAN_POINT ( 'NONE',  ( 0.9190843437958448048, 8.250000000000000000, 23.43434452200543205 ) ) ;
#3480 = DIRECTION ( 'NONE',  ( 1.000000000000000000, 0.000000000000000000, 0.000000000000000000 ) ) ;
#3481 = DIRECTION ( 'NONE',  ( -0.8131104624267522230, 0.5821094191749117686, 0.000000000000000000 ) ) ;
#3482 = VERTEX_POINT ( 'NONE', #4390 ) ;
#3483 = LINE ( 'NONE', #829, #1787 ) ;
#3484 = ORIENTED_EDGE ( 'NONE', *, *, #3578, .F. ) ;
#3485 = ORIENTED_EDGE ( 'NONE', *, *, #1689, .T. ) ;
#3486 = CARTESIAN_POINT ( 'NONE',  ( -38.60223981824245953, 8.750000000000000000, 26.71994397445526204 ) ) ;
#3487 = CARTESIAN_POINT ( 'NONE',  ( 0.9475583673738698920, 5.875000000000003553, 0.4999999999999998890 ) ) ;
#3488 = EDGE_LOOP ( 'NONE', ( #2345, #2884, #1272, #793, #225, #1882, #3279, #3204, #4125, #2616, #962, #1670, #884 ) ) ;
#3489 = CARTESIAN_POINT ( 'NONE',  ( -60.04560449174972803, 10.50000000000000000, 23.43434452200543205 ) ) ;
#3490 = LINE ( 'NONE', #3138, #4789 ) ;
#3491 = LINE ( 'NONE', #104, #390 ) ;
#3492 = EDGE_CURVE ( 'NONE', #3005, #4666, #3669, .T. ) ;
#3493 = ORIENTED_EDGE ( 'NONE', *, *, #1708, .F. ) ;
#3494 = DIRECTION ( 'NONE',  ( 0.000000000000000000, -0.000000000000000000, 1.000000000000000000 ) ) ;
#3495 = DIRECTION ( 'NONE',  ( 0.000000000000000000, 0.000000000000000000, -1.000000000000000000 ) ) ;
#3496 = CARTESIAN_POINT ( 'NONE',  ( -70.59445670572583253, 4.713004295695412793, -3.761230304006072167 ) ) ;
#3497 = VERTEX_POINT ( 'NONE', #4824 ) ;
#3498 = VECTOR ( 'NONE', #3611, 1000.000000000000227 ) ;
#3499 = DIRECTION ( 'NONE',  ( 1.000000000000000000, 0.000000000000000000, 0.000000000000000000 ) ) ;
#3500 = DIRECTION ( 'NONE',  ( 0.000000000000000000, 1.000000000000000000, 0.000000000000000000 ) ) ;
#3501 = VECTOR ( 'NONE', #4669, 1000.000000000000000 ) ;
#3502 = DIRECTION ( 'NONE',  ( 0.000000000000000000, -0.000000000000000000, 1.000000000000000000 ) ) ;
#3503 = EDGE_CURVE ( 'NONE', #2842, #3384, #1045, .T. ) ;
#3504 = EDGE_CURVE ( 'NONE', #2295, #2136, #4797, .T. ) ;
#3505 = EDGE_LOOP ( 'NONE', ( #1606, #3024, #2547, #695 ) ) ;
#3506 = AXIS2_PLACEMENT_3D ( 'NONE', #29, #3397, #3067 ) ;
#3507 = ORIENTED_EDGE ( 'NONE', *, *, #4720, .T. ) ;
#3508 = LINE ( 'NONE', #2763, #1168 ) ;
#3509 = LINE ( 'NONE', #4732, #3017 ) ;
#3510 = VECTOR ( 'NONE', #3957, 1000.000000000000000 ) ;
#3511 = VERTEX_POINT ( 'NONE', #1365 ) ;
#3512 = CARTESIAN_POINT ( 'NONE',  ( -63.54560449174972803, 12.50000000000000000, 24.23876969599391984 ) ) ;
#3513 = ORIENTED_EDGE ( 'NONE', *, *, #2501, .T. ) ;
#3514 = DIRECTION ( 'NONE',  ( 1.000000000000000000, 0.000000000000000000, 0.000000000000000000 ) ) ;
#3515 = VECTOR ( 'NONE', #1291, 1000.000000000000000 ) ;
#3516 = CARTESIAN_POINT ( 'NONE',  ( 4.375071239211007601, 5.874999999999344524, 3.268912810031840976 ) ) ;
#3517 = VECTOR ( 'NONE', #292, 1000.000000000000000 ) ;
#3518 = EDGE_LOOP ( 'NONE', ( #3134, #337, #2395 ) ) ;
#3519 = CARTESIAN_POINT ( 'NONE',  ( -57.32998108409214666, 5.875000000000003553, 22.43434452200543205 ) ) ;
#3520 = EDGE_CURVE ( 'NONE', #4492, #1403, #4742, .T. ) ;
#3521 = CARTESIAN_POINT ( 'NONE',  ( 0.000000000000000000, 10.50000000000000000, 2.317690357242517596 ) ) ;
#3522 = PLANE ( 'NONE',  #263 ) ;
#3523 = ORIENTED_EDGE ( 'NONE', *, *, #4216, .F. ) ;
#3524 = CARTESIAN_POINT ( 'NONE',  ( -39.29572938337270926, 4.966867144221086328, 27.73876969599392694 ) ) ;
#3525 = DIRECTION ( 'NONE',  ( 0.000000000000000000, 0.000000000000000000, 1.000000000000000000 ) ) ;
#3526 = AXIS2_PLACEMENT_3D ( 'NONE', #1592, #1216, #1191 ) ;
#3527 = CARTESIAN_POINT ( 'NONE',  ( -46.64434067419821162, 10.50000000000000000, 23.43434452200543205 ) ) ;
#3528 = ORIENTED_EDGE ( 'NONE', *, *, #1722, .F. ) ;
#3529 = VECTOR ( 'NONE', #403, 1000.000000000000000 ) ;
#3530 = EDGE_CURVE ( 'NONE', #4053, #2459, #1441, .T. ) ;
#3531 = EDGE_CURVE ( 'NONE', #1711, #1661, #1342, .T. ) ;
#3532 = PLANE ( 'NONE',  #2260 ) ;
#3533 = LINE ( 'NONE', #4376, #3058 ) ;
#3534 = LINE ( 'NONE', #2036, #4688 ) ;
#3535 = ORIENTED_EDGE ( 'NONE', *, *, #16, .T. ) ;
#3536 = FACE_BOUND ( 'NONE', #3889, .T. ) ;
#3537 = AXIS2_PLACEMENT_3D ( 'NONE', #3035, #2695, #52 ) ;
#3538 = ORIENTED_EDGE ( 'NONE', *, *, #383, .F. ) ;
#3539 = EDGE_CURVE ( 'NONE', #698, #2593, #969, .T. ) ;
#3540 = CARTESIAN_POINT ( 'NONE',  ( -53.99344095995156323, 5.875000000000003553, -0.8656554779945688782 ) ) ;
#3541 = ORIENTED_EDGE ( 'NONE', *, *, #1631, .F. ) ;
#3542 = CARTESIAN_POINT ( 'NONE',  ( 6.352138378250272055, -3.250000000000000000, 25.73876969599392694 ) ) ;
#3543 = ORIENTED_EDGE ( 'NONE', *, *, #1900, .T. ) ;
#3544 = CARTESIAN_POINT ( 'NONE',  ( -57.05244163262612744, 10.50000000000000000, 0.5000000000000000000 ) ) ;
#3545 = LINE ( 'NONE', #2093, #4480 ) ;
#3546 = CARTESIAN_POINT ( 'NONE',  ( -57.32342535502199610, 10.50000000000000000, -0.5000000000000000000 ) ) ;
#3547 = EDGE_LOOP ( 'NONE', ( #1423, #3523, #2676, #2484, #1417 ) ) ;
#3548 = FACE_OUTER_BOUND ( 'NONE', #1586, .T. ) ;
#3549 = DIRECTION ( 'NONE',  ( -1.000000000000000000, -1.525498497872751877E-16, 0.000000000000000000 ) ) ;
#3550 = DIRECTION ( 'NONE',  ( 0.000000000000000000, 1.000000000000000000, 0.000000000000000000 ) ) ;
#3551 = VECTOR ( 'NONE', #1566, 1000.000000000000000 ) ;
#3552 = ORIENTED_EDGE ( 'NONE', *, *, #4629, .T. ) ;
#3553 = EDGE_CURVE ( 'NONE', #251, #4367, #873, .T. ) ;
#3554 = ORIENTED_EDGE ( 'NONE', *, *, #2409, .F. ) ;
#3555 = CIRCLE ( 'NONE', #2996, 1.350000000000000533 ) ;
#3556 = DIRECTION ( 'NONE',  ( -0.000000000000000000, 1.000000000000000000, -0.000000000000000000 ) ) ;
#3557 = FACE_OUTER_BOUND ( 'NONE', #46, .T. ) ;
#3558 = CARTESIAN_POINT ( 'NONE',  ( -20.19137825829315602, 6.659555455029353865, 26.77397846476551280 ) ) ;
#3559 = ORIENTED_EDGE ( 'NONE', *, *, #2, .F. ) ;
#3560 = CARTESIAN_POINT ( 'NONE',  ( 4.553332877239092191, 5.875000000000003553, -0.8656554779945689893 ) ) ;
#3561 = EDGE_CURVE ( 'NONE', #266, #222, #3026, .T. ) ;
#3562 = CARTESIAN_POINT ( 'NONE',  ( -53.99344095995156323, 10.50000000000000000, -0.8656554779945688782 ) ) ;
#3563 = EDGE_LOOP ( 'NONE', ( #2662, #3471, #2073, #4582, #4790, #2681, #1674, #3871, #1337, #1302, #4712, #2254, #4522, #411, #339, #2042, #401, #1521 ) ) ;
#3564 = DIRECTION ( 'NONE',  ( -1.000000000000000000, 0.000000000000000000, 0.000000000000000000 ) ) ;
#3565 = CYLINDRICAL_SURFACE ( 'NONE', #2367, 1.350000000000000533 ) ;
#3566 = EDGE_CURVE ( 'NONE', #1020, #410, #1372, .T. ) ;
#3567 = EDGE_CURVE ( 'NONE', #2344, #4367, #2300, .T. ) ;
#3568 = ORIENTED_EDGE ( 'NONE', *, *, #3531, .F. ) ;
#3569 = CARTESIAN_POINT ( 'NONE',  ( -66.59445670572583253, 4.717998577795753157, -3.761230304006072167 ) ) ;
#3570 = LINE ( 'NONE', #627, #515 ) ;
#3571 = DIRECTION ( 'NONE',  ( -1.000000000000000000, 0.000000000000000000, 0.000000000000000000 ) ) ;
#3572 = ORIENTED_EDGE ( 'NONE', *, *, #692, .T. ) ;
#3573 = LINE ( 'NONE', #184, #1939 ) ;
#3574 = DIRECTION ( 'NONE',  ( 1.000000000000000000, 0.000000000000000000, 0.000000000000000000 ) ) ;
#3575 = CARTESIAN_POINT ( 'NONE',  ( -39.29572938337270926, 7.983490513531148913, 26.71994397445526204 ) ) ;
#3576 = ORIENTED_EDGE ( 'NONE', *, *, #4446, .T. ) ;
#3577 = ORIENTED_EDGE ( 'NONE', *, *, #3614, .T. ) ;
#3578 = EDGE_CURVE ( 'NONE', #2037, #4334, #2244, .T. ) ;
#3579 = CARTESIAN_POINT ( 'NONE',  ( 4.506559040048433218, 10.50000000000000000, 16.11449525870471433 ) ) ;
#3580 = DIRECTION ( 'NONE',  ( -0.000000000000000000, -1.000000000000000000, -0.000000000000000000 ) ) ;
#3581 = FACE_OUTER_BOUND ( 'NONE', #3600, .T. ) ;
#3582 = ORIENTED_EDGE ( 'NONE', *, *, #1027, .T. ) ;
#3583 = DIRECTION ( 'NONE',  ( 0.000000000000000000, 0.000000000000000000, -1.000000000000000000 ) ) ;
#3584 = CIRCLE ( 'NONE', #30, 2.420000000000000817 ) ;
#3585 = DIRECTION ( 'NONE',  ( -0.7071067811865477948, 0.7071067811865473507, 0.000000000000000000 ) ) ;
#3586 = ORIENTED_EDGE ( 'NONE', *, *, #4511, .T. ) ;
#3587 = AXIS2_PLACEMENT_3D ( 'NONE', #1241, #4710, #1662 ) ;
#3588 = ORIENTED_EDGE ( 'NONE', *, *, #4267, .T. ) ;
#3589 = CARTESIAN_POINT ( 'NONE',  ( -53.99344095995156323, 8.000000000000000000, -2.215655477994567413 ) ) ;
#3590 = DIRECTION ( 'NONE',  ( 0.000000000000000000, 0.000000000000000000, -1.000000000000000000 ) ) ;
#3591 = VERTEX_POINT ( 'NONE', #1870 ) ;
#3592 = VECTOR ( 'NONE', #3936, 1000.000000000000000 ) ;
#3593 = FACE_BOUND ( 'NONE', #1700, .T. ) ;
#3594 = EDGE_CURVE ( 'NONE', #3628, #4807, #3813, .T. ) ;
#3595 = EDGE_CURVE ( 'NONE', #1312, #206, #4496, .T. ) ;
#3596 = FACE_OUTER_BOUND ( 'NONE', #3905, .T. ) ;
#3597 = VECTOR ( 'NONE', #885, 1000.000000000000000 ) ;
#3598 = CARTESIAN_POINT ( 'NONE',  ( -39.79572938337270926, 4.466867144221085439, 26.71994397445526204 ) ) ;
#3599 = EDGE_LOOP ( 'NONE', ( #4635, #937, #1998, #2854 ) ) ;
#3600 = EDGE_LOOP ( 'NONE', ( #2440, #726, #2391, #1753, #1505, #2133, #597, #1562 ) ) ;
#3601 = CARTESIAN_POINT ( 'NONE',  ( 1.873062941308192730, -3.250000000000000000, 26.76711071965634403 ) ) ;
#3602 = DIRECTION ( 'NONE',  ( -0.000000000000000000, -1.000000000000000000, -0.000000000000000000 ) ) ;
#3603 = LINE ( 'NONE', #186, #843 ) ;
#3604 = VECTOR ( 'NONE', #1396, 1000.000000000000000 ) ;
#3605 = VERTEX_POINT ( 'NONE', #1120 ) ;
#3606 = ORIENTED_EDGE ( 'NONE', *, *, #2689, .F. ) ;
#3607 = AXIS2_PLACEMENT_3D ( 'NONE', #3456, #1552, #1953 ) ;
#3608 = VECTOR ( 'NONE', #2997, 1000.000000000000000 ) ;
#3609 = CARTESIAN_POINT ( 'NONE',  ( 18.02106672353487227, 4.757473573018953239, -3.761230304006072167 ) ) ;
#3610 = DIRECTION ( 'NONE',  ( 0.000000000000000000, 0.000000000000000000, 1.000000000000000000 ) ) ;
#3611 = DIRECTION ( 'NONE',  ( -5.756175901970743540E-17, -0.8793255150728360725, -0.4762212075725853477 ) ) ;
#3612 = EDGE_LOOP ( 'NONE', ( #2614, #4679, #3771, #3918 ) ) ;
#3613 = FACE_OUTER_BOUND ( 'NONE', #1794, .T. ) ;
#3614 = EDGE_CURVE ( 'NONE', #1490, #2078, #4298, .T. ) ;
#3615 = CARTESIAN_POINT ( 'NONE',  ( -3.344218069902689106, 11.19375000000000142, -1.581394809086989595 ) ) ;
#3616 = ORIENTED_EDGE ( 'NONE', *, *, #4069, .F. ) ;
#3617 = VECTOR ( 'NONE', #321, 1000.000000000000000 ) ;
#3618 = ORIENTED_EDGE ( 'NONE', *, *, #209, .F. ) ;
#3619 = LINE ( 'NONE', #226, #4648 ) ;
#3620 = DIRECTION ( 'NONE',  ( 0.000000000000000000, 0.000000000000000000, 1.000000000000000000 ) ) ;
#3621 = ORIENTED_EDGE ( 'NONE', *, *, #737, .F. ) ;
#3622 = ORIENTED_EDGE ( 'NONE', *, *, #505, .F. ) ;
#3623 = EDGE_CURVE ( 'NONE', #2767, #3255, #2671, .T. ) ;
#3624 = AXIS2_PLACEMENT_3D ( 'NONE', #4677, #1656, #4354 ) ;
#3625 = DIRECTION ( 'NONE',  ( 0.000000000000000000, 0.000000000000000000, -1.000000000000000000 ) ) ;
#3626 = CARTESIAN_POINT ( 'NONE',  ( 0.000000000000000000, 0.000000000000000000, 0.5000000000000000000 ) ) ;
#3627 = DIRECTION ( 'NONE',  ( 2.725994033677839551E-15, 0.000000000000000000, 1.000000000000000000 ) ) ;
#3628 = VERTEX_POINT ( 'NONE', #2234 ) ;
#3629 = EDGE_CURVE ( 'NONE', #1663, #1694, #4379, .T. ) ;
#3630 = DIRECTION ( 'NONE',  ( 0.000000000000000000, 0.000000000000000000, 1.000000000000000000 ) ) ;
#3631 = CARTESIAN_POINT ( 'NONE',  ( -51.60056723113756760, 8.750000000000000000, 25.73876969599392694 ) ) ;
#3632 = CARTESIAN_POINT ( 'NONE',  ( 4.193217250673007435, 5.875000000000003553, 3.283790529398646463 ) ) ;
#3633 = VERTEX_POINT ( 'NONE', #2968 ) ;
#3634 = ORIENTED_EDGE ( 'NONE', *, *, #2325, .F. ) ;
#3635 = EDGE_CURVE ( 'NONE', #1477, #17, #894, .T. ) ;
#3636 = LINE ( 'NONE', #1377, #1313 ) ;
#3637 = DIRECTION ( 'NONE',  ( 0.000000000000000000, 0.000000000000000000, -1.000000000000000000 ) ) ;
#3638 = ORIENTED_EDGE ( 'NONE', *, *, #2289, .T. ) ;
#3639 = LINE ( 'NONE', #3560, #3118 ) ;
#3640 = CARTESIAN_POINT ( 'NONE',  ( -3.319595801035104099, 11.19375000000000142, 0.1664156173082433632 ) ) ;
#3641 = ORIENTED_EDGE ( 'NONE', *, *, #1809, .T. ) ;
#3642 = DIRECTION ( 'NONE',  ( -1.000000000000000000, 0.000000000000000000, -0.000000000000000000 ) ) ;
#3643 = LINE ( 'NONE', #569, #1108 ) ;
#3644 = VERTEX_POINT ( 'NONE', #420 ) ;
#3645 = ORIENTED_EDGE ( 'NONE', *, *, #2856, .F. ) ;
#3646 = ORIENTED_EDGE ( 'NONE', *, *, #2987, .F. ) ;
#3647 = DIRECTION ( 'NONE',  ( -0.000000000000000000, -0.8036448296316399675, 0.5951092234256939451 ) ) ;
#3648 = EDGE_CURVE ( 'NONE', #1256, #3395, #3766, .T. ) ;
#3649 = LINE ( 'NONE', #2525, #3283 ) ;
#3650 = LINE ( 'NONE', #4342, #2712 ) ;
#3651 = VERTEX_POINT ( 'NONE', #2257 ) ;
#3652 = DIRECTION ( 'NONE',  ( 1.000000000000000000, 0.000000000000000000, 0.000000000000000000 ) ) ;
#3653 = CARTESIAN_POINT ( 'NONE',  ( 4.006559040048433218, 8.000000000000000000, -0.8656554779945688782 ) ) ;
#3654 = ORIENTED_EDGE ( 'NONE', *, *, #3675, .T. ) ;
#3655 = EDGE_CURVE ( 'NONE', #3101, #2705, #4161, .T. ) ;
#3656 = EDGE_CURVE ( 'NONE', #499, #1282, #4520, .T. ) ;
#3657 = DIRECTION ( 'NONE',  ( 0.000000000000000000, 0.000000000000000000, 1.000000000000000000 ) ) ;
#3658 = CARTESIAN_POINT ( 'NONE',  ( -61.54560449174972803, 8.250000000000000000, 25.73876969599392694 ) ) ;
#3659 = EDGE_LOOP ( 'NONE', ( #2582, #3421, #3606, #455 ) ) ;
#3660 = DIRECTION ( 'NONE',  ( -1.000000000000000000, 0.000000000000000000, 0.000000000000000000 ) ) ;
#3661 = CARTESIAN_POINT ( 'NONE',  ( -3.326182371203810550, 11.19375000000000142, 0.5000000000000002220 ) ) ;
#3662 = ORIENTED_EDGE ( 'NONE', *, *, #4047, .F. ) ;
#3663 = DIRECTION ( 'NONE',  ( 0.000000000000000000, 0.000000000000000000, 1.000000000000000000 ) ) ;
#3664 = CARTESIAN_POINT ( 'NONE',  ( 0.6765746449780049021, 5.885962796422301579, -0.5000000000000012212 ) ) ;
#3665 = ORIENTED_EDGE ( 'NONE', *, *, #998, .T. ) ;
#3666 = AXIS2_PLACEMENT_3D ( 'NONE', #415, #3976, #4678 ) ;
#3667 = VERTEX_POINT ( 'NONE', #4586 ) ;
#3668 = ORIENTED_EDGE ( 'NONE', *, *, #630, .T. ) ;
#3669 = LINE ( 'NONE', #3301, #2631 ) ;
#3670 = VECTOR ( 'NONE', #2758, 1000.000000000000000 ) ;
#3671 = CYLINDRICAL_SURFACE ( 'NONE', #3145, 3.499999999999999556 ) ;
#3672 = CARTESIAN_POINT ( 'NONE',  ( -56.16599705819160704, 5.875000000000003553, 19.58434452200542708 ) ) ;
#3673 = AXIS2_PLACEMENT_3D ( 'NONE', #855, #3873, #2363 ) ;
#3674 = EDGE_LOOP ( 'NONE', ( #359, #3933, #1927, #1542 ) ) ;
#3675 = EDGE_CURVE ( 'NONE', #3633, #2988, #770, .T. ) ;
#3676 = AXIS2_PLACEMENT_3D ( 'NONE', #1512, #4437, #1820 ) ;
#3677 = LINE ( 'NONE', #2875, #3919 ) ;
#3678 = DIRECTION ( 'NONE',  ( 1.000000000000000000, 0.000000000000000000, 0.000000000000000000 ) ) ;
#3679 = ORIENTED_EDGE ( 'NONE', *, *, #2211, .T. ) ;
#3680 = AXIS2_PLACEMENT_3D ( 'NONE', #4332, #2441, #3954 ) ;
#3681 = DIRECTION ( 'NONE',  ( 0.000000000000000000, -1.000000000000000000, 0.000000000000000000 ) ) ;
#3682 = CARTESIAN_POINT ( 'NONE',  ( -48.31535629077411897, 8.567453508431418285, 23.43434452200543205 ) ) ;
#3683 = ORIENTED_EDGE ( 'NONE', *, *, #3836, .F. ) ;
#3684 = CARTESIAN_POINT ( 'NONE',  ( 14.02106672353487227, 4.713004295695412793, -6.761230304006072167 ) ) ;
#3685 = EDGE_CURVE ( 'NONE', #2141, #2023, #1934, .T. ) ;
#3686 = AXIS2_PLACEMENT_3D ( 'NONE', #2653, #4545, #1102 ) ;
#3687 = LINE ( 'NONE', #294, #3510 ) ;
#3688 = ORIENTED_EDGE ( 'NONE', *, *, #3656, .F. ) ;
#3689 = CARTESIAN_POINT ( 'NONE',  ( -60.04560449174972803, 10.50000000000000000, 25.73876969599392694 ) ) ;
#3690 = CARTESIAN_POINT ( 'NONE',  ( -53.99344095995156323, 12.50000000000000000, 22.13434452200543134 ) ) ;
#3691 = VERTEX_POINT ( 'NONE', #373 ) ;
#3692 = DIRECTION ( 'NONE',  ( -0.000000000000000000, 1.000000000000000000, -0.000000000000000000 ) ) ;
#3693 = VERTEX_POINT ( 'NONE', #1897 ) ;
#3694 = ADVANCED_FACE ( 'NONE', ( #3441 ), #56, .F. ) ;
#3695 = VECTOR ( 'NONE', #1946, 1000.000000000000000 ) ;
#3696 = LINE ( 'NONE', #4095, #741 ) ;
#3697 = LINE ( 'NONE', #306, #3945 ) ;
#3698 = DIRECTION ( 'NONE',  ( 0.000000000000000000, 0.000000000000000000, 1.000000000000000000 ) ) ;
#3699 = AXIS2_PLACEMENT_3D ( 'NONE', #4454, #688, #4835 ) ;
#3700 = ORIENTED_EDGE ( 'NONE', *, *, #3614, .F. ) ;
#3701 = DIRECTION ( 'NONE',  ( 0.000000000000000000, 1.000000000000000000, 0.000000000000000000 ) ) ;
#3702 = CARTESIAN_POINT ( 'NONE',  ( 3.469226652074590689, 12.50000000000000000, 6.828908360124231081 ) ) ;
#3703 = LINE ( 'NONE', #4102, #3819 ) ;
#3704 = VERTEX_POINT ( 'NONE', #813 ) ;
#3705 = CARTESIAN_POINT ( 'NONE',  ( -53.99344095995156323, 8.000000000000000000, -3.285655477994569473 ) ) ;
#3706 = EDGE_CURVE ( 'NONE', #1905, #1116, #887, .T. ) ;
#3707 = PLANE ( 'NONE',  #3699 ) ;
#3708 = ORIENTED_EDGE ( 'NONE', *, *, #4008, .F. ) ;
#3709 = DIRECTION ( 'NONE',  ( 0.000000000000000000, 1.000000000000000000, 0.000000000000000000 ) ) ;
#3710 = PLANE ( 'NONE',  #3673 ) ;
#3711 = ORIENTED_EDGE ( 'NONE', *, *, #2180, .T. ) ;
#3712 = EDGE_CURVE ( 'NONE', #2639, #828, #2748, .T. ) ;
#3713 = CARTESIAN_POINT ( 'NONE',  ( 9.852138378250273831, -3.250000000000000000, 24.23876969599391984 ) ) ;
#3714 = LINE ( 'NONE', #644, #1250 ) ;
#3715 = ORIENTED_EDGE ( 'NONE', *, *, #4046, .T. ) ;
#3716 = LINE ( 'NONE', #1868, #3276 ) ;
#3717 = CIRCLE ( 'NONE', #2219, 3.350000000000002309 ) ;
#3718 = ORIENTED_EDGE ( 'NONE', *, *, #3416, .F. ) ;
#3719 = VERTEX_POINT ( 'NONE', #4306 ) ;
#3720 = DIRECTION ( 'NONE',  ( 0.000000000000000000, 0.000000000000000000, -1.000000000000000000 ) ) ;
#3721 = ADVANCED_FACE ( 'NONE', ( #1682 ), #1614, .F. ) ;
#3722 = EDGE_CURVE ( 'NONE', #2232, #3829, #584, .T. ) ;
#3723 = CARTESIAN_POINT ( 'NONE',  ( -39.29572938337270926, -3.250000000000000000, 27.73876969599392694 ) ) ;
#3724 = ORIENTED_EDGE ( 'NONE', *, *, #301, .F. ) ;
#3725 = DIRECTION ( 'NONE',  ( 1.000000000000000000, 0.000000000000000000, 0.000000000000000000 ) ) ;
#3726 = CARTESIAN_POINT ( 'NONE',  ( -4.258722147691941906, 10.50000000000000000, 24.49769035724251509 ) ) ;
#3727 = CARTESIAN_POINT ( 'NONE',  ( 4.006559040048433218, 10.50000000000000000, 22.13434452200543134 ) ) ;
#3728 = ORIENTED_EDGE ( 'NONE', *, *, #3297, .T. ) ;
#3729 = ORIENTED_EDGE ( 'NONE', *, *, #3561, .T. ) ;
#3730 = DIRECTION ( 'NONE',  ( 0.000000000000000000, -0.000000000000000000, -1.000000000000000000 ) ) ;
#3731 = CARTESIAN_POINT ( 'NONE',  ( 14.02106672353487227, 4.757473573018953239, -6.761230304006072167 ) ) ;
#3732 = ORIENTED_EDGE ( 'NONE', *, *, #2000, .F. ) ;
#3733 = LINE ( 'NONE', #2615, #509 ) ;
#3734 = ADVANCED_FACE ( 'NONE', ( #490 ), #468, .F. ) ;
#3735 = EDGE_LOOP ( 'NONE', ( #4862, #2362, #4619, #2140 ) ) ;
#3736 = LINE ( 'NONE', #1840, #3054 ) ;
#3737 = LINE ( 'NONE', #1489, #944 ) ;
#3738 = ORIENTED_EDGE ( 'NONE', *, *, #2060, .F. ) ;
#3739 = FACE_BOUND ( 'NONE', #1017, .T. ) ;
#3740 = CARTESIAN_POINT ( 'NONE',  ( 4.340986254581466142, 8.540730713301007526, 18.79687581048892753 ) ) ;
#3741 = VECTOR ( 'NONE', #4827, 1000.000000000000000 ) ;
#3742 = CARTESIAN_POINT ( 'NONE',  ( -20.19137825829315958, 5.512278550188185910, 27.73876969599392694 ) ) ;
#3743 = ORIENTED_EDGE ( 'NONE', *, *, #4898, .F. ) ;
#3744 = AXIS2_PLACEMENT_3D ( 'NONE', #3038, #1169, #346 ) ;
#3745 = EDGE_CURVE ( 'NONE', #2103, #2044, #3883, .T. ) ;
#3746 = EDGE_CURVE ( 'NONE', #4091, #2896, #3087, .T. ) ;
#3747 = CARTESIAN_POINT ( 'NONE',  ( -38.60223981824245953, -3.250000000000000000, 25.73876969599392694 ) ) ;
#3748 = AXIS2_PLACEMENT_3D ( 'NONE', #4333, #910, #1992 ) ;
#3749 = LINE ( 'NONE', #2975, #691 ) ;
#3750 = DIRECTION ( 'NONE',  ( 0.000000000000000000, 0.000000000000000000, 1.000000000000000000 ) ) ;
#3751 = ORIENTED_EDGE ( 'NONE', *, *, #807, .T. ) ;
#3752 = EDGE_LOOP ( 'NONE', ( #2371, #1101, #3008, #3157 ) ) ;
#3753 = EDGE_CURVE ( 'NONE', #1847, #1835, #2013, .T. ) ;
#3754 = AXIS2_PLACEMENT_3D ( 'NONE', #3835, #1186, #4206 ) ;
#3755 = DIRECTION ( 'NONE',  ( 0.000000000000000000, 1.000000000000000000, 0.000000000000000000 ) ) ;
#3756 = PLANE ( 'NONE',  #694 ) ;
#3757 = VECTOR ( 'NONE', #1088, 1000.000000000000000 ) ;
#3758 = ORIENTED_EDGE ( 'NONE', *, *, #724, .F. ) ;
#3759 = CARTESIAN_POINT ( 'NONE',  ( -13.43515625503130551, 4.040444544970648089, 26.77397846476551280 ) ) ;
#3760 = ORIENTED_EDGE ( 'NONE', *, *, #49, .T. ) ;
#3761 = CARTESIAN_POINT ( 'NONE',  ( -60.04560449174972803, 10.50000000000000178, 0.5000000000000000000 ) ) ;
#3762 = FILL_AREA_STYLE_COLOUR ( '', #3060 ) ;
#3763 = VERTEX_POINT ( 'NONE', #516 ) ;
#3764 = DIRECTION ( 'NONE',  ( 1.000000000000000000, -0.000000000000000000, 0.000000000000000000 ) ) ;
#3765 = AXIS2_PLACEMENT_3D ( 'NONE', #3950, #560, #954 ) ;
#3766 = LINE ( 'NONE', #1187, #35 ) ;
#3767 = AXIS2_PLACEMENT_3D ( 'NONE', #1373, #4072, #682 ) ;
#3768 = CIRCLE ( 'NONE', #2032, 1.349999999999998757 ) ;
#3769 = CARTESIAN_POINT ( 'NONE',  ( -46.64434067419821162, 10.50000000000000000, 22.43434452200543205 ) ) ;
#3770 = EDGE_CURVE ( 'NONE', #3426, #3172, #126, .T. ) ;
#3771 = ORIENTED_EDGE ( 'NONE', *, *, #4084, .F. ) ;
#3772 = VECTOR ( 'NONE', #1065, 1000.000000000000000 ) ;
#3773 = VECTOR ( 'NONE', #2810, 1000.000000000000000 ) ;
#3774 = DIRECTION ( 'NONE',  ( 0.000000000000000000, 0.000000000000000000, 1.000000000000000000 ) ) ;
#3775 = DIRECTION ( 'NONE',  ( -0.000000000000000000, -0.000000000000000000, 1.000000000000000000 ) ) ;
#3776 = ADVANCED_FACE ( 'NONE', ( #2352 ), #3861, .T. ) ;
#3777 = DIRECTION ( 'NONE',  ( -0.000000000000000000, -0.000000000000000000, -1.000000000000000000 ) ) ;
#3778 = AXIS2_PLACEMENT_3D ( 'NONE', #3010, #4257, #24 ) ;
#3779 = ORIENTED_EDGE ( 'NONE', *, *, #1594, .T. ) ;
#3780 = ORIENTED_EDGE ( 'NONE', *, *, #1866, .T. ) ;
#3781 = DIRECTION ( 'NONE',  ( -0.000000000000000000, -0.000000000000000000, -1.000000000000000000 ) ) ;
#3782 = EDGE_CURVE ( 'NONE', #2403, #3080, #3490, .T. ) ;
#3783 = DIRECTION ( 'NONE',  ( 0.000000000000000000, 0.000000000000000000, -1.000000000000000000 ) ) ;
#3784 = ORIENTED_EDGE ( 'NONE', *, *, #2986, .F. ) ;
#3785 = CARTESIAN_POINT ( 'NONE',  ( -66.59445670572583253, 8.717998577795754045, -4.761230304006072167 ) ) ;
#3786 = EDGE_LOOP ( 'NONE', ( #4026, #2977 ) ) ;
#3787 = CARTESIAN_POINT ( 'NONE',  ( -50.38856591388922368, 7.983490513531148913, 27.73876969599392694 ) ) ;
#3788 = CARTESIAN_POINT ( 'NONE',  ( -53.49344095995156323, 5.875000000000003553, 2.446820937015809605 ) ) ;
#3789 = VERTEX_POINT ( 'NONE', #3112 ) ;
#3790 = CARTESIAN_POINT ( 'NONE',  ( -19.69137825829315602, 5.512278550188185910, 26.77397846476551280 ) ) ;
#3791 = DIRECTION ( 'NONE',  ( 1.000000000000000000, 0.000000000000000000, 0.000000000000000000 ) ) ;
#3792 = VECTOR ( 'NONE', #1993, 1000.000000000000000 ) ;
#3793 = CARTESIAN_POINT ( 'NONE',  ( 9.852138378250273831, -3.250000000000000000, 0.000000000000000000 ) ) ;
#3794 = ORIENTED_EDGE ( 'NONE', *, *, #2267, .T. ) ;
#3795 = EDGE_LOOP ( 'NONE', ( #154, #3417, #3961, #4436, #1244, #616, #4765, #1782 ) ) ;
#3796 = VECTOR ( 'NONE', #2769, 1000.000000000000000 ) ;
#3797 = EDGE_CURVE ( 'NONE', #1403, #1111, #4873, .T. ) ;
#3798 = LINE ( 'NONE', #4899, #2969 ) ;
#3799 = CARTESIAN_POINT ( 'NONE',  ( -51.60056723113756760, 8.750000000000000000, 22.49566891635459953 ) ) ;
#3800 = FACE_OUTER_BOUND ( 'NONE', #3752, .T. ) ;
#3801 = ORIENTED_EDGE ( 'NONE', *, *, #3161, .F. ) ;
#3802 = CARTESIAN_POINT ( 'NONE',  ( -60.04560449174972803, 10.50000000000000000, 23.43434452200543205 ) ) ;
#3803 = FACE_OUTER_BOUND ( 'NONE', #1374, .T. ) ;
#3804 = ORIENTED_EDGE ( 'NONE', *, *, #4418, .F. ) ;
#3805 = ORIENTED_EDGE ( 'NONE', *, *, #1631, .T. ) ;
#3806 = EDGE_CURVE ( 'NONE', #3628, #3719, #1262, .T. ) ;
#3807 = EDGE_CURVE ( 'NONE', #2647, #3184, #102, .T. ) ;
#3808 = ORIENTED_EDGE ( 'NONE', *, *, #3648, .F. ) ;
#3809 = CARTESIAN_POINT ( 'NONE',  ( 18.02106672353487227, 4.757473573018953239, -6.761230304006072167 ) ) ;
#3810 = CARTESIAN_POINT ( 'NONE',  ( 0.6791506273944176719, 5.878654803782183969, -0.4770860922284115291 ) ) ;
#3811 = ORIENTED_EDGE ( 'NONE', *, *, #3623, .T. ) ;
#3812 = FACE_OUTER_BOUND ( 'NONE', #2188, .T. ) ;
#3813 = LINE ( 'NONE', #4537, #4870 ) ;
#3814 = DIRECTION ( 'NONE',  ( -0.000000000000000000, -0.000000000000000000, 1.000000000000000000 ) ) ;
#3815 = ORIENTED_EDGE ( 'NONE', *, *, #871, .T. ) ;
#3816 = DIRECTION ( 'NONE',  ( 0.000000000000000000, 1.000000000000000000, 0.000000000000000000 ) ) ;
#3817 = DIRECTION ( 'NONE',  ( -1.000000000000000000, 0.000000000000000000, 0.000000000000000000 ) ) ;
#3818 = DIRECTION ( 'NONE',  ( 0.000000000000000000, 1.000000000000000000, -0.000000000000000000 ) ) ;
#3819 = VECTOR ( 'NONE', #2999, 1000.000000000000000 ) ;
#3820 = ORIENTED_EDGE ( 'NONE', *, *, #1420, .T. ) ;
#3821 = EDGE_CURVE ( 'NONE', #4549, #2096, #2393, .T. ) ;
#3822 = EDGE_LOOP ( 'NONE', ( #1520, #2737, #1030, #2124, #4689, #2286, #895, #3332, #3349, #1680, #2130, #4154, #2600, #652, #3173, #629, #1727, #989, #4184, #2293 ) ) ;
#3823 = CARTESIAN_POINT ( 'NONE',  ( -51.19311627875442383, 10.50000000000000000, 22.43434452200543205 ) ) ;
#3824 = VECTOR ( 'NONE', #2120, 1000.000000000000000 ) ;
#3825 = LINE ( 'NONE', #4672, #2868 ) ;
#3826 = CARTESIAN_POINT ( 'NONE',  ( -51.19311627875442383, 8.750000000000000000, 23.43434452200543205 ) ) ;
#3827 = ORIENTED_EDGE ( 'NONE', *, *, #2788, .F. ) ;
#3828 = LINE ( 'NONE', #1984, #677 ) ;
#3829 = VERTEX_POINT ( 'NONE', #3907 ) ;
#3830 = VECTOR ( 'NONE', #1286, 1000.000000000000227 ) ;
#3831 = ORIENTED_EDGE ( 'NONE', *, *, #4838, .T. ) ;
#3832 = DIRECTION ( 'NONE',  ( -0.000000000000000000, 1.000000000000000000, -0.000000000000000000 ) ) ;
#3833 = CARTESIAN_POINT ( 'NONE',  ( -20.19137825829315602, 5.512278550188185910, 26.77397846476551280 ) ) ;
#3834 = VERTEX_POINT ( 'NONE', #2040 ) ;
#3835 = CARTESIAN_POINT ( 'NONE',  ( 6.352138378250272055, 12.50000000000000000, 24.23876969599392694 ) ) ;
#3836 = EDGE_CURVE ( 'NONE', #2648, #4060, #3188, .T. ) ;
#3837 = AXIS2_PLACEMENT_3D ( 'NONE', #663, #639, #3660 ) ;
#3838 = DIRECTION ( 'NONE',  ( 0.000000000000000000, 1.000000000000000000, 0.000000000000000000 ) ) ;
#3839 = DIRECTION ( 'NONE',  ( -0.000000000000000000, -1.000000000000000000, 0.000000000000000000 ) ) ;
#3840 = EDGE_CURVE ( 'NONE', #2199, #2971, #1063, .T. ) ;
#3841 = ORIENTED_EDGE ( 'NONE', *, *, #120, .F. ) ;
#3842 = AXIS2_PLACEMENT_3D ( 'NONE', #4834, #4453, #2591 ) ;
#3843 = AXIS2_PLACEMENT_3D ( 'NONE', #1049, #2283, #4853 ) ;
#3844 = FACE_BOUND ( 'NONE', #2776, .T. ) ;
#3845 = CARTESIAN_POINT ( 'NONE',  ( 0.6700189159078570045, 10.50000000000000000, 22.43434452200543205 ) ) ;
#3846 = CARTESIAN_POINT ( 'NONE',  ( -9.280464726337173786, 8.250000000000000000, 26.76711071965634403 ) ) ;
#3847 = AXIS2_PLACEMENT_3D ( 'NONE', #3653, #1473, #4877 ) ;
#3848 = ORIENTED_EDGE ( 'NONE', *, *, #2238, .F. ) ;
#3849 = DIRECTION ( 'NONE',  ( 0.000000000000000000, 0.000000000000000000, -1.000000000000000000 ) ) ;
#3850 = DIRECTION ( 'NONE',  ( 0.000000000000000000, -1.000000000000000000, -0.000000000000000000 ) ) ;
#3851 = DIRECTION ( 'NONE',  ( -0.000000000000000000, 0.000000000000000000, 1.000000000000000000 ) ) ;
#3852 = ORIENTED_EDGE ( 'NONE', *, *, #2772, .F. ) ;
#3853 = AXIS2_PLACEMENT_3D ( 'NONE', #2716, #4228, #1608 ) ;
#3854 = ORIENTED_EDGE ( 'NONE', *, *, #4883, .T. ) ;
#3855 = EDGE_CURVE ( 'NONE', #4737, #4715, #819, .T. ) ;
#3856 = VERTEX_POINT ( 'NONE', #3315 ) ;
#3857 = DIRECTION ( 'NONE',  ( -0.000000000000000000, 1.000000000000000000, -0.000000000000000000 ) ) ;
#3858 = CARTESIAN_POINT ( 'NONE',  ( 1.873062941308192730, 8.250000000000000000, 17.31907693046060714 ) ) ;
#3859 = VERTEX_POINT ( 'NONE', #3980 ) ;
#3860 = LINE ( 'NONE', #514, #824 ) ;
#3861 = PLANE ( 'NONE',  #3748 ) ;
#3862 = ADVANCED_FACE ( 'NONE', ( #247 ), #988, .T. ) ;
#3863 = CARTESIAN_POINT ( 'NONE',  ( 0.000000000000000000, 10.50000000000000000, 24.49769035724251509 ) ) ;
#3864 = EDGE_LOOP ( 'NONE', ( #1854, #4291 ) ) ;
#3865 = DIRECTION ( 'NONE',  ( 0.000000000000000000, -0.000000000000000000, 1.000000000000000000 ) ) ;
#3866 = ADVANCED_FACE ( 'NONE', ( #196 ), #2065, .T. ) ;
#3867 = EDGE_CURVE ( 'NONE', #2639, #3511, #1458, .T. ) ;
#3868 = DIRECTION ( 'NONE',  ( -0.000000000000000000, 1.000000000000000000, -0.000000000000000000 ) ) ;
#3869 = PLANE ( 'NONE',  #3454 ) ;
#3870 = LINE ( 'NONE', #4617, #3267 ) ;
#3871 = ORIENTED_EDGE ( 'NONE', *, *, #357, .T. ) ;
#3872 = AXIS2_PLACEMENT_3D ( 'NONE', #31, #1213, #1170 ) ;
#3873 = DIRECTION ( 'NONE',  ( -1.000000000000000000, 0.000000000000000000, 0.000000000000000000 ) ) ;
#3874 = CARTESIAN_POINT ( 'NONE',  ( -50.88856591388922368, 7.983490513531148913, 26.71994397445526204 ) ) ;
#3875 = DIRECTION ( 'NONE',  ( -1.000000000000000000, 0.000000000000000000, -0.000000000000000000 ) ) ;
#3876 = VERTEX_POINT ( 'NONE', #2517 ) ;
#3877 = VERTEX_POINT ( 'NONE', #4033 ) ;
#3878 = DIRECTION ( 'NONE',  ( 0.000000000000000000, 0.000000000000000000, 1.000000000000000000 ) ) ;
#3879 = DIRECTION ( 'NONE',  ( 0.000000000000000000, -1.000000000000000000, 0.000000000000000000 ) ) ;
#3880 = ORIENTED_EDGE ( 'NONE', *, *, #4116, .F. ) ;
#3881 = DIRECTION ( 'NONE',  ( 0.000000000000000000, -0.000000000000000000, 1.000000000000000000 ) ) ;
#3882 = EDGE_CURVE ( 'NONE', #1964, #3180, #1697, .T. ) ;
#3883 = LINE ( 'NONE', #1311, #4303 ) ;
#3884 = CARTESIAN_POINT ( 'NONE',  ( -53.99344095995156323, 8.000000000000000000, -3.285655477994569473 ) ) ;
#3885 = ORIENTED_EDGE ( 'NONE', *, *, #1972, .F. ) ;
#3886 = LINE ( 'NONE', #3940, #2401 ) ;
#3887 = CARTESIAN_POINT ( 'NONE',  ( -53.99344095995156323, 8.000000000000000000, 22.13434452200543134 ) ) ;
#3888 = DIRECTION ( 'NONE',  ( -0.000000000000000000, 1.000000000000000000, -0.000000000000000000 ) ) ;
#3889 = EDGE_LOOP ( 'NONE', ( #3151, #2421 ) ) ;
#3890 = EDGE_CURVE ( 'NONE', #438, #4426, #3687, .T. ) ;
#3891 = EDGE_CURVE ( 'NONE', #2136, #291, #4432, .T. ) ;
#3892 = ORIENTED_EDGE ( 'NONE', *, *, #806, .F. ) ;
#3893 = CYLINDRICAL_SURFACE ( 'NONE', #745, 2.420000000000000817 ) ;
#3894 = CARTESIAN_POINT ( 'NONE',  ( -9.280464726337173786, -3.250000000000000000, 25.73876969599392694 ) ) ;
#3895 = CIRCLE ( 'NONE', #107, 2.420000000000000817 ) ;
#3896 = PLANE ( 'NONE',  #1478 ) ;
#3897 = EDGE_LOOP ( 'NONE', ( #2178, #947, #4110, #25 ) ) ;
#3898 = ORIENTED_EDGE ( 'NONE', *, *, #2, .T. ) ;
#3899 = ADVANCED_FACE ( 'NONE', ( #566 ), #2084, .T. ) ;
#3900 = AXIS2_PLACEMENT_3D ( 'NONE', #4273, #2339, #4597 ) ;
#3901 = CYLINDRICAL_SURFACE ( 'NONE', #2411, 2.420000000000000373 ) ;
#3902 = LINE ( 'NONE', #511, #3773 ) ;
#3903 = LINE ( 'NONE', #3952, #4049 ) ;
#3904 = AXIS2_PLACEMENT_3D ( 'NONE', #3182, #172, #4662 ) ;
#3905 = EDGE_LOOP ( 'NONE', ( #256, #1502, #3729, #4627, #578, #3662, #183, #3538 ) ) ;
#3906 = FACE_BOUND ( 'NONE', #3163, .T. ) ;
#3907 = CARTESIAN_POINT ( 'NONE',  ( -66.59445670572583253, 8.717998577795754045, -6.761230304006072167 ) ) ;
#3908 = AXIS2_PLACEMENT_3D ( 'NONE', #1659, #1681, #3156 ) ;
#3909 = ORIENTED_EDGE ( 'NONE', *, *, #228, .T. ) ;
#3910 = DIRECTION ( 'NONE',  ( -2.416395261410157149E-16, 0.000000000000000000, -1.000000000000000000 ) ) ;
#3911 = AXIS2_PLACEMENT_3D ( 'NONE', #1783, #2960, #1410 ) ;
#3912 = ORIENTED_EDGE ( 'NONE', *, *, #2507, .T. ) ;
#3913 = DIRECTION ( 'NONE',  ( -0.000000000000000000, 1.000000000000000000, 0.000000000000000000 ) ) ;
#3914 = VECTOR ( 'NONE', #3166, 1000.000000000000000 ) ;
#3915 = EDGE_CURVE ( 'NONE', #2864, #3331, #800, .T. ) ;
#3916 = DIRECTION ( 'NONE',  ( 1.000000000000000000, 0.000000000000000000, 0.000000000000000000 ) ) ;
#3917 = FACE_OUTER_BOUND ( 'NONE', #3735, .T. ) ;
#3918 = ORIENTED_EDGE ( 'NONE', *, *, #3478, .T. ) ;
#3919 = VECTOR ( 'NONE', #2509, 1000.000000000000000 ) ;
#3920 = CARTESIAN_POINT ( 'NONE',  ( -57.34344095995156465, 5.875000000000003553, -0.5000000000000000000 ) ) ;
#3921 = EDGE_CURVE ( 'NONE', #541, #2705, #347, .T. ) ;
#3922 = ADVANCED_FACE ( 'NONE', ( #2685 ), #3710, .F. ) ;
#3923 = VECTOR ( 'NONE', #283, 1000.000000000000000 ) ;
#3924 = LINE ( 'NONE', #2734, #1533 ) ;
#3925 = LINE ( 'NONE', #141, #2972 ) ;
#3926 = ORIENTED_EDGE ( 'NONE', *, *, #4160, .T. ) ;
#3927 = AXIS2_PLACEMENT_3D ( 'NONE', #3486, #98, #1932 ) ;
#3928 = AXIS2_PLACEMENT_3D ( 'NONE', #795, #3816, #4419 ) ;
#3929 = EDGE_CURVE ( 'NONE', #2560, #3335, #4469, .T. ) ;
#3930 = LINE ( 'NONE', #2105, #3205 ) ;
#3931 = FACE_OUTER_BOUND ( 'NONE', #4772, .T. ) ;
#3932 = FACE_BOUND ( 'NONE', #4589, .T. ) ;
#3933 = ORIENTED_EDGE ( 'NONE', *, *, #2500, .T. ) ;
#3934 = CARTESIAN_POINT ( 'NONE',  ( -38.60223981824245953, 8.750000000000000000, 16.72284629709940162 ) ) ;
#3935 = VERTEX_POINT ( 'NONE', #3802 ) ;
#3936 = DIRECTION ( 'NONE',  ( -1.000000000000000000, 0.000000000000000000, 0.000000000000000000 ) ) ;
#3937 = ORIENTED_EDGE ( 'NONE', *, *, #1239, .T. ) ;
#3938 = LINE ( 'NONE', #1738, #2682 ) ;
#3939 = ORIENTED_EDGE ( 'NONE', *, *, #983, .T. ) ;
#3940 = CARTESIAN_POINT ( 'NONE',  ( -39.79572938337270926, 7.983490513531148913, 27.73876969599392694 ) ) ;
#3941 = CARTESIAN_POINT ( 'NONE',  ( 6.352138378250272055, 8.757473573018954127, -4.761230304006072167 ) ) ;
#3942 = LINE ( 'NONE', #4315, #814 ) ;
#3943 = ORIENTED_EDGE ( 'NONE', *, *, #257, .F. ) ;
#3944 = EDGE_CURVE ( 'NONE', #2988, #1312, #1862, .T. ) ;
#3945 = VECTOR ( 'NONE', #2699, 1000.000000000000000 ) ;
#3946 = CARTESIAN_POINT ( 'NONE',  ( 6.352138378250272055, -3.250000000000000000, 27.73876969599392694 ) ) ;
#3947 = LINE ( 'NONE', #3527, #4001 ) ;
#3948 = ORIENTED_EDGE ( 'NONE', *, *, #4339, .F. ) ;
#3949 = ORIENTED_EDGE ( 'NONE', *, *, #2739, .F. ) ;
#3950 = CARTESIAN_POINT ( 'NONE',  ( -60.04560449174972803, -3.250000000000000000, 24.23876969599392694 ) ) ;
#3951 = CARTESIAN_POINT ( 'NONE',  ( -57.34344095995156465, 5.875000000000003553, 22.43434452200543205 ) ) ;
#3952 = CARTESIAN_POINT ( 'NONE',  ( -63.50970610688748508, -3.250000000000000000, -3.761230304006072167 ) ) ;
#3953 = EDGE_LOOP ( 'NONE', ( #1380, #4603, #1686, #388 ) ) ;
#3954 = DIRECTION ( 'NONE',  ( 0.000000000000000000, 0.000000000000000000, 1.000000000000000000 ) ) ;
#3955 = ADVANCED_FACE ( 'NONE', ( #1838 ), #1549, .F. ) ;
#3956 = EDGE_CURVE ( 'NONE', #2207, #1021, #2287, .T. ) ;
#3957 = DIRECTION ( 'NONE',  ( -0.000000000000000000, -0.000000000000000000, 1.000000000000000000 ) ) ;
#3958 = VERTEX_POINT ( 'NONE', #113 ) ;
#3959 = CARTESIAN_POINT ( 'NONE',  ( -53.99344095995156323, 5.875000000000003553, -0.8656554779945688782 ) ) ;
#3960 = DIRECTION ( 'NONE',  ( 0.000000000000000000, -0.000000000000000000, 1.000000000000000000 ) ) ;
#3961 = ORIENTED_EDGE ( 'NONE', *, *, #3385, .T. ) ;
#3962 = CYLINDRICAL_SURFACE ( 'NONE', #904, 4.000000000000003553 ) ;
#3963 = FACE_OUTER_BOUND ( 'NONE', #2978, .T. ) ;
#3964 = DIRECTION ( 'NONE',  ( 0.000000000000000000, 0.000000000000000000, 1.000000000000000000 ) ) ;
#3965 = ORIENTED_EDGE ( 'NONE', *, *, #3503, .F. ) ;
#3966 = AXIS2_PLACEMENT_3D ( 'NONE', #3209, #1679, #1355 ) ;
#3967 = FACE_BOUND ( 'NONE', #2117, .T. ) ;
#3968 = CARTESIAN_POINT ( 'NONE',  ( 4.006559040048433218, 8.000000000000000000, 22.13434452200543134 ) ) ;
#3969 = CARTESIAN_POINT ( 'NONE',  ( -53.49344095995156323, 10.50000000000000000, 5.745757241660123249 ) ) ;
#3970 = EDGE_CURVE ( 'NONE', #2593, #759, #1626, .T. ) ;
#3971 = EDGE_LOOP ( 'NONE', ( #1775, #854, #993, #382 ) ) ;
#3972 = ORIENTED_EDGE ( 'NONE', *, *, #243, .T. ) ;
#3973 = AXIS2_PLACEMENT_3D ( 'NONE', #4623, #3500, #1951 ) ;
#3974 = LINE ( 'NONE', #3579, #3446 ) ;
#3975 = DIRECTION ( 'NONE',  ( 0.000000000000000000, -0.5951092234256939451, -0.8036448296316399675 ) ) ;
#3976 = DIRECTION ( 'NONE',  ( -0.000000000000000000, -0.000000000000000000, -1.000000000000000000 ) ) ;
#3977 = VERTEX_POINT ( 'NONE', #4596 ) ;
#3978 = LINE ( 'NONE', #171, #279 ) ;
#3979 = AXIS2_PLACEMENT_3D ( 'NONE', #2164, #2215, #253 ) ;
#3980 = CARTESIAN_POINT ( 'NONE',  ( -63.54560449174972803, -3.250000000000000000, 24.23876969599391984 ) ) ;
#3981 = VECTOR ( 'NONE', #1274, 1000.000000000000000 ) ;
#3982 = EDGE_LOOP ( 'NONE', ( #2166, #4575, #395, #3061 ) ) ;
#3983 = ADVANCED_FACE ( 'NONE', ( #3124 ), #430, .T. ) ;
#3984 = FACE_OUTER_BOUND ( 'NONE', #2163, .T. ) ;
#3985 = DIRECTION ( 'NONE',  ( 0.6545987384327838221, 0.7559765152716106940, 0.000000000000000000 ) ) ;
#3986 = ORIENTED_EDGE ( 'NONE', *, *, #1632, .F. ) ;
#3987 = ORIENTED_EDGE ( 'NONE', *, *, #3160, .T. ) ;
#3988 = AXIS2_PLACEMENT_3D ( 'NONE', #4194, #479, #319 ) ;
#3989 = CARTESIAN_POINT ( 'NONE',  ( -38.60223981824245953, -3.250000000000000000, 0.000000000000000000 ) ) ;
#3990 = EDGE_CURVE ( 'NONE', #2199, #1428, #2206, .T. ) ;
#3991 = DIRECTION ( 'NONE',  ( -0.000000000000000000, -1.000000000000000000, -0.000000000000000000 ) ) ;
#3992 = CIRCLE ( 'NONE', #3032, 3.350000000000000533 ) ;
#3993 = DIRECTION ( 'NONE',  ( 0.000000000000000000, 0.000000000000000000, 1.000000000000000000 ) ) ;
#3994 = ORIENTED_EDGE ( 'NONE', *, *, #2077, .F. ) ;
#3995 = CIRCLE ( 'NONE', #1149, 1.350000000000000533 ) ;
#3996 = CARTESIAN_POINT ( 'NONE',  ( -53.99344095995156323, 8.000000000000000000, -0.8656554779945688782 ) ) ;
#3997 = CARTESIAN_POINT ( 'NONE',  ( -10.79999054116380997, 8.250000000000000000, 25.73876969599392694 ) ) ;
#3998 = DIRECTION ( 'NONE',  ( -0.000000000000000000, -0.000000000000000000, 1.000000000000000000 ) ) ;
#3999 = EDGE_LOOP ( 'NONE', ( #3316, #1891, #3036, #3535 ) ) ;
#4000 = VERTEX_POINT ( 'NONE', #4487 ) ;
#4001 = VECTOR ( 'NONE', #2003, 1000.000000000000000 ) ;
#4002 = CIRCLE ( 'NONE', #3526, 2.419999999999998597 ) ;
#4003 = DIRECTION ( 'NONE',  ( -0.000000000000000000, 0.000000000000000000, -1.000000000000000000 ) ) ;
#4004 = CARTESIAN_POINT ( 'NONE',  ( -67.07003059873778739, 4.735238934357180796, -3.761230304006072167 ) ) ;
#4005 = EDGE_LOOP ( 'NONE', ( #413, #1431, #240, #2819 ) ) ;
#4006 = CARTESIAN_POINT ( 'NONE',  ( -65.47003059873777886, 4.735238934357180796, -6.761230304006072167 ) ) ;
#4007 = VECTOR ( 'NONE', #4322, 1000.000000000000000 ) ;
#4008 = EDGE_CURVE ( 'NONE', #2082, #2567, #4109, .T. ) ;
#4009 = DIRECTION ( 'NONE',  ( 0.000000000000000000, 1.000000000000000000, 0.000000000000000000 ) ) ;
#4010 = VECTOR ( 'NONE', #453, 1000.000000000000000 ) ;
#4011 = ORIENTED_EDGE ( 'NONE', *, *, #62, .T. ) ;
#4012 = DIRECTION ( 'NONE',  ( 0.000000000000000000, 0.000000000000000000, 1.000000000000000000 ) ) ;
#4013 = DIRECTION ( 'NONE',  ( -0.000000000000000000, 1.000000000000000000, -0.000000000000000000 ) ) ;
#4014 = ORIENTED_EDGE ( 'NONE', *, *, #1809, .F. ) ;
#4015 = ORIENTED_EDGE ( 'NONE', *, *, #3503, .T. ) ;
#4016 = ORIENTED_EDGE ( 'NONE', *, *, #860, .T. ) ;
#4017 = EDGE_LOOP ( 'NONE', ( #4699, #4642, #4505, #986 ) ) ;
#4018 = LINE ( 'NONE', #625, #1456 ) ;
#4019 = FACE_OUTER_BOUND ( 'NONE', #2089, .T. ) ;
#4020 = CARTESIAN_POINT ( 'NONE',  ( 1.873062941308192730, 8.250000000000000000, 17.31907693046060714 ) ) ;
#4021 = VERTEX_POINT ( 'NONE', #3077 ) ;
#4022 = EDGE_CURVE ( 'NONE', #4360, #576, #69, .T. ) ;
#4023 = ADVANCED_FACE ( 'NONE', ( #1196 ), #456, .F. ) ;
#4024 = DIRECTION ( 'NONE',  ( 0.000000000000000000, -0.000000000000000000, 1.000000000000000000 ) ) ;
#4025 = FACE_OUTER_BOUND ( 'NONE', #1819, .T. ) ;
#4026 = ORIENTED_EDGE ( 'NONE', *, *, #3195, .T. ) ;
#4027 = VECTOR ( 'NONE', #2192, 1000.000000000000000 ) ;
#4028 = EDGE_LOOP ( 'NONE', ( #4477, #2785, #4821, #2545 ) ) ;
#4029 = LINE ( 'NONE', #242, #443 ) ;
#4030 = DIRECTION ( 'NONE',  ( -0.000000000000000000, 1.000000000000000000, -0.000000000000000000 ) ) ;
#4031 = ORIENTED_EDGE ( 'NONE', *, *, #4825, .F. ) ;
#4032 = CARTESIAN_POINT ( 'NONE',  ( 6.352138378250272055, 10.50000000000000000, 24.23876969599392694 ) ) ;
#4033 = CARTESIAN_POINT ( 'NONE',  ( -53.99344095995156323, 12.50000000000000000, 24.55434452200543305 ) ) ;
#4034 = VERTEX_POINT ( 'NONE', #3479 ) ;
#4035 = LINE ( 'NONE', #643, #1890 ) ;
#4036 = ADVANCED_FACE ( 'NONE', ( #1925 ), #3428, .F. ) ;
#4037 = ORIENTED_EDGE ( 'NONE', *, *, #3594, .T. ) ;
#4038 = EDGE_LOOP ( 'NONE', ( #4595, #774, #1765, #2229 ) ) ;
#4039 = DIRECTION ( 'NONE',  ( 0.000000000000000000, 0.000000000000000000, 1.000000000000000000 ) ) ;
#4040 = CARTESIAN_POINT ( 'NONE',  ( 7.852138378250272943, -3.250000000000000000, -4.761230304006072167 ) ) ;
#4041 = CARTESIAN_POINT ( 'NONE',  ( 1.873062941308192730, 5.875000000000003553, 24.71711326826596178 ) ) ;
#4042 = ORIENTED_EDGE ( 'NONE', *, *, #2316, .T. ) ;
#4043 = VERTEX_POINT ( 'NONE', #4621 ) ;
#4044 = CARTESIAN_POINT ( 'NONE',  ( -39.25872214769194812, 8.500000000000007105, 2.317690357242517596 ) ) ;
#4045 = CARTESIAN_POINT ( 'NONE',  ( 14.02106672353487227, 0.7130042956954123490, -3.761230304006072167 ) ) ;
#4046 = EDGE_CURVE ( 'NONE', #95, #72, #2732, .T. ) ;
#4047 = EDGE_CURVE ( 'NONE', #4850, #754, #2569, .T. ) ;
#4048 = ORIENTED_EDGE ( 'NONE', *, *, #2800, .F. ) ;
#4049 = VECTOR ( 'NONE', #4302, 1000.000000000000000 ) ;
#4050 = DIRECTION ( 'NONE',  ( 0.000000000000000000, 1.000000000000000000, 0.000000000000000000 ) ) ;
#4051 = EDGE_CURVE ( 'NONE', #623, #563, #2802, .T. ) ;
#4052 = PLANE ( 'NONE',  #762 ) ;
#4053 = VERTEX_POINT ( 'NONE', #2848 ) ;
#4054 = FACE_OUTER_BOUND ( 'NONE', #4759, .T. ) ;
#4055 = CARTESIAN_POINT ( 'NONE',  ( -3.333713372096893224, 11.19375000000000142, -1.040697404543494686 ) ) ;
#4056 = VERTEX_POINT ( 'NONE', #2480 ) ;
#4057 = LINE ( 'NONE', #4890, #1005 ) ;
#4058 = DIRECTION ( 'NONE',  ( -0.000000000000000000, 0.000000000000000000, -1.000000000000000000 ) ) ;
#4059 = AXIS2_PLACEMENT_3D ( 'NONE', #2478, #3993, #1719 ) ;
#4060 = VERTEX_POINT ( 'NONE', #4320 ) ;
#4061 = CARTESIAN_POINT ( 'NONE',  ( 4.506559040048433218, 0.000000000000000000, 0.000000000000000000 ) ) ;
#4062 = ORIENTED_EDGE ( 'NONE', *, *, #3921, .T. ) ;
#4063 = DIRECTION ( 'NONE',  ( -1.000000000000000000, -0.000000000000000000, -0.000000000000000000 ) ) ;
#4064 = VECTOR ( 'NONE', #648, 1000.000000000000000 ) ;
#4065 = CARTESIAN_POINT ( 'NONE',  ( -18.70837374726851721, 4.540444544970647200, 27.73876969599392694 ) ) ;
#4066 = CARTESIAN_POINT ( 'NONE',  ( -61.54560449174972803, -3.250000000000000000, 25.73876969599392694 ) ) ;
#4067 = VECTOR ( 'NONE', #2826, 1000.000000000000000 ) ;
#4068 = VERTEX_POINT ( 'NONE', #3524 ) ;
#4069 = EDGE_CURVE ( 'NONE', #2648, #1443, #2384, .T. ) ;
#4070 = CIRCLE ( 'NONE', #985, 1.500000000000001332 ) ;
#4071 = CARTESIAN_POINT ( 'NONE',  ( 4.006559040048433218, 8.250000000000000000, 22.13434452200543134 ) ) ;
#4072 = DIRECTION ( 'NONE',  ( 0.000000000000000000, 1.000000000000000000, 0.000000000000000000 ) ) ;
#4073 = LINE ( 'NONE', #540, #4687 ) ;
#4074 = EDGE_LOOP ( 'NONE', ( #3588, #1308, #400, #598 ) ) ;
#4075 = ORIENTED_EDGE ( 'NONE', *, *, #1849, .F. ) ;
#4076 = AXIS2_PLACEMENT_3D ( 'NONE', #4199, #460, #1527 ) ;
#4077 = ADVANCED_FACE ( 'NONE', ( #579 ), #3893, .F. ) ;
#4078 = CARTESIAN_POINT ( 'NONE',  ( 14.02106672353487227, 8.757473573018954127, -6.761230304006072167 ) ) ;
#4079 = DIRECTION ( 'NONE',  ( 0.000000000000000000, 1.000000000000000000, 0.000000000000000000 ) ) ;
#4080 = ORIENTED_EDGE ( 'NONE', *, *, #3137, .F. ) ;
#4081 = CARTESIAN_POINT ( 'NONE',  ( 14.02106672353487227, 0.7130042956954123490, -6.761230304006072167 ) ) ;
#4082 = CIRCLE ( 'NONE', #1950, 3.350000000000002309 ) ;
#4083 = AXIS2_PLACEMENT_3D ( 'NONE', #19, #1006, #4369 ) ;
#4084 = EDGE_CURVE ( 'NONE', #2049, #2903, #3169, .T. ) ;
#4085 = EDGE_CURVE ( 'NONE', #4904, #3461, #4345, .T. ) ;
#4086 = CARTESIAN_POINT ( 'NONE',  ( -63.54560449174972803, -3.250000000000000000, -3.261230304006073055 ) ) ;
#4087 = ORIENTED_EDGE ( 'NONE', *, *, #536, .F. ) ;
#4088 = VECTOR ( 'NONE', #3148, 1000.000000000000000 ) ;
#4089 = LINE ( 'NONE', #4514, #4495 ) ;
#4090 = CARTESIAN_POINT ( 'NONE',  ( 9.876295877967509185, 0.7130042956954123490, -6.761230304006072167 ) ) ;
#4091 = VERTEX_POINT ( 'NONE', #3601 ) ;
#4092 = DIRECTION ( 'NONE',  ( 0.000000000000000000, 1.000000000000000000, 0.000000000000000000 ) ) ;
#4093 = VERTEX_POINT ( 'NONE', #3920 ) ;
#4094 = AXIS2_PLACEMENT_3D ( 'NONE', #3242, #4335, #249 ) ;
#4095 = CARTESIAN_POINT ( 'NONE',  ( -38.60223981824245953, -3.250000000000000000, 26.71994397445526204 ) ) ;
#4096 = FACE_OUTER_BOUND ( 'NONE', #2356, .T. ) ;
#4097 = VECTOR ( 'NONE', #1887, 1000.000000000000000 ) ;
#4098 = ORIENTED_EDGE ( 'NONE', *, *, #1090, .F. ) ;
#4099 = AXIS2_PLACEMENT_3D ( 'NONE', #3858, #787, #1560 ) ;
#4100 = DIRECTION ( 'NONE',  ( 0.000000000000000000, 0.000000000000000000, 1.000000000000000000 ) ) ;
#4101 = CARTESIAN_POINT ( 'NONE',  ( -50.88856591388922368, 4.466867144221085439, 26.71994397445526204 ) ) ;
#4102 = CARTESIAN_POINT ( 'NONE',  ( 9.876295877967509185, 2.129741779671930742E-15, -4.761230304006072167 ) ) ;
#4103 = ORIENTED_EDGE ( 'NONE', *, *, #979, .F. ) ;
#4104 = ADVANCED_FACE ( 'NONE', ( #1723 ), #2405, .T. ) ;
#4105 = CARTESIAN_POINT ( 'NONE',  ( -54.49344095995157033, 5.875000000000003553, 2.446820937015809605 ) ) ;
#4106 = FACE_OUTER_BOUND ( 'NONE', #2625, .T. ) ;
#4107 = ORIENTED_EDGE ( 'NONE', *, *, #717, .T. ) ;
#4108 = DIRECTION ( 'NONE',  ( 0.000000000000000000, 0.000000000000000000, -1.000000000000000000 ) ) ;
#4109 = LINE ( 'NONE', #1949, #4628 ) ;
#4110 = ORIENTED_EDGE ( 'NONE', *, *, #3712, .T. ) ;
#4111 = DIRECTION ( 'NONE',  ( -0.000000000000000000, -0.000000000000000000, -1.000000000000000000 ) ) ;
#4112 = LINE ( 'NONE', #740, #1893 ) ;
#4113 = ORIENTED_EDGE ( 'NONE', *, *, #2649, .F. ) ;
#4114 = ADVANCED_FACE ( 'NONE', ( #3548, #3967 ), #531, .T. ) ;
#4115 = DIRECTION ( 'NONE',  ( -0.000000000000000000, -1.000000000000000000, -0.000000000000000000 ) ) ;
#4116 = EDGE_CURVE ( 'NONE', #1548, #2344, #2026, .T. ) ;
#4117 = DIRECTION ( 'NONE',  ( 0.000000000000000000, 0.000000000000000000, 1.000000000000000000 ) ) ;
#4118 = CARTESIAN_POINT ( 'NONE',  ( -18.70837374726851721, 4.540444544970647200, 35.00000000000000000 ) ) ;
#4119 = ADVANCED_FACE ( 'NONE', ( #161, #2778 ), #4293, .T. ) ;
#4120 = ORIENTED_EDGE ( 'NONE', *, *, #1569, .T. ) ;
#4121 = LINE ( 'NONE', #4472, #841 ) ;
#4122 = CARTESIAN_POINT ( 'NONE',  ( -39.25872214769194812, 10.50000000000000000, 24.49769035724251509 ) ) ;
#4123 = LINE ( 'NONE', #1921, #1853 ) ;
#4124 = EDGE_LOOP ( 'NONE', ( #3215, #2376, #679, #4504 ) ) ;
#4125 = ORIENTED_EDGE ( 'NONE', *, *, #2174, .T. ) ;
#4126 = CARTESIAN_POINT ( 'NONE',  ( -66.59445670572583253, 0.7130042956954123490, -6.761230304006072167 ) ) ;
#4127 = CARTESIAN_POINT ( 'NONE',  ( -20.04290560462220228, 5.156710659648465978, 27.73876969599392694 ) ) ;
#4128 = ORIENTED_EDGE ( 'NONE', *, *, #4172, .T. ) ;
#4129 = DIRECTION ( 'NONE',  ( 0.000000000000000000, 0.000000000000000000, 1.000000000000000000 ) ) ;
#4130 = EDGE_CURVE ( 'NONE', #4093, #3651, #924, .T. ) ;
#4131 = ORIENTED_EDGE ( 'NONE', *, *, #4160, .F. ) ;
#4132 = LINE ( 'NONE', #739, #2897 ) ;
#4133 = CARTESIAN_POINT ( 'NONE',  ( -4.258722147691941906, 8.500000000000007105, 2.317690357242517596 ) ) ;
#4134 = VERTEX_POINT ( 'NONE', #1323 ) ;
#4135 = CARTESIAN_POINT ( 'NONE',  ( -11.99651859791751818, 5.479082202084431863, 27.73876969599392694 ) ) ;
#4136 = VECTOR ( 'NONE', #512, 1000.000000000000000 ) ;
#4137 = CARTESIAN_POINT ( 'NONE',  ( -70.59445670572583253, 8.717998577795750492, -3.761230304006072167 ) ) ;
#4138 = EDGE_CURVE ( 'NONE', #4828, #1330, #898, .T. ) ;
#4139 = AXIS2_PLACEMENT_3D ( 'NONE', #3193, #4718, #3964 ) ;
#4140 = LINE ( 'NONE', #746, #4027 ) ;
#4141 = ORIENTED_EDGE ( 'NONE', *, *, #4638, .F. ) ;
#4142 = VECTOR ( 'NONE', #3321, 1000.000000000000000 ) ;
#4143 = EDGE_CURVE ( 'NONE', #4411, #547, #2074, .T. ) ;
#4144 = CARTESIAN_POINT ( 'NONE',  ( 0.000000000000000000, 8.750000000000000000, 0.000000000000000000 ) ) ;
#4145 = VECTOR ( 'NONE', #2098, 1000.000000000000000 ) ;
#4146 = DIRECTION ( 'NONE',  ( -0.000000000000000000, 1.000000000000000000, -0.000000000000000000 ) ) ;
#4147 = CARTESIAN_POINT ( 'NONE',  ( 4.006559040048433218, 8.000000000000000000, 22.13434452200543134 ) ) ;
#4148 = ORIENTED_EDGE ( 'NONE', *, *, #3855, .F. ) ;
#4149 = ORIENTED_EDGE ( 'NONE', *, *, #2973, .F. ) ;
#4150 = AXIS2_PLACEMENT_3D ( 'NONE', #3111, #2350, #2766 ) ;
#4151 = DIRECTION ( 'NONE',  ( 0.000000000000000000, 1.000000000000000000, 0.000000000000000000 ) ) ;
#4152 = CARTESIAN_POINT ( 'NONE',  ( 4.553332877239093079, 5.875000000000003553, 2.439422186896802902 ) ) ;
#4153 = ORIENTED_EDGE ( 'NONE', *, *, #3297, .F. ) ;
#4154 = ORIENTED_EDGE ( 'NONE', *, *, #115, .F. ) ;
#4155 = LINE ( 'NONE', #5, #366 ) ;
#4156 = DIRECTION ( 'NONE',  ( -1.000000000000000000, -0.000000000000000000, -0.000000000000000000 ) ) ;
#4157 = ORIENTED_EDGE ( 'NONE', *, *, #1051, .F. ) ;
#4158 = CARTESIAN_POINT ( 'NONE',  ( 4.006559040048433218, 5.875000000000003553, 0.4843445220054316547 ) ) ;
#4159 = VECTOR ( 'NONE', #775, 1000.000000000000000 ) ;
#4160 = EDGE_CURVE ( 'NONE', #1661, #4270, #3573, .T. ) ;
#4161 = LINE ( 'NONE', #3372, #3429 ) ;
#4162 = CIRCLE ( 'NONE', #2340, 1.500000000000000000 ) ;
#4163 = DIRECTION ( 'NONE',  ( 1.000000000000000000, 0.000000000000000000, -0.000000000000000000 ) ) ;
#4164 = EDGE_LOOP ( 'NONE', ( #2227, #2967, #2156, #1427 ) ) ;
#4165 = ORIENTED_EDGE ( 'NONE', *, *, #3722, .F. ) ;
#4166 = AXIS2_PLACEMENT_3D ( 'NONE', #2861, #2137, #2447 ) ;
#4167 = AXIS2_PLACEMENT_3D ( 'NONE', #955, #4301, #615 ) ;
#4168 = LINE ( 'NONE', #1150, #3608 ) ;
#4169 = LINE ( 'NONE', #776, #450 ) ;
#4170 = CARTESIAN_POINT ( 'NONE',  ( -54.49344095995157033, 10.50000000000000000, 5.745757241660123249 ) ) ;
#4171 = ORIENTED_EDGE ( 'NONE', *, *, #1968, .F. ) ;
#4172 = EDGE_CURVE ( 'NONE', #1035, #4666, #1696, .T. ) ;
#4173 = EDGE_CURVE ( 'NONE', #559, #3628, #791, .T. ) ;
#4174 = CARTESIAN_POINT ( 'NONE',  ( -21.38836543812355373, -3.250000000000000000, 25.73876969599392694 ) ) ;
#4175 = EDGE_LOOP ( 'NONE', ( #4823, #4903, #2839, #837 ) ) ;
#4176 = ORIENTED_EDGE ( 'NONE', *, *, #4852, .F. ) ;
#4177 = CIRCLE ( 'NONE', #1735, 2.420000000000000817 ) ;
#4178 = ORIENTED_EDGE ( 'NONE', *, *, #1632, .T. ) ;
#4179 = DIRECTION ( 'NONE',  ( -0.000000000000000000, 0.000000000000000000, -1.000000000000000000 ) ) ;
#4180 = CARTESIAN_POINT ( 'NONE',  ( -53.49344095995156323, 5.875000000000003553, 2.446820937015809605 ) ) ;
#4181 = VERTEX_POINT ( 'NONE', #4775 ) ;
#4182 = DIRECTION ( 'NONE',  ( 0.000000000000000000, 0.000000000000000000, -1.000000000000000000 ) ) ;
#4183 = DIRECTION ( 'NONE',  ( 3.469446951953614583E-15, 0.000000000000000000, -1.000000000000000000 ) ) ;
#4184 = ORIENTED_EDGE ( 'NONE', *, *, #3181, .F. ) ;
#4185 = EDGE_CURVE ( 'NONE', #252, #1530, #2873, .T. ) ;
#4186 = AXIS2_PLACEMENT_3D ( 'NONE', #1339, #4013, #3620 ) ;
#4187 = CARTESIAN_POINT ( 'NONE',  ( 7.852138378250272943, -3.250000000000000000, -3.261230304006072611 ) ) ;
#4188 = ORIENTED_EDGE ( 'NONE', *, *, #711, .F. ) ;
#4189 = DIRECTION ( 'NONE',  ( -1.000000000000000000, 0.000000000000000000, -0.000000000000000000 ) ) ;
#4190 = CYLINDRICAL_SURFACE ( 'NONE', #4248, 3.350000000000002309 ) ;
#4191 = CARTESIAN_POINT ( 'NONE',  ( 14.02106672353487227, 8.757473573018954127, -4.761230304006072167 ) ) ;
#4192 = ORIENTED_EDGE ( 'NONE', *, *, #3075, .T. ) ;
#4193 = VERTEX_POINT ( 'NONE', #1319 ) ;
#4194 = CARTESIAN_POINT ( 'NONE',  ( -66.59445670572583253, 4.713004295695412793, -3.761230304006072167 ) ) ;
#4195 = ADVANCED_FACE ( 'NONE', ( #4690 ), #3962, .T. ) ;
#4196 = CARTESIAN_POINT ( 'NONE',  ( -57.34344095995156465, 5.875000000000003553, 23.43434452200543205 ) ) ;
#4197 = DIRECTION ( 'NONE',  ( 1.000000000000000000, 0.000000000000000000, 0.000000000000000000 ) ) ;
#4198 = EDGE_LOOP ( 'NONE', ( #2966, #4540, #1231, #876 ) ) ;
#4199 = CARTESIAN_POINT ( 'NONE',  ( -39.79572938337270926, 7.483490513531148913, 27.73876969599392694 ) ) ;
#4200 = VERTEX_POINT ( 'NONE', #4338 ) ;
#4201 = EDGE_CURVE ( 'NONE', #1964, #835, #131, .T. ) ;
#4202 = ORIENTED_EDGE ( 'NONE', *, *, #701, .T. ) ;
#4203 = CYLINDRICAL_SURFACE ( 'NONE', #4730, 3.350000000000001421 ) ;
#4204 = CARTESIAN_POINT ( 'NONE',  ( 4.006559040048433218, 8.000000000000000000, 1.554344522005431495 ) ) ;
#4205 = ORIENTED_EDGE ( 'NONE', *, *, #1909, .F. ) ;
#4206 = DIRECTION ( 'NONE',  ( 0.000000000000000000, 0.000000000000000000, 1.000000000000000000 ) ) ;
#4207 = DIRECTION ( 'NONE',  ( 0.000000000000000000, -0.000000000000000000, 1.000000000000000000 ) ) ;
#4208 = VERTEX_POINT ( 'NONE', #548 ) ;
#4209 = CARTESIAN_POINT ( 'NONE',  ( -70.59445670572583253, 4.717998577795753157, -6.761230304006072167 ) ) ;
#4210 = ORIENTED_EDGE ( 'NONE', *, *, #1900, .F. ) ;
#4211 = CARTESIAN_POINT ( 'NONE',  ( 4.006559040048433218, 5.875000000000003553, 0.4843445220054316547 ) ) ;
#4212 = LINE ( 'NONE', #3402, #3379 ) ;
#4213 = CARTESIAN_POINT ( 'NONE',  ( -9.280464726337173786, 8.250000000000000000, 26.76711071965634403 ) ) ;
#4214 = CIRCLE ( 'NONE', #1930, 3.350000000000002309 ) ;
#4215 = ORIENTED_EDGE ( 'NONE', *, *, #3944, .T. ) ;
#4216 = EDGE_CURVE ( 'NONE', #1235, #2313, #2021, .T. ) ;
#4217 = DIRECTION ( 'NONE',  ( 0.000000000000000000, 1.000000000000000000, 0.000000000000000000 ) ) ;
#4218 = AXIS2_PLACEMENT_3D ( 'NONE', #503, #1672, #3525 ) ;
#4219 = PLANE ( 'NONE',  #498 ) ;
#4220 = CARTESIAN_POINT ( 'NONE',  ( -39.79572938337270926, 4.966867144221086328, 27.73876969599392694 ) ) ;
#4221 = AXIS2_PLACEMENT_3D ( 'NONE', #3048, #2609, #1903 ) ;
#4222 = ORIENTED_EDGE ( 'NONE', *, *, #1866, .F. ) ;
#4223 = ORIENTED_EDGE ( 'NONE', *, *, #2443, .T. ) ;
#4224 = AXIS2_PLACEMENT_3D ( 'NONE', #1016, #4009, #3240 ) ;
#4225 = EDGE_CURVE ( 'NONE', #4549, #1035, #673, .T. ) ;
#4226 = CIRCLE ( 'NONE', #2177, 2.420000000000002149 ) ;
#4227 = DIRECTION ( 'NONE',  ( 0.000000000000000000, 0.8827689897251326245, 0.4698073123948461882 ) ) ;
#4228 = DIRECTION ( 'NONE',  ( 0.000000000000000000, 1.000000000000000000, 0.000000000000000000 ) ) ;
#4229 = CARTESIAN_POINT ( 'NONE',  ( -53.99344095995156323, 8.750000000000000000, 22.13434452200543134 ) ) ;
#4230 = ORIENTED_EDGE ( 'NONE', *, *, #1569, .F. ) ;
#4231 = CARTESIAN_POINT ( 'NONE',  ( 0.6805272488406796105, 5.875000000000003553, -0.4656398234567175054 ) ) ;
#4232 = ADVANCED_FACE ( 'NONE', ( #1687, #4716 ), #473, .F. ) ;
#4233 = ADVANCED_FACE ( 'NONE', ( #4287, #3593 ), #2357, .F. ) ;
#4234 = DIRECTION ( 'NONE',  ( 0.000000000000000000, 0.000000000000000000, -1.000000000000000000 ) ) ;
#4235 = DIRECTION ( 'NONE',  ( 0.000000000000000000, -0.000000000000000000, 1.000000000000000000 ) ) ;
#4236 = EDGE_LOOP ( 'NONE', ( #3095, #866, #4290, #4701 ) ) ;
#4237 = AXIS2_PLACEMENT_3D ( 'NONE', #1601, #18, #4905 ) ;
#4238 = CARTESIAN_POINT ( 'NONE',  ( 3.469226652074591133, 5.875000000000003553, 2.440970280211873789 ) ) ;
#4239 = AXIS2_PLACEMENT_3D ( 'NONE', #4144, #1445, #706 ) ;
#4240 = ORIENTED_EDGE ( 'NONE', *, *, #3323, .T. ) ;
#4241 = DIRECTION ( 'NONE',  ( 0.000000000000000000, 0.000000000000000000, 1.000000000000000000 ) ) ;
#4242 = CARTESIAN_POINT ( 'NONE',  ( -53.99344095995156323, 5.875000000000003553, -0.8656554779945688782 ) ) ;
#4243 = CARTESIAN_POINT ( 'NONE',  ( 0.000000000000000000, 0.000000000000000000, -4.761230304006072167 ) ) ;
#4244 = CIRCLE ( 'NONE', #3049, 0.5000000000000004441 ) ;
#4245 = CIRCLE ( 'NONE', #3928, 2.420000000000000373 ) ;
#4246 = ORIENTED_EDGE ( 'NONE', *, *, #3189, .F. ) ;
#4247 = CARTESIAN_POINT ( 'NONE',  ( -57.34344095995156465, 5.875000000000003553, 0.5000000000000000000 ) ) ;
#4248 = AXIS2_PLACEMENT_3D ( 'NONE', #3381, #1518, #2304 ) ;
#4249 = LINE ( 'NONE', #480, #2014 ) ;
#4250 = DIRECTION ( 'NONE',  ( 0.000000000000000000, 0.000000000000000000, 1.000000000000000000 ) ) ;
#4251 = EDGE_CURVE ( 'NONE', #3383, #1256, #2399, .T. ) ;
#4252 = ORIENTED_EDGE ( 'NONE', *, *, #3310, .T. ) ;
#4253 = DIRECTION ( 'NONE',  ( 0.000000000000000000, 0.000000000000000000, 1.000000000000000000 ) ) ;
#4254 = AXIS2_PLACEMENT_3D ( 'NONE', #1387, #4820, #2544 ) ;
#4255 = ORIENTED_EDGE ( 'NONE', *, *, #4310, .T. ) ;
#4256 = PLANE ( 'NONE',  #4328 ) ;
#4257 = DIRECTION ( 'NONE',  ( -0.000000000000000000, 1.000000000000000000, -0.000000000000000000 ) ) ;
#4258 = EDGE_LOOP ( 'NONE', ( #1888, #230 ) ) ;
#4259 = PLANE ( 'NONE',  #2481 ) ;
#4260 = ORIENTED_EDGE ( 'NONE', *, *, #3566, .F. ) ;
#4261 = DIRECTION ( 'NONE',  ( -0.000000000000000000, -0.000000000000000000, -1.000000000000000000 ) ) ;
#4262 = ADVANCED_FACE ( 'NONE', ( #870, #943 ), #4644, .T. ) ;
#4263 = EDGE_CURVE ( 'NONE', #3184, #3633, #1146, .T. ) ;
#4264 = CARTESIAN_POINT ( 'NONE',  ( -60.04560449174972803, 10.50000000000000000, 23.43434452200543205 ) ) ;
#4265 = VERTEX_POINT ( 'NONE', #2726 ) ;
#4266 = CARTESIAN_POINT ( 'NONE',  ( 4.006559040048433218, 5.875000000000003553, -2.215655477994569189 ) ) ;
#4267 = EDGE_CURVE ( 'NONE', #2492, #4840, #2796, .T. ) ;
#4268 = CARTESIAN_POINT ( 'NONE',  ( -9.280464726337173786, 8.250000000000000000, 26.76711071965634403 ) ) ;
#4269 = DIRECTION ( 'NONE',  ( -1.000000000000000000, 0.000000000000000000, 6.186460420561288263E-17 ) ) ;
#4270 = VERTEX_POINT ( 'NONE', #106 ) ;
#4271 = AXIS2_PLACEMENT_3D ( 'NONE', #2301, #3814, #422 ) ;
#4272 = CARTESIAN_POINT ( 'NONE',  ( 3.830254905060044734, 10.50000000000000000, 5.758840918736137127 ) ) ;
#4273 = CARTESIAN_POINT ( 'NONE',  ( -53.99344095995156323, 8.000000000000000000, 22.13434452200543134 ) ) ;
#4274 = DIRECTION ( 'NONE',  ( 1.000000000000000000, 1.734723475976805517E-15, 0.000000000000000000 ) ) ;
#4275 = EDGE_LOOP ( 'NONE', ( #2489, #4042, #2851, #3232 ) ) ;
#4276 = DIRECTION ( 'NONE',  ( -0.000000000000000000, -0.000000000000000000, 1.000000000000000000 ) ) ;
#4277 = PLANE ( 'NONE',  #1485 ) ;
#4278 = LINE ( 'NONE', #2390, #1279 ) ;
#4279 = VERTEX_POINT ( 'NONE', #4266 ) ;
#4280 = FACE_OUTER_BOUND ( 'NONE', #2816, .T. ) ;
#4281 = EDGE_CURVE ( 'NONE', #4807, #939, #3992, .T. ) ;
#4282 = CARTESIAN_POINT ( 'NONE',  ( -62.05134326581678295, 8.717998577795750492, -3.761230304006072167 ) ) ;
#4283 = ORIENTED_EDGE ( 'NONE', *, *, #4084, .T. ) ;
#4284 = DIRECTION ( 'NONE',  ( 0.000000000000000000, 0.000000000000000000, 1.000000000000000000 ) ) ;
#4285 = EDGE_LOOP ( 'NONE', ( #1752, #48, #124, #142 ) ) ;
#4286 = ADVANCED_FACE ( 'NONE', ( #918 ), #2753, .T. ) ;
#4287 = FACE_OUTER_BOUND ( 'NONE', #4530, .T. ) ;
#4288 = DIRECTION ( 'NONE',  ( -0.000000000000000000, 1.000000000000000000, -0.000000000000000000 ) ) ;
#4289 = CARTESIAN_POINT ( 'NONE',  ( -61.54560449174972803, -3.250000000000000000, 24.23876969599392694 ) ) ;
#4290 = ORIENTED_EDGE ( 'NONE', *, *, #3327, .T. ) ;
#4291 = ORIENTED_EDGE ( 'NONE', *, *, #3629, .T. ) ;
#4292 = EDGE_CURVE ( 'NONE', #2010, #1607, #2425, .T. ) ;
#4293 = PLANE ( 'NONE',  #666 ) ;
#4294 = CARTESIAN_POINT ( 'NONE',  ( 9.876295877967507408, 8.757473573018954127, -3.761230304006072167 ) ) ;
#4295 = VECTOR ( 'NONE', #628, 1000.000000000000000 ) ;
#4296 = PLANE ( 'NONE',  #1242 ) ;
#4297 = VERTEX_POINT ( 'NONE', #3519 ) ;
#4298 = CIRCLE ( 'NONE', #3744, 3.350000000000000533 ) ;
#4299 = AXIS2_PLACEMENT_3D ( 'NONE', #3424, #2241, #3403 ) ;
#4300 = FACE_OUTER_BOUND ( 'NONE', #1867, .T. ) ;
#4301 = DIRECTION ( 'NONE',  ( 0.000000000000000000, 1.000000000000000000, 0.000000000000000000 ) ) ;
#4302 = DIRECTION ( 'NONE',  ( -0.000000000000000000, -1.000000000000000000, -0.000000000000000000 ) ) ;
#4303 = VECTOR ( 'NONE', #80, 1000.000000000000000 ) ;
#4304 = ORIENTED_EDGE ( 'NONE', *, *, #524, .T. ) ;
#4305 = CARTESIAN_POINT ( 'NONE',  ( -36.82832474990054550, 21.75138640554862590, 27.73876969599392694 ) ) ;
#4306 = CARTESIAN_POINT ( 'NONE',  ( 4.553332877239093079, 5.875000000000003553, 3.239422186896803169 ) ) ;
#4307 = AXIS2_PLACEMENT_3D ( 'NONE', #573, #2090, #4612 ) ;
#4308 = ORIENTED_EDGE ( 'NONE', *, *, #1602, .T. ) ;
#4309 = PLANE ( 'NONE',  #397 ) ;
#4310 = EDGE_CURVE ( 'NONE', #2505, #376, #3886, .T. ) ;
#4311 = VECTOR ( 'NONE', #1812, 1000.000000000000000 ) ;
#4312 = ORIENTED_EDGE ( 'NONE', *, *, #3530, .T. ) ;
#4313 = CARTESIAN_POINT ( 'NONE',  ( 4.006559040048433218, 10.50000000000000000, -0.8656554779945688782 ) ) ;
#4314 = CARTESIAN_POINT ( 'NONE',  ( 9.852138378250273831, -3.250000000000000000, -3.261230304006073055 ) ) ;
#4315 = CARTESIAN_POINT ( 'NONE',  ( -61.54560449174972803, -3.250000000000000000, -3.261230304006072611 ) ) ;
#4316 = VERTEX_POINT ( 'NONE', #4667 ) ;
#4317 = AXIS2_PLACEMENT_3D ( 'NONE', #3207, #3174, #4327 ) ;
#4318 = CIRCLE ( 'NONE', #1639, 1.349999999999998757 ) ;
#4319 = EDGE_LOOP ( 'NONE', ( #3269, #957, #3986, #2710, #1931, #343, #4223, #2471 ) ) ;
#4320 = CARTESIAN_POINT ( 'NONE',  ( -50.93444028727700612, 5.875000000000003553, 0.5000000000000000000 ) ) ;
#4321 = DIRECTION ( 'NONE',  ( 0.000000000000000000, 0.000000000000000000, -1.000000000000000000 ) ) ;
#4322 = DIRECTION ( 'NONE',  ( -0.000000000000000000, 1.000000000000000000, -0.000000000000000000 ) ) ;
#4323 = EDGE_CURVE ( 'NONE', #1567, #4091, #1268, .T. ) ;
#4324 = ADVANCED_FACE ( 'NONE', ( #1098 ), #1915, .F. ) ;
#4325 = EDGE_LOOP ( 'NONE', ( #3213, #1508, #1228, #466 ) ) ;
#4326 = VECTOR ( 'NONE', #1571, 1000.000000000000000 ) ;
#4327 = DIRECTION ( 'NONE',  ( 0.000000000000000000, -0.000000000000000000, -1.000000000000000000 ) ) ;
#4328 = AXIS2_PLACEMENT_3D ( 'NONE', #122, #3975, #1704 ) ;
#4329 = LINE ( 'NONE', #4782, #2273 ) ;
#4330 = LINE ( 'NONE', #2462, #4136 ) ;
#4331 = ORIENTED_EDGE ( 'NONE', *, *, #1793, .F. ) ;
#4332 = CARTESIAN_POINT ( 'NONE',  ( -60.04560449174972803, 12.50000000000000000, 24.23876969599392694 ) ) ;
#4333 = CARTESIAN_POINT ( 'NONE',  ( 0.000000000000000000, 0.000000000000000000, 22.43434452200543205 ) ) ;
#4334 = VERTEX_POINT ( 'NONE', #2575 ) ;
#4335 = DIRECTION ( 'NONE',  ( -0.000000000000000000, 1.000000000000000000, -0.000000000000000000 ) ) ;
#4336 = DIRECTION ( 'NONE',  ( 0.000000000000000000, -0.000000000000000000, 1.000000000000000000 ) ) ;
#4337 = ORIENTED_EDGE ( 'NONE', *, *, #649, .F. ) ;
#4338 = CARTESIAN_POINT ( 'NONE',  ( 0.7046605134103508528, 5.875000000000003553, 0.4999999999999997780 ) ) ;
#4339 = EDGE_CURVE ( 'NONE', #3069, #2085, #743, .T. ) ;
#4340 = AXIS2_PLACEMENT_3D ( 'NONE', #2945, #2970, #1898 ) ;
#4341 = CYLINDRICAL_SURFACE ( 'NONE', #1310, 1.350000000000000533 ) ;
#4342 = CARTESIAN_POINT ( 'NONE',  ( -61.54560449174972803, 10.50000000000000000, 25.73876969599392694 ) ) ;
#4343 = ORIENTED_EDGE ( 'NONE', *, *, #3443, .F. ) ;
#4344 = ORIENTED_EDGE ( 'NONE', *, *, #4386, .F. ) ;
#4345 = LINE ( 'NONE', #4671, #2017 ) ;
#4346 = LINE ( 'NONE', #213, #685 ) ;
#4347 = DIRECTION ( 'NONE',  ( 0.000000000000000000, 0.000000000000000000, -1.000000000000000000 ) ) ;
#4348 = AXIS2_PLACEMENT_3D ( 'NONE', #2422, #1288, #2818 ) ;
#4349 = ORIENTED_EDGE ( 'NONE', *, *, #1229, .F. ) ;
#4350 = VERTEX_POINT ( 'NONE', #1416 ) ;
#4351 = EDGE_CURVE ( 'NONE', #2888, #2102, #4226, .T. ) ;
#4352 = ADVANCED_FACE ( 'NONE', ( #2965 ), #2918, .F. ) ;
#4353 = LINE ( 'NONE', #1331, #2190 ) ;
#4354 = DIRECTION ( 'NONE',  ( 0.000000000000000000, -0.8827689897251326245, -0.4698073123948461882 ) ) ;
#4355 = CARTESIAN_POINT ( 'NONE',  ( -60.04560449174972803, 10.50000000000000000, -3.261230304006072611 ) ) ;
#4356 = VERTEX_POINT ( 'NONE', #302 ) ;
#4357 = DIRECTION ( 'NONE',  ( 0.000000000000000000, 0.000000000000000000, 1.000000000000000000 ) ) ;
#4358 = EDGE_CURVE ( 'NONE', #2085, #656, #429, .T. ) ;
#4359 = CARTESIAN_POINT ( 'NONE',  ( 0.7548671860309038584, 5.875000000000003553, -1.035576350970657922 ) ) ;
#4360 = VERTEX_POINT ( 'NONE', #3319 ) ;
#4361 = DIRECTION ( 'NONE',  ( -0.8634336279715404405, -0.5044624565692709117, 0.000000000000000000 ) ) ;
#4362 = FACE_OUTER_BOUND ( 'NONE', #3313, .T. ) ;
#4363 = EDGE_LOOP ( 'NONE', ( #1388, #1160, #1, #4188, #459, #3420, #3485, #3513 ) ) ;
#4364 = CARTESIAN_POINT ( 'NONE',  ( -50.64344095995156891, 5.875000000000003553, 0.5000000000000000000 ) ) ;
#4365 = CARTESIAN_POINT ( 'NONE',  ( 4.006559040048433218, 5.875000000000003553, 18.78434452200542992 ) ) ;
#4366 = CARTESIAN_POINT ( 'NONE',  ( -10.79999054116380997, 8.250000000000000000, 26.77397846476551280 ) ) ;
#4367 = VERTEX_POINT ( 'NONE', #4844 ) ;
#4368 = CARTESIAN_POINT ( 'NONE',  ( -21.38836543812355373, -12.75000000000000000, 26.77397846476551280 ) ) ;
#4369 = DIRECTION ( 'NONE',  ( 0.000000000000000000, 0.000000000000000000, 1.000000000000000000 ) ) ;
#4370 = CARTESIAN_POINT ( 'NONE',  ( 4.553332877239093968, 12.50000000000000000, 6.828908360124231081 ) ) ;
#4371 = ORIENTED_EDGE ( 'NONE', *, *, #4661, .T. ) ;
#4372 = ADVANCED_FACE ( 'NONE', ( #3396, #3739 ), #1118, .F. ) ;
#4373 = ORIENTED_EDGE ( 'NONE', *, *, #749, .F. ) ;
#4374 = VECTOR ( 'NONE', #1799, 1000.000000000000000 ) ;
#4375 = CARTESIAN_POINT ( 'NONE',  ( 4.006559040048433218, 8.000000000000000000, 24.55434452200542950 ) ) ;
#4376 = CARTESIAN_POINT ( 'NONE',  ( -63.54560449174972803, 0.7130042956954123490, -6.761230304006072167 ) ) ;
#4377 = ORIENTED_EDGE ( 'NONE', *, *, #1556, .T. ) ;
#4378 = DIRECTION ( 'NONE',  ( 0.000000000000000000, 1.000000000000000000, 0.000000000000000000 ) ) ;
#4379 = CIRCLE ( 'NONE', #4618, 1.600000000000000755 ) ;
#4380 = CARTESIAN_POINT ( 'NONE',  ( -51.19311627875442383, 10.50000000000000000, 23.43434452200543205 ) ) ;
#4381 = AXIS2_PLACEMENT_3D ( 'NONE', #825, #2001, #3499 ) ;
#4382 = ORIENTED_EDGE ( 'NONE', *, *, #3753, .T. ) ;
#4383 = DIRECTION ( 'NONE',  ( 0.000000000000000000, 0.000000000000000000, 1.000000000000000000 ) ) ;
#4384 = CARTESIAN_POINT ( 'NONE',  ( -53.99344095995156323, 10.50000000000000000, 25.48434452200543276 ) ) ;
#4385 = EDGE_LOOP ( 'NONE', ( #1935, #1147 ) ) ;
#4386 = EDGE_CURVE ( 'NONE', #4738, #2647, #2329, .T. ) ;
#4387 = ADVANCED_FACE ( 'NONE', ( #344 ), #1043, .T. ) ;
#4388 = ORIENTED_EDGE ( 'NONE', *, *, #1654, .F. ) ;
#4389 = AXIS2_PLACEMENT_3D ( 'NONE', #1563, #3065, #442 ) ;
#4390 = CARTESIAN_POINT ( 'NONE',  ( -53.99344095995156323, 8.000000000000000000, 1.554344522005431939 ) ) ;
#4391 = CARTESIAN_POINT ( 'NONE',  ( -53.99344095995156323, 8.000000000000000000, 22.13434452200543134 ) ) ;
#4392 = AXIS2_PLACEMENT_3D ( 'NONE', #3458, #4580, #4253 ) ;
#4393 = CARTESIAN_POINT ( 'NONE',  ( 0.000000000000000000, -3.250000000000000000, 26.77397846476551280 ) ) ;
#4394 = B_SPLINE_SURFACE_WITH_KNOTS ( 'NONE', 3, 1, ( 
 ( #4370, #2197 ),
 ( #259, #707 ),
 ( #1851, #3632 ),
 ( #2588, #2876 ),
 ( #2950, #3354 ),
 ( #3702, #2483 ) ),
 .UNSPECIFIED., .F., .F., .F.,
 ( 4, 2, 4 ),
 ( 2, 2 ),
 ( 0.000000000000000000, 0.5000000000000000000, 1.000000000000000000 ),
 ( 0.000000000000000000, 1.000000000000000000 ),
 .UNSPECIFIED. ) ;
#4395 = ORIENTED_EDGE ( 'NONE', *, *, #4022, .F. ) ;
#4396 = CARTESIAN_POINT ( 'NONE',  ( 4.553332877239093968, 10.50000000000000000, 5.745289892734819048 ) ) ;
#4397 = DIRECTION ( 'NONE',  ( 1.000000000000000000, 0.000000000000000000, 0.000000000000000000 ) ) ;
#4398 = FACE_OUTER_BOUND ( 'NONE', #4526, .T. ) ;
#4399 = VECTOR ( 'NONE', #4227, 1000.000000000000000 ) ;
#4400 = ORIENTED_EDGE ( 'NONE', *, *, #860, .F. ) ;
#4401 = CIRCLE ( 'NONE', #2264, 1.600000000000004086 ) ;
#4402 = CIRCLE ( 'NONE', #4486, 0.5000000000000004441 ) ;
#4403 = EDGE_CURVE ( 'NONE', #1428, #4411, #3716, .T. ) ;
#4404 = CARTESIAN_POINT ( 'NONE',  ( 4.006559040048433218, 8.000000000000000000, 19.71434452200543319 ) ) ;
#4405 = CARTESIAN_POINT ( 'NONE',  ( -60.04560449174972803, 10.50000000000000000, 22.43434452200543205 ) ) ;
#4406 = EDGE_LOOP ( 'NONE', ( #864, #4283, #4014, #785 ) ) ;
#4407 = DIRECTION ( 'NONE',  ( 0.000000000000000000, 0.000000000000000000, 1.000000000000000000 ) ) ;
#4408 = VECTOR ( 'NONE', #3367, 1000.000000000000000 ) ;
#4409 = CARTESIAN_POINT ( 'NONE',  ( -2.800420255819354942, 10.50000000000000000, -1.040029441033994306 ) ) ;
#4410 = VECTOR ( 'NONE', #2834, 1000.000000000000000 ) ;
#4411 = VERTEX_POINT ( 'NONE', #2546 ) ;
#4412 = DIRECTION ( 'NONE',  ( -0.000000000000000000, -1.000000000000000000, -0.000000000000000000 ) ) ;
#4413 =( NAMED_UNIT ( * ) PLANE_ANGLE_UNIT ( ) SI_UNIT ( $, .RADIAN. ) );
#4414 = EDGE_LOOP ( 'NONE', ( #3568, #3309, #4153, #4131 ) ) ;
#4415 = ORIENTED_EDGE ( 'NONE', *, *, #1134, .T. ) ;
#4416 = LINE ( 'NONE', #2524, #4064 ) ;
#4417 = EDGE_CURVE ( 'NONE', #3461, #2403, #4070, .T. ) ;
#4418 = EDGE_CURVE ( 'NONE', #1929, #4034, #2620, .T. ) ;
#4419 = DIRECTION ( 'NONE',  ( 0.000000000000000000, 0.000000000000000000, 1.000000000000000000 ) ) ;
#4420 = DIRECTION ( 'NONE',  ( -0.000000000000000000, -1.000000000000000000, -0.000000000000000000 ) ) ;
#4421 = ORIENTED_EDGE ( 'NONE', *, *, #979, .T. ) ;
#4422 = EDGE_CURVE ( 'NONE', #1107, #3069, #1463, .T. ) ;
#4423 = CARTESIAN_POINT ( 'NONE',  ( 3.469226652074590245, 10.50000000000000000, 2.440970280211873344 ) ) ;
#4424 = LINE ( 'NONE', #1426, #1880 ) ;
#4425 = ORIENTED_EDGE ( 'NONE', *, *, #3262, .T. ) ;
#4426 = VERTEX_POINT ( 'NONE', #4135 ) ;
#4427 = CARTESIAN_POINT ( 'NONE',  ( -61.54560449174972803, 8.750000000000000000, 25.73876969599392694 ) ) ;
#4428 = CARTESIAN_POINT ( 'NONE',  ( -39.25872214769194812, 12.50000000000000000, 2.317690357242517596 ) ) ;
#4429 = ORIENTED_EDGE ( 'NONE', *, *, #3257, .T. ) ;
#4430 = DIRECTION ( 'NONE',  ( 0.000000000000000000, 0.8827689897251326245, 0.4698073123948461882 ) ) ;
#4431 = VECTOR ( 'NONE', #3068, 1000.000000000000000 ) ;
#4432 = LINE ( 'NONE', #4380, #3274 ) ;
#4433 = ORIENTED_EDGE ( 'NONE', *, *, #1745, .T. ) ;
#4434 = CARTESIAN_POINT ( 'NONE',  ( 14.02106672353487227, 4.757473573018953239, -3.761230304006072167 ) ) ;
#4435 =( NAMED_UNIT ( * ) SI_UNIT ( $, .STERADIAN. ) SOLID_ANGLE_UNIT ( ) );
#4436 = ORIENTED_EDGE ( 'NONE', *, *, #1754, .T. ) ;
#4437 = DIRECTION ( 'NONE',  ( 1.000000000000000000, 0.000000000000000000, -0.000000000000000000 ) ) ;
#4438 = ORIENTED_EDGE ( 'NONE', *, *, #3539, .T. ) ;
#4439 = EDGE_CURVE ( 'NONE', #3082, #2634, #671, .T. ) ;
#4440 = VERTEX_POINT ( 'NONE', #8 ) ;
#4441 = ORIENTED_EDGE ( 'NONE', *, *, #345, .F. ) ;
#4442 = DIRECTION ( 'NONE',  ( -1.000000000000000000, 0.000000000000000000, 0.000000000000000000 ) ) ;
#4443 = LINE ( 'NONE', #2551, #1978 ) ;
#4444 = CARTESIAN_POINT ( 'NONE',  ( -60.04560449174972803, -3.250000000000000000, -6.761230304006072167 ) ) ;
#4445 = VERTEX_POINT ( 'NONE', #1140 ) ;
#4446 = EDGE_CURVE ( 'NONE', #1832, #4868, #2643, .T. ) ;
#4447 = CARTESIAN_POINT ( 'NONE',  ( -39.29572938337270926, 4.966867144221086328, 27.73876969599392694 ) ) ;
#4448 = FACE_OUTER_BOUND ( 'NONE', #4470, .T. ) ;
#4449 = LINE ( 'NONE', #3176, #3498 ) ;
#4450 = VERTEX_POINT ( 'NONE', #2278 ) ;
#4451 = EDGE_CURVE ( 'NONE', #2567, #3693, #3362, .T. ) ;
#4452 = EDGE_CURVE ( 'NONE', #2888, #1709, #1965, .T. ) ;
#4453 = DIRECTION ( 'NONE',  ( -0.000000000000000000, -1.000000000000000000, -0.000000000000000000 ) ) ;
#4454 = CARTESIAN_POINT ( 'NONE',  ( -53.49344095995156323, 0.000000000000000000, 0.000000000000000000 ) ) ;
#4455 = ORIENTED_EDGE ( 'NONE', *, *, #3310, .F. ) ;
#4456 = CARTESIAN_POINT ( 'NONE',  ( -57.34344095995156465, 5.875000000000003553, -0.5000000000000000000 ) ) ;
#4457 = CARTESIAN_POINT ( 'NONE',  ( -3.321960232225681153, 11.19375000000000142, 0.3329792088061097610 ) ) ;
#4458 = ORIENTED_EDGE ( 'NONE', *, *, #565, .T. ) ;
#4459 = LINE ( 'NONE', #2572, #3772 ) ;
#4460 = DIRECTION ( 'NONE',  ( 0.000000000000000000, 0.000000000000000000, 1.000000000000000000 ) ) ;
#4461 = VECTOR ( 'NONE', #1692, 1000.000000000000000 ) ;
#4462 = EDGE_LOOP ( 'NONE', ( #308, #4663, #3668, #530 ) ) ;
#4463 = CARTESIAN_POINT ( 'NONE',  ( 1.873062941308192730, -3.250000000000000000, 17.31907693046060714 ) ) ;
#4464 = ORIENTED_EDGE ( 'NONE', *, *, #2235, .F. ) ;
#4465 = CARTESIAN_POINT ( 'NONE',  ( -51.60056723113756760, 8.000000000000000000, 22.49566891635459953 ) ) ;
#4466 = AXIS2_PLACEMENT_3D ( 'NONE', #2279, #398, #1536 ) ;
#4467 = EDGE_CURVE ( 'NONE', #3497, #4060, #1261, .T. ) ;
#4468 = LINE ( 'NONE', #3723, #529 ) ;
#4469 = CIRCLE ( 'NONE', #1861, 0.5000000000000004441 ) ;
#4470 = EDGE_LOOP ( 'NONE', ( #1791, #4425 ) ) ;
#4471 = AXIS2_PLACEMENT_3D ( 'NONE', #2720, #1587, #4608 ) ;
#4472 = CARTESIAN_POINT ( 'NONE',  ( -51.60056723113756760, 8.750000000000000000, 16.72284629709940162 ) ) ;
#4473 = DIRECTION ( 'NONE',  ( 0.000000000000000000, 0.000000000000000000, 1.000000000000000000 ) ) ;
#4474 = CARTESIAN_POINT ( 'NONE',  ( -53.99344095995156323, 8.000000000000000000, 19.71434452200542964 ) ) ;
#4475 = ORIENTED_EDGE ( 'NONE', *, *, #2062, .T. ) ;
#4476 = AXIS2_PLACEMENT_3D ( 'NONE', #1059, #3364, #3390 ) ;
#4477 = ORIENTED_EDGE ( 'NONE', *, *, #724, .T. ) ;
#4478 = ADVANCED_FACE ( 'NONE', ( #2670, #3906, #467, #2697, #4637, #4280 ), #4259, .T. ) ;
#4479 = ADVANCED_FACE ( 'NONE', ( #1535 ), #1990, .F. ) ;
#4480 = VECTOR ( 'NONE', #157, 1000.000000000000000 ) ;
#4481 = CARTESIAN_POINT ( 'NONE',  ( -51.60056723113756760, 8.750000000000000000, 26.71994397445526204 ) ) ;
#4482 = LINE ( 'NONE', #4428, #4097 ) ;
#4483 = ORIENTED_EDGE ( 'NONE', *, *, #62, .F. ) ;
#4484 = LINE ( 'NONE', #2985, #1073 ) ;
#4485 = VECTOR ( 'NONE', #2564, 1000.000000000000000 ) ;
#4486 = AXIS2_PLACEMENT_3D ( 'NONE', #236, #4024, #3574 ) ;
#4487 = CARTESIAN_POINT ( 'NONE',  ( 6.352138378250272055, 0.7524792909186112100, -6.761230304006072167 ) ) ;
#4488 = VERTEX_POINT ( 'NONE', #3512 ) ;
#4489 = VECTOR ( 'NONE', #4151, 1000.000000000000000 ) ;
#4490 = FACE_OUTER_BOUND ( 'NONE', #1683, .T. ) ;
#4491 = AXIS2_PLACEMENT_3D ( 'NONE', #133, #1647, #4668 ) ;
#4492 = VERTEX_POINT ( 'NONE', #4585 ) ;
#4493 = CARTESIAN_POINT ( 'NONE',  ( -53.99344095995156323, 8.000000000000000000, 22.13434452200543134 ) ) ;
#4494 = ORIENTED_EDGE ( 'NONE', *, *, #711, .T. ) ;
#4495 = VECTOR ( 'NONE', #718, 1000.000000000000000 ) ;
#4496 = LINE ( 'NONE', #1845, #2170 ) ;
#4497 = DIRECTION ( 'NONE',  ( 0.000000000000000000, 1.000000000000000000, 0.000000000000000000 ) ) ;
#4498 = VECTOR ( 'NONE', #3857, 1000.000000000000000 ) ;
#4499 = VERTEX_POINT ( 'NONE', #125 ) ;
#4500 = EDGE_CURVE ( 'NONE', #1330, #365, #197, .T. ) ;
#4501 = PLANE ( 'NONE',  #3686 ) ;
#4502 = FACE_OUTER_BOUND ( 'NONE', #1911, .T. ) ;
#4503 = DIRECTION ( 'NONE',  ( -1.000000000000000000, 0.000000000000000000, -0.000000000000000000 ) ) ;
#4504 = ORIENTED_EDGE ( 'NONE', *, *, #2889, .F. ) ;
#4505 = ORIENTED_EDGE ( 'NONE', *, *, #3675, .F. ) ;
#4506 = CARTESIAN_POINT ( 'NONE',  ( 4.006559040048433218, 10.50000000000000000, -0.8656554779945688782 ) ) ;
#4507 = DIRECTION ( 'NONE',  ( -0.000000000000000000, 1.000000000000000000, 0.000000000000000000 ) ) ;
#4508 = ORIENTED_EDGE ( 'NONE', *, *, #4787, .F. ) ;
#4509 = LINE ( 'NONE', #4909, #3757 ) ;
#4510 = EDGE_CURVE ( 'NONE', #2078, #4200, #968, .T. ) ;
#4511 = EDGE_CURVE ( 'NONE', #4334, #4674, #2958, .T. ) ;
#4512 = VECTOR ( 'NONE', #1970, 1000.000000000000000 ) ;
#4513 = ORIENTED_EDGE ( 'NONE', *, *, #2889, .T. ) ;
#4514 = CARTESIAN_POINT ( 'NONE',  ( 3.469226652074589801, 5.875000000000003553, -4.193319939474274181E-16 ) ) ;
#4515 = PLANE ( 'NONE',  #4099 ) ;
#4516 = ORIENTED_EDGE ( 'NONE', *, *, #4130, .F. ) ;
#4517 = DIRECTION ( 'NONE',  ( 0.000000000000000000, 0.000000000000000000, -1.000000000000000000 ) ) ;
#4518 = AXIS2_PLACEMENT_3D ( 'NONE', #4685, #153, #227 ) ;
#4519 = EDGE_CURVE ( 'NONE', #2232, #3834, #3860, .T. ) ;
#4520 = LINE ( 'NONE', #2993, #2791 ) ;
#4521 = CARTESIAN_POINT ( 'NONE',  ( 6.352138378250272055, -3.250000000000000000, 24.23876969599392694 ) ) ;
#4522 = ORIENTED_EDGE ( 'NONE', *, *, #717, .F. ) ;
#4523 = DIRECTION ( 'NONE',  ( 0.000000000000000000, 1.000000000000000000, -0.000000000000000000 ) ) ;
#4524 = CARTESIAN_POINT ( 'NONE',  ( 4.006559040048433218, 5.875000000000003553, -0.8656554779945688782 ) ) ;
#4525 = CARTESIAN_POINT ( 'NONE',  ( -57.34344095995156465, 5.875000000000003553, 23.43434452200543205 ) ) ;
#4526 = EDGE_LOOP ( 'NONE', ( #730, #2895, #1948, #2474 ) ) ;
#4527 = LINE ( 'NONE', #2687, #3371 ) ;
#4528 = EDGE_CURVE ( 'NONE', #3935, #3395, #2299, .T. ) ;
#4529 = CARTESIAN_POINT ( 'NONE',  ( -60.04560449174972803, -3.250000000000000000, 24.23876969599392694 ) ) ;
#4530 = EDGE_LOOP ( 'NONE', ( #3683, #2894, #1883, #1190, #91, #2251, #4031, #215, #423, #272, #2542, #3634 ) ) ;
#4531 = PLANE ( 'NONE',  #4476 ) ;
#4532 = ORIENTED_EDGE ( 'NONE', *, *, #2168, .F. ) ;
#4533 = CARTESIAN_POINT ( 'NONE',  ( -10.79999054116380997, -12.75000000000000000, 25.73360027965844665 ) ) ;
#4534 = DIRECTION ( 'NONE',  ( 0.000000000000000000, -1.000000000000000000, 0.000000000000000000 ) ) ;
#4535 = ORIENTED_EDGE ( 'NONE', *, *, #1620, .F. ) ;
#4536 = CARTESIAN_POINT ( 'NONE',  ( 0.9190843437958448048, 10.50000000000000000, 23.43434452200543205 ) ) ;
#4537 = CARTESIAN_POINT ( 'NONE',  ( 4.553332877239092191, 10.50000000000000000, -1.100265198818361804E-15 ) ) ;
#4538 = AXIS2_PLACEMENT_3D ( 'NONE', #2263, #3777, #1519 ) ;
#4539 = ADVANCED_FACE ( 'NONE', ( #865 ), #3037, .T. ) ;
#4540 = ORIENTED_EDGE ( 'NONE', *, *, #1084, .F. ) ;
#4541 = EDGE_CURVE ( 'NONE', #1477, #4356, #1638, .T. ) ;
#4542 = CYLINDRICAL_SURFACE ( 'NONE', #1495, 1.349999999999998757 ) ;
#4543 = ORIENTED_EDGE ( 'NONE', *, *, #3655, .F. ) ;
#4544 = VECTOR ( 'NONE', #4063, 1000.000000000000000 ) ;
#4545 = DIRECTION ( 'NONE',  ( 1.000000000000000000, 0.000000000000000000, 0.000000000000000000 ) ) ;
#4546 = AXIS2_PLACEMENT_3D ( 'NONE', #1298, #211, #4748 ) ;
#4547 = CARTESIAN_POINT ( 'NONE',  ( -18.70837374726851721, 4.540444544970647200, 26.77397846476551280 ) ) ;
#4548 = DIRECTION ( 'NONE',  ( -0.000000000000000000, 1.000000000000000000, 0.000000000000000000 ) ) ;
#4549 = VERTEX_POINT ( 'NONE', #812 ) ;
#4550 = VERTEX_POINT ( 'NONE', #4561 ) ;
#4551 = VECTOR ( 'NONE', #2046, 1000.000000000000000 ) ;
#4552 = LINE ( 'NONE', #1200, #4489 ) ;
#4553 =( GEOMETRIC_REPRESENTATION_CONTEXT ( 3 ) GLOBAL_UNCERTAINTY_ASSIGNED_CONTEXT ( ( #1904 ) ) GLOBAL_UNIT_ASSIGNED_CONTEXT ( ( #4555, #1955, #47 ) ) REPRESENTATION_CONTEXT ( 'NONE', 'WORKASPACE' ) );
#4554 = ORIENTED_EDGE ( 'NONE', *, *, #2174, .F. ) ;
#4555 =( LENGTH_UNIT ( ) NAMED_UNIT ( * ) SI_UNIT ( .MILLI., .METRE. ) );
#4556 = EDGE_CURVE ( 'NONE', #201, #3426, #54, .T. ) ;
#4557 = ORIENTED_EDGE ( 'NONE', *, *, #845, .F. ) ;
#4558 = CARTESIAN_POINT ( 'NONE',  ( -12.49651859791752351, 6.659555455029353865, 35.00000000000000000 ) ) ;
#4559 = FACE_OUTER_BOUND ( 'NONE', #281, .T. ) ;
#4560 = ORIENTED_EDGE ( 'NONE', *, *, #4541, .F. ) ;
#4561 = CARTESIAN_POINT ( 'NONE',  ( -50.38856591388922368, 4.466867144221085439, 27.73876969599392694 ) ) ;
#4562 = VECTOR ( 'NONE', #4003, 1000.000000000000000 ) ;
#4563 = AXIS2_PLACEMENT_3D ( 'NONE', #1772, #2432, #4397 ) ;
#4564 = DIRECTION ( 'NONE',  ( -2.416395261410157149E-16, 0.000000000000000000, -1.000000000000000000 ) ) ;
#4565 = CIRCLE ( 'NONE', #4808, 3.350000000000002309 ) ;
#4566 = CARTESIAN_POINT ( 'NONE',  ( -48.31535629077411897, 8.567453508431418285, 23.43434452200543205 ) ) ;
#4567 = VERTEX_POINT ( 'NONE', #2323 ) ;
#4568 = ORIENTED_EDGE ( 'NONE', *, *, #2866, .F. ) ;
#4569 = VECTOR ( 'NONE', #1987, 1000.000000000000000 ) ;
#4570 = ADVANCED_FACE ( 'NONE', ( #3812 ), #1936, .T. ) ;
#4571 = VECTOR ( 'NONE', #3208, 1000.000000000000000 ) ;
#4572 = DIRECTION ( 'NONE',  ( 0.000000000000000000, 0.000000000000000000, -1.000000000000000000 ) ) ;
#4573 = PLANE ( 'NONE',  #1558 ) ;
#4574 = DIRECTION ( 'NONE',  ( -0.8634336279715403295, -0.5044624565692711338, 0.000000000000000000 ) ) ;
#4575 = ORIENTED_EDGE ( 'NONE', *, *, #3220, .T. ) ;
#4576 = ADVANCED_FACE ( 'NONE', ( #3467 ), #958, .F. ) ;
#4577 = CARTESIAN_POINT ( 'NONE',  ( -54.49344095995157033, 5.875000000000003553, 19.58434452200542708 ) ) ;
#4578 = CARTESIAN_POINT ( 'NONE',  ( -39.25872214769194812, 8.500000000000007105, 24.49769035724251509 ) ) ;
#4579 = ORIENTED_EDGE ( 'NONE', *, *, #3745, .T. ) ;
#4580 = DIRECTION ( 'NONE',  ( 0.000000000000000000, 1.000000000000000000, 0.000000000000000000 ) ) ;
#4581 = ORIENTED_EDGE ( 'NONE', *, *, #4263, .T. ) ;
#4582 = ORIENTED_EDGE ( 'NONE', *, *, #1026, .F. ) ;
#4583 = LINE ( 'NONE', #3437, #532 ) ;
#4584 = ORIENTED_EDGE ( 'NONE', *, *, #2986, .T. ) ;
#4585 = CARTESIAN_POINT ( 'NONE',  ( -50.88856591388922368, 4.966867144221086328, 27.73876969599392694 ) ) ;
#4586 = CARTESIAN_POINT ( 'NONE',  ( -51.60056723113756760, 5.875000000000003553, 19.78984983914692819 ) ) ;
#4587 = CARTESIAN_POINT ( 'NONE',  ( -54.49344095995157033, 10.50000000000000000, 16.15947316483460128 ) ) ;
#4588 = EDGE_CURVE ( 'NONE', #3080, #4904, #4796, .T. ) ;
#4589 = EDGE_LOOP ( 'NONE', ( #1792, #888, #381, #4037, #2794, #702, #3965, #406 ) ) ;
#4590 = CARTESIAN_POINT ( 'NONE',  ( -56.16599705819160704, 5.875000000000003553, 19.58434452200542708 ) ) ;
#4591 = CARTESIAN_POINT ( 'NONE',  ( -51.19311627875442383, 8.750000000000000000, 22.43434452200543205 ) ) ;
#4592 = EDGE_CURVE ( 'NONE', #1637, #767, #119, .T. ) ;
#4593 = CARTESIAN_POINT ( 'NONE',  ( 6.352138378250272055, 10.50000000000000000, 25.73876969599392694 ) ) ;
#4594 = VERTEX_POINT ( 'NONE', #617 ) ;
#4595 = ORIENTED_EDGE ( 'NONE', *, *, #4417, .T. ) ;
#4596 = CARTESIAN_POINT ( 'NONE',  ( -38.60223981824245953, 8.750000000000000000, 26.71994397445526204 ) ) ;
#4597 = DIRECTION ( 'NONE',  ( 0.000000000000000000, 0.000000000000000000, 1.000000000000000000 ) ) ;
#4598 = LINE ( 'NONE', #3027, #609 ) ;
#4599 = ADVANCED_FACE ( 'NONE', ( #4708, #3536 ), #909, .T. ) ;
#4600 = EDGE_CURVE ( 'NONE', #2634, #2010, #1702, .T. ) ;
#4601 = ORIENTED_EDGE ( 'NONE', *, *, #2427, .T. ) ;
#4602 = DIRECTION ( 'NONE',  ( 1.000000000000000000, 0.000000000000000000, 0.000000000000000000 ) ) ;
#4603 = ORIENTED_EDGE ( 'NONE', *, *, #2077, .T. ) ;
#4604 = ORIENTED_EDGE ( 'NONE', *, *, #1539, .T. ) ;
#4605 = CARTESIAN_POINT ( 'NONE',  ( 0.000000000000000000, 0.000000000000000000, -0.5000000000000000000 ) ) ;
#4606 = DIRECTION ( 'NONE',  ( -0.000000000000000000, -0.000000000000000000, 1.000000000000000000 ) ) ;
#4607 = VERTEX_POINT ( 'NONE', #4734 ) ;
#4608 = DIRECTION ( 'NONE',  ( -1.000000000000000000, 0.000000000000000000, 0.000000000000000000 ) ) ;
#4609 = CARTESIAN_POINT ( 'NONE',  ( -9.280464726337173786, -3.250000000000000000, 26.76711071965634403 ) ) ;
#4610 = FACE_OUTER_BOUND ( 'NONE', #77, .T. ) ;
#4611 = VERTEX_POINT ( 'NONE', #4006 ) ;
#4612 = DIRECTION ( 'NONE',  ( 0.000000000000000000, 0.000000000000000000, 1.000000000000000000 ) ) ;
#4613 = VECTOR ( 'NONE', #3888, 1000.000000000000000 ) ;
#4614 = EDGE_CURVE ( 'NONE', #541, #1487, #2855, .T. ) ;
#4615 = DIRECTION ( 'NONE',  ( 0.000000000000000000, 0.000000000000000000, 1.000000000000000000 ) ) ;
#4616 = LINE ( 'NONE', #964, #3216 ) ;
#4617 = CARTESIAN_POINT ( 'NONE',  ( 1.873062941308192730, -3.250000000000000000, 25.73876969599392694 ) ) ;
#4618 = AXIS2_PLACEMENT_3D ( 'NONE', #1565, #4117, #3791 ) ;
#4619 = ORIENTED_EDGE ( 'NONE', *, *, #3066, .T. ) ;
#4620 = ORIENTED_EDGE ( 'NONE', *, *, #3648, .T. ) ;
#4621 = CARTESIAN_POINT ( 'NONE',  ( -60.04560449174972803, 12.50000000000000000, 27.73876969599392694 ) ) ;
#4622 = VECTOR ( 'NONE', #3337, 999.9999999999998863 ) ;
#4623 = CARTESIAN_POINT ( 'NONE',  ( 4.006559040048433218, 8.000000000000000000, -0.8656554779945688782 ) ) ;
#4624 = CARTESIAN_POINT ( 'NONE',  ( -51.60056723113756760, -3.250000000000000000, 26.71994397445526204 ) ) ;
#4625 = VERTEX_POINT ( 'NONE', #1707 ) ;
#4626 = CARTESIAN_POINT ( 'NONE',  ( 14.02106672353487227, 0.7130042956954123490, -3.761230304006072167 ) ) ;
#4627 = ORIENTED_EDGE ( 'NONE', *, *, #357, .F. ) ;
#4628 = VECTOR ( 'NONE', #3453, 1000.000000000000000 ) ;
#4629 = EDGE_CURVE ( 'NONE', #563, #251, #525, .T. ) ;
#4630 = ADVANCED_FACE ( 'NONE', ( #3613 ), #3238, .T. ) ;
#4631 = VECTOR ( 'NONE', #2378, 1000.000000000000000 ) ;
#4632 = ORIENTED_EDGE ( 'NONE', *, *, #3492, .F. ) ;
#4633 = DIRECTION ( 'NONE',  ( 0.000000000000000000, 0.000000000000000000, 1.000000000000000000 ) ) ;
#4634 = CARTESIAN_POINT ( 'NONE',  ( -50.38856591388922368, 4.466867144221085439, 27.73876969599392694 ) ) ;
#4635 = ORIENTED_EDGE ( 'NONE', *, *, #4825, .T. ) ;
#4636 = ORIENTED_EDGE ( 'NONE', *, *, #1297, .F. ) ;
#4637 = FACE_BOUND ( 'NONE', #2917, .T. ) ;
#4638 = EDGE_CURVE ( 'NONE', #2343, #1392, #2786, .T. ) ;
#4639 = CARTESIAN_POINT ( 'NONE',  ( -53.49344095995156323, 10.50000000000000000, 5.745757241660123249 ) ) ;
#4640 = VECTOR ( 'NONE', #2225, 1000.000000000000000 ) ;
#4641 = DIRECTION ( 'NONE',  ( 0.5044624565692709117, -0.8634336279715404405, -0.000000000000000000 ) ) ;
#4642 = ORIENTED_EDGE ( 'NONE', *, *, #1084, .T. ) ;
#4643 = VECTOR ( 'NONE', #1804, 1000.000000000000000 ) ;
#4644 = PLANE ( 'NONE',  #3435 ) ;
#4645 = VECTOR ( 'NONE', #185, 1000.000000000000000 ) ;
#4646 = FACE_BOUND ( 'NONE', #3822, .T. ) ;
#4647 = DIRECTION ( 'NONE',  ( -0.000000000000000000, 1.000000000000000000, -0.000000000000000000 ) ) ;
#4648 = VECTOR ( 'NONE', #1361, 1000.000000000000000 ) ;
#4649 = VERTEX_POINT ( 'NONE', #3261 ) ;
#4650 = DIRECTION ( 'NONE',  ( 0.000000000000000000, -0.000000000000000000, 1.000000000000000000 ) ) ;
#4651 = CIRCLE ( 'NONE', #1961, 4.000000000000000000 ) ;
#4652 = FACE_OUTER_BOUND ( 'NONE', #2812, .T. ) ;
#4653 = FACE_BOUND ( 'NONE', #1575, .T. ) ;
#4654 = VERTEX_POINT ( 'NONE', #2464 ) ;
#4655 = EDGE_CURVE ( 'NONE', #3719, #1490, #3639, .T. ) ;
#4656 = LINE ( 'NONE', #2055, #2113 ) ;
#4657 = FACE_OUTER_BOUND ( 'NONE', #1082, .T. ) ;
#4658 = DIRECTION ( 'NONE',  ( 0.000000000000000000, 0.000000000000000000, 1.000000000000000000 ) ) ;
#4659 = ORIENTED_EDGE ( 'NONE', *, *, #4614, .T. ) ;
#4660 = DIRECTION ( 'NONE',  ( 1.000000000000000000, 0.000000000000000000, 0.000000000000000000 ) ) ;
#4661 = EDGE_CURVE ( 'NONE', #3260, #159, #3978, .T. ) ;
#4662 = DIRECTION ( 'NONE',  ( 1.000000000000000000, 0.000000000000000000, 0.000000000000000000 ) ) ;
#4663 = ORIENTED_EDGE ( 'NONE', *, *, #180, .T. ) ;
#4664 = LINE ( 'NONE', #3863, #3551 ) ;
#4665 = EDGE_CURVE ( 'NONE', #4488, #4043, #3282, .T. ) ;
#4666 = VERTEX_POINT ( 'NONE', #564 ) ;
#4667 = CARTESIAN_POINT ( 'NONE',  ( -54.49344095995157033, 5.875000000000003553, 2.446820937015809605 ) ) ;
#4668 = DIRECTION ( 'NONE',  ( 0.000000000000000000, 0.000000000000000000, -1.000000000000000000 ) ) ;
#4669 = DIRECTION ( 'NONE',  ( 1.000000000000000000, 0.000000000000000000, 0.000000000000000000 ) ) ;
#4670 = ORIENTED_EDGE ( 'NONE', *, *, #3915, .F. ) ;
#4671 = CARTESIAN_POINT ( 'NONE',  ( 7.852138378250272943, -3.250000000000000000, 24.23876969599392694 ) ) ;
#4672 = CARTESIAN_POINT ( 'NONE',  ( 12.97660255292402454, 4.735238934357184348, -3.761230304006072167 ) ) ;
#4673 = FACE_OUTER_BOUND ( 'NONE', #4406, .T. ) ;
#4674 = VERTEX_POINT ( 'NONE', #246 ) ;
#4675 = EDGE_CURVE ( 'NONE', #2023, #33, #2083, .T. ) ;
#4676 = LINE ( 'NONE', #2460, #1237 ) ;
#4677 = CARTESIAN_POINT ( 'NONE',  ( -53.49344095995156323, 5.875000000000003553, 3.284344522005432587 ) ) ;
#4678 = DIRECTION ( 'NONE',  ( -1.000000000000000000, 0.000000000000000000, 0.000000000000000000 ) ) ;
#4679 = ORIENTED_EDGE ( 'NONE', *, *, #2507, .F. ) ;
#4680 = DIRECTION ( 'NONE',  ( -0.000000000000000000, 0.000000000000000000, 1.000000000000000000 ) ) ;
#4681 = EDGE_LOOP ( 'NONE', ( #2315, #325, #880, #3815 ) ) ;
#4682 = CARTESIAN_POINT ( 'NONE',  ( 4.553332877239093968, 12.50000000000000000, 6.828908360124231081 ) ) ;
#4683 = B_SPLINE_CURVE_WITH_KNOTS ( 'NONE', 3,
 ( #3419, #2015, #2375, #1540, #3516, #399 ),
 .UNSPECIFIED., .F., .F.,
 ( 4, 2, 4 ),
 ( 4.307580265215201364E-06, 0.4999993568372756436, 0.9999944060942861368 ),
 .UNSPECIFIED. ) ;
#4684 = ORIENTED_EDGE ( 'NONE', *, *, #3001, .F. ) ;
#4685 = CARTESIAN_POINT ( 'NONE',  ( -39.79572938337270926, 7.483490513531148913, 26.71994397445526204 ) ) ;
#4686 = ORIENTED_EDGE ( 'NONE', *, *, #210, .F. ) ;
#4687 = VECTOR ( 'NONE', #2811, 1000.000000000000000 ) ;
#4688 = VECTOR ( 'NONE', #145, 1000.000000000000000 ) ;
#4689 = ORIENTED_EDGE ( 'NONE', *, *, #150, .T. ) ;
#4690 = FACE_OUTER_BOUND ( 'NONE', #41, .T. ) ;
#4691 = ADVANCED_FACE ( 'NONE', ( #2885 ), #1335, .F. ) ;
#4692 = EDGE_CURVE ( 'NONE', #2398, #4850, #994, .T. ) ;
#4693 = FACE_OUTER_BOUND ( 'NONE', #4236, .T. ) ;
#4694 = CARTESIAN_POINT ( 'NONE',  ( -54.49344095995157033, 5.875000000000003553, 2.776420582063964471 ) ) ;
#4695 = ORIENTED_EDGE ( 'NONE', *, *, #327, .T. ) ;
#4696 = CARTESIAN_POINT ( 'NONE',  ( -56.71569589905544717, 5.875000000000003553, -0.5000000000000000000 ) ) ;
#4697 = CARTESIAN_POINT ( 'NONE',  ( 14.02106672353487227, 8.757473573018954127, -3.761230304006072167 ) ) ;
#4698 = FACE_OUTER_BOUND ( 'NONE', #4074, .T. ) ;
#4699 = ORIENTED_EDGE ( 'NONE', *, *, #4519, .T. ) ;
#4700 = ORIENTED_EDGE ( 'NONE', *, *, #2689, .T. ) ;
#4701 = ORIENTED_EDGE ( 'NONE', *, *, #3629, .F. ) ;
#4702 = AXIS2_PLACEMENT_3D ( 'NONE', #3346, #9, #722 ) ;
#4703 = CARTESIAN_POINT ( 'NONE',  ( 4.006559040048433218, 10.50000000000000000, 22.13434452200543134 ) ) ;
#4704 = CARTESIAN_POINT ( 'NONE',  ( 1.873062941308192730, 8.250000000000000000, 17.31907693046060714 ) ) ;
#4705 = LINE ( 'NONE', #169, #4780 ) ;
#4706 = VECTOR ( 'NONE', #2419, 1000.000000000000000 ) ;
#4707 = ORIENTED_EDGE ( 'NONE', *, *, #3855, .T. ) ;
#4708 = FACE_OUTER_BOUND ( 'NONE', #1296, .T. ) ;
#4709 = ADVANCED_FACE ( 'NONE', ( #2516 ), #1506, .T. ) ;
#4710 = DIRECTION ( 'NONE',  ( 0.000000000000000000, 0.000000000000000000, -1.000000000000000000 ) ) ;
#4711 = VECTOR ( 'NONE', #4517, 1000.000000000000000 ) ;
#4712 = ORIENTED_EDGE ( 'NONE', *, *, #4519, .F. ) ;
#4713 = LINE ( 'NONE', #4791, #2586 ) ;
#4714 = CARTESIAN_POINT ( 'NONE',  ( 4.006559040048433218, 5.875000000000003553, -0.8656554779945688782 ) ) ;
#4715 = VERTEX_POINT ( 'NONE', #2911 ) ;
#4716 = FACE_BOUND ( 'NONE', #1185, .T. ) ;
#4717 = DIRECTION ( 'NONE',  ( 0.000000000000000000, 0.000000000000000000, 1.000000000000000000 ) ) ;
#4718 = DIRECTION ( 'NONE',  ( -0.000000000000000000, 1.000000000000000000, 0.000000000000000000 ) ) ;
#4719 = ORIENTED_EDGE ( 'NONE', *, *, #1420, .F. ) ;
#4720 = EDGE_CURVE ( 'NONE', #1591, #3144, #1484, .T. ) ;
#4721 = VECTOR ( 'NONE', #121, 1000.000000000000000 ) ;
#4722 = CIRCLE ( 'NONE', #3843, 1.350000000000000533 ) ;
#4723 = CARTESIAN_POINT ( 'NONE',  ( -53.49344095995156323, 5.875000000000003553, 18.82186810699505486 ) ) ;
#4724 = CARTESIAN_POINT ( 'NONE',  ( -11.99651859791752173, 7.159555455029352977, 35.00000000000000000 ) ) ;
#4725 = DIRECTION ( 'NONE',  ( -1.000000000000000000, 0.000000000000000000, 0.000000000000000000 ) ) ;
#4726 = EDGE_LOOP ( 'NONE', ( #1666, #3780, #1214, #3943 ) ) ;
#4727 = ADVANCED_FACE ( 'NONE', ( #3336 ), #2594, .F. ) ;
#4728 = VECTOR ( 'NONE', #4111, 1000.000000000000000 ) ;
#4729 = CYLINDRICAL_SURFACE ( 'NONE', #684, 1.500000000000001332 ) ;
#4730 = AXIS2_PLACEMENT_3D ( 'NONE', #809, #3832, #3878 ) ;
#4731 = CARTESIAN_POINT ( 'NONE',  ( -61.54560449174972803, -3.250000000000000000, -4.761230304006072167 ) ) ;
#4732 = CARTESIAN_POINT ( 'NONE',  ( -51.19311627875442383, 8.750000000000000000, 0.000000000000000000 ) ) ;
#4733 = ORIENTED_EDGE ( 'NONE', *, *, #4251, .F. ) ;
#4734 = CARTESIAN_POINT ( 'NONE',  ( -13.08160286443802534, 4.186891154377373248, 27.73876969599392694 ) ) ;
#4735 = EDGE_LOOP ( 'NONE', ( #2066, #2210, #149, #612, #4560, #1839, #942, #633 ) ) ;
#4736 = CARTESIAN_POINT ( 'NONE',  ( -2.800420255819354942, 10.50000000000000000, -0.1666666666666668239 ) ) ;
#4737 = VERTEX_POINT ( 'NONE', #3006 ) ;
#4738 = VERTEX_POINT ( 'NONE', #1432 ) ;
#4739 = LINE ( 'NONE', #620, #1162 ) ;
#4740 = DIRECTION ( 'NONE',  ( 0.000000000000000000, 0.000000000000000000, -1.000000000000000000 ) ) ;
#4741 = EDGE_LOOP ( 'NONE', ( #1105, #4080, #2878, #4554, #2302, #4120 ) ) ;
#4742 = LINE ( 'NONE', #1071, #3103 ) ;
#4743 = ADVANCED_FACE ( 'NONE', ( #2205 ), #690, .T. ) ;
#4744 = AXIS2_PLACEMENT_3D ( 'NONE', #4118, #2922, #725 ) ;
#4745 = DIRECTION ( 'NONE',  ( 0.000000000000000000, 0.000000000000000000, -1.000000000000000000 ) ) ;
#4746 = CARTESIAN_POINT ( 'NONE',  ( -55.68735568109402578, 6.425691701260461741, 19.17655030918843195 ) ) ;
#4747 = ORIENTED_EDGE ( 'NONE', *, *, #3416, .T. ) ;
#4748 = DIRECTION ( 'NONE',  ( 0.000000000000000000, -0.000000000000000000, 1.000000000000000000 ) ) ;
#4749 = ADVANCED_FACE ( 'NONE', ( #4054 ), #2179, .T. ) ;
#4750 = DIRECTION ( 'NONE',  ( -0.000000000000000000, -0.000000000000000000, 1.000000000000000000 ) ) ;
#4751 = CARTESIAN_POINT ( 'NONE',  ( -50.90596626369897848, 10.50000000000000000, 23.43434452200543205 ) ) ;
#4752 = ORIENTED_EDGE ( 'NONE', *, *, #4451, .F. ) ;
#4753 = ORIENTED_EDGE ( 'NONE', *, *, #3, .T. ) ;
#4754 = ADVANCED_FACE ( 'NONE', ( #2228 ), #1836, .T. ) ;
#4755 = EDGE_CURVE ( 'NONE', #1443, #1847, #4484, .T. ) ;
#4756 = DIRECTION ( 'NONE',  ( 0.000000000000000000, 1.000000000000000000, 0.000000000000000000 ) ) ;
#4757 = DIRECTION ( 'NONE',  ( 0.000000000000000000, 0.000000000000000000, 1.000000000000000000 ) ) ;
#4758 = DIRECTION ( 'NONE',  ( -0.000000000000000000, 1.000000000000000000, -0.000000000000000000 ) ) ;
#4759 = EDGE_LOOP ( 'NONE', ( #3760, #4433, #734, #3203 ) ) ;
#4760 = CARTESIAN_POINT ( 'NONE',  ( 18.02106672353487227, 8.757473573018954127, -3.761230304006072167 ) ) ;
#4761 = CARTESIAN_POINT ( 'NONE',  ( 1.230422628794805906, 5.181250000000004796, 0.4999999999999980571 ) ) ;
#4762 = ORIENTED_EDGE ( 'NONE', *, *, #1389, .F. ) ;
#4763 = FACE_OUTER_BOUND ( 'NONE', #2534, .T. ) ;
#4764 = CARTESIAN_POINT ( 'NONE',  ( 4.506559040048433218, 10.50000000000000000, 16.11449525870471433 ) ) ;
#4765 = ORIENTED_EDGE ( 'NONE', *, *, #89, .T. ) ;
#4766 = ORIENTED_EDGE ( 'NONE', *, *, #4629, .F. ) ;
#4767 = LINE ( 'NONE', #1822, #2476 ) ;
#4768 = CARTESIAN_POINT ( 'NONE',  ( 1.873062941308192730, 5.875000000000003553, 24.71711326826596178 ) ) ;
#4769 = VECTOR ( 'NONE', #2297, 1000.000000000000000 ) ;
#4770 = VECTOR ( 'NONE', #2439, 1000.000000000000000 ) ;
#4771 = DIRECTION ( 'NONE',  ( 0.000000000000000000, 0.000000000000000000, 1.000000000000000000 ) ) ;
#4772 = EDGE_LOOP ( 'NONE', ( #3411, #782, #1758, #3994 ) ) ;
#4773 = ADVANCED_FACE ( 'NONE', ( #2568 ), #4531, .F. ) ;
#4774 = CIRCLE ( 'NONE', #2541, 1.600000000000000755 ) ;
#4775 = CARTESIAN_POINT ( 'NONE',  ( -46.63866157316878969, 10.50000000000000000, -0.5000000000000000000 ) ) ;
#4776 = CARTESIAN_POINT ( 'NONE',  ( -53.99344095995156323, 8.000000000000000000, -0.8656554779945688782 ) ) ;
#4777 = CARTESIAN_POINT ( 'NONE',  ( 3.506559040048433218, 10.50000000000000000, 18.82186810699505486 ) ) ;
#4778 = VERTEX_POINT ( 'NONE', #2538 ) ;
#4779 = VECTOR ( 'NONE', #1225, 1000.000000000000000 ) ;
#4780 = VECTOR ( 'NONE', #588, 1000.000000000000000 ) ;
#4781 = PLANE ( 'NONE',  #1394 ) ;
#4782 = CARTESIAN_POINT ( 'NONE',  ( 6.352138378250272055, -3.250000000000000000, -6.761230304006072167 ) ) ;
#4783 = ORIENTED_EDGE ( 'NONE', *, *, #3280, .F. ) ;
#4784 = CARTESIAN_POINT ( 'NONE',  ( 4.006559040048433218, 5.875000000000003553, -0.8656554779945688782 ) ) ;
#4785 = VECTOR ( 'NONE', #1766, 1000.000000000000000 ) ;
#4786 = EDGE_CURVE ( 'NONE', #4715, #1403, #4509, .T. ) ;
#4787 = EDGE_CURVE ( 'NONE', #1905, #4840, #1227, .T. ) ;
#4788 = CARTESIAN_POINT ( 'NONE',  ( -3.323208674291097342, 11.19375000000000142, -0.4999999999999997780 ) ) ;
#4789 = VECTOR ( 'NONE', #543, 1000.000000000000000 ) ;
#4790 = ORIENTED_EDGE ( 'NONE', *, *, #2180, .F. ) ;
#4791 = CARTESIAN_POINT ( 'NONE',  ( -39.79572938337270926, 4.466867144221085439, 26.71994397445526204 ) ) ;
#4792 = LINE ( 'NONE', #250, #3796 ) ;
#4793 = ORIENTED_EDGE ( 'NONE', *, *, #1959, .T. ) ;
#4794 = ORIENTED_EDGE ( 'NONE', *, *, #1144, .F. ) ;
#4795 = EDGE_CURVE ( 'NONE', #1081, #1908, #2248, .T. ) ;
#4796 = CIRCLE ( 'NONE', #2250, 1.500000000000001332 ) ;
#4797 = LINE ( 'NONE', #3270, #4544 ) ;
#4798 = LINE ( 'NONE', #1366, #1391 ) ;
#4799 = AXIS2_PLACEMENT_3D ( 'NONE', #4784, #1381, #2813 ) ;
#4800 = DIRECTION ( 'NONE',  ( 0.000000000000000000, 1.000000000000000000, 0.000000000000000000 ) ) ;
#4801 = ORIENTED_EDGE ( 'NONE', *, *, #3039, .T. ) ;
#4802 = LINE ( 'NONE', #4044, #3289 ) ;
#4803 = LINE ( 'NONE', #3253, #761 ) ;
#4804 = AXIS2_PLACEMENT_3D ( 'NONE', #167, #1305, #1677 ) ;
#4805 = AXIS2_PLACEMENT_3D ( 'NONE', #727, #4523, #3774 ) ;
#4806 = ORIENTED_EDGE ( 'NONE', *, *, #1450, .T. ) ;
#4807 = VERTEX_POINT ( 'NONE', #4886 ) ;
#4808 = AXIS2_PLACEMENT_3D ( 'NONE', #901, #582, #2407 ) ;
#4809 = LINE ( 'NONE', #4105, #4485 ) ;
#4810 = EDGE_CURVE ( 'NONE', #2112, #201, #3733, .T. ) ;
#4811 = CARTESIAN_POINT ( 'NONE',  ( -51.60056723113756760, 8.750000000000000000, 24.47883920486393805 ) ) ;
#4812 = ORIENTED_EDGE ( 'NONE', *, *, #4655, .F. ) ;
#4813 = DIRECTION ( 'NONE',  ( 0.000000000000000000, 0.000000000000000000, -1.000000000000000000 ) ) ;
#4814 = VECTOR ( 'NONE', #3817, 1000.000000000000000 ) ;
#4815 = VECTOR ( 'NONE', #2020, 1000.000000000000000 ) ;
#4816 = CARTESIAN_POINT ( 'NONE',  ( -53.99344095995156323, 10.50000000000000000, -0.8656554779945688782 ) ) ;
#4817 = ORIENTED_EDGE ( 'NONE', *, *, #1358, .F. ) ;
#4818 = EDGE_CURVE ( 'NONE', #1832, #4279, #3995, .T. ) ;
#4819 = LINE ( 'NONE', #2989, #4728 ) ;
#4820 = DIRECTION ( 'NONE',  ( 1.000000000000000000, 0.000000000000000000, 0.000000000000000000 ) ) ;
#4821 = ORIENTED_EDGE ( 'NONE', *, *, #1785, .F. ) ;
#4822 = CARTESIAN_POINT ( 'NONE',  ( 0.000000000000000000, 8.250000000000000000, 22.43434452200543205 ) ) ;
#4823 = ORIENTED_EDGE ( 'NONE', *, *, #407, .F. ) ;
#4824 = CARTESIAN_POINT ( 'NONE',  ( -50.93444028727700612, 10.50000000000000000, 0.5000000000000000000 ) ) ;
#4825 = EDGE_CURVE ( 'NONE', #4093, #72, #2157, .T. ) ;
#4826 = FACE_OUTER_BOUND ( 'NONE', #3971, .T. ) ;
#4827 = DIRECTION ( 'NONE',  ( 0.000000000000000000, -1.000000000000000000, 0.000000000000000000 ) ) ;
#4828 = VERTEX_POINT ( 'NONE', #267 ) ;
#4829 = AXIS2_PLACEMENT_3D ( 'NONE', #650, #2258, #2165 ) ;
#4830 = LINE ( 'NONE', #1124, #4159 ) ;
#4831 = DIRECTION ( 'NONE',  ( -1.000000000000000000, -0.000000000000000000, -0.000000000000000000 ) ) ;
#4832 = EDGE_LOOP ( 'NONE', ( #1732, #1074, #716, #1175 ) ) ;
#4833 = VECTOR ( 'NONE', #844, 1000.000000000000000 ) ;
#4834 = CARTESIAN_POINT ( 'NONE',  ( -60.04560449174972803, -3.250000000000000000, -3.261230304006072611 ) ) ;
#4835 = DIRECTION ( 'NONE',  ( -0.000000000000000000, 0.000000000000000000, 1.000000000000000000 ) ) ;
#4836 = ORIENTED_EDGE ( 'NONE', *, *, #32, .T. ) ;
#4837 = LINE ( 'NONE', #3759, #1625 ) ;
#4838 = EDGE_CURVE ( 'NONE', #3260, #541, #4837, .T. ) ;
#4839 = DIRECTION ( 'NONE',  ( -0.7071067811865473507, -0.7071067811865477948, 0.000000000000000000 ) ) ;
#4840 = VERTEX_POINT ( 'NONE', #4081 ) ;
#4841 = DIRECTION ( 'NONE',  ( 2.156417553693440290E-16, -1.000000000000000000, 0.000000000000000000 ) ) ;
#4842 = DIRECTION ( 'NONE',  ( -0.000000000000000000, -0.000000000000000000, -1.000000000000000000 ) ) ;
#4843 = ORIENTED_EDGE ( 'NONE', *, *, #4251, .T. ) ;
#4844 = CARTESIAN_POINT ( 'NONE',  ( 4.506559040048433218, 8.522475794581160002, 18.82186810699505486 ) ) ;
#4845 = ORIENTED_EDGE ( 'NONE', *, *, #1075, .T. ) ;
#4846 = ORIENTED_EDGE ( 'NONE', *, *, #1091, .F. ) ;
#4847 = DIRECTION ( 'NONE',  ( -0.000000000000000000, -0.000000000000000000, -1.000000000000000000 ) ) ;
#4848 = DIRECTION ( 'NONE',  ( 0.000000000000000000, 1.000000000000000000, 0.000000000000000000 ) ) ;
#4849 = CARTESIAN_POINT ( 'NONE',  ( 3.506559040048433218, 8.005696803542699413, 19.52937570921329069 ) ) ;
#4850 = VERTEX_POINT ( 'NONE', #1889 ) ;
#4851 = EDGE_CURVE ( 'NONE', #2082, #2560, #3828, .T. ) ;
#4852 = EDGE_CURVE ( 'NONE', #376, #3789, #1872, .T. ) ;
#4853 = DIRECTION ( 'NONE',  ( 0.000000000000000000, 0.000000000000000000, 1.000000000000000000 ) ) ;
#4854 = LINE ( 'NONE', #1007, #522 ) ;
#4855 = DIRECTION ( 'NONE',  ( 0.000000000000000000, 0.000000000000000000, 1.000000000000000000 ) ) ;
#4856 = ORIENTED_EDGE ( 'NONE', *, *, #4201, .T. ) ;
#4857 = LINE ( 'NONE', #4404, #3288 ) ;
#4858 = CARTESIAN_POINT ( 'NONE',  ( 4.006559040048433218, 8.000000000000000000, 22.13434452200543134 ) ) ;
#4859 = VERTEX_POINT ( 'NONE', #2691 ) ;
#4860 = DIRECTION ( 'NONE',  ( 0.000000000000000000, 0.000000000000000000, -1.000000000000000000 ) ) ;
#4861 = DIRECTION ( 'NONE',  ( -0.000000000000000000, 1.000000000000000000, -0.000000000000000000 ) ) ;
#4862 = ORIENTED_EDGE ( 'NONE', *, *, #1148, .F. ) ;
#4863 = DIRECTION ( 'NONE',  ( 0.000000000000000000, 1.000000000000000000, -0.000000000000000000 ) ) ;
#4864 = AXIS2_PLACEMENT_3D ( 'NONE', #1831, #1078, #2589 ) ;
#4865 = EDGE_CURVE ( 'NONE', #296, #2666, #1928, .T. ) ;
#4866 = VERTEX_POINT ( 'NONE', #3433 ) ;
#4867 = DIRECTION ( 'NONE',  ( 1.000000000000000000, 0.000000000000000000, 0.000000000000000000 ) ) ;
#4868 = VERTEX_POINT ( 'NONE', #3029 ) ;
#4869 = CARTESIAN_POINT ( 'NONE',  ( 6.352138378250272943, -3.250000000000000000, -3.261230304006072611 ) ) ;
#4870 = VECTOR ( 'NONE', #4564, 1000.000000000000000 ) ;
#4871 = AXIS2_PLACEMENT_3D ( 'NONE', #729, #3750, #3330 ) ;
#4872 = DIRECTION ( 'NONE',  ( 0.000000000000000000, -1.000000000000000000, 0.000000000000000000 ) ) ;
#4873 = CIRCLE ( 'NONE', #3904, 0.5000000000000004441 ) ;
#4874 = ORIENTED_EDGE ( 'NONE', *, *, #115, .T. ) ;
#4875 = AXIS2_PLACEMENT_3D ( 'NONE', #2186, #2942, #721 ) ;
#4876 = CARTESIAN_POINT ( 'NONE',  ( -10.79999054116380997, 8.250000000000000000, 26.77397846476551280 ) ) ;
#4877 = DIRECTION ( 'NONE',  ( 0.000000000000000000, -0.000000000000000000, 1.000000000000000000 ) ) ;
#4878 = EDGE_CURVE ( 'NONE', #3829, #3184, #1605, .T. ) ;
#4879 = PLANE ( 'NONE',  #2470 ) ;
#4880 = VERTEX_POINT ( 'NONE', #389 ) ;
#4881 = VECTOR ( 'NONE', #2646, 1000.000000000000000 ) ;
#4882 = CARTESIAN_POINT ( 'NONE',  ( -39.25872214769194812, 12.50000000000000000, 24.49769035724251509 ) ) ;
#4883 = EDGE_CURVE ( 'NONE', #3877, #1709, #434, .T. ) ;
#4884 = LINE ( 'NONE', #361, #1009 ) ;
#4885 = ORIENTED_EDGE ( 'NONE', *, *, #4116, .T. ) ;
#4886 = CARTESIAN_POINT ( 'NONE',  ( 4.553332877239093079, 10.50000000000000000, 2.439422186896803346 ) ) ;
#4887 = CIRCLE ( 'NONE', #3607, 1.350000000000000533 ) ;
#4888 = ORIENTED_EDGE ( 'NONE', *, *, #2925, .T. ) ;
#4889 = CIRCLE ( 'NONE', #1318, 1.600000000000004086 ) ;
#4890 = CARTESIAN_POINT ( 'NONE',  ( 9.876295877967507408, 8.757473573018954127, -6.761230304006072167 ) ) ;
#4891 = DIRECTION ( 'NONE',  ( -1.000000000000000000, 0.000000000000000000, -0.000000000000000000 ) ) ;
#4892 = ORIENTED_EDGE ( 'NONE', *, *, #3149, .T. ) ;
#4893 = CARTESIAN_POINT ( 'NONE',  ( -53.99344095995156323, 8.000000000000000000, 22.13434452200543134 ) ) ;
#4894 = CARTESIAN_POINT ( 'NONE',  ( 4.006559040048433218, 8.549883839852032708, 18.78434452200542992 ) ) ;
#4895 = CARTESIAN_POINT ( 'NONE',  ( 0.6805272488406796105, 5.875000000000003553, -0.4656398234567175054 ) ) ;
#4896 = ORIENTED_EDGE ( 'NONE', *, *, #2899, .F. ) ;
#4897 = AXIS2_PLACEMENT_3D ( 'NONE', #2276, #766, #1585 ) ;
#4898 = EDGE_CURVE ( 'NONE', #3331, #788, #3483, .T. ) ;
#4899 = CARTESIAN_POINT ( 'NONE',  ( -18.70837374726851721, 4.040444544970647200, 27.73876969599392694 ) ) ;
#4900 = FACE_OUTER_BOUND ( 'NONE', #3221, .T. ) ;
#4901 = APPLICATION_CONTEXT ( 'automotive_design' ) ;
#4902 = CYLINDRICAL_SURFACE ( 'NONE', #4864, 0.5000000000000004441 ) ;
#4903 = ORIENTED_EDGE ( 'NONE', *, *, #1690, .F. ) ;
#4904 = VERTEX_POINT ( 'NONE', #2314 ) ;
#4905 = DIRECTION ( 'NONE',  ( 0.000000000000000000, 0.000000000000000000, 1.000000000000000000 ) ) ;
#4906 = CARTESIAN_POINT ( 'NONE',  ( -2.827916956681466587, 10.50000000000000000, 23.43434452200543205 ) ) ;
#4907 =( BOUNDED_CURVE ( )  B_SPLINE_CURVE ( 3, ( #2845, #2122, #4746, #3672 ),
 .UNSPECIFIED., .F., .T. ) 
 B_SPLINE_CURVE_WITH_KNOTS ( ( 4, 4 ),
 ( 0.1498135073559420938, 0.7056440465982339871 ),
 .UNSPECIFIED. ) 
 CURVE ( )  GEOMETRIC_REPRESENTATION_ITEM ( )  RATIONAL_B_SPLINE_CURVE ( ( 1.000000000000000000, 0.9744196509921716487, 0.9744196509921716487, 1.000000000000000000 ) ) 
 REPRESENTATION_ITEM ( '' )  );
#4908 = VERTEX_POINT ( 'NONE', #4626 ) ;
#4909 = CARTESIAN_POINT ( 'NONE',  ( -50.88856591388922368, 7.483490513531148913, 27.73876969599392694 ) ) ;
ENDSEC;
END-ISO-10303-21;
