ISO-10303-21;
HEADER;
FILE_DESCRIPTION (( 'STEP AP214' ),
    '1' );
FILE_NAME ('TOP_NO_LETTERS_290824.STEP',
    '2024-08-29T12:10:10',
    ( '' ),
    ( '' ),
    'SwSTEP 2.0',
    'SolidWorks 2023',
    '' );
FILE_SCHEMA (( 'AUTOMOTIVE_DESIGN' ));
ENDSEC;

DATA;
#1 = AXIS2_PLACEMENT_3D ( 'NONE', #5120, #1187, #4266 ) ;
#2 = DIRECTION ( 'NONE',  ( -1.000000000000000000, 0.000000000000000000, -0.000000000000000000 ) ) ;
#3 = DIRECTION ( 'NONE',  ( 0.000000000000000000, 0.000000000000000000, 1.000000000000000000 ) ) ;
#4 = ORIENTED_EDGE ( 'NONE', *, *, #2965, .F. ) ;
#5 = DIRECTION ( 'NONE',  ( 0.000000000000000000, 0.000000000000000000, 1.000000000000000000 ) ) ;
#6 = CIRCLE ( 'NONE', #3709, 1.600000000000004086 ) ;
#7 = CYLINDRICAL_SURFACE ( 'NONE', #1625, 3.350000000000001421 ) ;
#8 = VECTOR ( 'NONE', #3050, 1000.000000000000000 ) ;
#9 = ORIENTED_EDGE ( 'NONE', *, *, #3441, .F. ) ;
#10 = CARTESIAN_POINT ( 'NONE',  ( -39.25872214768999413, 12.50000000000000000, 17.73705422904000173 ) ) ;
#11 = AXIS2_PLACEMENT_3D ( 'NONE', #444, #373, #5442 ) ;
#12 = CARTESIAN_POINT ( 'NONE',  ( -10.82140462413961934, 15.76999999999944713, 23.52705422904000088 ) ) ;
#13 = DIRECTION ( 'NONE',  ( 1.000000000000000000, 0.000000000000000000, 0.000000000000000000 ) ) ;
#14 = CARTESIAN_POINT ( 'NONE',  ( -6.287291345107466789, 15.76999999999999602, 5.837387991293876865 ) ) ;
#15 = ORIENTED_EDGE ( 'NONE', *, *, #4656, .F. ) ;
#16 = ADVANCED_FACE ( 'NONE', ( #4542 ), #6033, .F. ) ;
#17 = EDGE_CURVE ( 'NONE', #2553, #2254, #4044, .T. ) ;
#18 = ADVANCED_FACE ( 'NONE', ( #1531 ), #1037, .F. ) ;
#19 = B_SPLINE_CURVE_WITH_KNOTS ( 'NONE', 3,
 ( #5924, #3941, #5459, #966 ),
 .UNSPECIFIED., .F., .F.,
 ( 4, 4 ),
 ( 0.000000000000000000, 1.000000000000000000 ),
 .UNSPECIFIED. ) ;
#20 = ORIENTED_EDGE ( 'NONE', *, *, #6228, .F. ) ;
#21 = VERTEX_POINT ( 'NONE', #5064 ) ;
#22 = DIRECTION ( 'NONE',  ( 1.208718933646689929E-16, -0.000000000000000000, 1.000000000000000000 ) ) ;
#23 = ADVANCED_FACE ( 'NONE', ( #561 ), #36, .F. ) ;
#24 = CARTESIAN_POINT ( 'NONE',  ( -60.04560449174972803, -3.250000000000000000, -3.261230304006072611 ) ) ;
#25 = PLANE ( 'NONE',  #421 ) ;
#26 = CARTESIAN_POINT ( 'NONE',  ( -39.25872214769194812, 8.500000000000007105, 25.32705422904026449 ) ) ;
#27 = EDGE_CURVE ( 'NONE', #2303, #4713, #69, .T. ) ;
#28 = CARTESIAN_POINT ( 'NONE',  ( -41.20666750102661524, 12.50000000000000178, 25.85054999775855578 ) ) ;
#29 = VECTOR ( 'NONE', #1948, 1000.000000000000000 ) ;
#30 = CARTESIAN_POINT ( 'NONE',  ( -21.75872214769000124, 12.50000000000000000, 1.147054229039999873 ) ) ;
#31 = ORIENTED_EDGE ( 'NONE', *, *, #6396, .T. ) ;
#32 = CARTESIAN_POINT ( 'NONE',  ( -51.19311627875442383, 8.567453508431418285, 23.43434452200543205 ) ) ;
#33 = CARTESIAN_POINT ( 'NONE',  ( -39.79572938337270926, 7.483490513531148913, 27.73876969599392694 ) ) ;
#34 = AXIS2_PLACEMENT_3D ( 'NONE', #3075, #6311, #1811 ) ;
#35 = ORIENTED_EDGE ( 'NONE', *, *, #2283, .T. ) ;
#36 = CYLINDRICAL_SURFACE ( 'NONE', #3987, 1.350000000000000533 ) ;
#37 = DIRECTION ( 'NONE',  ( -0.000000000000000000, -0.000000000000000000, -1.000000000000000000 ) ) ;
#38 = CYLINDRICAL_SURFACE ( 'NONE', #5400, 1.600000000000002531 ) ;
#39 = VECTOR ( 'NONE', #503, 1000.000000000000000 ) ;
#40 = DIRECTION ( 'NONE',  ( -0.000000000000000000, 1.000000000000000000, -0.000000000000000000 ) ) ;
#41 = ORIENTED_EDGE ( 'NONE', *, *, #2503, .F. ) ;
#42 = LINE ( 'NONE', #2586, #645 ) ;
#43 = CARTESIAN_POINT ( 'NONE',  ( 4.553332877239093968, 12.50000000000000000, 6.828908360124231081 ) ) ;
#44 = ORIENTED_EDGE ( 'NONE', *, *, #1599, .T. ) ;
#45 = CYLINDRICAL_SURFACE ( 'NONE', #824, 19.92627134724899918 ) ;
#46 = ADVANCED_FACE ( 'NONE', ( #5991 ), #1465, .T. ) ;
#47 = CARTESIAN_POINT ( 'NONE',  ( 9.514416038418653798, 8.757473573018954127, -4.761230304006072167 ) ) ;
#48 = SHAPE_REPRESENTATION_RELATIONSHIP ( 'NONE' , 'NONE' ,  #2744, #6088 ) ;
#49 = LINE ( 'NONE', #2065, #2968 ) ;
#50 = EDGE_CURVE ( 'NONE', #5182, #1712, #3142, .T. ) ;
#51 = CARTESIAN_POINT ( 'NONE',  ( -33.42538881435666553, 12.50000000000000000, 27.32705422903999803 ) ) ;
#52 = ORIENTED_EDGE ( 'NONE', *, *, #2641, .T. ) ;
#53 = ORIENTED_EDGE ( 'NONE', *, *, #1144, .F. ) ;
#54 = ORIENTED_EDGE ( 'NONE', *, *, #4582, .T. ) ;
#55 = DIRECTION ( 'NONE',  ( 0.000000000000000000, 0.000000000000000000, 1.000000000000000000 ) ) ;
#56 = ADVANCED_FACE ( 'NONE', ( #1263 ), #6282, .T. ) ;
#57 = DIRECTION ( 'NONE',  ( 1.000000000000000000, 1.015275922635573312E-16, -0.000000000000000000 ) ) ;
#58 = LINE ( 'NONE', #3532, #4234 ) ;
#59 = VECTOR ( 'NONE', #1361, 1000.000000000000000 ) ;
#60 = FACE_OUTER_BOUND ( 'NONE', #1560, .T. ) ;
#61 = EDGE_CURVE ( 'NONE', #4358, #3061, #5753, .T. ) ;
#62 = DIRECTION ( 'NONE',  ( 1.000000000000000000, 0.000000000000000000, -0.000000000000000000 ) ) ;
#63 = CIRCLE ( 'NONE', #2280, 3.350000000000000533 ) ;
#64 = DIRECTION ( 'NONE',  ( -1.000000000000000000, 0.000000000000000000, 0.000000000000000000 ) ) ;
#65 = CARTESIAN_POINT ( 'NONE',  ( -53.99344095995156323, 8.000000000000000000, 20.51434452200543035 ) ) ;
#66 = B_SPLINE_CURVE_WITH_KNOTS ( 'NONE', 3,
 ( #1977, #1028, #6052, #5525, #4069, #1061 ),
 .UNSPECIFIED., .F., .F.,
 ( 4, 2, 4 ),
 ( 0.000000000000000000, 0.5000000000000000000, 1.000000000000000000 ),
 .UNSPECIFIED. ) ;
#67 = CARTESIAN_POINT ( 'NONE',  ( -39.25872214769000124, 16.01333333333333542, 27.32705422903999803 ) ) ;
#68 = ORIENTED_EDGE ( 'NONE', *, *, #3097, .T. ) ;
#69 = LINE ( 'NONE', #4107, #4819 ) ;
#70 = VECTOR ( 'NONE', #1359, 1000.000000000000000 ) ;
#71 = PLANE ( 'NONE',  #2621 ) ;
#72 = CARTESIAN_POINT ( 'NONE',  ( 6.352138378250272943, 8.757473573018954127, -3.261230304006072611 ) ) ;
#73 = DIRECTION ( 'NONE',  ( 0.000000000000000000, 1.000000000000000000, 0.000000000000000000 ) ) ;
#74 = VERTEX_POINT ( 'NONE', #1200 ) ;
#75 = CARTESIAN_POINT ( 'NONE',  ( 3.506559040048433218, 8.005696803542699413, 19.52937570921329069 ) ) ;
#76 = CARTESIAN_POINT ( 'NONE',  ( 9.852138378250273831, 12.50000000000000000, -3.261230304006073055 ) ) ;
#77 = EDGE_LOOP ( 'NONE', ( #2915, #3577, #451, #6223 ) ) ;
#78 = AXIS2_PLACEMENT_3D ( 'NONE', #6271, #181, #5216 ) ;
#79 = CARTESIAN_POINT ( 'NONE',  ( -37.45872214768999697, 15.76999999999999957, 6.747054229039999740 ) ) ;
#80 = CARTESIAN_POINT ( 'NONE',  ( -37.45872214768999697, 17.76999999999999957, 21.72705422903999661 ) ) ;
#81 = CARTESIAN_POINT ( 'NONE',  ( -35.75872214768999413, 10.50000000000000000, 14.23705422904000173 ) ) ;
#82 = CARTESIAN_POINT ( 'NONE',  ( -6.417457982461172605, 17.77000000000000313, 22.83127148952291563 ) ) ;
#83 = ORIENTED_EDGE ( 'NONE', *, *, #1837, .F. ) ;
#84 = AXIS2_PLACEMENT_3D ( 'NONE', #2721, #806, #1306 ) ;
#85 = ORIENTED_EDGE ( 'NONE', *, *, #2023, .T. ) ;
#86 = VERTEX_POINT ( 'NONE', #4170 ) ;
#87 = PLANE ( 'NONE',  #4201 ) ;
#88 = AXIS2_PLACEMENT_3D ( 'NONE', #2054, #4245, #1166 ) ;
#89 = CARTESIAN_POINT ( 'NONE',  ( -9.058388277610369244, 17.03342160989317122, 23.52705422904000088 ) ) ;
#90 = LINE ( 'NONE', #1645, #751 ) ;
#91 = DIRECTION ( 'NONE',  ( 0.000000000000000000, 1.000000000000000000, 0.000000000000000000 ) ) ;
#92 = CARTESIAN_POINT ( 'NONE',  ( -35.75872214769000124, 10.50000000000000000, 13.77890530039148942 ) ) ;
#93 = CARTESIAN_POINT ( 'NONE',  ( -39.25872214768999413, 12.50000000000000000, 8.207054229040000592 ) ) ;
#94 = DIRECTION ( 'NONE',  ( -0.000000000000000000, -1.000000000000000000, -0.000000000000000000 ) ) ;
#95 = ADVANCED_FACE ( 'NONE', ( #2215, #694 ), #4728, .T. ) ;
#96 = EDGE_CURVE ( 'NONE', #108, #6449, #4244, .T. ) ;
#97 = FACE_OUTER_BOUND ( 'NONE', #5829, .T. ) ;
#98 = ORIENTED_EDGE ( 'NONE', *, *, #4629, .T. ) ;
#99 = CARTESIAN_POINT ( 'NONE',  ( 4.006559040048433218, 5.875000000000003553, 22.93434452200543205 ) ) ;
#100 = CARTESIAN_POINT ( 'NONE',  ( -53.49344095995156323, 5.875000000000003553, 3.246820937015809427 ) ) ;
#101 = EDGE_CURVE ( 'NONE', #21, #4387, #6252, .T. ) ;
#102 = DIRECTION ( 'NONE',  ( 0.000000000000000000, 0.000000000000000000, 1.000000000000000000 ) ) ;
#103 = SURFACE_STYLE_FILL_AREA ( #3643 ) ;
#104 = EDGE_LOOP ( 'NONE', ( #1178, #2728, #2067, #4704 ) ) ;
#105 = DIRECTION ( 'NONE',  ( -0.7111357810794345369, 0.7030546926580765188, 0.000000000000000000 ) ) ;
#106 = CYLINDRICAL_SURFACE ( 'NONE', #3527, 0.5000000000000004441 ) ;
#107 = VECTOR ( 'NONE', #4604, 1000.000000000000000 ) ;
#108 = VERTEX_POINT ( 'NONE', #1687 ) ;
#109 = LINE ( 'NONE', #3587, #2201 ) ;
#110 = CARTESIAN_POINT ( 'NONE',  ( -39.52052153548914504, 12.50000000000000178, 1.147054229040000539 ) ) ;
#111 = VECTOR ( 'NONE', #5188, 1000.000000000000000 ) ;
#112 = DIRECTION ( 'NONE',  ( 0.000000000000000000, 0.000000000000000000, 1.000000000000000000 ) ) ;
#113 = CARTESIAN_POINT ( 'NONE',  ( 0.000000000000000000, 0.000000000000000000, -3.761230304006072167 ) ) ;
#114 = DIRECTION ( 'NONE',  ( 0.000000000000000000, 0.000000000000000000, -1.000000000000000000 ) ) ;
#115 = ORIENTED_EDGE ( 'NONE', *, *, #5789, .F. ) ;
#116 = AXIS2_PLACEMENT_3D ( 'NONE', #6239, #2732, #3727 ) ;
#117 = VERTEX_POINT ( 'NONE', #3174 ) ;
#118 = VECTOR ( 'NONE', #881, 1000.000000000000000 ) ;
#119 = EDGE_LOOP ( 'NONE', ( #6047, #1985 ) ) ;
#120 = CARTESIAN_POINT ( 'NONE',  ( -53.49344095995156323, 5.875000000000003553, 3.284344522005432587 ) ) ;
#121 = AXIS2_PLACEMENT_3D ( 'NONE', #468, #4900, #1958 ) ;
#122 = DIRECTION ( 'NONE',  ( 0.000000000000000000, 1.000000000000000000, 0.000000000000000000 ) ) ;
#123 = DIRECTION ( 'NONE',  ( 0.000000000000000000, 1.000000000000000000, 0.000000000000000000 ) ) ;
#124 = CARTESIAN_POINT ( 'NONE',  ( -41.25872214768999413, 17.76999999999999957, 10.54038756237333452 ) ) ;
#125 = LINE ( 'NONE', #3604, #1386 ) ;
#126 = EDGE_CURVE ( 'NONE', #6381, #1013, #5259, .T. ) ;
#127 = CARTESIAN_POINT ( 'NONE',  ( -2.258722147692000082, 12.50000000000000000, 3.147054229040000095 ) ) ;
#128 = DIRECTION ( 'NONE',  ( -0.000000000000000000, -0.000000000000000000, -1.000000000000000000 ) ) ;
#129 = EDGE_LOOP ( 'NONE', ( #5773, #2494, #4061, #608 ) ) ;
#130 = DIRECTION ( 'NONE',  ( -1.000000000000000000, -5.204170427930416550E-15, 0.000000000000000000 ) ) ;
#131 = CIRCLE ( 'NONE', #3828, 0.5000000000000004441 ) ;
#132 = CYLINDRICAL_SURFACE ( 'NONE', #3120, 1.600000000000002531 ) ;
#133 = EDGE_CURVE ( 'NONE', #4320, #3411, #2149, .T. ) ;
#134 = EDGE_CURVE ( 'NONE', #2553, #919, #4725, .T. ) ;
#135 = CARTESIAN_POINT ( 'NONE',  ( -35.25872214769005097, 17.76999999999999957, 27.32705422903999803 ) ) ;
#136 = DIRECTION ( 'NONE',  ( 0.000000000000000000, 0.000000000000000000, 1.000000000000000000 ) ) ;
#137 = VERTEX_POINT ( 'NONE', #1654 ) ;
#138 = LINE ( 'NONE', #2126, #4459 ) ;
#139 =( LENGTH_UNIT ( ) NAMED_UNIT ( * ) SI_UNIT ( .MILLI., .METRE. ) );
#140 = VERTEX_POINT ( 'NONE', #2613 ) ;
#141 = DIRECTION ( 'NONE',  ( -1.000000000000000000, 0.000000000000000000, 0.000000000000000000 ) ) ;
#142 = EDGE_CURVE ( 'NONE', #2331, #2450, #4099, .T. ) ;
#143 = CARTESIAN_POINT ( 'NONE',  ( -39.25872214768999413, 12.50000000000000000, 25.32705422904000159 ) ) ;
#144 = CARTESIAN_POINT ( 'NONE',  ( 0.6848358673255949824, 8.958333333333335702, -0.5000000000000012212 ) ) ;
#145 = CARTESIAN_POINT ( 'NONE',  ( -35.75872214768999413, 10.50000000000000000, 14.23705422904000173 ) ) ;
#146 = EDGE_LOOP ( 'NONE', ( #6369, #2588, #6188, #1347 ) ) ;
#147 = ORIENTED_EDGE ( 'NONE', *, *, #6371, .T. ) ;
#148 = ORIENTED_EDGE ( 'NONE', *, *, #948, .T. ) ;
#149 = CARTESIAN_POINT ( 'NONE',  ( -20.19137825829315602, 6.659555455029353865, 26.77397846476551280 ) ) ;
#150 = CARTESIAN_POINT ( 'NONE',  ( 0.6940826250380547346, 10.50000000000000000, 23.43434452200543205 ) ) ;
#151 = ORIENTED_EDGE ( 'NONE', *, *, #1639, .F. ) ;
#152 = DIRECTION ( 'NONE',  ( 1.000000000000000000, 0.000000000000000000, -0.000000000000000000 ) ) ;
#153 = DIRECTION ( 'NONE',  ( -0.000000000000000000, 1.000000000000000000, -0.000000000000000000 ) ) ;
#154 = CARTESIAN_POINT ( 'NONE',  ( 4.506559040048433218, 8.005696803542699413, 19.52937570921329069 ) ) ;
#155 = B_SPLINE_CURVE_WITH_KNOTS ( 'NONE', 3,
 ( #3553, #6522, #3092, #5045 ),
 .UNSPECIFIED., .F., .F.,
 ( 4, 4 ),
 ( 0.000000000000000000, 1.000000000000000000 ),
 .UNSPECIFIED. ) ;
#156 = LINE ( 'NONE', #589, #5189 ) ;
#157 = LINE ( 'NONE', #1619, #556 ) ;
#158 = EDGE_CURVE ( 'NONE', #6234, #4009, #1748, .T. ) ;
#159 = VERTEX_POINT ( 'NONE', #5291 ) ;
#160 = CARTESIAN_POINT ( 'NONE',  ( -37.09998631292206284, 17.76999999999999602, 5.642836968557588762 ) ) ;
#161 = VECTOR ( 'NONE', #5039, 1000.000000000000000 ) ;
#162 = CARTESIAN_POINT ( 'NONE',  ( -42.75872214769000124, 12.50000000000000000, 14.23705422903999995 ) ) ;
#163 = CARTESIAN_POINT ( 'NONE',  ( 0.6848358673255945384, 5.875000000000003553, -0.5000000000000000000 ) ) ;
#164 = PLANE ( 'NONE',  #5033 ) ;
#165 = ORIENTED_EDGE ( 'NONE', *, *, #998, .F. ) ;
#166 = FACE_OUTER_BOUND ( 'NONE', #1627, .T. ) ;
#167 = VECTOR ( 'NONE', #4283, 1000.000000000000000 ) ;
#168 = DIRECTION ( 'NONE',  ( 1.000000000000000000, 0.000000000000000000, 0.000000000000000000 ) ) ;
#169 = AXIS2_PLACEMENT_3D ( 'NONE', #5682, #3533, #5555 ) ;
#170 = EDGE_LOOP ( 'NONE', ( #5165, #4156 ) ) ;
#171 = FACE_OUTER_BOUND ( 'NONE', #1275, .T. ) ;
#172 = CARTESIAN_POINT ( 'NONE',  ( 0.6632224411602795078, 5.875000000000003553, -0.3347076689173388298 ) ) ;
#173 = AXIS2_PLACEMENT_3D ( 'NONE', #1427, #890, #2011 ) ;
#174 = PLANE ( 'NONE',  #975 ) ;
#175 = ORIENTED_EDGE ( 'NONE', *, *, #526, .T. ) ;
#176 = FACE_OUTER_BOUND ( 'NONE', #1918, .T. ) ;
#177 = ORIENTED_EDGE ( 'NONE', *, *, #3479, .T. ) ;
#178 = EDGE_CURVE ( 'NONE', #403, #2506, #496, .T. ) ;
#179 = ORIENTED_EDGE ( 'NONE', *, *, #5993, .F. ) ;
#180 = EDGE_LOOP ( 'NONE', ( #1157, #5345, #6382, #5679 ) ) ;
#181 = DIRECTION ( 'NONE',  ( 1.000000000000000000, 0.000000000000000000, 0.000000000000000000 ) ) ;
#182 = EDGE_CURVE ( 'NONE', #5874, #2948, #720, .T. ) ;
#183 = VECTOR ( 'NONE', #3693, 1000.000000000000000 ) ;
#184 = FACE_BOUND ( 'NONE', #391, .T. ) ;
#185 = ORIENTED_EDGE ( 'NONE', *, *, #3968, .T. ) ;
#186 = CARTESIAN_POINT ( 'NONE',  ( -30.15920833673179047, 14.31480597358113904, 27.32705422903999803 ) ) ;
#187 = CARTESIAN_POINT ( 'NONE',  ( -53.99344095995156323, 8.000000000000000000, 22.93434452200543205 ) ) ;
#188 = ORIENTED_EDGE ( 'NONE', *, *, #3601, .F. ) ;
#189 = CIRCLE ( 'NONE', #5153, 2.420000000000000373 ) ;
#190 = DIRECTION ( 'NONE',  ( 0.000000000000000000, 0.000000000000000000, 1.000000000000000000 ) ) ;
#191 = CARTESIAN_POINT ( 'NONE',  ( -10.82140462413961934, 15.76999999999944713, 25.32705422904000159 ) ) ;
#192 = CARTESIAN_POINT ( 'NONE',  ( -3.996922759892850952, 12.50000000000000178, 27.32705422903999448 ) ) ;
#193 = VERTEX_POINT ( 'NONE', #2682 ) ;
#194 = DIRECTION ( 'NONE',  ( 0.000000000000000000, 1.000000000000000000, 0.000000000000000000 ) ) ;
#195 = CARTESIAN_POINT ( 'NONE',  ( 7.852138378250272943, -3.250000000000000000, -4.761230304006072167 ) ) ;
#196 = PLANE ( 'NONE',  #4965 ) ;
#197 = LINE ( 'NONE', #2219, #1549 ) ;
#198 = ORIENTED_EDGE ( 'NONE', *, *, #1920, .T. ) ;
#199 = CARTESIAN_POINT ( 'NONE',  ( 1.873062941308192730, -3.250000000000000000, 26.76711071965634403 ) ) ;
#200 = DIRECTION ( 'NONE',  ( -0.000000000000000000, -0.000000000000000000, -1.000000000000000000 ) ) ;
#201 = EDGE_LOOP ( 'NONE', ( #2849, #1311, #6299, #98 ) ) ;
#202 = CARTESIAN_POINT ( 'NONE',  ( -12.25451407406838200, 14.86884058169452416, 27.32705422903999803 ) ) ;
#203 = CARTESIAN_POINT ( 'NONE',  ( 0.6541048060877024950, 5.875000000000003553, -0.1668605871599267432 ) ) ;
#204 = CONTEXT_DEPENDENT_SHAPE_REPRESENTATION ( #723, #1295 ) ;
#205 = CARTESIAN_POINT ( 'NONE',  ( -21.75872214769000124, 12.50000000000000000, 27.32705422903999803 ) ) ;
#206 = ORIENTED_EDGE ( 'NONE', *, *, #3361, .T. ) ;
#207 = CARTESIAN_POINT ( 'NONE',  ( -39.25872214768999413, 12.50000000000000000, 1.147054229039999873 ) ) ;
#208 = ORIENTED_EDGE ( 'NONE', *, *, #5641, .T. ) ;
#209 = EDGE_CURVE ( 'NONE', #292, #4813, #1131, .T. ) ;
#210 = AXIS2_PLACEMENT_3D ( 'NONE', #3262, #2773, #822 ) ;
#211 = ORIENTED_EDGE ( 'NONE', *, *, #5329, .T. ) ;
#212 = VERTEX_POINT ( 'NONE', #2713 ) ;
#213 = CARTESIAN_POINT ( 'NONE',  ( 3.469226652074589357, 5.875000000000003553, 3.240970280211873611 ) ) ;
#214 = VECTOR ( 'NONE', #2428, 1000.000000000000000 ) ;
#215 = EDGE_CURVE ( 'NONE', #299, #3422, #3740, .T. ) ;
#216 = EDGE_CURVE ( 'NONE', #1452, #6364, #3002, .T. ) ;
#217 = CARTESIAN_POINT ( 'NONE',  ( -54.49344095995157033, 10.50000000000000000, 16.15947316483460128 ) ) ;
#218 = EDGE_LOOP ( 'NONE', ( #1640, #1352 ) ) ;
#219 = EDGE_CURVE ( 'NONE', #5515, #775, #1255, .T. ) ;
#220 = CARTESIAN_POINT ( 'NONE',  ( -60.04560449174972803, -3.250000000000000000, 25.73876969599392694 ) ) ;
#221 = VERTEX_POINT ( 'NONE', #990 ) ;
#222 = AXIS2_PLACEMENT_3D ( 'NONE', #1826, #3881, #5336 ) ;
#223 = B_SPLINE_CURVE_WITH_KNOTS ( 'NONE', 3,
 ( #388, #1298, #926, #5383 ),
 .UNSPECIFIED., .F., .F.,
 ( 4, 4 ),
 ( 0.000000000000000000, 1.000000000000000000 ),
 .UNSPECIFIED. ) ;
#224 = VECTOR ( 'NONE', #4679, 1000.000000000000000 ) ;
#225 = FACE_OUTER_BOUND ( 'NONE', #77, .T. ) ;
#226 = CARTESIAN_POINT ( 'NONE',  ( -66.59445670572583253, 0.7130042956954119049, -3.761230304006072167 ) ) ;
#227 = EDGE_CURVE ( 'NONE', #2719, #5235, #1973, .T. ) ;
#228 = LINE ( 'NONE', #3795, #784 ) ;
#229 = AXIS2_PLACEMENT_3D ( 'NONE', #187, #3225, #2209 ) ;
#230 = B_SPLINE_CURVE_WITH_KNOTS ( 'NONE', 3,
 ( #239, #2691, #2259, #202, #2161, #3781, #3719, #744, #5732, #5206 ),
 .UNSPECIFIED., .F., .F.,
 ( 4, 2, 2, 2, 4 ),
 ( 0.000000000000000000, 0.2499999999999996669, 0.4999999999999993339, 0.7499999999999996669, 1.000000000000000000 ),
 .UNSPECIFIED. ) ;
#231 = ORIENTED_EDGE ( 'NONE', *, *, #5633, .F. ) ;
#232 = DIRECTION ( 'NONE',  ( -1.000000000000000000, 0.000000000000000000, 0.000000000000000000 ) ) ;
#233 = CARTESIAN_POINT ( 'NONE',  ( -35.84981777935089298, 12.50000000000000178, 13.32093663378252302 ) ) ;
#234 = DIRECTION ( 'NONE',  ( -1.000000000000000000, 0.000000000000000000, 0.000000000000000000 ) ) ;
#235 = VERTEX_POINT ( 'NONE', #955 ) ;
#236 = DIRECTION ( 'NONE',  ( 0.000000000000000000, -0.000000000000000000, -1.000000000000000000 ) ) ;
#237 = CARTESIAN_POINT ( 'NONE',  ( -21.75872214769000124, 12.50000000000000000, 14.23705422903999995 ) ) ;
#238 = ORIENTED_EDGE ( 'NONE', *, *, #4514, .F. ) ;
#239 = CARTESIAN_POINT ( 'NONE',  ( -8.258722147691500481, 17.76999999999944890, 27.32705422903999803 ) ) ;
#240 = CARTESIAN_POINT ( 'NONE',  ( -2.800420255819354942, 10.50000000000000000, -0.1666666666666668239 ) ) ;
#241 = CIRCLE ( 'NONE', #778, 1.500000000000000000 ) ;
#242 = APPLICATION_PROTOCOL_DEFINITION ( 'draft international standard', 'automotive_design', 1998, #283 ) ;
#243 = DIRECTION ( 'NONE',  ( -0.000000000000000000, 1.000000000000000000, -0.000000000000000000 ) ) ;
#244 = EDGE_LOOP ( 'NONE', ( #394, #2203, #1980, #5389 ) ) ;
#245 = CARTESIAN_POINT ( 'NONE',  ( -60.04560449174972803, -3.250000000000000000, -3.261230304006072611 ) ) ;
#246 = ORIENTED_EDGE ( 'NONE', *, *, #537, .T. ) ;
#247 = B_SPLINE_CURVE_WITH_KNOTS ( 'NONE', 3,
 ( #1451, #2066, #2695, #2663 ),
 .UNSPECIFIED., .F., .F.,
 ( 4, 4 ),
 ( 0.000000000000000000, 1.000000000000000000 ),
 .UNSPECIFIED. ) ;
#248 = ORIENTED_EDGE ( 'NONE', *, *, #6085, .T. ) ;
#249 = EDGE_CURVE ( 'NONE', #3392, #4125, #6015, .T. ) ;
#250 = ORIENTED_EDGE ( 'NONE', *, *, #619, .T. ) ;
#251 = PLANE ( 'NONE',  #2511 ) ;
#252 = LINE ( 'NONE', #344, #1490 ) ;
#253 = ORIENTED_EDGE ( 'NONE', *, *, #6245, .T. ) ;
#254 = VECTOR ( 'NONE', #536, 1000.000000000000000 ) ;
#255 = ORIENTED_EDGE ( 'NONE', *, *, #1317, .T. ) ;
#256 = EDGE_CURVE ( 'NONE', #307, #1304, #2834, .T. ) ;
#257 = CARTESIAN_POINT ( 'NONE',  ( -57.34344095995156465, 5.875000000000003553, 23.43434452200543205 ) ) ;
#258 = CARTESIAN_POINT ( 'NONE',  ( -25.61778050154248376, 12.78225237061119302, 3.147054229040002316 ) ) ;
#259 = CARTESIAN_POINT ( 'NONE',  ( -53.99344095995156323, 5.875000000000003553, -0.06565547799456880607 ) ) ;
#260 = ADVANCED_FACE ( 'NONE', ( #4790 ), #1518, .T. ) ;
#261 = CARTESIAN_POINT ( 'NONE',  ( 6.352138378250272943, 0.7524792909186128753, -3.261230304006072611 ) ) ;
#262 = FACE_OUTER_BOUND ( 'NONE', #6104, .T. ) ;
#263 = CARTESIAN_POINT ( 'NONE',  ( -38.60223981824245953, -3.250000000000000000, 0.000000000000000000 ) ) ;
#264 = CARTESIAN_POINT ( 'NONE',  ( -39.79572938337270926, 7.983490513531148913, 27.73876969599392694 ) ) ;
#265 = VERTEX_POINT ( 'NONE', #2471 ) ;
#266 = CARTESIAN_POINT ( 'NONE',  ( -41.25872214768999413, 12.50000000000000000, 25.32705422904000159 ) ) ;
#267 = CARTESIAN_POINT ( 'NONE',  ( -21.75872214769000124, 15.76999999999999957, 14.23705422903999995 ) ) ;
#268 = VECTOR ( 'NONE', #3570, 1000.000000000000000 ) ;
#269 = ORIENTED_EDGE ( 'NONE', *, *, #1160, .F. ) ;
#270 = CARTESIAN_POINT ( 'NONE',  ( -37.45872214768999697, 17.10333333333333528, 21.72705422903998951 ) ) ;
#271 = CARTESIAN_POINT ( 'NONE',  ( 1.873062941308193619, 8.250000000000000000, 24.07653294632962115 ) ) ;
#272 = SHAPE_DEFINITION_REPRESENTATION ( #2330, #893 ) ;
#273 = CARTESIAN_POINT ( 'NONE',  ( -35.25872214769005097, 17.76999999999999957, 23.52705422904000088 ) ) ;
#274 = CARTESIAN_POINT ( 'NONE',  ( -42.31697450692989548, 10.50000000000000000, 12.47438779774184603 ) ) ;
#275 = ORIENTED_EDGE ( 'NONE', *, *, #3045, .T. ) ;
#276 = EDGE_LOOP ( 'NONE', ( #165, #3962, #3449, #6011 ) ) ;
#277 = VERTEX_POINT ( 'NONE', #4031 ) ;
#278 = CARTESIAN_POINT ( 'NONE',  ( 1.873062941308193619, 8.250000000000000000, 25.51711326826595894 ) ) ;
#279 = DIRECTION ( 'NONE',  ( 0.000000000000000000, -0.000000000000000000, -1.000000000000000000 ) ) ;
#280 = ORIENTED_EDGE ( 'NONE', *, *, #1092, .T. ) ;
#281 = ORIENTED_EDGE ( 'NONE', *, *, #2042, .F. ) ;
#282 = AXIS2_PLACEMENT_3D ( 'NONE', #2236, #4780, #4264 ) ;
#283 = APPLICATION_CONTEXT ( 'automotive_design' ) ;
#284 = CARTESIAN_POINT ( 'NONE',  ( -53.49344095995156323, 0.000000000000000000, 0.000000000000000000 ) ) ;
#285 = CIRCLE ( 'NONE', #4730, 2.420000000000000817 ) ;
#286 = DIRECTION ( 'NONE',  ( 0.000000000000000000, 0.000000000000000000, 1.000000000000000000 ) ) ;
#287 = FACE_OUTER_BOUND ( 'NONE', #2843, .T. ) ;
#288 = VECTOR ( 'NONE', #4603, 1000.000000000000000 ) ;
#289 = PLANE ( 'NONE',  #764 ) ;
#290 = EDGE_CURVE ( 'NONE', #3763, #3947, #5676, .T. ) ;
#291 = CARTESIAN_POINT ( 'NONE',  ( -50.88856591388922368, 4.966867144221086328, 27.73876969599392694 ) ) ;
#292 = VERTEX_POINT ( 'NONE', #3497 ) ;
#293 = ADVANCED_FACE ( 'NONE', ( #1484 ), #6467, .T. ) ;
#294 = FACE_OUTER_BOUND ( 'NONE', #4188, .T. ) ;
#295 = EDGE_CURVE ( 'NONE', #2303, #2924, #6105, .T. ) ;
#296 = PLANE ( 'NONE',  #5543 ) ;
#297 = EDGE_CURVE ( 'NONE', #2822, #3332, #4952, .T. ) ;
#298 = ORIENTED_EDGE ( 'NONE', *, *, #3441, .T. ) ;
#299 = VERTEX_POINT ( 'NONE', #6498 ) ;
#300 = CARTESIAN_POINT ( 'NONE',  ( -13.43515625503130551, 4.540444544970648089, 27.73876969599392694 ) ) ;
#301 = LINE ( 'NONE', #5833, #5496 ) ;
#302 = LINE ( 'NONE', #780, #4602 ) ;
#303 = CARTESIAN_POINT ( 'NONE',  ( -32.69603967124039912, 15.76999999999944713, 25.32705422904000159 ) ) ;
#304 = ORIENTED_EDGE ( 'NONE', *, *, #2243, .T. ) ;
#305 = PLANE ( 'NONE',  #1064 ) ;
#306 = ORIENTED_EDGE ( 'NONE', *, *, #2458, .T. ) ;
#307 = VERTEX_POINT ( 'NONE', #2894 ) ;
#308 = FACE_OUTER_BOUND ( 'NONE', #1658, .T. ) ;
#309 = CARTESIAN_POINT ( 'NONE',  ( -34.88360049672333929, 15.76999999999999602, 3.147054229040000539 ) ) ;
#310 = DIRECTION ( 'NONE',  ( -0.000000000000000000, 1.000000000000000000, 0.000000000000000000 ) ) ;
#311 = ORIENTED_EDGE ( 'NONE', *, *, #5952, .T. ) ;
#312 = AXIS2_PLACEMENT_3D ( 'NONE', #4720, #4195, #5900 ) ;
#313 = EDGE_LOOP ( 'NONE', ( #1498, #3211, #306, #115, #848, #3757 ) ) ;
#314 = AXIS2_PLACEMENT_3D ( 'NONE', #2922, #6426, #1381 ) ;
#315 = CIRCLE ( 'NONE', #3705, 1.350000000000000533 ) ;
#316 = LINE ( 'NONE', #384, #6129 ) ;
#317 = AXIS2_PLACEMENT_3D ( 'NONE', #4211, #2058, #3614 ) ;
#318 = CARTESIAN_POINT ( 'NONE',  ( -39.25872214768999413, 12.50000000000000000, 25.32705422904000159 ) ) ;
#319 = EDGE_CURVE ( 'NONE', #839, #6428, #3716, .T. ) ;
#320 = EDGE_CURVE ( 'NONE', #2172, #2809, #2775, .T. ) ;
#321 = DIRECTION ( 'NONE',  ( -0.000000000000000000, 1.000000000000000000, -0.000000000000000000 ) ) ;
#322 = VECTOR ( 'NONE', #2517, 1000.000000000000000 ) ;
#323 = CYLINDRICAL_SURFACE ( 'NONE', #4553, 3.350000000000001421 ) ;
#324 = DIRECTION ( 'NONE',  ( 0.000000000000000000, 0.000000000000000000, -1.000000000000000000 ) ) ;
#325 = ORIENTED_EDGE ( 'NONE', *, *, #6202, .T. ) ;
#326 = CARTESIAN_POINT ( 'NONE',  ( -4.258722147691999638, 13.59000000000000163, 25.32705422903999803 ) ) ;
#327 = DIRECTION ( 'NONE',  ( -0.7071067811865473507, -0.7071067811865477948, 0.000000000000000000 ) ) ;
#328 = ORIENTED_EDGE ( 'NONE', *, *, #2999, .F. ) ;
#329 = VERTEX_POINT ( 'NONE', #1388 ) ;
#330 = ADVANCED_FACE ( 'NONE', ( #383 ), #922, .T. ) ;
#331 = DIRECTION ( 'NONE',  ( -1.000000000000000000, 0.000000000000000000, 0.000000000000000000 ) ) ;
#332 = FACE_BOUND ( 'NONE', #3406, .T. ) ;
#333 = DIRECTION ( 'NONE',  ( -0.000000000000000000, 0.000000000000000000, -1.000000000000000000 ) ) ;
#334 = VERTEX_POINT ( 'NONE', #5415 ) ;
#335 = PLANE ( 'NONE',  #222 ) ;
#336 = ORIENTED_EDGE ( 'NONE', *, *, #6362, .F. ) ;
#337 = CARTESIAN_POINT ( 'NONE',  ( -34.34683110477342893, 16.93005041202470551, 27.32705422903999093 ) ) ;
#338 = EDGE_LOOP ( 'NONE', ( #550, #1473, #1815, #3285 ) ) ;
#339 = EDGE_CURVE ( 'NONE', #4249, #2235, #2403, .T. ) ;
#340 = ORIENTED_EDGE ( 'NONE', *, *, #4343, .F. ) ;
#341 = DIRECTION ( 'NONE',  ( 0.000000000000000000, 1.000000000000000000, 0.000000000000000000 ) ) ;
#342 = VECTOR ( 'NONE', #490, 1000.000000000000000 ) ;
#343 = DIRECTION ( 'NONE',  ( -0.000000000000000000, 1.000000000000000000, -0.000000000000000000 ) ) ;
#344 = CARTESIAN_POINT ( 'NONE',  ( -54.49344095995157033, 5.875000000000003553, 3.246820937015809427 ) ) ;
#345 = ORIENTED_EDGE ( 'NONE', *, *, #3851, .T. ) ;
#346 = EDGE_LOOP ( 'NONE', ( #3019, #5195, #2401, #3819 ) ) ;
#347 = ORIENTED_EDGE ( 'NONE', *, *, #6080, .T. ) ;
#348 = VECTOR ( 'NONE', #4676, 1000.000000000000000 ) ;
#349 = CYLINDRICAL_SURFACE ( 'NONE', #4654, 3.500000000000000000 ) ;
#350 = CARTESIAN_POINT ( 'NONE',  ( -41.25872214768999413, 17.76999999999999957, 2.885254841240849188 ) ) ;
#351 = LINE ( 'NONE', #3934, #6077 ) ;
#352 = CARTESIAN_POINT ( 'NONE',  ( -38.60223981824245953, 8.750000000000000000, 26.71994397445526204 ) ) ;
#353 = PLANE ( 'NONE',  #2909 ) ;
#354 = ORIENTED_EDGE ( 'NONE', *, *, #5521, .T. ) ;
#355 = CARTESIAN_POINT ( 'NONE',  ( -6.058722147692000348, 17.76999999999999957, 6.747054229039999740 ) ) ;
#356 = EDGE_CURVE ( 'NONE', #265, #6350, #4309, .T. ) ;
#357 = DIRECTION ( 'NONE',  ( 1.000000000000000000, 0.000000000000000000, 0.000000000000000000 ) ) ;
#358 = EDGE_LOOP ( 'NONE', ( #6329, #2627, #4258, #1136, #1894, #1012 ) ) ;
#359 = ORIENTED_EDGE ( 'NONE', *, *, #5633, .T. ) ;
#360 = CARTESIAN_POINT ( 'NONE',  ( -38.60223981824245953, -3.250000000000000000, 26.71994397445526204 ) ) ;
#361 = CARTESIAN_POINT ( 'NONE',  ( -61.54560449174972803, 7.159555455029353865, 27.73876969599392694 ) ) ;
#362 = CARTESIAN_POINT ( 'NONE',  ( -50.64344095995156891, 5.875000000000003553, 0.5000000000000000000 ) ) ;
#363 = ORIENTED_EDGE ( 'NONE', *, *, #5977, .F. ) ;
#364 = CARTESIAN_POINT ( 'NONE',  ( 4.006559040048433218, 12.50000000000000000, -2.485655477994569207 ) ) ;
#365 = ADVANCED_FACE ( 'NONE', ( #5118 ), #2071, .T. ) ;
#366 = AXIS2_PLACEMENT_3D ( 'NONE', #555, #3007, #5123 ) ;
#367 = ADVANCED_FACE ( 'NONE', ( #2630 ), #5146, .T. ) ;
#368 = CARTESIAN_POINT ( 'NONE',  ( -37.45872214768999697, 17.76999999999999957, 6.747054229039999740 ) ) ;
#369 = VERTEX_POINT ( 'NONE', #4126 ) ;
#370 = EDGE_LOOP ( 'NONE', ( #1561, #250, #3434, #1715 ) ) ;
#371 = CARTESIAN_POINT ( 'NONE',  ( 0.000000000000000000, -3.250000000000000000, -6.761230304006072167 ) ) ;
#372 = MECHANICAL_DESIGN_GEOMETRIC_PRESENTATION_REPRESENTATION (  '', ( #2382 ), #481 ) ;
#373 = DIRECTION ( 'NONE',  ( 1.000000000000000000, 0.000000000000000000, -0.000000000000000000 ) ) ;
#374 = DIRECTION ( 'NONE',  ( 0.000000000000000000, -1.000000000000000000, -0.000000000000000000 ) ) ;
#375 = CARTESIAN_POINT ( 'NONE',  ( 4.006559040048433218, 5.875000000000003553, -0.06565547799456880607 ) ) ;
#376 = ORIENTED_EDGE ( 'NONE', *, *, #2925, .T. ) ;
#377 = EDGE_CURVE ( 'NONE', #3988, #1088, #5086, .T. ) ;
#378 = EDGE_CURVE ( 'NONE', #5910, #6005, #6205, .T. ) ;
#379 = B_SPLINE_CURVE_WITH_KNOTS ( 'NONE', 3,
 ( #2545, #4565, #28, #996, #2048, #3602, #6083, #5620, #1554, #6534 ),
 .UNSPECIFIED., .F., .F.,
 ( 4, 2, 2, 2, 4 ),
 ( 0.000000000000000000, 0.2500000000000000000, 0.5000000000000000000, 0.7500000000000000000, 1.000000000000000000 ),
 .UNSPECIFIED. ) ;
#380 = ORIENTED_EDGE ( 'NONE', *, *, #5154, .F. ) ;
#381 = AXIS2_PLACEMENT_3D ( 'NONE', #4990, #2866, #5949 ) ;
#382 = ORIENTED_EDGE ( 'NONE', *, *, #1479, .T. ) ;
#383 = FACE_OUTER_BOUND ( 'NONE', #104, .T. ) ;
#384 = CARTESIAN_POINT ( 'NONE',  ( -21.38836543812355373, -12.75000000000000000, 26.77397846476551280 ) ) ;
#385 = CARTESIAN_POINT ( 'NONE',  ( -56.71569589905544717, 5.875000000000003553, 0.5000000000000000000 ) ) ;
#386 = EDGE_CURVE ( 'NONE', #137, #2490, #1035, .T. ) ;
#387 = CLOSED_SHELL ( 'NONE', ( #5878, #5550, #3648, #6074, #4026, #4435, #3369, #1292, #2244, #4816, #3699, #5749, #3616, #4187, #4784, #18, #4396, #3243, #2319, #1485, #4992, #2276, #6367, #4738 ) ) ;
#388 = CARTESIAN_POINT ( 'NONE',  ( -41.25872214768999413, 17.76999999999999957, 3.147054229040000095 ) ) ;
#389 = CARTESIAN_POINT ( 'NONE',  ( -4.258722147691999638, 12.50000000000000000, 17.93372089570666361 ) ) ;
#390 = DIRECTION ( 'NONE',  ( -0.000000000000000000, 0.000000000000000000, -1.000000000000000000 ) ) ;
#391 = EDGE_LOOP ( 'NONE', ( #4685, #1566, #895, #4941, #1300, #3608, #6351, #3663, #5102, #4722, #2758, #1931 ) ) ;
#392 = CARTESIAN_POINT ( 'NONE',  ( -4.258722147691999638, 15.76999999999999957, 25.32705422904000159 ) ) ;
#393 = CARTESIAN_POINT ( 'NONE',  ( 4.553332877239093968, 10.50000000000000000, 5.745289892734819048 ) ) ;
#394 = ORIENTED_EDGE ( 'NONE', *, *, #2602, .T. ) ;
#395 = ORIENTED_EDGE ( 'NONE', *, *, #1780, .T. ) ;
#396 = CIRCLE ( 'NONE', #1569, 2.420000000000000373 ) ;
#397 = CARTESIAN_POINT ( 'NONE',  ( -61.54560449174972803, -3.250000000000000000, -3.261230304006073055 ) ) ;
#398 = PLANE ( 'NONE',  #5299 ) ;
#399 = DIRECTION ( 'NONE',  ( 0.000000000000000000, 0.000000000000000000, 1.000000000000000000 ) ) ;
#400 = ORIENTED_EDGE ( 'NONE', *, *, #2406, .F. ) ;
#401 = CARTESIAN_POINT ( 'NONE',  ( -53.99344095995156323, 12.50000000000000000, 2.354344522005431983 ) ) ;
#402 = CARTESIAN_POINT ( 'NONE',  ( 4.375071239211006713, 5.875000000000003553, 3.268912810032194471 ) ) ;
#403 = VERTEX_POINT ( 'NONE', #2667 ) ;
#404 = ORIENTED_EDGE ( 'NONE', *, *, #1060, .F. ) ;
#405 = DIRECTION ( 'NONE',  ( -1.000000000000000000, 0.000000000000000000, 0.000000000000000000 ) ) ;
#406 = CARTESIAN_POINT ( 'NONE',  ( -2.258722147692000082, 17.76999999999999957, 25.32705422904000159 ) ) ;
#407 = DIRECTION ( 'NONE',  ( 0.000000000000000000, -0.000000000000000000, 1.000000000000000000 ) ) ;
#408 = ADVANCED_FACE ( 'NONE', ( #2600 ), #3032, .F. ) ;
#409 = DIRECTION ( 'NONE',  ( -0.000000000000000000, 1.000000000000000000, -0.000000000000000000 ) ) ;
#410 = VERTEX_POINT ( 'NONE', #6108 ) ;
#411 = ORIENTED_EDGE ( 'NONE', *, *, #2079, .T. ) ;
#412 = ORIENTED_EDGE ( 'NONE', *, *, #1788, .F. ) ;
#413 = DIRECTION ( 'NONE',  ( 0.000000000000000000, 0.000000000000000000, -1.000000000000000000 ) ) ;
#414 = EDGE_CURVE ( 'NONE', #4727, #5671, #3160, .T. ) ;
#415 = ADVANCED_FACE ( 'NONE', ( #3594 ), #87, .F. ) ;
#416 = EDGE_CURVE ( 'NONE', #299, #6235, #5178, .T. ) ;
#417 = EDGE_CURVE ( 'NONE', #805, #5874, #4886, .T. ) ;
#418 = VECTOR ( 'NONE', #4172, 1000.000000000000000 ) ;
#419 = DIRECTION ( 'NONE',  ( 1.000000000000000000, 0.000000000000000000, -0.000000000000000000 ) ) ;
#420 = CARTESIAN_POINT ( 'NONE',  ( -53.99344095995156323, 5.875000000000003553, -0.06565547799456880607 ) ) ;
#421 = AXIS2_PLACEMENT_3D ( 'NONE', #4658, #582, #1550 ) ;
#422 = EDGE_CURVE ( 'NONE', #74, #1903, #5052, .T. ) ;
#423 = LINE ( 'NONE', #3797, #4398 ) ;
#424 = VECTOR ( 'NONE', #1460, 1000.000000000000000 ) ;
#425 = DIRECTION ( 'NONE',  ( 0.000000000000000000, 0.000000000000000000, 1.000000000000000000 ) ) ;
#426 = VECTOR ( 'NONE', #2105, 1000.000000000000000 ) ;
#427 = ORIENTED_EDGE ( 'NONE', *, *, #1236, .T. ) ;
#428 = CARTESIAN_POINT ( 'NONE',  ( -6.058722147692000348, 15.76999999999999957, 21.72705422903999661 ) ) ;
#429 = CARTESIAN_POINT ( 'NONE',  ( -46.64434067419821162, 10.50000000000000000, 23.43434452200543205 ) ) ;
#430 = B_SPLINE_CURVE_WITH_KNOTS ( 'NONE', 3,
 ( #739, #6379, #1784, #6347 ),
 .UNSPECIFIED., .F., .F.,
 ( 4, 4 ),
 ( 0.000000000000000000, 1.000000000000000000 ),
 .UNSPECIFIED. ) ;
#431 = VERTEX_POINT ( 'NONE', #5673 ) ;
#432 = VERTEX_POINT ( 'NONE', #149 ) ;
#433 = DIRECTION ( 'NONE',  ( -0.000000000000000000, 0.000000000000000000, 1.000000000000000000 ) ) ;
#434 = CARTESIAN_POINT ( 'NONE',  ( -10.82140462413961934, 15.76999999999944713, 23.52705422904000088 ) ) ;
#435 = VECTOR ( 'NONE', #2055, 1000.000000000000000 ) ;
#436 = CARTESIAN_POINT ( 'NONE',  ( 1.873062941308192730, 8.250000000000000000, 26.76711071965634403 ) ) ;
#437 = ORIENTED_EDGE ( 'NONE', *, *, #3395, .T. ) ;
#438 = EDGE_CURVE ( 'NONE', #2254, #5082, #1152, .T. ) ;
#439 = LINE ( 'NONE', #1992, #1807 ) ;
#440 = FACE_OUTER_BOUND ( 'NONE', #3098, .T. ) ;
#441 = ORIENTED_EDGE ( 'NONE', *, *, #2568, .F. ) ;
#442 = ORIENTED_EDGE ( 'NONE', *, *, #5261, .F. ) ;
#443 = CARTESIAN_POINT ( 'NONE',  ( 4.506559040048433218, 5.875000000000003553, 19.62186810699505202 ) ) ;
#444 = CARTESIAN_POINT ( 'NONE',  ( -54.49344095995157033, 0.000000000000000000, 0.000000000000000000 ) ) ;
#445 = DIRECTION ( 'NONE',  ( 1.000000000000000000, 0.000000000000000000, 0.000000000000000000 ) ) ;
#446 = CARTESIAN_POINT ( 'NONE',  ( -6.949175963627705954, 15.76999999999999602, 5.175415631506148806 ) ) ;
#447 = ORIENTED_EDGE ( 'NONE', *, *, #1401, .F. ) ;
#448 = EDGE_CURVE ( 'NONE', #6107, #4715, #516, .T. ) ;
#449 = ORIENTED_EDGE ( 'NONE', *, *, #4745, .T. ) ;
#450 = B_SPLINE_CURVE_WITH_KNOTS ( 'NONE', 3,
 ( #1277, #2757, #5836, #207 ),
 .UNSPECIFIED., .F., .F.,
 ( 4, 4 ),
 ( 0.000000000000000000, 1.000000000000000000 ),
 .UNSPECIFIED. ) ;
#451 = ORIENTED_EDGE ( 'NONE', *, *, #5418, .F. ) ;
#452 = DIRECTION ( 'NONE',  ( 1.000000000000000000, -6.938893903907222067E-15, 0.000000000000000000 ) ) ;
#453 = CARTESIAN_POINT ( 'NONE',  ( 6.352138378250272943, -3.250000000000000000, -3.261230304006072611 ) ) ;
#454 = ADVANCED_FACE ( 'NONE', ( #2040, #4062 ), #3563, .T. ) ;
#455 = LINE ( 'NONE', #2934, #3335 ) ;
#456 = LINE ( 'NONE', #2476, #1959 ) ;
#457 = CARTESIAN_POINT ( 'NONE',  ( -13.35823595866639657, 14.31480597356984141, 1.147054229039999651 ) ) ;
#458 = ORIENTED_EDGE ( 'NONE', *, *, #5349, .T. ) ;
#459 = CARTESIAN_POINT ( 'NONE',  ( -21.75872214769000124, 12.50000000000000000, 25.32705422904000159 ) ) ;
#460 = ADVANCED_FACE ( 'NONE', ( #308 ), #5280, .F. ) ;
#461 = FACE_OUTER_BOUND ( 'NONE', #601, .T. ) ;
#462 = VERTEX_POINT ( 'NONE', #3257 ) ;
#463 = ORIENTED_EDGE ( 'NONE', *, *, #5521, .F. ) ;
#464 = CARTESIAN_POINT ( 'NONE',  ( -53.99344095995156323, 8.750000000000000000, 22.93434452200543205 ) ) ;
#465 = DIRECTION ( 'NONE',  ( -0.000000000000000000, -0.000000000000000000, -1.000000000000000000 ) ) ;
#466 = CARTESIAN_POINT ( 'NONE',  ( -2.258722147692000082, 17.76999999999999957, 3.147054229040000095 ) ) ;
#467 = EDGE_LOOP ( 'NONE', ( #2102, #852, #5957, #1336 ) ) ;
#468 = CARTESIAN_POINT ( 'NONE',  ( -53.99344095995156323, 5.875000000000003553, 22.93434452200543205 ) ) ;
#469 = CARTESIAN_POINT ( 'NONE',  ( -36.59205548102332273, 17.76999999999999957, 1.147054229039998763 ) ) ;
#470 = ORIENTED_EDGE ( 'NONE', *, *, #2287, .T. ) ;
#471 = VERTEX_POINT ( 'NONE', #278 ) ;
#472 = FACE_OUTER_BOUND ( 'NONE', #4949, .T. ) ;
#473 = B_SPLINE_CURVE_WITH_KNOTS ( 'NONE', 3,
 ( #1138, #1694, #3148, #3088 ),
 .UNSPECIFIED., .F., .F.,
 ( 4, 4 ),
 ( 0.000000000000000000, 1.000000000000000000 ),
 .UNSPECIFIED. ) ;
#474 = CARTESIAN_POINT ( 'NONE',  ( -40.48781558763982957, 12.50000000000000178, 1.547720544243640584 ) ) ;
#475 = CARTESIAN_POINT ( 'NONE',  ( -53.99344095995156323, 10.50000000000000000, 22.93434452200543205 ) ) ;
#476 = CARTESIAN_POINT ( 'NONE',  ( -6.058722147692000348, 15.76999999999999957, 6.747054229039999740 ) ) ;
#477 = ORIENTED_EDGE ( 'NONE', *, *, #3936, .F. ) ;
#478 = ORIENTED_EDGE ( 'NONE', *, *, #5601, .F. ) ;
#479 = EDGE_LOOP ( 'NONE', ( #6378, #3424, #6208 ) ) ;
#480 = DIRECTION ( 'NONE',  ( -0.000000000000000000, -1.000000000000000000, -0.000000000000000000 ) ) ;
#481 =( GEOMETRIC_REPRESENTATION_CONTEXT ( 3 ) GLOBAL_UNCERTAINTY_ASSIGNED_CONTEXT ( ( #914 ) ) GLOBAL_UNIT_ASSIGNED_CONTEXT ( ( #1814, #2284, #5357 ) ) REPRESENTATION_CONTEXT ( 'NONE', 'WORKASPACE' ) );
#482 = AXIS2_PLACEMENT_3D ( 'NONE', #2624, #4054, #2563 ) ;
#483 = DIRECTION ( 'NONE',  ( -1.000000000000000000, 0.000000000000000000, 0.000000000000000000 ) ) ;
#484 = CARTESIAN_POINT ( 'NONE',  ( -41.00629492439851020, 17.76999999999999602, 2.139816268298200264 ) ) ;
#485 = DIRECTION ( 'NONE',  ( 0.000000000000000000, -1.000000000000000000, 0.000000000000000000 ) ) ;
#486 = DIRECTION ( 'NONE',  ( -0.000000000000000000, 1.000000000000000000, -0.000000000000000000 ) ) ;
#487 = EDGE_CURVE ( 'NONE', #662, #3714, #786, .T. ) ;
#488 = ORIENTED_EDGE ( 'NONE', *, *, #1837, .T. ) ;
#489 = CARTESIAN_POINT ( 'NONE',  ( -6.949677599886411983, 17.76999999999999602, 5.175208026517736926 ) ) ;
#490 = DIRECTION ( 'NONE',  ( 0.000000000000000000, 0.000000000000000000, -1.000000000000000000 ) ) ;
#491 = ORIENTED_EDGE ( 'NONE', *, *, #667, .F. ) ;
#492 = VERTEX_POINT ( 'NONE', #3219 ) ;
#493 = CARTESIAN_POINT ( 'NONE',  ( -53.99344095995156323, 8.000000000000000000, -0.06565547799456880607 ) ) ;
#494 = ADVANCED_FACE ( 'NONE', ( #2699 ), #251, .F. ) ;
#495 = ADVANCED_FACE ( 'NONE', ( #2793 ), #4716, .T. ) ;
#496 = CIRCLE ( 'NONE', #4823, 1.350000000000000533 ) ;
#497 = EDGE_CURVE ( 'NONE', #820, #835, #5341, .T. ) ;
#498 = CARTESIAN_POINT ( 'NONE',  ( 18.02106672353487227, 8.757473573018954127, -3.761230304006072167 ) ) ;
#499 = CARTESIAN_POINT ( 'NONE',  ( 0.000000000000000000, 0.000000000000000000, -4.761230304006072167 ) ) ;
#500 = ORIENTED_EDGE ( 'NONE', *, *, #6248, .T. ) ;
#501 = DIRECTION ( 'NONE',  ( 0.000000000000000000, 0.000000000000000000, -1.000000000000000000 ) ) ;
#502 = EDGE_CURVE ( 'NONE', #4890, #5044, #628, .T. ) ;
#503 = DIRECTION ( 'NONE',  ( 0.000000000000000000, 1.000000000000000000, 0.000000000000000000 ) ) ;
#504 = AXIS2_PLACEMENT_3D ( 'NONE', #3989, #341, #1864 ) ;
#505 = ORIENTED_EDGE ( 'NONE', *, *, #5772, .F. ) ;
#506 = ORIENTED_EDGE ( 'NONE', *, *, #3818, .F. ) ;
#507 = CARTESIAN_POINT ( 'NONE',  ( -57.34344095995156465, 5.875000000000003553, -0.5000000000000000000 ) ) ;
#508 = UNCERTAINTY_MEASURE_WITH_UNIT (LENGTH_MEASURE( 1.000000000000000082E-05 ), #5664, 'distance_accuracy_value', 'NONE');
#509 = CARTESIAN_POINT ( 'NONE',  ( 4.006559040048433218, 12.50000000000000000, 22.93434452200543205 ) ) ;
#510 = LINE ( 'NONE', #2531, #6132 ) ;
#511 = CARTESIAN_POINT ( 'NONE',  ( -21.75872214769000124, 12.50000000000000000, 27.32705422903999803 ) ) ;
#512 = VERTEX_POINT ( 'NONE', #1739 ) ;
#513 = ADVANCED_FACE ( 'NONE', ( #2204 ), #4331, .F. ) ;
#514 = ORIENTED_EDGE ( 'NONE', *, *, #4626, .F. ) ;
#515 = ORIENTED_EDGE ( 'NONE', *, *, #2635, .T. ) ;
#516 = LINE ( 'NONE', #2537, #3670 ) ;
#517 = LINE ( 'NONE', #2539, #3437 ) ;
#518 = CARTESIAN_POINT ( 'NONE',  ( -7.390728028925574122, 15.77000000000000313, 23.48158974349713546 ) ) ;
#519 = DIRECTION ( 'NONE',  ( -0.000000000000000000, 0.000000000000000000, -1.000000000000000000 ) ) ;
#520 = DIRECTION ( 'NONE',  ( 0.000000000000000000, 0.000000000000000000, 1.000000000000000000 ) ) ;
#521 = DIRECTION ( 'NONE',  ( -1.000000000000000000, -0.000000000000000000, -0.000000000000000000 ) ) ;
#522 = VERTEX_POINT ( 'NONE', #2267 ) ;
#523 = CARTESIAN_POINT ( 'NONE',  ( -4.258722147691999638, 12.50000000000000000, 1.147054229039999873 ) ) ;
#524 = AXIS2_PLACEMENT_3D ( 'NONE', #6468, #1974, #1910 ) ;
#525 = CARTESIAN_POINT ( 'NONE',  ( 4.006559040048433218, 5.875000000000003553, 22.93434452200543205 ) ) ;
#526 = EDGE_CURVE ( 'NONE', #334, #1516, #4298, .T. ) ;
#527 = ORIENTED_EDGE ( 'NONE', *, *, #6483, .T. ) ;
#528 = DIRECTION ( 'NONE',  ( 0.000000000000000000, 2.200000000000000003E-16, 1.000000000000000000 ) ) ;
#529 = AXIS2_PLACEMENT_3D ( 'NONE', #2282, #2778, #5820 ) ;
#530 = CARTESIAN_POINT ( 'NONE',  ( -15.92538881435733344, 12.50000000000000000, 27.32705422903999803 ) ) ;
#531 = ADVANCED_FACE ( 'NONE', ( #4808 ), #1800, .F. ) ;
#532 = CARTESIAN_POINT ( 'NONE',  ( -53.49344095995156323, 5.875000000000003553, 19.62186810699505202 ) ) ;
#533 = LINE ( 'NONE', #5200, #1448 ) ;
#534 = VERTEX_POINT ( 'NONE', #6236 ) ;
#535 = CARTESIAN_POINT ( 'NONE',  ( -53.99344095995156323, 5.875000000000003553, -0.06565547799456880607 ) ) ;
#536 = DIRECTION ( 'NONE',  ( -0.000000000000000000, -1.000000000000000000, -0.000000000000000000 ) ) ;
#537 = EDGE_CURVE ( 'NONE', #3919, #159, #3775, .T. ) ;
#538 = AXIS2_PLACEMENT_3D ( 'NONE', #5729, #6157, #2688 ) ;
#539 = VERTEX_POINT ( 'NONE', #1285 ) ;
#540 = CARTESIAN_POINT ( 'NONE',  ( -50.64344095995156891, 5.875000000000003553, -0.5000000000000000000 ) ) ;
#541 = VECTOR ( 'NONE', #915, 1000.000000000000000 ) ;
#542 = CARTESIAN_POINT ( 'NONE',  ( -41.20666750102662945, 12.50000000000000178, 2.623558460321440577 ) ) ;
#543 = DIRECTION ( 'NONE',  ( 0.000000000000000000, 0.000000000000000000, 1.000000000000000000 ) ) ;
#544 = LINE ( 'NONE', #5210, #658 ) ;
#545 = LINE ( 'NONE', #6043, #3381 ) ;
#546 = ORIENTED_EDGE ( 'NONE', *, *, #998, .T. ) ;
#547 = ADVANCED_FACE ( 'NONE', ( #3289 ), #3823, .F. ) ;
#548 = VECTOR ( 'NONE', #6211, 1000.000000000000000 ) ;
#549 = ORIENTED_EDGE ( 'NONE', *, *, #991, .T. ) ;
#550 = ORIENTED_EDGE ( 'NONE', *, *, #5716, .F. ) ;
#551 = DIRECTION ( 'NONE',  ( 1.000000000000000000, 0.000000000000000000, 0.000000000000000000 ) ) ;
#552 = CARTESIAN_POINT ( 'NONE',  ( -35.25872214769005097, 17.76999999999999957, 23.52705422904000088 ) ) ;
#553 = DIRECTION ( 'NONE',  ( -1.000000000000000000, 0.000000000000000000, 0.000000000000000000 ) ) ;
#554 = CARTESIAN_POINT ( 'NONE',  ( -41.25872214768999413, 17.76999999999999957, 3.147054229040000095 ) ) ;
#555 = CARTESIAN_POINT ( 'NONE',  ( 7.852138378250272943, -3.250000000000000000, -4.761230304006072167 ) ) ;
#556 = VECTOR ( 'NONE', #1685, 1000.000000000000000 ) ;
#557 = CARTESIAN_POINT ( 'NONE',  ( 6.352138378250272055, 12.50000000000000000, -6.761230304006072167 ) ) ;
#558 = LINE ( 'NONE', #5158, #2115 ) ;
#559 = DIRECTION ( 'NONE',  ( 0.000000000000000000, 0.000000000000000000, -1.000000000000000000 ) ) ;
#560 = ORIENTED_EDGE ( 'NONE', *, *, #1670, .T. ) ;
#561 = FACE_OUTER_BOUND ( 'NONE', #980, .T. ) ;
#562 = DIRECTION ( 'NONE',  ( 3.110824955691249205E-17, 7.716936833759846881E-33, -1.000000000000000000 ) ) ;
#563 = CARTESIAN_POINT ( 'NONE',  ( 14.57660255292402773, 4.735238934357184348, -3.761230304006072167 ) ) ;
#564 = ADVANCED_FACE ( 'NONE', ( #1315 ), #3314, .F. ) ;
#565 = DIRECTION ( 'NONE',  ( 0.000000000000000000, 0.000000000000000000, 1.000000000000000000 ) ) ;
#566 = VERTEX_POINT ( 'NONE', #2332 ) ;
#567 = DIRECTION ( 'NONE',  ( 0.000000000000000000, -2.200000000000000003E-16, -1.000000000000000000 ) ) ;
#568 = EDGE_LOOP ( 'NONE', ( #3673, #5060, #4417, #2717 ) ) ;
#569 = CARTESIAN_POINT ( 'NONE',  ( -41.25872214768999413, 12.50000000000000000, 11.36477290577099986 ) ) ;
#570 = CARTESIAN_POINT ( 'NONE',  ( -35.25872214769005097, 17.76999999999999957, 27.32705422903999803 ) ) ;
#571 = CARTESIAN_POINT ( 'NONE',  ( 0.000000000000000000, 8.250000000000000000, 22.43434452200543205 ) ) ;
#572 = CARTESIAN_POINT ( 'NONE',  ( 0.6848358673255945384, 10.50000000000000000, -0.5000000000000000000 ) ) ;
#573 = DIRECTION ( 'NONE',  ( 0.000000000000000000, 0.000000000000000000, 1.000000000000000000 ) ) ;
#574 = ORIENTED_EDGE ( 'NONE', *, *, #5715, .T. ) ;
#575 = ORIENTED_EDGE ( 'NONE', *, *, #4470, .F. ) ;
#576 = VERTEX_POINT ( 'NONE', #1185 ) ;
#577 = DIRECTION ( 'NONE',  ( -1.000000000000000000, 5.209522807270858964E-16, -0.000000000000000000 ) ) ;
#578 = AXIS2_PLACEMENT_3D ( 'NONE', #2921, #343, #946 ) ;
#579 = ADVANCED_FACE ( 'NONE', ( #3190 ), #719, .T. ) ;
#580 = ADVANCED_FACE ( 'NONE', ( #6460 ), #4977, .T. ) ;
#581 = CARTESIAN_POINT ( 'NONE',  ( 9.514416038418653798, -3.250000000000000000, -4.761230304006072167 ) ) ;
#582 = DIRECTION ( 'NONE',  ( 1.000000000000000000, 0.000000000000000000, 0.000000000000000000 ) ) ;
#583 = VECTOR ( 'NONE', #797, 1000.000000000000000 ) ;
#584 = ADVANCED_FACE ( 'NONE', ( #4907, #5472 ), #1832, .F. ) ;
#585 = FACE_OUTER_BOUND ( 'NONE', #201, .T. ) ;
#586 = CARTESIAN_POINT ( 'NONE',  ( -8.258722147691500481, 17.76999999999944890, 4.947054229039999917 ) ) ;
#587 = CIRCLE ( 'NONE', #4302, 3.500000000000000000 ) ;
#588 = DIRECTION ( 'NONE',  ( -0.000000000000000000, -1.000000000000000000, -0.000000000000000000 ) ) ;
#589 = CARTESIAN_POINT ( 'NONE',  ( -63.50970610688748508, -3.250000000000000000, -3.761230304006072167 ) ) ;
#590 = DIRECTION ( 'NONE',  ( 0.000000000000000000, 0.000000000000000000, -1.000000000000000000 ) ) ;
#591 = VERTEX_POINT ( 'NONE', #3920 ) ;
#592 = ORIENTED_EDGE ( 'NONE', *, *, #4556, .F. ) ;
#593 = CIRCLE ( 'NONE', #169, 3.350000000000000533 ) ;
#594 = ADVANCED_FACE ( 'NONE', ( #472 ), #3384, .F. ) ;
#595 = CARTESIAN_POINT ( 'NONE',  ( 0.6565590400484316858, 8.005448038964223301, 22.43434452200543205 ) ) ;
#596 = LINE ( 'NONE', #5755, #4768 ) ;
#597 = CARTESIAN_POINT ( 'NONE',  ( -9.056609998917636517, 17.03505959555697657, 4.947054229040001694 ) ) ;
#598 = EDGE_LOOP ( 'NONE', ( #6274, #3517, #4642, #1191 ) ) ;
#599 = LINE ( 'NONE', #5694, #2651 ) ;
#600 = CARTESIAN_POINT ( 'NONE',  ( 0.7046605134103504087, 7.416666666666668739, 0.4999999999999982792 ) ) ;
#601 = EDGE_LOOP ( 'NONE', ( #246, #1036, #491, #5098 ) ) ;
#602 = AXIS2_PLACEMENT_3D ( 'NONE', #1022, #6073, #4590 ) ;
#603 = FACE_OUTER_BOUND ( 'NONE', #6090, .T. ) ;
#604 = CARTESIAN_POINT ( 'NONE',  ( -53.99344095995156323, 5.875000000000003553, 24.28434452200542992 ) ) ;
#605 = DIRECTION ( 'NONE',  ( -0.5044624565692711338, 0.8634336279715403295, 0.000000000000000000 ) ) ;
#606 = CARTESIAN_POINT ( 'NONE',  ( -38.34260455243251187, 10.50000000000000178, 17.64595859737910644 ) ) ;
#607 = CARTESIAN_POINT ( 'NONE',  ( -36.76490624364483040, 15.77000000000000313, 5.307653912723274914 ) ) ;
#608 = ORIENTED_EDGE ( 'NONE', *, *, #5232, .T. ) ;
#609 = VECTOR ( 'NONE', #4895, 1000.000000000000000 ) ;
#610 = ADVANCED_FACE ( 'NONE', ( #2887 ), #4523, .F. ) ;
#611 = VERTEX_POINT ( 'NONE', #4942 ) ;
#612 = ORIENTED_EDGE ( 'NONE', *, *, #1877, .T. ) ;
#613 = CARTESIAN_POINT ( 'NONE',  ( -12.43438385437424287, 14.71083942124871413, 3.147054229040002316 ) ) ;
#614 = CIRCLE ( 'NONE', #88, 1.350000000000000533 ) ;
#615 = EDGE_CURVE ( 'NONE', #5688, #512, #5408, .T. ) ;
#616 = CARTESIAN_POINT ( 'NONE',  ( -4.258722147691999638, 12.50000000000000000, 27.32705422903999803 ) ) ;
#617 = CARTESIAN_POINT ( 'NONE',  ( -6.104394428185232258, 15.77000000000000313, 22.19516840149003301 ) ) ;
#618 = PLANE ( 'NONE',  #1242 ) ;
#619 = EDGE_CURVE ( 'NONE', #2844, #3812, #5868, .T. ) ;
#620 = EDGE_CURVE ( 'NONE', #5016, #3988, #5373, .T. ) ;
#621 = B_SPLINE_CURVE_WITH_KNOTS ( 'NONE', 3,
 ( #2752, #5272, #1730, #4288 ),
 .UNSPECIFIED., .F., .F.,
 ( 4, 4 ),
 ( 0.000000000000000000, 1.000000000000000000 ),
 .UNSPECIFIED. ) ;
#622 = B_SPLINE_CURVE_WITH_KNOTS ( 'NONE', 3,
 ( #2743, #4671, #2652, #5233 ),
 .UNSPECIFIED., .F., .F.,
 ( 4, 4 ),
 ( 0.000000000000000000, 1.000000000000000000 ),
 .UNSPECIFIED. ) ;
#623 = CARTESIAN_POINT ( 'NONE',  ( -2.258722147692000082, 17.76999999999999957, 25.32705422904000159 ) ) ;
#624 = DIRECTION ( 'NONE',  ( -1.000000000000000000, 0.000000000000000000, 0.000000000000000000 ) ) ;
#625 = CARTESIAN_POINT ( 'NONE',  ( -53.49344095995156323, 5.875000000000003553, 20.17332055437357852 ) ) ;
#626 = PLANE ( 'NONE',  #1303 ) ;
#627 = ADVANCED_FACE ( 'NONE', ( #3958 ), #4423, .T. ) ;
#628 = B_SPLINE_CURVE_WITH_KNOTS ( 'NONE', 3,
 ( #213, #5707, #4223, #4748, #3790, #1254 ),
 .UNSPECIFIED., .F., .F.,
 ( 4, 2, 4 ),
 ( 1.734723475976807094E-18, 0.0005446937322217976912, 0.001089387464443593648 ),
 .UNSPECIFIED. ) ;
#629 = VERTEX_POINT ( 'NONE', #6424 ) ;
#630 = CARTESIAN_POINT ( 'NONE',  ( 4.006559040048433218, 8.000000000000000000, 22.93434452200543205 ) ) ;
#631 = CARTESIAN_POINT ( 'NONE',  ( -61.54560449174972803, 4.466867144221085439, 27.73876969599392694 ) ) ;
#632 = CARTESIAN_POINT ( 'NONE',  ( -63.54560449174972803, 12.50000000000000000, 24.23876969599391984 ) ) ;
#633 = AXIS2_PLACEMENT_3D ( 'NONE', #5021, #123, #6532 ) ;
#634 = CARTESIAN_POINT ( 'NONE',  ( -10.82140462413961934, 15.76999999999939917, 4.947054229039999917 ) ) ;
#635 = ORIENTED_EDGE ( 'NONE', *, *, #3363, .T. ) ;
#636 = DIRECTION ( 'NONE',  ( 0.000000000000000000, 0.000000000000000000, 1.000000000000000000 ) ) ;
#637 = LINE ( 'NONE', #1171, #1320 ) ;
#638 = AXIS2_PLACEMENT_3D ( 'NONE', #4004, #1493, #6019 ) ;
#639 = ORIENTED_EDGE ( 'NONE', *, *, #1480, .T. ) ;
#640 = DIRECTION ( 'NONE',  ( 0.000000000000000000, 0.000000000000000000, 1.000000000000000000 ) ) ;
#641 = CARTESIAN_POINT ( 'NONE',  ( -32.69603967124039912, 15.76999999999944713, 23.52705422904000088 ) ) ;
#642 = CARTESIAN_POINT ( 'NONE',  ( -10.79999054116380997, -3.250000000000000000, 25.73876969599392694 ) ) ;
#643 = CARTESIAN_POINT ( 'NONE',  ( -2.258722147692000082, 12.50000000000000000, 25.32705422904000159 ) ) ;
#644 = VERTEX_POINT ( 'NONE', #1474 ) ;
#645 = VECTOR ( 'NONE', #6096, 1000.000000000000000 ) ;
#646 = EDGE_LOOP ( 'NONE', ( #1375, #2190, #6281, #5580, #885, #2262 ) ) ;
#647 =( GEOMETRIC_REPRESENTATION_CONTEXT ( 3 ) GLOBAL_UNCERTAINTY_ASSIGNED_CONTEXT ( ( #6332 ) ) GLOBAL_UNIT_ASSIGNED_CONTEXT ( ( #2033, #4583, #5637 ) ) REPRESENTATION_CONTEXT ( 'NONE', 'WORKASPACE' ) );
#648 = ORIENTED_EDGE ( 'NONE', *, *, #832, .T. ) ;
#649 = CARTESIAN_POINT ( 'NONE',  ( 9.852138378250273831, -3.250000000000000000, -4.761230304006072167 ) ) ;
#650 = AXIS2_PLACEMENT_3D ( 'NONE', #3010, #4961, #5889 ) ;
#651 = LINE ( 'NONE', #4718, #4133 ) ;
#652 = ORIENTED_EDGE ( 'NONE', *, *, #6385, .T. ) ;
#653 = EDGE_CURVE ( 'NONE', #3009, #4486, #4425, .T. ) ;
#654 = VECTOR ( 'NONE', #2555, 1000.000000000000000 ) ;
#655 = ADVANCED_FACE ( 'NONE', ( #2953, #845 ), #6490, .F. ) ;
#656 = CARTESIAN_POINT ( 'NONE',  ( 3.506559040048433218, 5.875000000000003553, 19.62186810699505202 ) ) ;
#657 = FACE_BOUND ( 'NONE', #1216, .T. ) ;
#658 = VECTOR ( 'NONE', #2197, 1000.000000000000000 ) ;
#659 = DIRECTION ( 'NONE',  ( -0.000000000000000000, 1.000000000000000000, -0.000000000000000000 ) ) ;
#660 = DIRECTION ( 'NONE',  ( 0.000000000000000000, 1.000000000000000000, 0.000000000000000000 ) ) ;
#661 = DIRECTION ( 'NONE',  ( 0.000000000000000000, 0.000000000000000000, 1.000000000000000000 ) ) ;
#662 = VERTEX_POINT ( 'NONE', #5938 ) ;
#663 = CARTESIAN_POINT ( 'NONE',  ( -36.12721749460675369, 17.76999999999999957, 4.992726509533230939 ) ) ;
#664 = AXIS2_PLACEMENT_3D ( 'NONE', #1034, #3906, #4508 ) ;
#665 = LINE ( 'NONE', #2683, #4001 ) ;
#666 = CARTESIAN_POINT ( 'NONE',  ( 0.3149604477991956308, 8.250000000000000000, 23.43434452200543205 ) ) ;
#667 = EDGE_CURVE ( 'NONE', #1102, #5518, #4207, .T. ) ;
#668 = CARTESIAN_POINT ( 'NONE',  ( -7.858722147691999282, 12.50000000000000000, 21.72705422903999661 ) ) ;
#669 = ORIENTED_EDGE ( 'NONE', *, *, #2957, .T. ) ;
#670 = CARTESIAN_POINT ( 'NONE',  ( -21.75872214769000124, 17.76999999999999957, 14.23705422903999995 ) ) ;
#671 = AXIS2_PLACEMENT_3D ( 'NONE', #3867, #4818, #4337 ) ;
#672 = CARTESIAN_POINT ( 'NONE',  ( -20.04290560462219517, 5.156710659648467754, 26.77397846476551280 ) ) ;
#673 = ORIENTED_EDGE ( 'NONE', *, *, #1639, .T. ) ;
#674 = CARTESIAN_POINT ( 'NONE',  ( -37.45872214768999697, 15.76999999999999957, 21.72705422903999661 ) ) ;
#675 = CIRCLE ( 'NONE', #3956, 1.349999999999998757 ) ;
#676 = CARTESIAN_POINT ( 'NONE',  ( 0.7046605134103504087, 5.875000000000003553, 0.4999999999999982792 ) ) ;
#677 = DIRECTION ( 'NONE',  ( 1.000000000000000000, 0.000000000000000000, 0.000000000000000000 ) ) ;
#678 = CARTESIAN_POINT ( 'NONE',  ( -39.79572938337270926, 4.966867144221086328, 35.00000000000000000 ) ) ;
#679 = EDGE_LOOP ( 'NONE', ( #3348, #3908 ) ) ;
#680 = AXIS2_PLACEMENT_3D ( 'NONE', #2348, #774, #5360 ) ;
#681 = ORIENTED_EDGE ( 'NONE', *, *, #1481, .T. ) ;
#682 = ORIENTED_EDGE ( 'NONE', *, *, #3531, .T. ) ;
#683 = CARTESIAN_POINT ( 'NONE',  ( -7.858722147691999282, 12.50000000000000000, 6.747054229039999740 ) ) ;
#684 = CARTESIAN_POINT ( 'NONE',  ( -9.280464726337173786, -3.250000000000000000, 25.73876969599392694 ) ) ;
#685 = ORIENTED_EDGE ( 'NONE', *, *, #4056, .T. ) ;
#686 = DIRECTION ( 'NONE',  ( 0.000000000000000000, -1.700000000000000014E-16, -1.000000000000000000 ) ) ;
#687 = CARTESIAN_POINT ( 'NONE',  ( 1.873062941308192730, 8.250000000000000000, 17.31907693046060714 ) ) ;
#688 = ORIENTED_EDGE ( 'NONE', *, *, #215, .T. ) ;
#689 = DIRECTION ( 'NONE',  ( 0.000000000000000000, 1.000000000000000000, 0.000000000000000000 ) ) ;
#690 = VECTOR ( 'NONE', #4791, 1000.000000000000000 ) ;
#691 = FACE_OUTER_BOUND ( 'NONE', #276, .T. ) ;
#692 = DIRECTION ( 'NONE',  ( -1.000000000000000000, 0.000000000000000000, 0.000000000000000000 ) ) ;
#693 = ORIENTED_EDGE ( 'NONE', *, *, #3534, .F. ) ;
#694 = FACE_BOUND ( 'NONE', #6251, .T. ) ;
#695 = VECTOR ( 'NONE', #3143, 1000.000000000000000 ) ;
#696 = CARTESIAN_POINT ( 'NONE',  ( -36.20046978845008567, 12.50000000000000178, 12.47438779774185491 ) ) ;
#697 = ADVANCED_FACE ( 'NONE', ( #5441 ), #2858, .T. ) ;
#698 = CARTESIAN_POINT ( 'NONE',  ( 4.006559040048433218, 10.50000000000000000, 22.93434452200543205 ) ) ;
#699 = EDGE_CURVE ( 'NONE', #2060, #6159, #3352, .T. ) ;
#700 = DIRECTION ( 'NONE',  ( 0.000000000000000000, 2.200000000000000003E-16, 1.000000000000000000 ) ) ;
#701 = VERTEX_POINT ( 'NONE', #3888 ) ;
#702 = CYLINDRICAL_SURFACE ( 'NONE', #971, 4.000000000000003553 ) ;
#703 =( GEOMETRIC_REPRESENTATION_CONTEXT ( 3 ) GLOBAL_UNCERTAINTY_ASSIGNED_CONTEXT ( ( #5870 ) ) GLOBAL_UNIT_ASSIGNED_CONTEXT ( ( #1135, #6094, #3145 ) ) REPRESENTATION_CONTEXT ( 'NONE', 'WORKASPACE' ) );
#704 = VECTOR ( 'NONE', #1975, 1000.000000000000114 ) ;
#705 = ORIENTED_EDGE ( 'NONE', *, *, #4851, .T. ) ;
#706 = ADVANCED_FACE ( 'NONE', ( #603 ), #6163, .T. ) ;
#707 = EDGE_CURVE ( 'NONE', #221, #1759, #3391, .T. ) ;
#708 = EDGE_CURVE ( 'NONE', #3013, #6193, #396, .T. ) ;
#709 = DIRECTION ( 'NONE',  ( -1.525498497872751877E-16, 1.000000000000000000, 0.000000000000000000 ) ) ;
#710 = B_SPLINE_CURVE_WITH_KNOTS ( 'NONE', 3,
 ( #4282, #5266, #1237, #4764 ),
 .UNSPECIFIED., .F., .F.,
 ( 4, 4 ),
 ( 0.000000000000000000, 1.000000000000000000 ),
 .UNSPECIFIED. ) ;
#711 = CARTESIAN_POINT ( 'NONE',  ( -10.79999054116380997, -3.250000000000000000, 25.73876969599392694 ) ) ;
#712 = CARTESIAN_POINT ( 'NONE',  ( -30.15918345982469262, 14.31486969996690739, 1.147054229039999429 ) ) ;
#713 = EDGE_CURVE ( 'NONE', #1863, #1786, #155, .T. ) ;
#714 = CARTESIAN_POINT ( 'NONE',  ( -6.058722147691998572, 17.76999999999999957, 21.96555834207097746 ) ) ;
#715 = VERTEX_POINT ( 'NONE', #5573 ) ;
#716 = B_SPLINE_CURVE_WITH_KNOTS ( 'NONE', 3,
 ( #3414, #979, #469, #2493 ),
 .UNSPECIFIED., .F., .F.,
 ( 4, 4 ),
 ( 0.000000000000000000, 1.000000000000000000 ),
 .UNSPECIFIED. ) ;
#717 = ORIENTED_EDGE ( 'NONE', *, *, #1437, .T. ) ;
#718 = EDGE_LOOP ( 'NONE', ( #151, #2142, #2316, #4348 ) ) ;
#719 = PLANE ( 'NONE',  #1765 ) ;
#720 = B_SPLINE_CURVE_WITH_KNOTS ( 'NONE', 3,
 ( #3674, #1165, #1622, #5196, #160, #5230, #3640, #663, #1722, #5653 ),
 .UNSPECIFIED., .F., .F.,
 ( 4, 2, 2, 2, 4 ),
 ( 0.000000000000000000, 0.2500000000000000000, 0.5000000000000000000, 0.7500000000000000000, 1.000000000000000000 ),
 .UNSPECIFIED. ) ;
#721 = EDGE_CURVE ( 'NONE', #3512, #867, #4356, .T. ) ;
#722 = AXIS2_PLACEMENT_3D ( 'NONE', #3759, #5775, #5312 ) ;
#723 =( REPRESENTATION_RELATIONSHIP ('NONE','NONE', #893, #3637 ) REPRESENTATION_RELATIONSHIP_WITH_TRANSFORMATION ( #4741 )SHAPE_REPRESENTATION_RELATIONSHIP( ) );
#724 = DIRECTION ( 'NONE',  ( -0.000000000000000000, 1.000000000000000000, -0.000000000000000000 ) ) ;
#725 = EDGE_LOOP ( 'NONE', ( #6297, #5218, #5758, #5830 ) ) ;
#726 = CARTESIAN_POINT ( 'NONE',  ( -22.99813476293287451, 12.50000000000000533, 27.32705422903999448 ) ) ;
#727 = DIRECTION ( 'NONE',  ( 0.000000000000000000, -0.000000000000000000, 1.000000000000000000 ) ) ;
#728 = ORIENTED_EDGE ( 'NONE', *, *, #438, .F. ) ;
#729 = AXIS2_PLACEMENT_3D ( 'NONE', #1447, #2497, #1379 ) ;
#730 = FACE_OUTER_BOUND ( 'NONE', #4935, .T. ) ;
#731 = CARTESIAN_POINT ( 'NONE',  ( -13.08160286443802534, 4.186891154377373248, 27.73876969599392694 ) ) ;
#732 = CARTESIAN_POINT ( 'NONE',  ( -4.258722147691999638, 12.50000000000000000, 27.32705422903999803 ) ) ;
#733 = VERTEX_POINT ( 'NONE', #2623 ) ;
#734 = CARTESIAN_POINT ( 'NONE',  ( -18.70837374726851721, 4.540444544970647200, 26.77397846476551280 ) ) ;
#735 = CARTESIAN_POINT ( 'NONE',  ( -38.80057321904148182, 12.50000000000000178, 10.73705422903999818 ) ) ;
#736 = CARTESIAN_POINT ( 'NONE',  ( 4.006559040048433218, 8.000000000000000000, -0.06565547799456880607 ) ) ;
#737 = CARTESIAN_POINT ( 'NONE',  ( -35.75872214768999413, 12.50000000000000000, 14.23705422904000173 ) ) ;
#738 = ORIENTED_EDGE ( 'NONE', *, *, #6481, .F. ) ;
#739 = CARTESIAN_POINT ( 'NONE',  ( -2.258722147692000082, 12.50000000000000000, 3.147054229040000095 ) ) ;
#740 = ADVANCED_FACE ( 'NONE', ( #1604 ), #45, .F. ) ;
#741 = PLANE ( 'NONE',  #1425 ) ;
#742 = ORIENTED_EDGE ( 'NONE', *, *, #1282, .F. ) ;
#743 = EDGE_CURVE ( 'NONE', #3609, #307, #5531, .T. ) ;
#744 = CARTESIAN_POINT ( 'NONE',  ( -19.29004268180201365, 12.61467306402347077, 27.32705422904000514 ) ) ;
#745 = FACE_OUTER_BOUND ( 'NONE', #1772, .T. ) ;
#746 = CARTESIAN_POINT ( 'NONE',  ( 6.352138378250272055, -3.250000000000000000, 25.73876969599392694 ) ) ;
#747 = ORIENTED_EDGE ( 'NONE', *, *, #1841, .T. ) ;
#748 = CARTESIAN_POINT ( 'NONE',  ( -29.31534662978574701, 13.88773744163673030, 25.32705422903999803 ) ) ;
#749 = ORIENTED_EDGE ( 'NONE', *, *, #2237, .T. ) ;
#750 = EDGE_CURVE ( 'NONE', #1644, #5728, #4114, .T. ) ;
#751 = VECTOR ( 'NONE', #3631, 1000.000000000000000 ) ;
#752 = ORIENTED_EDGE ( 'NONE', *, *, #1592, .T. ) ;
#753 = ORIENTED_EDGE ( 'NONE', *, *, #2164, .F. ) ;
#754 = CARTESIAN_POINT ( 'NONE',  ( 1.873062941308192730, 5.875000000000003553, 20.35157577574490162 ) ) ;
#755 = CIRCLE ( 'NONE', #6439, 0.5000000000000004441 ) ;
#756 = VECTOR ( 'NONE', #3785, 1000.000000000000227 ) ;
#757 = LINE ( 'NONE', #788, #6337 ) ;
#758 = ORIENTED_EDGE ( 'NONE', *, *, #1752, .T. ) ;
#759 = EDGE_CURVE ( 'NONE', #4668, #5035, #109, .T. ) ;
#760 = CIRCLE ( 'NONE', #763, 0.5000000000000004441 ) ;
#761 = EDGE_LOOP ( 'NONE', ( #4766, #5500, #5050, #2068 ) ) ;
#762 = AXIS2_PLACEMENT_3D ( 'NONE', #1848, #4734, #5268 ) ;
#763 = AXIS2_PLACEMENT_3D ( 'NONE', #5374, #6007, #5473 ) ;
#764 = AXIS2_PLACEMENT_3D ( 'NONE', #5294, #6316, #1326 ) ;
#765 = DIRECTION ( 'NONE',  ( 0.5044624565692711338, -0.8634336279715403295, 0.000000000000000000 ) ) ;
#766 = DIRECTION ( 'NONE',  ( 0.000000000000000000, 1.000000000000000000, 0.000000000000000000 ) ) ;
#767 = CARTESIAN_POINT ( 'NONE',  ( -6.058722147692000348, 17.76999999999999957, 21.72705422903999661 ) ) ;
#768 = CARTESIAN_POINT ( 'NONE',  ( -53.99344095995156323, 5.875000000000003553, 22.93434452200543205 ) ) ;
#769 = DIRECTION ( 'NONE',  ( -0.000000000000000000, -0.000000000000000000, -1.000000000000000000 ) ) ;
#770 = CARTESIAN_POINT ( 'NONE',  ( -34.67116132220667168, 15.76999999999999957, 23.52705422904000088 ) ) ;
#771 = CARTESIAN_POINT ( 'NONE',  ( -4.258722147691999638, 15.76999999999999957, 3.147054229040000095 ) ) ;
#772 = ORIENTED_EDGE ( 'NONE', *, *, #1911, .T. ) ;
#773 = CARTESIAN_POINT ( 'NONE',  ( -51.60056723113756760, 8.000000000000000000, 23.29566891635459669 ) ) ;
#774 = DIRECTION ( 'NONE',  ( 0.000000000000000000, 1.000000000000000000, 0.000000000000000000 ) ) ;
#775 = VERTEX_POINT ( 'NONE', #5169 ) ;
#776 = CARTESIAN_POINT ( 'NONE',  ( -4.258722147691999638, 12.50000000000000000, 3.147054229040000095 ) ) ;
#777 = CARTESIAN_POINT ( 'NONE',  ( -65.47003059873777886, 4.735238934357180796, -6.761230304006072167 ) ) ;
#778 = AXIS2_PLACEMENT_3D ( 'NONE', #2645, #2679, #4599 ) ;
#779 = SHAPE_DEFINITION_REPRESENTATION ( #2238, #2744 ) ;
#780 = CARTESIAN_POINT ( 'NONE',  ( -66.59445670572583253, 0.7130042956954123490, -4.761230304006072167 ) ) ;
#781 = LINE ( 'NONE', #6296, #5185 ) ;
#782 = ORIENTED_EDGE ( 'NONE', *, *, #3447, .F. ) ;
#783 = VERTEX_POINT ( 'NONE', #3054 ) ;
#784 = VECTOR ( 'NONE', #2710, 1000.000000000000000 ) ;
#785 = EDGE_LOOP ( 'NONE', ( #2989, #3728, #1223, #1422 ) ) ;
#786 = LINE ( 'NONE', #1768, #5356 ) ;
#787 = B_SPLINE_CURVE_WITH_KNOTS ( 'NONE', 3,
 ( #3351, #1967, #309, #6425 ),
 .UNSPECIFIED., .F., .F.,
 ( 4, 4 ),
 ( 0.000000000000000000, 1.000000000000000000 ),
 .UNSPECIFIED. ) ;
#788 = CARTESIAN_POINT ( 'NONE',  ( -9.280464726337173786, 8.250000000000000000, 17.31907693046060714 ) ) ;
#789 = EDGE_LOOP ( 'NONE', ( #4197, #4444, #6014, #841, #3860, #546 ) ) ;
#790 = VECTOR ( 'NONE', #5712, 1000.000000000000000 ) ;
#791 = EDGE_LOOP ( 'NONE', ( #6485, #2233, #4559, #3311, #2166, #1820, #3337, #2214 ) ) ;
#792 = EDGE_CURVE ( 'NONE', #5910, #5902, #2089, .T. ) ;
#793 = EDGE_CURVE ( 'NONE', #6265, #3196, #4580, .T. ) ;
#794 = EDGE_CURVE ( 'NONE', #835, #1019, #2589, .T. ) ;
#795 = FACE_OUTER_BOUND ( 'NONE', #370, .T. ) ;
#796 = FACE_OUTER_BOUND ( 'NONE', #2813, .T. ) ;
#797 = DIRECTION ( 'NONE',  ( 0.000000000000000000, -1.000000000000000000, 0.000000000000000000 ) ) ;
#798 = CARTESIAN_POINT ( 'NONE',  ( -6.058722147692000348, 15.76999999999999957, 6.747054229039999740 ) ) ;
#799 = DIRECTION ( 'NONE',  ( 0.000000000000000000, 1.000000000000000000, -0.000000000000000000 ) ) ;
#800 = ORIENTED_EDGE ( 'NONE', *, *, #3546, .T. ) ;
#801 = CARTESIAN_POINT ( 'NONE',  ( 4.006559040048433218, 8.005696803542699413, 22.93434452200543205 ) ) ;
#802 = DIRECTION ( 'NONE',  ( -0.000000000000000000, -0.000000000000000000, -1.000000000000000000 ) ) ;
#803 = VECTOR ( 'NONE', #3981, 1000.000000000000000 ) ;
#804 = ORIENTED_EDGE ( 'NONE', *, *, #2153, .T. ) ;
#805 = VERTEX_POINT ( 'NONE', #79 ) ;
#806 = DIRECTION ( 'NONE',  ( 0.000000000000000000, 0.000000000000000000, 1.000000000000000000 ) ) ;
#807 = CARTESIAN_POINT ( 'NONE',  ( -39.79572938337270926, 4.466867144221085439, 26.71994397445526204 ) ) ;
#808 = CARTESIAN_POINT ( 'NONE',  ( -57.29533948658965414, 5.875000000000003553, 0.5000000000000000000 ) ) ;
#809 = ORIENTED_EDGE ( 'NONE', *, *, #3425, .T. ) ;
#810 = CARTESIAN_POINT ( 'NONE',  ( -39.71687107633850644, 10.50000000000000000, 10.73705422903999818 ) ) ;
#811 = ORIENTED_EDGE ( 'NONE', *, *, #2642, .F. ) ;
#812 = ORIENTED_EDGE ( 'NONE', *, *, #2458, .F. ) ;
#813 = ORIENTED_EDGE ( 'NONE', *, *, #2832, .T. ) ;
#814 = DIRECTION ( 'NONE',  ( 0.000000000000000000, 0.000000000000000000, 1.000000000000000000 ) ) ;
#815 = PLANE ( 'NONE',  #11 ) ;
#816 = PLANE ( 'NONE',  #4454 ) ;
#817 = ORIENTED_EDGE ( 'NONE', *, *, #4817, .T. ) ;
#818 = VECTOR ( 'NONE', #4635, 1000.000000000000000 ) ;
#819 = EDGE_CURVE ( 'NONE', #3342, #3745, #4119, .T. ) ;
#820 = VERTEX_POINT ( 'NONE', #5635 ) ;
#821 = AXIS2_PLACEMENT_3D ( 'NONE', #4280, #4760, #232 ) ;
#822 = DIRECTION ( 'NONE',  ( -1.000000000000000000, 0.000000000000000000, 0.000000000000000000 ) ) ;
#823 = ADVANCED_FACE ( 'NONE', ( #1998 ), #4020, .T. ) ;
#824 = AXIS2_PLACEMENT_3D ( 'NONE', #4643, #3523, #1571 ) ;
#825 = EDGE_CURVE ( 'NONE', #4610, #4381, #6039, .T. ) ;
#826 = CARTESIAN_POINT ( 'NONE',  ( 0.6565590400484316858, 8.005448038964223301, 23.43434452200543205 ) ) ;
#827 = LINE ( 'NONE', #2868, #2174 ) ;
#828 = CARTESIAN_POINT ( 'NONE',  ( -53.99344095995156323, 12.50000000000000000, -0.06565547799456880607 ) ) ;
#829 = LINE ( 'NONE', #1266, #1966 ) ;
#830 = VERTEX_POINT ( 'NONE', #1211 ) ;
#831 = CARTESIAN_POINT ( 'NONE',  ( -57.30591737496195037, 5.875000000000003553, 23.43434452200543205 ) ) ;
#832 = EDGE_CURVE ( 'NONE', #3997, #2413, #2907, .T. ) ;
#833 = DIRECTION ( 'NONE',  ( -0.000000000000000000, -0.000000000000000000, -1.000000000000000000 ) ) ;
#834 = VERTEX_POINT ( 'NONE', #5831 ) ;
#835 = VERTEX_POINT ( 'NONE', #5240 ) ;
#836 = CARTESIAN_POINT ( 'NONE',  ( -51.60056723113756760, 8.000000000000000000, 23.29566891635459669 ) ) ;
#837 = PLANE ( 'NONE',  #3820 ) ;
#838 = CARTESIAN_POINT ( 'NONE',  ( -27.59205548102333694, 12.50000000000000000, 25.32705422904000159 ) ) ;
#839 = VERTEX_POINT ( 'NONE', #3683 ) ;
#840 = CARTESIAN_POINT ( 'NONE',  ( 0.6765129202228187255, 5.875000000000003553, 0.3356941635148227299 ) ) ;
#841 = ORIENTED_EDGE ( 'NONE', *, *, #3536, .F. ) ;
#842 = CARTESIAN_POINT ( 'NONE',  ( -39.25872214768999413, 12.50000000000000000, 14.23705422903999995 ) ) ;
#843 = ORIENTED_EDGE ( 'NONE', *, *, #178, .F. ) ;
#844 = ORIENTED_EDGE ( 'NONE', *, *, #4225, .F. ) ;
#845 = FACE_OUTER_BOUND ( 'NONE', #5844, .T. ) ;
#846 = CARTESIAN_POINT ( 'NONE',  ( -3.029628707742170413, 17.77000000000000313, 26.92638791383636487 ) ) ;
#847 = CARTESIAN_POINT ( 'NONE',  ( -53.99344095995156323, 5.875000000000003553, 21.58434452200543063 ) ) ;
#848 = ORIENTED_EDGE ( 'NONE', *, *, #1413, .F. ) ;
#849 = AXIS2_PLACEMENT_3D ( 'NONE', #4138, #660, #3107 ) ;
#850 = ORIENTED_EDGE ( 'NONE', *, *, #2676, .F. ) ;
#851 = AXIS2_PLACEMENT_3D ( 'NONE', #1362, #5420, #4439 ) ;
#852 = ORIENTED_EDGE ( 'NONE', *, *, #4880, .F. ) ;
#853 = VECTOR ( 'NONE', #6368, 1000.000000000000000 ) ;
#854 = B_SPLINE_CURVE_WITH_KNOTS ( 'NONE', 3,
 ( #5883, #1915, #1882, #6406, #4885, #1396 ),
 .UNSPECIFIED., .F., .F.,
 ( 4, 2, 4 ),
 ( 0.5000000000000000000, 0.7500000000000000000, 1.000000000000000000 ),
 .UNSPECIFIED. ) ;
#855 = EDGE_CURVE ( 'NONE', #4634, #1786, #230, .T. ) ;
#856 = VECTOR ( 'NONE', #3153, 1000.000000000000000 ) ;
#857 = DIRECTION ( 'NONE',  ( -0.000000000000000000, 1.000000000000000000, -0.000000000000000000 ) ) ;
#858 = VECTOR ( 'NONE', #1137, 1000.000000000000000 ) ;
#859 = FACE_OUTER_BOUND ( 'NONE', #1996, .T. ) ;
#860 = DIRECTION ( 'NONE',  ( 2.156417553693440290E-16, -1.000000000000000000, 0.000000000000000000 ) ) ;
#861 = DIRECTION ( 'NONE',  ( 0.000000000000000000, 1.000000000000000000, 0.000000000000000000 ) ) ;
#862 = CARTESIAN_POINT ( 'NONE',  ( -53.99344095995156323, 8.750000000000000000, 22.93434452200543205 ) ) ;
#863 = ORIENTED_EDGE ( 'NONE', *, *, #3805, .F. ) ;
#864 = B_SPLINE_CURVE_WITH_KNOTS ( 'NONE', 3,
 ( #3589, #4682, #144, #572 ),
 .UNSPECIFIED., .F., .F.,
 ( 4, 4 ),
 ( 0.000000000000000000, 1.000000000000000000 ),
 .UNSPECIFIED. ) ;
#865 = CARTESIAN_POINT ( 'NONE',  ( -6.104394428185232258, 17.76999999999999602, 6.278558882123992824 ) ) ;
#866 = FACE_OUTER_BOUND ( 'NONE', #1708, .T. ) ;
#867 = VERTEX_POINT ( 'NONE', #3276 ) ;
#868 = ORIENTED_EDGE ( 'NONE', *, *, #2453, .F. ) ;
#869 = CARTESIAN_POINT ( 'NONE',  ( 4.006559040048433218, 12.50000000000000000, -0.06565547799456880607 ) ) ;
#870 = EDGE_CURVE ( 'NONE', #5372, #5407, #3212, .T. ) ;
#871 = DIRECTION ( 'NONE',  ( -0.000000000000000000, -0.000000000000000000, -1.000000000000000000 ) ) ;
#872 = CARTESIAN_POINT ( 'NONE',  ( -39.79572938337270926, 4.966867144221086328, 27.73876969599392694 ) ) ;
#873 = VERTEX_POINT ( 'NONE', #4707 ) ;
#874 = CARTESIAN_POINT ( 'NONE',  ( 3.469226652074590689, 12.50000000000000000, 6.828908360124231081 ) ) ;
#875 = ADVANCED_FACE ( 'NONE', ( #171 ), #5697, .T. ) ;
#876 = CARTESIAN_POINT ( 'NONE',  ( -26.66325552295590029, 13.07326386611337554, 27.32705422903999803 ) ) ;
#877 = EDGE_LOOP ( 'NONE', ( #6171, #2996, #6095, #1365 ) ) ;
#878 = EDGE_LOOP ( 'NONE', ( #3690, #6304, #4893, #2681 ) ) ;
#879 = DIRECTION ( 'NONE',  ( 0.000000000000000000, -1.000000000000000000, 0.000000000000000000 ) ) ;
#880 = AXIS2_PLACEMENT_3D ( 'NONE', #6539, #4443, #5956 ) ;
#881 = DIRECTION ( 'NONE',  ( 1.000000000000000000, 0.000000000000000000, 0.000000000000000000 ) ) ;
#882 = CARTESIAN_POINT ( 'NONE',  ( -51.60056723113756760, 8.750000000000000000, 25.73876969599392694 ) ) ;
#883 = CARTESIAN_POINT ( 'NONE',  ( -6.058722147692000348, 17.76999999999999957, 6.747054229039999740 ) ) ;
#884 = EDGE_LOOP ( 'NONE', ( #6182, #5308, #738, #4380 ) ) ;
#885 = ORIENTED_EDGE ( 'NONE', *, *, #3899, .T. ) ;
#886 = ORIENTED_EDGE ( 'NONE', *, *, #5480, .F. ) ;
#887 = DIRECTION ( 'NONE',  ( 0.000000000000000000, 0.000000000000000000, 1.000000000000000000 ) ) ;
#888 = AXIS2_PLACEMENT_3D ( 'NONE', #267, #1850, #3779 ) ;
#889 = CARTESIAN_POINT ( 'NONE',  ( -61.54560449174972803, -3.250000000000000000, 27.73876969599392694 ) ) ;
#890 = DIRECTION ( 'NONE',  ( -1.000000000000000000, 0.000000000000000000, 0.000000000000000000 ) ) ;
#891 = DIRECTION ( 'NONE',  ( 0.000000000000000000, -2.200000000000000003E-16, -1.000000000000000000 ) ) ;
#892 = PLANE ( 'NONE',  #529 ) ;
#893 = SHAPE_REPRESENTATION ( 'TOP_NO_LETTERS_290824', ( #1597, #1492, #3603 ), #1805 ) ;
#894 = CARTESIAN_POINT ( 'NONE',  ( 4.006559040048433218, 10.50000000000000000, -0.06565547799456880607 ) ) ;
#895 = ORIENTED_EDGE ( 'NONE', *, *, #3193, .F. ) ;
#896 = LINE ( 'NONE', #2414, #322 ) ;
#897 = CARTESIAN_POINT ( 'NONE',  ( 3.830254905060044734, 10.50000000000000000, 5.758840918736137127 ) ) ;
#898 = ORIENTED_EDGE ( 'NONE', *, *, #2760, .F. ) ;
#899 = ORIENTED_EDGE ( 'NONE', *, *, #1789, .T. ) ;
#900 = AXIS2_PLACEMENT_3D ( 'NONE', #5574, #3093, #5636 ) ;
#901 = PLANE ( 'NONE',  #1046 ) ;
#902 = EDGE_CURVE ( 'NONE', #3053, #5671, #1175, .T. ) ;
#903 = CARTESIAN_POINT ( 'NONE',  ( -54.49344095995157033, 5.875000000000003553, 19.58434452200542708 ) ) ;
#904 = CARTESIAN_POINT ( 'NONE',  ( -21.75872214769000124, 12.50000000000000000, 25.32705422904000159 ) ) ;
#905 = ORIENTED_EDGE ( 'NONE', *, *, #4591, .T. ) ;
#906 = CARTESIAN_POINT ( 'NONE',  ( -53.49344095995156323, 5.875000000000003553, 19.58434452200542708 ) ) ;
#907 = AXIS2_PLACEMENT_3D ( 'NONE', #499, #3376, #4969 ) ;
#908 = CARTESIAN_POINT ( 'NONE',  ( -53.99344095995156323, 5.875000000000003553, -0.06565547799456880607 ) ) ;
#909 = EDGE_CURVE ( 'NONE', #1510, #805, #621, .T. ) ;
#910 = EDGE_CURVE ( 'NONE', #2612, #1309, #2226, .T. ) ;
#911 = EDGE_LOOP ( 'NONE', ( #3426, #4777, #1505, #5377, #3822, #2838 ) ) ;
#912 = ORIENTED_EDGE ( 'NONE', *, *, #4037, .F. ) ;
#913 = DIRECTION ( 'NONE',  ( 0.000000000000000000, -0.000000000000000000, -1.000000000000000000 ) ) ;
#914 = UNCERTAINTY_MEASURE_WITH_UNIT (LENGTH_MEASURE( 1.000000000000000082E-05 ), #1814, 'distance_accuracy_value', 'NONE');
#915 = DIRECTION ( 'NONE',  ( 1.000000000000000000, 0.000000000000000000, 0.000000000000000000 ) ) ;
#916 = EDGE_CURVE ( 'NONE', #989, #611, #2353, .T. ) ;
#917 = LINE ( 'NONE', #5410, #214 ) ;
#918 = CARTESIAN_POINT ( 'NONE',  ( 1.873062941308192730, -3.250000000000000000, 25.73876969599392694 ) ) ;
#919 = VERTEX_POINT ( 'NONE', #6322 ) ;
#920 = ORIENTED_EDGE ( 'NONE', *, *, #5329, .F. ) ;
#921 = ORIENTED_EDGE ( 'NONE', *, *, #1720, .F. ) ;
#922 = PLANE ( 'NONE',  #1140 ) ;
#923 = CARTESIAN_POINT ( 'NONE',  ( 4.506559040048433218, 8.005696803542699413, 19.62186810699505202 ) ) ;
#924 = DIRECTION ( 'NONE',  ( -0.000000000000000000, -0.000000000000000000, 1.000000000000000000 ) ) ;
#925 = AXIS2_PLACEMENT_3D ( 'NONE', #1709, #5841, #1218 ) ;
#926 = CARTESIAN_POINT ( 'NONE',  ( -41.25872214768999413, 14.25666666666666771, 3.147054229040001871 ) ) ;
#927 = CARTESIAN_POINT ( 'NONE',  ( -51.19311627875442383, 8.567453508431418285, 23.43434452200543205 ) ) ;
#928 = CIRCLE ( 'NONE', #84, 1.600000000000000755 ) ;
#929 = DIRECTION ( 'NONE',  ( -1.000000000000000000, 0.000000000000000000, 0.000000000000000000 ) ) ;
#930 = ORIENTED_EDGE ( 'NONE', *, *, #2079, .F. ) ;
#931 = CARTESIAN_POINT ( 'NONE',  ( -37.45872214768999697, 15.76999999999999957, 21.72705422903999661 ) ) ;
#932 = DIRECTION ( 'NONE',  ( -0.000000000000000000, 1.000000000000000000, 0.000000000000000000 ) ) ;
#933 = ORIENTED_EDGE ( 'NONE', *, *, #3949, .T. ) ;
#934 = ORIENTED_EDGE ( 'NONE', *, *, #1841, .F. ) ;
#935 = AXIS2_PLACEMENT_3D ( 'NONE', #3176, #3771, #1234 ) ;
#936 = CARTESIAN_POINT ( 'NONE',  ( -53.99344095995156323, 8.000000000000000000, 22.93434452200543205 ) ) ;
#937 = DIRECTION ( 'NONE',  ( 0.000000000000000000, 0.000000000000000000, 1.000000000000000000 ) ) ;
#938 = EDGE_CURVE ( 'NONE', #1510, #1086, #3464, .T. ) ;
#939 = CARTESIAN_POINT ( 'NONE',  ( -8.258722147691500481, 17.76999999999944890, 1.147054229039999873 ) ) ;
#940 = VERTEX_POINT ( 'NONE', #3750 ) ;
#941 = CARTESIAN_POINT ( 'NONE',  ( -51.19311627875442383, 10.50000000000000000, 22.43434452200543205 ) ) ;
#942 = DIRECTION ( 'NONE',  ( 0.000000000000000000, -0.000000000000000000, 1.000000000000000000 ) ) ;
#943 = ORIENTED_EDGE ( 'NONE', *, *, #448, .F. ) ;
#944 = ORIENTED_EDGE ( 'NONE', *, *, #4751, .F. ) ;
#945 = DIRECTION ( 'NONE',  ( 1.000000000000000000, -0.000000000000000000, 3.110824955691248589E-17 ) ) ;
#946 = DIRECTION ( 'NONE',  ( 1.146924612216069856E-14, 0.000000000000000000, -1.000000000000000000 ) ) ;
#947 = EDGE_CURVE ( 'NONE', #591, #1088, #3676, .T. ) ;
#948 = EDGE_CURVE ( 'NONE', #4292, #1278, #928, .T. ) ;
#949 = CYLINDRICAL_SURFACE ( 'NONE', #2850, 1.500000000000000000 ) ;
#950 = DIRECTION ( 'NONE',  ( 0.000000000000000000, 0.000000000000000000, 1.000000000000000000 ) ) ;
#951 = ORIENTED_EDGE ( 'NONE', *, *, #6470, .F. ) ;
#952 = ADVANCED_FACE ( 'NONE', ( #4214 ), #3305, .F. ) ;
#953 = EDGE_LOOP ( 'NONE', ( #2733, #2379, #3288, #1596 ) ) ;
#954 = ORIENTED_EDGE ( 'NONE', *, *, #1363, .F. ) ;
#955 = CARTESIAN_POINT ( 'NONE',  ( -39.79572938337270926, 7.983490513531148913, 27.73876969599392694 ) ) ;
#956 = EDGE_CURVE ( 'NONE', #4431, #5660, #1358, .T. ) ;
#957 = AXIS2_PLACEMENT_3D ( 'NONE', #1273, #4773, #5304 ) ;
#958 = CARTESIAN_POINT ( 'NONE',  ( -39.25872214768999413, 12.50000000000000000, 1.147054229039999873 ) ) ;
#959 = PLANE ( 'NONE',  #173 ) ;
#960 = AXIS2_PLACEMENT_3D ( 'NONE', #284, #4756, #1746 ) ;
#961 = DIRECTION ( 'NONE',  ( 1.000000000000000000, 0.000000000000000000, 0.000000000000000000 ) ) ;
#962 = VECTOR ( 'NONE', #6148, 1000.000000000000000 ) ;
#963 = FACE_OUTER_BOUND ( 'NONE', #5449, .T. ) ;
#964 = VECTOR ( 'NONE', #3353, 1000.000000000000000 ) ;
#965 = ORIENTED_EDGE ( 'NONE', *, *, #3250, .F. ) ;
#966 = CARTESIAN_POINT ( 'NONE',  ( -39.25872214768999413, 15.76999999999999957, 25.32705422904000159 ) ) ;
#967 = CARTESIAN_POINT ( 'NONE',  ( -19.69137825829315602, 5.512278550188185910, 26.77397846476551280 ) ) ;
#968 = PRODUCT_DEFINITION_FORMATION_WITH_SPECIFIED_SOURCE ( 'ANY', '', #3863, .NOT_KNOWN. ) ;
#969 = EDGE_LOOP ( 'NONE', ( #2117, #3293, #5752, #1637 ) ) ;
#970 = DIRECTION ( 'NONE',  ( 1.000000000000000000, 0.000000000000000000, 0.000000000000000000 ) ) ;
#971 = AXIS2_PLACEMENT_3D ( 'NONE', #5824, #2347, #6318 ) ;
#972 = CARTESIAN_POINT ( 'NONE',  ( -61.54560449174972803, 10.50000000000000000, -3.261230304006073055 ) ) ;
#973 = DIRECTION ( 'NONE',  ( 3.469446951953614583E-15, 0.000000000000000000, -1.000000000000000000 ) ) ;
#974 = CIRCLE ( 'NONE', #1082, 3.350000000000002309 ) ;
#975 = AXIS2_PLACEMENT_3D ( 'NONE', #113, #4183, #6230 ) ;
#976 = CARTESIAN_POINT ( 'NONE',  ( 1.873062941308192730, -3.250000000000000000, 25.73876969599392694 ) ) ;
#977 = ORIENTED_EDGE ( 'NONE', *, *, #3355, .F. ) ;
#978 = LINE ( 'NONE', #1010, #4763 ) ;
#979 = CARTESIAN_POINT ( 'NONE',  ( -37.92538881435666553, 17.76999999999999957, 1.147054229039998763 ) ) ;
#980 = EDGE_LOOP ( 'NONE', ( #2394, #1576, #1258, #2447 ) ) ;
#981 = ORIENTED_EDGE ( 'NONE', *, *, #4574, .F. ) ;
#982 = DIRECTION ( 'NONE',  ( 0.000000000000000000, 0.000000000000000000, -1.000000000000000000 ) ) ;
#983 = CARTESIAN_POINT ( 'NONE',  ( -39.25872214768999413, 12.50000000000000000, 1.147054229039999873 ) ) ;
#984 = DIRECTION ( 'NONE',  ( 0.000000000000000000, -1.000000000000000000, 2.200000000000000003E-16 ) ) ;
#985 = DIRECTION ( 'NONE',  ( 0.000000000000000000, 0.000000000000000000, 1.000000000000000000 ) ) ;
#986 = ORIENTED_EDGE ( 'NONE', *, *, #5952, .F. ) ;
#987 = ORIENTED_EDGE ( 'NONE', *, *, #4785, .F. ) ;
#988 = AXIS2_PLACEMENT_3D ( 'NONE', #33, #4202, #4139 ) ;
#989 = VERTEX_POINT ( 'NONE', #1698 ) ;
#990 = CARTESIAN_POINT ( 'NONE',  ( -4.258722147691999638, 15.76999999999999957, 25.32705422904000159 ) ) ;
#991 = EDGE_CURVE ( 'NONE', #5771, #3332, #4739, .T. ) ;
#992 = CARTESIAN_POINT ( 'NONE',  ( -39.25872214769000124, 15.76999999999999957, 17.93372089570666361 ) ) ;
#993 = CARTESIAN_POINT ( 'NONE',  ( -21.38836543812355373, -3.250000000000000000, 26.77397846476551280 ) ) ;
#994 = EDGE_CURVE ( 'NONE', #5660, #2814, #1407, .T. ) ;
#995 = EDGE_CURVE ( 'NONE', #3756, #2329, #1880, .T. ) ;
#996 = CARTESIAN_POINT ( 'NONE',  ( -41.00629492439851020, 12.49999999999999822, 26.33429218978178454 ) ) ;
#997 = CARTESIAN_POINT ( 'NONE',  ( -54.49344095995157033, 10.50000000000000000, 5.745757241660123249 ) ) ;
#998 = EDGE_CURVE ( 'NONE', #4387, #6037, #5893, .T. ) ;
#999 = ORIENTED_EDGE ( 'NONE', *, *, #5509, .F. ) ;
#1000 = CARTESIAN_POINT ( 'NONE',  ( -37.45872214769000408, 15.76999999999999957, 21.96267367805922888 ) ) ;
#1001 = CIRCLE ( 'NONE', #880, 3.350000000000001421 ) ;
#1002 = CARTESIAN_POINT ( 'NONE',  ( -35.65872214768999271, 12.50000000000000000, 4.947054229039999917 ) ) ;
#1003 = ORIENTED_EDGE ( 'NONE', *, *, #3413, .F. ) ;
#1004 = ORIENTED_EDGE ( 'NONE', *, *, #2711, .F. ) ;
#1005 = LINE ( 'NONE', #4572, #1155 ) ;
#1006 = EDGE_CURVE ( 'NONE', #2948, #989, #1327, .T. ) ;
#1007 = PLANE ( 'NONE',  #1395 ) ;
#1008 = CARTESIAN_POINT ( 'NONE',  ( -39.25872214769194812, 10.50000000000000000, 0.000000000000000000 ) ) ;
#1009 = ORIENTED_EDGE ( 'NONE', *, *, #3158, .T. ) ;
#1010 = CARTESIAN_POINT ( 'NONE',  ( 1.873062941308192730, 8.250000000000000000, 17.31907693046060714 ) ) ;
#1011 = CARTESIAN_POINT ( 'NONE',  ( -51.60056723113756760, 8.750000000000000000, 16.72284629709940162 ) ) ;
#1012 = ORIENTED_EDGE ( 'NONE', *, *, #3767, .F. ) ;
#1013 = VERTEX_POINT ( 'NONE', #3841 ) ;
#1014 = DIRECTION ( 'NONE',  ( 0.000000000000000000, 1.000000000000000000, 0.000000000000000000 ) ) ;
#1015 = CARTESIAN_POINT ( 'NONE',  ( -60.04560449174972803, 10.50000000000000000, -4.761230304006072167 ) ) ;
#1016 = CARTESIAN_POINT ( 'NONE',  ( 0.000000000000000000, 0.000000000000000000, 0.5000000000000000000 ) ) ;
#1017 = ORIENTED_EDGE ( 'NONE', *, *, #3322, .F. ) ;
#1018 = B_SPLINE_CURVE_WITH_KNOTS ( 'NONE', 3,
 ( #1682, #4662, #4135, #4755 ),
 .UNSPECIFIED., .F., .F.,
 ( 4, 4 ),
 ( 0.000000000000000000, 1.000000000000000000 ),
 .UNSPECIFIED. ) ;
#1019 = VERTEX_POINT ( 'NONE', #360 ) ;
#1020 = VECTOR ( 'NONE', #4047, 1000.000000000000000 ) ;
#1021 = ORIENTED_EDGE ( 'NONE', *, *, #6510, .T. ) ;
#1022 = CARTESIAN_POINT ( 'NONE',  ( -10.79999054116380997, -12.75000000000000000, 25.73360027965844665 ) ) ;
#1023 = EDGE_CURVE ( 'NONE', #534, #432, #2318, .T. ) ;
#1024 = VECTOR ( 'NONE', #390, 1000.000000000000000 ) ;
#1025 = CARTESIAN_POINT ( 'NONE',  ( -9.280464726337173786, 8.250000000000000000, 26.76711071965634403 ) ) ;
#1026 = CARTESIAN_POINT ( 'NONE',  ( -61.54560449174972803, 4.040444544970641871, 27.73876969599392694 ) ) ;
#1027 = EDGE_CURVE ( 'NONE', #6005, #2351, #2385, .T. ) ;
#1028 = CARTESIAN_POINT ( 'NONE',  ( -12.43438385437424287, 14.71083942124871768, 25.32705422904000159 ) ) ;
#1029 = DIRECTION ( 'NONE',  ( 0.000000000000000000, 1.000000000000000000, 0.000000000000000000 ) ) ;
#1030 = EDGE_CURVE ( 'NONE', #3996, #329, #4335, .T. ) ;
#1031 = VERTEX_POINT ( 'NONE', #2352 ) ;
#1032 = DIRECTION ( 'NONE',  ( 0.000000000000000000, 0.000000000000000000, 1.000000000000000000 ) ) ;
#1033 = B_SPLINE_CURVE_WITH_KNOTS ( 'NONE', 3,
 ( #3974, #5426, #897, #2941, #4926, #393 ),
 .UNSPECIFIED., .F., .F.,
 ( 4, 2, 4 ),
 ( 8.673617379884035472E-19, 0.0005422935352959118785, 0.001084587070591822890 ),
 .UNSPECIFIED. ) ;
#1034 = CARTESIAN_POINT ( 'NONE',  ( 4.006559040048433218, 5.875000000000003553, -0.06565547799456880607 ) ) ;
#1035 = B_SPLINE_CURVE_WITH_KNOTS ( 'NONE', 3,
 ( #3101, #6141, #4560, #5581, #613, #4191 ),
 .UNSPECIFIED., .F., .F.,
 ( 4, 2, 4 ),
 ( 0.000000000000000000, 0.5000000000000000000, 1.000000000000000000 ),
 .UNSPECIFIED. ) ;
#1036 = ORIENTED_EDGE ( 'NONE', *, *, #5339, .T. ) ;
#1037 = CYLINDRICAL_SURFACE ( 'NONE', #2291, 19.92627134724899918 ) ;
#1038 = DIRECTION ( 'NONE',  ( -0.000000000000000000, -1.000000000000000000, -0.000000000000000000 ) ) ;
#1039 = B_SPLINE_CURVE_WITH_KNOTS ( 'NONE', 3,
 ( #2827, #5375, #3290, #5282 ),
 .UNSPECIFIED., .F., .F.,
 ( 4, 4 ),
 ( 0.000000000000000000, 1.000000000000000000 ),
 .UNSPECIFIED. ) ;
#1040 = AXIS2_PLACEMENT_3D ( 'NONE', #4687, #4619, #1119 ) ;
#1041 = DIRECTION ( 'NONE',  ( -0.000000000000000000, 0.000000000000000000, 1.000000000000000000 ) ) ;
#1042 = ADVANCED_FACE ( 'NONE', ( #4382 ), #5858, .F. ) ;
#1043 = ORIENTED_EDGE ( 'NONE', *, *, #2885, .F. ) ;
#1044 = CARTESIAN_POINT ( 'NONE',  ( -42.66762651602910239, 10.50000000000000000, 15.15317182429747866 ) ) ;
#1045 = DIRECTION ( 'NONE',  ( -0.000000000000000000, -1.000000000000000000, -0.000000000000000000 ) ) ;
#1046 = AXIS2_PLACEMENT_3D ( 'NONE', #2912, #4446, #1501 ) ;
#1047 = ORIENTED_EDGE ( 'NONE', *, *, #3736, .T. ) ;
#1048 = CARTESIAN_POINT ( 'NONE',  ( -15.92538881435732634, 12.50000000000000000, 1.147054229039999873 ) ) ;
#1049 = DIRECTION ( 'NONE',  ( 1.000000000000000000, 0.000000000000000000, 0.000000000000000000 ) ) ;
#1050 = CARTESIAN_POINT ( 'NONE',  ( 15.69598641622746804, 0.9481433792356414036, -6.645855991678238261 ) ) ;
#1051 = PLANE ( 'NONE',  #5393 ) ;
#1052 = FACE_OUTER_BOUND ( 'NONE', #877, .T. ) ;
#1053 = ORIENTED_EDGE ( 'NONE', *, *, #956, .F. ) ;
#1054 = ORIENTED_EDGE ( 'NONE', *, *, #50, .T. ) ;
#1055 = VERTEX_POINT ( 'NONE', #1370 ) ;
#1056 = CARTESIAN_POINT ( 'NONE',  ( 0.000000000000000000, 0.000000000000000000, -3.761230304006072167 ) ) ;
#1057 = DIRECTION ( 'NONE',  ( -0.000000000000000000, -1.000000000000000000, -0.000000000000000000 ) ) ;
#1058 = DIRECTION ( 'NONE',  ( 0.000000000000000000, 1.000000000000000000, -2.200000000000000003E-16 ) ) ;
#1059 = DIRECTION ( 'NONE',  ( 1.000000000000000000, 0.000000000000000000, 0.000000000000000000 ) ) ;
#1060 = EDGE_CURVE ( 'NONE', #5117, #3367, #3038, .T. ) ;
#1061 = CARTESIAN_POINT ( 'NONE',  ( -21.75872214769000124, 12.50000000000000000, 25.32705422904000159 ) ) ;
#1062 = CARTESIAN_POINT ( 'NONE',  ( 4.506559040048433218, 8.005696803542699413, 19.52937570921329069 ) ) ;
#1063 = CARTESIAN_POINT ( 'NONE',  ( -38.60223981824245953, -3.250000000000000000, 26.71994397445526204 ) ) ;
#1064 = AXIS2_PLACEMENT_3D ( 'NONE', #3883, #152, #3850 ) ;
#1065 = DIRECTION ( 'NONE',  ( 0.000000000000000000, -1.000000000000000000, 2.200000000000000003E-16 ) ) ;
#1066 = EDGE_LOOP ( 'NONE', ( #3357, #3303, #1053, #592 ) ) ;
#1067 = ORIENTED_EDGE ( 'NONE', *, *, #4104, .T. ) ;
#1068 = AXIS2_PLACEMENT_3D ( 'NONE', #4199, #624, #2707 ) ;
#1069 = EDGE_CURVE ( 'NONE', #2924, #4016, #4862, .T. ) ;
#1070 = LINE ( 'NONE', #3610, #5685 ) ;
#1071 = CIRCLE ( 'NONE', #3069, 3.350000000000002309 ) ;
#1072 = CARTESIAN_POINT ( 'NONE',  ( -37.45872214768999697, 17.76999999999999957, 6.747054229039999740 ) ) ;
#1073 = DIRECTION ( 'NONE',  ( 0.000000000000000000, 0.000000000000000000, 1.000000000000000000 ) ) ;
#1074 = VERTEX_POINT ( 'NONE', #397 ) ;
#1075 = DIRECTION ( 'NONE',  ( 0.000000000000000000, 1.000000000000000000, -2.200000000000000003E-16 ) ) ;
#1076 = DIRECTION ( 'NONE',  ( 0.000000000000000000, 0.000000000000000000, 1.000000000000000000 ) ) ;
#1077 = AXIS2_PLACEMENT_3D ( 'NONE', #4259, #6266, #4293 ) ;
#1078 = ORIENTED_EDGE ( 'NONE', *, *, #5993, .T. ) ;
#1079 = ADVANCED_FACE ( 'NONE', ( #1854 ), #2815, .F. ) ;
#1080 = ADVANCED_FACE ( 'NONE', ( #1337 ), #2418, .F. ) ;
#1081 = CARTESIAN_POINT ( 'NONE',  ( 4.006559040048433218, 12.50000000000000000, -0.06565547799456880607 ) ) ;
#1082 = AXIS2_PLACEMENT_3D ( 'NONE', #2946, #4864, #5465 ) ;
#1083 = DIRECTION ( 'NONE',  ( 0.000000000000000000, 1.000000000000000000, 0.000000000000000000 ) ) ;
#1084 = CARTESIAN_POINT ( 'NONE',  ( -39.25872214768999413, 10.50000000000000000, 17.73705422904000173 ) ) ;
#1085 = CARTESIAN_POINT ( 'NONE',  ( -7.858722147691999282, 17.76999999999999957, 23.52705422904000088 ) ) ;
#1086 = VERTEX_POINT ( 'NONE', #3407 ) ;
#1087 = ORIENTED_EDGE ( 'NONE', *, *, #2972, .F. ) ;
#1088 = VERTEX_POINT ( 'NONE', #2845 ) ;
#1089 = DIRECTION ( 'NONE',  ( 1.000000000000000000, 0.000000000000000000, 0.000000000000000000 ) ) ;
#1090 = PLANE ( 'NONE',  #3808 ) ;
#1091 = CARTESIAN_POINT ( 'NONE',  ( -38.60223981824245953, -3.250000000000000000, 25.73876969599392694 ) ) ;
#1092 = EDGE_CURVE ( 'NONE', #6193, #3013, #189, .T. ) ;
#1093 = DIRECTION ( 'NONE',  ( 0.000000000000000000, 0.000000000000000000, -1.000000000000000000 ) ) ;
#1094 = B_SPLINE_CURVE_WITH_KNOTS ( 'NONE', 3,
 ( #273, #4774, #2787, #6355 ),
 .UNSPECIFIED., .F., .F.,
 ( 4, 4 ),
 ( 0.000000000000000000, 1.000000000000000000 ),
 .UNSPECIFIED. ) ;
#1095 = CARTESIAN_POINT ( 'NONE',  ( -7.858722147691999282, 17.76999999999999957, 4.947054229039999917 ) ) ;
#1096 = CIRCLE ( 'NONE', #4479, 0.5000000000000004441 ) ;
#1097 = DIRECTION ( 'NONE',  ( 0.000000000000000000, 0.000000000000000000, -1.000000000000000000 ) ) ;
#1098 = PLANE ( 'NONE',  #4848 ) ;
#1099 = B_SPLINE_CURVE_WITH_KNOTS ( 'NONE', 3,
 ( #2608, #6492, #3960, #2273, #6308, #3765, #2398, #3991, #1744, #4426 ),
 .UNSPECIFIED., .F., .F.,
 ( 4, 2, 2, 2, 4 ),
 ( 0.000000000000000000, 0.2500000000000000000, 0.5000000000000000000, 0.7500000000000000000, 1.000000000000000000 ),
 .UNSPECIFIED. ) ;
#1100 = PLANE ( 'NONE',  #1819 ) ;
#1101 = ORIENTED_EDGE ( 'NONE', *, *, #1954, .T. ) ;
#1102 = VERTEX_POINT ( 'NONE', #2878 ) ;
#1103 = CARTESIAN_POINT ( 'NONE',  ( -2.258722147692000082, 17.76999999999999957, 25.32705422904000159 ) ) ;
#1104 = FACE_OUTER_BOUND ( 'NONE', #2712, .T. ) ;
#1105 = FACE_OUTER_BOUND ( 'NONE', #1542, .T. ) ;
#1106 = ORIENTED_EDGE ( 'NONE', *, *, #750, .T. ) ;
#1107 = DIRECTION ( 'NONE',  ( -0.000000000000000000, 1.000000000000000000, -0.000000000000000000 ) ) ;
#1108 = CARTESIAN_POINT ( 'NONE',  ( -39.25872214769194812, 12.50000000000000000, 25.32705422904026449 ) ) ;
#1109 = ORIENTED_EDGE ( 'NONE', *, *, #1877, .F. ) ;
#1110 = DIRECTION ( 'NONE',  ( -0.8634336279715404405, -0.5044624565692709117, 0.000000000000000000 ) ) ;
#1111 = LINE ( 'NONE', #604, #5565 ) ;
#1112 = CYLINDRICAL_SURFACE ( 'NONE', #2978, 1.350000000000000533 ) ;
#1113 = CARTESIAN_POINT ( 'NONE',  ( 14.02106672353487227, 4.757473573018953239, -4.761230304006072167 ) ) ;
#1114 = EDGE_LOOP ( 'NONE', ( #4859, #4783, #5741, #6363 ) ) ;
#1115 = EDGE_CURVE ( 'NONE', #6218, #3332, #2301, .T. ) ;
#1116 = ADVANCED_FACE ( 'NONE', ( #5959 ), #901, .T. ) ;
#1117 = VERTEX_POINT ( 'NONE', #1562 ) ;
#1118 = ORIENTED_EDGE ( 'NONE', *, *, #3617, .F. ) ;
#1119 = DIRECTION ( 'NONE',  ( -0.000000000000000000, 0.000000000000000000, -1.000000000000000000 ) ) ;
#1120 = DIRECTION ( 'NONE',  ( 0.000000000000000000, -1.000000000000000000, -0.000000000000000000 ) ) ;
#1121 = EDGE_CURVE ( 'NONE', #6159, #2060, #285, .T. ) ;
#1122 = CARTESIAN_POINT ( 'NONE',  ( -7.858722147691999282, 15.76999999999999957, 23.52705422904000088 ) ) ;
#1123 = VECTOR ( 'NONE', #6438, 1000.000000000000000 ) ;
#1124 = DIRECTION ( 'NONE',  ( -1.000000000000000000, -1.525498497872751877E-16, 0.000000000000000000 ) ) ;
#1125 = CARTESIAN_POINT ( 'NONE',  ( -36.45988819929637259, 10.50000000000000000, 12.08614070912780036 ) ) ;
#1126 = CIRCLE ( 'NONE', #1339, 4.000000000000000000 ) ;
#1127 = CYLINDRICAL_SURFACE ( 'NONE', #1487, 1.800000000000002931 ) ;
#1128 = PLANE ( 'NONE',  #6335 ) ;
#1129 = DIRECTION ( 'NONE',  ( -0.000000000000000000, 1.000000000000000000, 0.000000000000000000 ) ) ;
#1130 = ORIENTED_EDGE ( 'NONE', *, *, #6430, .F. ) ;
#1131 = LINE ( 'NONE', #4205, #6206 ) ;
#1132 = VECTOR ( 'NONE', #5982, 1000.000000000000000 ) ;
#1133 = CARTESIAN_POINT ( 'NONE',  ( -63.54560449174974224, 8.717998577795754045, -6.761230304006072167 ) ) ;
#1134 = CARTESIAN_POINT ( 'NONE',  ( -5.592055481025332675, 17.77000000000000313, 27.32705422903999803 ) ) ;
#1135 =( LENGTH_UNIT ( ) NAMED_UNIT ( * ) SI_UNIT ( .MILLI., .METRE. ) );
#1136 = ORIENTED_EDGE ( 'NONE', *, *, #2397, .T. ) ;
#1137 = DIRECTION ( 'NONE',  ( 0.000000000000000000, 0.000000000000000000, -1.000000000000000000 ) ) ;
#1138 = CARTESIAN_POINT ( 'NONE',  ( -7.858722147691999282, 17.76999999999999957, 23.52705422904000088 ) ) ;
#1139 = ORIENTED_EDGE ( 'NONE', *, *, #1817, .F. ) ;
#1140 = AXIS2_PLACEMENT_3D ( 'NONE', #4498, #413, #3394 ) ;
#1141 = CARTESIAN_POINT ( 'NONE',  ( -41.25872214768999413, 12.50000000000000000, 8.625533346860668971 ) ) ;
#1142 = EDGE_CURVE ( 'NONE', #566, #2496, #6153, .T. ) ;
#1143 = CARTESIAN_POINT ( 'NONE',  ( -2.800420255819354942, 10.50000000000000000, -0.5000000000000000000 ) ) ;
#1144 = EDGE_CURVE ( 'NONE', #1905, #1184, #2041, .T. ) ;
#1145 = SHAPE_REPRESENTATION_RELATIONSHIP ( 'NONE' , 'NONE' ,  #3637, #3559 ) ;
#1146 = CARTESIAN_POINT ( 'NONE',  ( -36.45988819929637259, 10.49999999999999645, 16.38796774895220665 ) ) ;
#1147 = CARTESIAN_POINT ( 'NONE',  ( -35.89434159670923918, 15.76999999999999957, 4.947054229039998141 ) ) ;
#1148 = VERTEX_POINT ( 'NONE', #972 ) ;
#1149 = VECTOR ( 'NONE', #6099, 1000.000000000000000 ) ;
#1150 = ORIENTED_EDGE ( 'NONE', *, *, #297, .T. ) ;
#1151 = VERTEX_POINT ( 'NONE', #5594 ) ;
#1152 = LINE ( 'NONE', #1673, #6512 ) ;
#1153 = EDGE_CURVE ( 'NONE', #783, #2331, #1070, .T. ) ;
#1154 = EDGE_CURVE ( 'NONE', #4030, #522, #2510, .T. ) ;
#1155 = VECTOR ( 'NONE', #37, 1000.000000000000000 ) ;
#1156 = DIRECTION ( 'NONE',  ( 2.156417553693440290E-16, -1.000000000000000000, 0.000000000000000000 ) ) ;
#1157 = ORIENTED_EDGE ( 'NONE', *, *, #158, .F. ) ;
#1158 = PLANE ( 'NONE',  #633 ) ;
#1159 = LINE ( 'NONE', #3599, #4613 ) ;
#1160 = EDGE_CURVE ( 'NONE', #5549, #1469, #4076, .T. ) ;
#1161 = DIRECTION ( 'NONE',  ( 0.000000000000000000, -1.000000000000000000, 0.000000000000000000 ) ) ;
#1162 = CARTESIAN_POINT ( 'NONE',  ( -2.310776794355368313, 12.50000000000000178, 2.623558460321442798 ) ) ;
#1163 = LINE ( 'NONE', #3706, #2671 ) ;
#1164 = ORIENTED_EDGE ( 'NONE', *, *, #2442, .F. ) ;
#1165 = CARTESIAN_POINT ( 'NONE',  ( -37.45872214769000408, 17.76999999999999957, 6.508550116008871456 ) ) ;
#1166 = DIRECTION ( 'NONE',  ( 0.000000000000000000, 0.000000000000000000, 1.000000000000000000 ) ) ;
#1167 = DIRECTION ( 'NONE',  ( -0.000000000000000000, 1.000000000000000000, -0.000000000000000000 ) ) ;
#1168 = VECTOR ( 'NONE', #4419, 1000.000000000000000 ) ;
#1169 = ORIENTED_EDGE ( 'NONE', *, *, #5430, .F. ) ;
#1170 = CARTESIAN_POINT ( 'NONE',  ( 4.006559040048433218, 8.000000000000000000, -1.415655477994569367 ) ) ;
#1171 = CARTESIAN_POINT ( 'NONE',  ( -51.60056723113756760, 8.750000000000000000, 16.72284629709940162 ) ) ;
#1172 = AXIS2_PLACEMENT_3D ( 'NONE', #4959, #4101, #4597 ) ;
#1173 = ORIENTED_EDGE ( 'NONE', *, *, #4032, .F. ) ;
#1174 = CIRCLE ( 'NONE', #4853, 4.000000000000000000 ) ;
#1175 = LINE ( 'NONE', #4254, #2826 ) ;
#1176 = CARTESIAN_POINT ( 'NONE',  ( -2.800420255819354942, 10.50000000000000000, 0.3333333333333332038 ) ) ;
#1177 = DIRECTION ( 'NONE',  ( -0.000000000000000000, -1.000000000000000000, -0.000000000000000000 ) ) ;
#1178 = ORIENTED_EDGE ( 'NONE', *, *, #2045, .T. ) ;
#1179 = CARTESIAN_POINT ( 'NONE',  ( -36.12986833953669219, 15.76999999999999957, 4.993903411037028839 ) ) ;
#1180 = EDGE_LOOP ( 'NONE', ( #248, #669 ) ) ;
#1181 = AXIS2_PLACEMENT_3D ( 'NONE', #801, #4826, #3837 ) ;
#1182 = B_SPLINE_CURVE_WITH_KNOTS ( 'NONE', 3,
 ( #135, #6154, #2685, #3266 ),
 .UNSPECIFIED., .F., .F.,
 ( 4, 4 ),
 ( 0.000000000000000000, 1.000000000000000000 ),
 .UNSPECIFIED. ) ;
#1183 = EDGE_LOOP ( 'NONE', ( #6156, #4555, #3475, #6401, #639, #1661, #2942, #3731, #253, #5810, #6226, #404, #1314, #6474, #188, #6540, #6200, #3552, #1217, #3972 ) ) ;
#1184 = VERTEX_POINT ( 'NONE', #1103 ) ;
#1185 = CARTESIAN_POINT ( 'NONE',  ( -54.49344095995157033, 5.875000000000003553, 19.58434452200542708 ) ) ;
#1186 = VECTOR ( 'NONE', #5560, 1000.000000000000000 ) ;
#1187 = DIRECTION ( 'NONE',  ( 0.000000000000000000, 0.000000000000000000, -1.000000000000000000 ) ) ;
#1188 = ORIENTED_EDGE ( 'NONE', *, *, #5349, .F. ) ;
#1189 = CARTESIAN_POINT ( 'NONE',  ( -31.26273710466925948, 14.86880063465108037, 27.32705422904000159 ) ) ;
#1190 = LINE ( 'NONE', #2735, #2024 ) ;
#1191 = ORIENTED_EDGE ( 'NONE', *, *, #5226, .F. ) ;
#1192 = EDGE_CURVE ( 'NONE', #193, #3411, #5787, .T. ) ;
#1193 = CARTESIAN_POINT ( 'NONE',  ( -10.79999054116380997, -3.250000000000000000, 0.000000000000000000 ) ) ;
#1194 = DIRECTION ( 'NONE',  ( 0.000000000000000000, 0.000000000000000000, -1.000000000000000000 ) ) ;
#1195 = ADVANCED_FACE ( 'NONE', ( #4010 ), #71, .T. ) ;
#1196 = ADVANCED_FACE ( 'NONE', ( #4142 ), #2088, .F. ) ;
#1197 = EDGE_CURVE ( 'NONE', #3884, #2496, #3579, .T. ) ;
#1198 = DIRECTION ( 'NONE',  ( 1.000000000000000000, 1.734723475976805517E-15, 0.000000000000000000 ) ) ;
#1199 = ORIENTED_EDGE ( 'NONE', *, *, #386, .T. ) ;
#1200 = CARTESIAN_POINT ( 'NONE',  ( -57.30591737496195037, 10.50000000000000000, 22.43434452200543205 ) ) ;
#1201 = CIRCLE ( 'NONE', #4882, 3.350000000000002309 ) ;
#1202 = LINE ( 'NONE', #1723, #1986 ) ;
#1203 = EDGE_CURVE ( 'NONE', #5572, #140, #2305, .T. ) ;
#1204 = LINE ( 'NONE', #3235, #418 ) ;
#1205 = DIRECTION ( 'NONE',  ( 1.000000000000000000, 0.000000000000000000, 0.000000000000000000 ) ) ;
#1206 = VERTEX_POINT ( 'NONE', #5130 ) ;
#1207 = FACE_OUTER_BOUND ( 'NONE', #2371, .T. ) ;
#1208 = DIRECTION ( 'NONE',  ( 9.912705577010326536E-16, 0.000000000000000000, 1.000000000000000000 ) ) ;
#1209 = ORIENTED_EDGE ( 'NONE', *, *, #3271, .T. ) ;
#1210 = EDGE_CURVE ( 'NONE', #3526, #5338, #2554, .T. ) ;
#1211 = CARTESIAN_POINT ( 'NONE',  ( -35.65872214768999271, 15.76999999999999957, 4.947054229039999917 ) ) ;
#1212 = FACE_OUTER_BOUND ( 'NONE', #4557, .T. ) ;
#1213 = DIRECTION ( 'NONE',  ( 0.000000000000000000, 0.000000000000000000, 1.000000000000000000 ) ) ;
#1214 = CARTESIAN_POINT ( 'NONE',  ( 0.6541048060877024950, 5.875000000000003553, -0.1668605871599267432 ) ) ;
#1215 = VERTEX_POINT ( 'NONE', #100 ) ;
#1216 = EDGE_LOOP ( 'NONE', ( #4995, #6300 ) ) ;
#1217 = ORIENTED_EDGE ( 'NONE', *, *, #1670, .F. ) ;
#1218 = DIRECTION ( 'NONE',  ( 0.000000000000000000, -0.000000000000000000, 1.000000000000000000 ) ) ;
#1219 = CARTESIAN_POINT ( 'NONE',  ( -57.34344095995156465, 5.875000000000003553, 0.5000000000000000000 ) ) ;
#1220 = EDGE_LOOP ( 'NONE', ( #458, #4190 ) ) ;
#1221 = DIRECTION ( 'NONE',  ( 0.000000000000000000, 1.000000000000000000, -1.700000000000000014E-16 ) ) ;
#1222 = PLANE ( 'NONE',  #3287 ) ;
#1223 = ORIENTED_EDGE ( 'NONE', *, *, #5743, .F. ) ;
#1224 = CIRCLE ( 'NONE', #2002, 2.419999999999998597 ) ;
#1225 = EDGE_CURVE ( 'NONE', #3586, #2696, #3149, .T. ) ;
#1226 = DIRECTION ( 'NONE',  ( 0.000000000000000000, -0.000000000000000000, -1.000000000000000000 ) ) ;
#1227 = CIRCLE ( 'NONE', #5761, 3.350000000000002309 ) ;
#1228 = EDGE_CURVE ( 'NONE', #1786, #3336, #5669, .T. ) ;
#1229 = CARTESIAN_POINT ( 'NONE',  ( -29.31534662978574701, 13.88773744163672674, 3.147054229040003204 ) ) ;
#1230 = DIRECTION ( 'NONE',  ( 0.8131104624267521119, -0.5821094191749118796, 0.000000000000000000 ) ) ;
#1231 = ORIENTED_EDGE ( 'NONE', *, *, #5479, .T. ) ;
#1232 = DIRECTION ( 'NONE',  ( -0.000000000000000000, -0.000000000000000000, 1.000000000000000000 ) ) ;
#1233 = AXIS2_PLACEMENT_3D ( 'NONE', #862, #2870, #3065 ) ;
#1234 = DIRECTION ( 'NONE',  ( -0.000000000000000000, 0.000000000000000000, 1.000000000000000000 ) ) ;
#1235 = EDGE_CURVE ( 'NONE', #471, #3615, #3466, .T. ) ;
#1236 = EDGE_CURVE ( 'NONE', #5696, #1712, #1005, .T. ) ;
#1237 = CARTESIAN_POINT ( 'NONE',  ( -33.68360049672332934, 15.76999999999999957, 4.947054229039999029 ) ) ;
#1238 = DIRECTION ( 'NONE',  ( -0.000000000000000000, -0.000000000000000000, 1.000000000000000000 ) ) ;
#1239 = VERTEX_POINT ( 'NONE', #5036 ) ;
#1240 = CARTESIAN_POINT ( 'NONE',  ( -35.84981777935090719, 12.50000000000000178, 15.15317182429748755 ) ) ;
#1241 = CARTESIAN_POINT ( 'NONE',  ( -39.25872214768999413, 14.67999999999999794, 3.147054229040001871 ) ) ;
#1242 = AXIS2_PLACEMENT_3D ( 'NONE', #4692, #4196, #519 ) ;
#1243 = ORIENTED_EDGE ( 'NONE', *, *, #1817, .T. ) ;
#1244 = DIRECTION ( 'NONE',  ( 0.000000000000000000, 0.000000000000000000, 1.000000000000000000 ) ) ;
#1245 = EDGE_CURVE ( 'NONE', #2295, #3952, #614, .T. ) ;
#1246 = CARTESIAN_POINT ( 'NONE',  ( -39.25872214768999413, 15.76999999999999957, 25.32705422904000159 ) ) ;
#1247 = CARTESIAN_POINT ( 'NONE',  ( -2.827916956681466587, 10.50000000000000000, 23.43434452200543205 ) ) ;
#1248 = EDGE_LOOP ( 'NONE', ( #3853, #4579, #3282, #4456 ) ) ;
#1249 = CARTESIAN_POINT ( 'NONE',  ( -41.02138857898813740, 10.50000000000000000, 11.17880186980008972 ) ) ;
#1250 = VERTEX_POINT ( 'NONE', #4281 ) ;
#1251 = AXIS2_PLACEMENT_3D ( 'NONE', #768, #5019, #5519 ) ;
#1252 = ORIENTED_EDGE ( 'NONE', *, *, #1069, .F. ) ;
#1253 = ORIENTED_EDGE ( 'NONE', *, *, #1363, .T. ) ;
#1254 = CARTESIAN_POINT ( 'NONE',  ( 4.553332877239093968, 5.875000000000003553, 3.239422186896803169 ) ) ;
#1255 = CIRCLE ( 'NONE', #2084, 0.5000000000000004441 ) ;
#1256 = FACE_OUTER_BOUND ( 'NONE', #2828, .T. ) ;
#1257 = ORIENTED_EDGE ( 'NONE', *, *, #3089, .F. ) ;
#1258 = ORIENTED_EDGE ( 'NONE', *, *, #5681, .F. ) ;
#1259 = AXIS2_PLACEMENT_3D ( 'NONE', #507, #1110, #5661 ) ;
#1260 = FACE_OUTER_BOUND ( 'NONE', #244, .T. ) ;
#1261 = LINE ( 'NONE', #4815, #2431 ) ;
#1262 = CARTESIAN_POINT ( 'NONE',  ( 1.873062941308192730, 8.250000000000000000, 17.31907693046060714 ) ) ;
#1263 = FACE_OUTER_BOUND ( 'NONE', #4649, .T. ) ;
#1264 = CARTESIAN_POINT ( 'NONE',  ( -35.75872214768999413, 12.50000000000000178, 13.77890530039149297 ) ) ;
#1265 = FACE_OUTER_BOUND ( 'NONE', #467, .T. ) ;
#1266 = CARTESIAN_POINT ( 'NONE',  ( 0.3149604477991956308, 8.250000000000000000, 23.43434452200543205 ) ) ;
#1267 = ORIENTED_EDGE ( 'NONE', *, *, #3749, .F. ) ;
#1268 = B_SPLINE_CURVE_WITH_KNOTS ( 'NONE', 3,
 ( #4318, #2841, #1241, #5827 ),
 .UNSPECIFIED., .F., .F.,
 ( 4, 4 ),
 ( 0.000000000000000000, 1.000000000000000000 ),
 .UNSPECIFIED. ) ;
#1269 = CARTESIAN_POINT ( 'NONE',  ( -38.80057321904149603, 12.50000000000000178, 17.73705422904000883 ) ) ;
#1270 = LINE ( 'NONE', #4796, #3842 ) ;
#1271 = VERTEX_POINT ( 'NONE', #5197 ) ;
#1272 = CARTESIAN_POINT ( 'NONE',  ( 6.352138378250272055, 8.757473573018954127, -6.761230304006072167 ) ) ;
#1273 = CARTESIAN_POINT ( 'NONE',  ( -50.38856591388922368, 4.966867144221086328, 27.73876969599392694 ) ) ;
#1274 = CARTESIAN_POINT ( 'NONE',  ( -2.258722147692000082, 14.25666666666666771, 25.32705422903999803 ) ) ;
#1275 = EDGE_LOOP ( 'NONE', ( #2881, #515, #6054, #5965 ) ) ;
#1276 = CIRCLE ( 'NONE', #2234, 3.350000000000002309 ) ;
#1277 = CARTESIAN_POINT ( 'NONE',  ( -21.75872214769000124, 12.50000000000000000, 1.147054229039999873 ) ) ;
#1278 = VERTEX_POINT ( 'NONE', #6185 ) ;
#1279 = EDGE_CURVE ( 'NONE', #3586, #4960, #1202, .T. ) ;
#1280 = ADVANCED_FACE ( 'NONE', ( #5690 ), #6220, .T. ) ;
#1281 = VECTOR ( 'NONE', #5090, 1000.000000000000000 ) ;
#1282 = EDGE_CURVE ( 'NONE', #3260, #4873, #5786, .T. ) ;
#1283 = ORIENTED_EDGE ( 'NONE', *, *, #3539, .T. ) ;
#1284 = ORIENTED_EDGE ( 'NONE', *, *, #1322, .T. ) ;
#1285 = CARTESIAN_POINT ( 'NONE',  ( -60.04560449174972803, 12.50000000000000000, -6.761230304006072167 ) ) ;
#1286 = EDGE_CURVE ( 'NONE', #4486, #3756, #665, .T. ) ;
#1287 = AXIS2_PLACEMENT_3D ( 'NONE', #6143, #4193, #2632 ) ;
#1288 = CARTESIAN_POINT ( 'NONE',  ( -53.99344095995156323, 5.875000000000003553, 21.58434452200543063 ) ) ;
#1289 = EDGE_LOOP ( 'NONE', ( #3291, #6268, #3155, #1671, #758, #1199 ) ) ;
#1290 = ORIENTED_EDGE ( 'NONE', *, *, #2486, .F. ) ;
#1291 = AXIS2_PLACEMENT_3D ( 'NONE', #1895, #4936, #3550 ) ;
#1292 = ADVANCED_FACE ( 'NONE', ( #3234 ), #4698, .F. ) ;
#1293 = AXIS2_PLACEMENT_3D ( 'NONE', #5037, #2, #1041 ) ;
#1294 = CIRCLE ( 'NONE', #3821, 3.350000000000000533 ) ;
#1295 = PRODUCT_DEFINITION_SHAPE ( 'NONE', 'NONE',  #6543 ) ;
#1296 = CARTESIAN_POINT ( 'NONE',  ( -31.08306044100568855, 14.71083942124867683, 3.147054229040002316 ) ) ;
#1297 = FACE_OUTER_BOUND ( 'NONE', #6400, .T. ) ;
#1298 = CARTESIAN_POINT ( 'NONE',  ( -41.25872214768999413, 16.01333333333333542, 3.147054229040001871 ) ) ;
#1299 = CARTESIAN_POINT ( 'NONE',  ( -60.04560449174972803, 10.50000000000000178, -0.5000000000000000000 ) ) ;
#1300 = ORIENTED_EDGE ( 'NONE', *, *, #2836, .F. ) ;
#1301 = CARTESIAN_POINT ( 'NONE',  ( -61.54560449174972803, -3.250000000000000000, 24.23876969599391984 ) ) ;
#1302 = PLANE ( 'NONE',  #5742 ) ;
#1303 = AXIS2_PLACEMENT_3D ( 'NONE', #3108, #590, #5687 ) ;
#1304 = VERTEX_POINT ( 'NONE', #162 ) ;
#1305 = ORIENTED_EDGE ( 'NONE', *, *, #5961, .F. ) ;
#1306 = DIRECTION ( 'NONE',  ( 1.000000000000000000, 0.000000000000000000, 0.000000000000000000 ) ) ;
#1307 = DIRECTION ( 'NONE',  ( 0.000000000000000000, 0.000000000000000000, 1.000000000000000000 ) ) ;
#1308 = CARTESIAN_POINT ( 'NONE',  ( -21.75872214769000124, 12.50000000000000000, 25.32705422904000159 ) ) ;
#1309 = VERTEX_POINT ( 'NONE', #6283 ) ;
#1310 = CARTESIAN_POINT ( 'NONE',  ( 9.876295877967509185, 0.7130042956954123490, -6.761230304006072167 ) ) ;
#1311 = ORIENTED_EDGE ( 'NONE', *, *, #1390, .T. ) ;
#1312 = ADVANCED_FACE ( 'NONE', ( #262 ), #132, .F. ) ;
#1313 = ORIENTED_EDGE ( 'NONE', *, *, #3565, .T. ) ;
#1314 = ORIENTED_EDGE ( 'NONE', *, *, #6436, .T. ) ;
#1315 = FACE_OUTER_BOUND ( 'NONE', #4696, .T. ) ;
#1316 = PRODUCT_RELATED_PRODUCT_CATEGORY ( 'part', '', ( #3863 ) ) ;
#1317 = EDGE_CURVE ( 'NONE', #4689, #3814, #4206, .T. ) ;
#1318 = LINE ( 'NONE', #847, #964 ) ;
#1319 = VERTEX_POINT ( 'NONE', #3710 ) ;
#1320 = VECTOR ( 'NONE', #200, 1000.000000000000000 ) ;
#1321 = EDGE_LOOP ( 'NONE', ( #1435, #2139, #4983, #3777, #1871, #1706, #4390, #1783, #2285, #3928, #905, #3691 ) ) ;
#1322 = EDGE_CURVE ( 'NONE', #873, #2180, #4872, .T. ) ;
#1323 = DIRECTION ( 'NONE',  ( 0.000000000000000000, -0.000000000000000000, 1.000000000000000000 ) ) ;
#1324 = CARTESIAN_POINT ( 'NONE',  ( -55.82584360224927167, 10.50000000000000000, 25.73876969599392694 ) ) ;
#1325 = DIRECTION ( 'NONE',  ( 0.000000000000000000, 0.000000000000000000, -1.000000000000000000 ) ) ;
#1326 = DIRECTION ( 'NONE',  ( 0.000000000000000000, -0.000000000000000000, 1.000000000000000000 ) ) ;
#1327 = B_SPLINE_CURVE_WITH_KNOTS ( 'NONE', 3,
 ( #6415, #3476, #5497, #4482 ),
 .UNSPECIFIED., .F., .F.,
 ( 4, 4 ),
 ( 0.000000000000000000, 1.000000000000000000 ),
 .UNSPECIFIED. ) ;
#1328 = SURFACE_SIDE_STYLE ('',( #5234 ) ) ;
#1329 = EDGE_LOOP ( 'NONE', ( #3189, #5128, #4838, #4924, #5888, #4867, #4219, #1267 ) ) ;
#1330 = PRODUCT ( 'TOP_NO_LETTERS_290424', 'TOP_NO_LETTERS_290424', '', ( #5209 ) ) ;
#1331 = CARTESIAN_POINT ( 'NONE',  ( -36.20046978845008567, 12.49999999999999822, 15.99972066033814322 ) ) ;
#1332 = EDGE_CURVE ( 'NONE', #4677, #2814, #4729, .T. ) ;
#1333 = DIRECTION ( 'NONE',  ( -1.000000000000000000, 0.000000000000000000, -0.000000000000000000 ) ) ;
#1334 = AXIS2_PLACEMENT_3D ( 'NONE', #2880, #1893, #5537 ) ;
#1335 = VERTEX_POINT ( 'NONE', #1750 ) ;
#1336 = ORIENTED_EDGE ( 'NONE', *, *, #4350, .F. ) ;
#1337 = FACE_OUTER_BOUND ( 'NONE', #2266, .T. ) ;
#1338 = CYLINDRICAL_SURFACE ( 'NONE', #1605, 3.499999999999999556 ) ;
#1339 = AXIS2_PLACEMENT_3D ( 'NONE', #2073, #324, #3564 ) ;
#1340 = CARTESIAN_POINT ( 'NONE',  ( -21.75872214769000479, 12.49999999999999289, 2.480387562373336685 ) ) ;
#1341 = ORIENTED_EDGE ( 'NONE', *, *, #249, .T. ) ;
#1342 = CARTESIAN_POINT ( 'NONE',  ( -35.65872214768999271, 17.76999999999999957, 4.947054229039999917 ) ) ;
#1343 = VERTEX_POINT ( 'NONE', #6253 ) ;
#1344 = FACE_OUTER_BOUND ( 'NONE', #5969, .T. ) ;
#1345 = EDGE_LOOP ( 'NONE', ( #1839, #6528, #2893, #2359 ) ) ;
#1346 = EDGE_CURVE ( 'NONE', #2470, #292, #3741, .T. ) ;
#1347 = ORIENTED_EDGE ( 'NONE', *, *, #2561, .F. ) ;
#1348 = DIRECTION ( 'NONE',  ( 0.000000000000000000, -0.4698073123948461882, 0.8827689897251326245 ) ) ;
#1349 = AXIS2_PLACEMENT_3D ( 'NONE', #259, #2248, #5351 ) ;
#1350 = CARTESIAN_POINT ( 'NONE',  ( -51.60056723113756760, 8.750000000000000000, 26.71994397445526204 ) ) ;
#1351 = CARTESIAN_POINT ( 'NONE',  ( -35.65872214768999271, 15.76999999999999957, 23.52705422904000088 ) ) ;
#1352 = ORIENTED_EDGE ( 'NONE', *, *, #2480, .T. ) ;
#1353 = CLOSED_SHELL ( 'NONE', ( #5756, #4519, #6360, #1620, #5028, #1080, #5205, #513, #1952, #23, #4735, #6501, #260, #1988, #6123, #4957, #4434, #5057, #4168, #3844, #56, #4068, #5147, #6238, #2673, #875, #4427, #1280, #5381, #547, #1874, #4090, #3772, #564, #5796, #4797, #2567, #3857, #6284, #5677, #367, #5002, #5668, #2004, #2606, #2362, #1563, #3458, #1079, #2032, #6473, #46, #2967, #580, #6116, #2782, #5513, #584, #3816, #1684, #4144, #5119, #5107, #460, #95, #2441, #6012, #3323, #1519, #4624, #408, #5080, #3735, #6275, #3292, #5192, #5020, #952, #4540, #454, #3856, #5879, #1312, #3330, #3764, #5962, #2767, #579, #365, #495, #2367, #4594, #4177, #6314, #594, #2512, #655, #2770, #16, #1716, #5038, #4339, #5845, #3568, #5186, #5438, #5478, #1522, #5524, #1195, #4118, #6082, #2650, #706, #5960, #1710, #823, #5270, #2601, #4822, #2227, #697, #6422, #4137, #3703, #4063, #4711, #1558, #5313, #627, #3732, #2590, #5795, #5487, #4370, #2207, #415, #6475, #4476, #330, #1196, #3091, #4863, #4772, #3945, #1042 ) ) ;
#1354 = EDGE_LOOP ( 'NONE', ( #6358, #1797, #2101, #3807 ) ) ;
#1355 = ORIENTED_EDGE ( 'NONE', *, *, #3864, .F. ) ;
#1356 = AXIS2_PLACEMENT_3D ( 'NONE', #734, #1232, #130 ) ;
#1357 = FACE_OUTER_BOUND ( 'NONE', #5551, .T. ) ;
#1358 = CIRCLE ( 'NONE', #6002, 0.5000000000000004441 ) ;
#1359 = DIRECTION ( 'NONE',  ( 0.000000000000000000, 0.000000000000000000, -1.000000000000000000 ) ) ;
#1360 = EDGE_CURVE ( 'NONE', #4912, #2490, #2899, .T. ) ;
#1361 = DIRECTION ( 'NONE',  ( 0.000000000000000000, -1.000000000000000000, 0.000000000000000000 ) ) ;
#1362 = CARTESIAN_POINT ( 'NONE',  ( -21.75872214769000124, 12.50000000000000000, 14.23705422903999995 ) ) ;
#1363 = EDGE_CURVE ( 'NONE', #1319, #2696, #5655, .T. ) ;
#1364 = DIRECTION ( 'NONE',  ( 1.000000000000000000, 0.000000000000000000, -0.000000000000000000 ) ) ;
#1365 = ORIENTED_EDGE ( 'NONE', *, *, #4319, .F. ) ;
#1366 = CARTESIAN_POINT ( 'NONE',  ( -35.65872214768999271, 15.76999999999999957, 23.52705422904000088 ) ) ;
#1367 = LINE ( 'NONE', #3302, #5425 ) ;
#1368 = VERTEX_POINT ( 'NONE', #5162 ) ;
#1369 = ORIENTED_EDGE ( 'NONE', *, *, #5355, .T. ) ;
#1370 = CARTESIAN_POINT ( 'NONE',  ( -39.29572938337270926, 4.966867144221086328, 27.73876969599392694 ) ) ;
#1371 = DIRECTION ( 'NONE',  ( -0.000000000000000000, -0.8036448296316399675, 0.5951092234256939451 ) ) ;
#1372 = LINE ( 'NONE', #5401, #3865 ) ;
#1373 = ORIENTED_EDGE ( 'NONE', *, *, #178, .T. ) ;
#1374 = CARTESIAN_POINT ( 'NONE',  ( -25.61778050154248021, 12.78225237061120367, 25.32705422904000514 ) ) ;
#1375 = ORIENTED_EDGE ( 'NONE', *, *, #6525, .F. ) ;
#1376 = FACE_OUTER_BOUND ( 'NONE', #6013, .T. ) ;
#1377 = EDGE_LOOP ( 'NONE', ( #4364, #5702, #2029, #4490, #5778, #68, #2798, #3157, #3578, #6198, #6409, #4825 ) ) ;
#1378 = ORIENTED_EDGE ( 'NONE', *, *, #3500, .T. ) ;
#1379 = DIRECTION ( 'NONE',  ( 0.000000000000000000, 0.000000000000000000, 1.000000000000000000 ) ) ;
#1380 = CARTESIAN_POINT ( 'NONE',  ( -15.92538881435732634, 12.50000000000000000, 3.147054229040000095 ) ) ;
#1381 = DIRECTION ( 'NONE',  ( 0.000000000000000000, 0.000000000000000000, 1.000000000000000000 ) ) ;
#1382 = CARTESIAN_POINT ( 'NONE',  ( -9.280464726337173786, 8.250000000000000000, 26.76711071965634403 ) ) ;
#1383 = ORIENTED_EDGE ( 'NONE', *, *, #1445, .T. ) ;
#1384 = CIRCLE ( 'NONE', #5175, 3.500000000000000000 ) ;
#1385 = ORIENTED_EDGE ( 'NONE', *, *, #2572, .F. ) ;
#1386 = VECTOR ( 'NONE', #6179, 1000.000000000000000 ) ;
#1387 = VERTEX_POINT ( 'NONE', #2649 ) ;
#1388 = CARTESIAN_POINT ( 'NONE',  ( -8.258722147691500481, 17.76999999999944890, 4.947054229039999917 ) ) ;
#1389 = VECTOR ( 'NONE', #1120, 1000.000000000000000 ) ;
#1390 = EDGE_CURVE ( 'NONE', #4960, #3754, #4171, .T. ) ;
#1391 = CARTESIAN_POINT ( 'NONE',  ( 4.006559040048433218, 5.875000000000003553, -0.06565547799456880607 ) ) ;
#1392 = AXIS2_PLACEMENT_3D ( 'NONE', #5502, #6486, #2491 ) ;
#1393 = LINE ( 'NONE', #5453, #1865 ) ;
#1394 = EDGE_CURVE ( 'NONE', #3919, #1102, #6342, .T. ) ;
#1395 = AXIS2_PLACEMENT_3D ( 'NONE', #498, #2522, #5691 ) ;
#1396 = CARTESIAN_POINT ( 'NONE',  ( -41.25872214768999413, 12.50000000000000000, 11.36477290577099986 ) ) ;
#1397 = CARTESIAN_POINT ( 'NONE',  ( 0.6940826250380547346, 8.250000000000000000, 22.43434452200543205 ) ) ;
#1398 = EDGE_CURVE ( 'NONE', #867, #873, #6531, .T. ) ;
#1399 = PLANE ( 'NONE',  #4918 ) ;
#1400 = ORIENTED_EDGE ( 'NONE', *, *, #2867, .T. ) ;
#1401 = EDGE_CURVE ( 'NONE', #2524, #3512, #223, .T. ) ;
#1402 = CARTESIAN_POINT ( 'NONE',  ( 0.3149604477991956863, 8.250000000000000000, 22.43434452200543205 ) ) ;
#1403 = DIRECTION ( 'NONE',  ( -0.000000000000000000, -0.000000000000000000, 1.000000000000000000 ) ) ;
#1404 = EDGE_CURVE ( 'NONE', #431, #5044, #1429, .T. ) ;
#1405 = EDGE_LOOP ( 'NONE', ( #4869, #3788, #2504, #3894 ) ) ;
#1406 = ORIENTED_EDGE ( 'NONE', *, *, #1884, .T. ) ;
#1407 = LINE ( 'NONE', #4966, #5053 ) ;
#1408 = DIRECTION ( 'NONE',  ( 0.000000000000000000, 2.200000000000000003E-16, 1.000000000000000000 ) ) ;
#1409 = LINE ( 'NONE', #5433, #1020 ) ;
#1410 = ORIENTED_EDGE ( 'NONE', *, *, #27, .T. ) ;
#1411 = LINE ( 'NONE', #1442, #1912 ) ;
#1412 = CARTESIAN_POINT ( 'NONE',  ( 1.873062941308192730, -3.250000000000000000, 17.31907693046060714 ) ) ;
#1413 = EDGE_CURVE ( 'NONE', #4668, #1930, #4438, .T. ) ;
#1414 = ORIENTED_EDGE ( 'NONE', *, *, #1994, .F. ) ;
#1415 = ORIENTED_EDGE ( 'NONE', *, *, #2488, .F. ) ;
#1416 = DIRECTION ( 'NONE',  ( 1.000000000000000000, 0.000000000000000000, -0.000000000000000000 ) ) ;
#1417 = AXIS2_PLACEMENT_3D ( 'NONE', #2580, #4569, #5126 ) ;
#1418 = DIRECTION ( 'NONE',  ( 0.5044624565692709117, -0.8634336279715404405, -0.000000000000000000 ) ) ;
#1419 = FACE_BOUND ( 'NONE', #1377, .T. ) ;
#1420 = FACE_OUTER_BOUND ( 'NONE', #4222, .T. ) ;
#1421 = ORIENTED_EDGE ( 'NONE', *, *, #3886, .T. ) ;
#1422 = ORIENTED_EDGE ( 'NONE', *, *, #910, .F. ) ;
#1423 = ORIENTED_EDGE ( 'NONE', *, *, #794, .F. ) ;
#1424 = CARTESIAN_POINT ( 'NONE',  ( -41.25872214768999413, 12.50000000000000000, 17.10933555230900183 ) ) ;
#1425 = AXIS2_PLACEMENT_3D ( 'NONE', #5300, #4252, #327 ) ;
#1426 = CARTESIAN_POINT ( 'NONE',  ( 14.57660255292402773, 4.735238934357184348, -3.761230304006072167 ) ) ;
#1427 = CARTESIAN_POINT ( 'NONE',  ( -9.280464726337173786, 8.250000000000000000, 17.31907693046060714 ) ) ;
#1428 = EDGE_CURVE ( 'NONE', #6218, #3274, #827, .T. ) ;
#1429 = LINE ( 'NONE', #2343, #6290 ) ;
#1430 = CARTESIAN_POINT ( 'NONE',  ( 3.469226652074590689, 10.50000000000000000, 3.240970280211873611 ) ) ;
#1431 = CARTESIAN_POINT ( 'NONE',  ( -53.99344095995156323, 5.875000000000003553, 22.93434452200543205 ) ) ;
#1432 = ORIENTED_EDGE ( 'NONE', *, *, #4626, .T. ) ;
#1433 = LINE ( 'NONE', #1947, #2015 ) ;
#1434 = CARTESIAN_POINT ( 'NONE',  ( -38.60223981824245953, -3.250000000000000000, 25.73876969599392694 ) ) ;
#1435 = ORIENTED_EDGE ( 'NONE', *, *, #4504, .F. ) ;
#1436 = ORIENTED_EDGE ( 'NONE', *, *, #1192, .T. ) ;
#1437 = EDGE_CURVE ( 'NONE', #2618, #431, #423, .T. ) ;
#1438 = CARTESIAN_POINT ( 'NONE',  ( -60.04560449174972803, -3.250000000000000000, 24.23876969599392694 ) ) ;
#1439 = CARTESIAN_POINT ( 'NONE',  ( -39.25872214768999413, 12.50000000000000000, 1.147054229039999873 ) ) ;
#1440 = CARTESIAN_POINT ( 'NONE',  ( -4.258722147691999638, 17.76999999999999957, 1.147054229039999873 ) ) ;
#1441 = VERTEX_POINT ( 'NONE', #1844 ) ;
#1442 = CARTESIAN_POINT ( 'NONE',  ( -63.54560449174972803, 0.7130042956954123490, -6.761230304006072167 ) ) ;
#1443 = DIRECTION ( 'NONE',  ( 0.000000000000000000, -0.8075247445764560661, -0.5898336942704522912 ) ) ;
#1444 = ORIENTED_EDGE ( 'NONE', *, *, #5386, .T. ) ;
#1445 = EDGE_CURVE ( 'NONE', #1304, #867, #854, .T. ) ;
#1446 = ORIENTED_EDGE ( 'NONE', *, *, #4277, .T. ) ;
#1447 = CARTESIAN_POINT ( 'NONE',  ( -51.60056723113756760, 8.750000000000000000, 16.72284629709940162 ) ) ;
#1448 = VECTOR ( 'NONE', #565, 1000.000000000000000 ) ;
#1449 = LINE ( 'NONE', #1900, #5187 ) ;
#1450 = CARTESIAN_POINT ( 'NONE',  ( 5.838961682346135440, 5.875000000000003553, 25.73876969599392694 ) ) ;
#1451 = CARTESIAN_POINT ( 'NONE',  ( -21.75872214769000124, 12.50000000000000000, 27.32705422903999803 ) ) ;
#1452 = VERTEX_POINT ( 'NONE', #4849 ) ;
#1453 = ORIENTED_EDGE ( 'NONE', *, *, #3097, .F. ) ;
#1454 = ORIENTED_EDGE ( 'NONE', *, *, #6361, .T. ) ;
#1455 = CARTESIAN_POINT ( 'NONE',  ( -53.99344095995156323, 5.875000000000003553, 22.93434452200543205 ) ) ;
#1456 = CYLINDRICAL_SURFACE ( 'NONE', #4018, 3.350000000000000533 ) ;
#1457 = CARTESIAN_POINT ( 'NONE',  ( -41.25872214768999413, 12.50000000000000000, 25.32705422904000159 ) ) ;
#1458 = VECTOR ( 'NONE', #2647, 1000.000000000000000 ) ;
#1459 = PLANE ( 'NONE',  #366 ) ;
#1460 = DIRECTION ( 'NONE',  ( 0.000000000000000000, 0.000000000000000000, -1.000000000000000000 ) ) ;
#1461 = EDGE_LOOP ( 'NONE', ( #2536, #1385, #2771, #612 ) ) ;
#1462 = CARTESIAN_POINT ( 'NONE',  ( -4.258722147691999638, 14.67999999999999794, 25.32705422903999803 ) ) ;
#1463 = FACE_OUTER_BOUND ( 'NONE', #5174, .T. ) ;
#1464 = VERTEX_POINT ( 'NONE', #2900 ) ;
#1465 = PLANE ( 'NONE',  #3667 ) ;
#1466 = CARTESIAN_POINT ( 'NONE',  ( -8.258722147691500481, 17.76999999999944890, 1.147054229039999873 ) ) ;
#1467 = CARTESIAN_POINT ( 'NONE',  ( 4.006559040048433218, 8.000000000000000000, 1.284344522005431699 ) ) ;
#1468 = CARTESIAN_POINT ( 'NONE',  ( -50.64344095995156891, 5.875000000000003553, 0.5000000000000000000 ) ) ;
#1469 = VERTEX_POINT ( 'NONE', #3900 ) ;
#1470 = CARTESIAN_POINT ( 'NONE',  ( -60.04560449174972803, 10.50000000000000000, 23.43434452200543205 ) ) ;
#1471 = CARTESIAN_POINT ( 'NONE',  ( -60.04560449174972803, 10.50000000000000178, -0.5000000000000000000 ) ) ;
#1472 = ORIENTED_EDGE ( 'NONE', *, *, #2816, .T. ) ;
#1473 = ORIENTED_EDGE ( 'NONE', *, *, #5139, .F. ) ;
#1474 = CARTESIAN_POINT ( 'NONE',  ( -4.258722147691999638, 12.50000000000000000, 25.32705422904000159 ) ) ;
#1475 = CARTESIAN_POINT ( 'NONE',  ( -36.76293940817240724, 17.77000000000000313, 23.16831839427247175 ) ) ;
#1476 = CARTESIAN_POINT ( 'NONE',  ( -39.25872214768999413, 12.50000000000000000, 5.677054229040001232 ) ) ;
#1477 = CARTESIAN_POINT ( 'NONE',  ( -7.620218034661027318, 15.76999999999999602, 4.947054229039999917 ) ) ;
#1478 = ORIENTED_EDGE ( 'NONE', *, *, #3060, .F. ) ;
#1479 = EDGE_CURVE ( 'NONE', #4733, #4634, #6298, .T. ) ;
#1480 = EDGE_CURVE ( 'NONE', #1890, #2103, #351, .T. ) ;
#1481 = EDGE_CURVE ( 'NONE', #4376, #5338, #3398, .T. ) ;
#1482 = ORIENTED_EDGE ( 'NONE', *, *, #4056, .F. ) ;
#1483 = ORIENTED_EDGE ( 'NONE', *, *, #3316, .F. ) ;
#1484 = FACE_OUTER_BOUND ( 'NONE', #2389, .T. ) ;
#1485 = ADVANCED_FACE ( 'NONE', ( #2309 ), #4472, .F. ) ;
#1486 = VECTOR ( 'NONE', #3729, 1000.000000000000000 ) ;
#1487 = AXIS2_PLACEMENT_3D ( 'NONE', #2245, #3197, #5225 ) ;
#1488 = CARTESIAN_POINT ( 'NONE',  ( 0.000000000000000000, 8.750000000000000000, 22.43434452200543205 ) ) ;
#1489 = DIRECTION ( 'NONE',  ( -0.000000000000000000, 1.000000000000000000, -0.000000000000000000 ) ) ;
#1490 = VECTOR ( 'NONE', #2269, 1000.000000000000000 ) ;
#1491 = LINE ( 'NONE', #5058, #268 ) ;
#1492 = AXIS2_PLACEMENT_3D ( 'NONE', #4646, #4085, #13 ) ;
#1493 = DIRECTION ( 'NONE',  ( 1.000000000000000000, -0.000000000000000000, 0.000000000000000000 ) ) ;
#1494 = VECTOR ( 'NONE', #5103, 1000.000000000000000 ) ;
#1495 = VERTEX_POINT ( 'NONE', #5918 ) ;
#1496 = CARTESIAN_POINT ( 'NONE',  ( -7.858722147691999282, 17.76999999999999957, 4.947054229039999917 ) ) ;
#1497 = DIRECTION ( 'NONE',  ( 0.000000000000000000, -1.000000000000000000, 0.000000000000000000 ) ) ;
#1498 = ORIENTED_EDGE ( 'NONE', *, *, #1920, .F. ) ;
#1499 = ORIENTED_EDGE ( 'NONE', *, *, #1142, .F. ) ;
#1500 = AXIS2_PLACEMENT_3D ( 'NONE', #6086, #3040, #5622 ) ;
#1501 = DIRECTION ( 'NONE',  ( 0.000000000000000000, 1.000000000000000000, 0.000000000000000000 ) ) ;
#1502 = LINE ( 'NONE', #1989, #5516 ) ;
#1503 = VECTOR ( 'NONE', #5597, 1000.000000000000000 ) ;
#1504 = FACE_OUTER_BOUND ( 'NONE', #3882, .T. ) ;
#1505 = ORIENTED_EDGE ( 'NONE', *, *, #216, .T. ) ;
#1506 = CARTESIAN_POINT ( 'NONE',  ( 1.873062941308192730, 8.250000000000000000, 26.76711071965634403 ) ) ;
#1507 = CARTESIAN_POINT ( 'NONE',  ( -53.99344095995156323, 5.875000000000003553, -0.06565547799456880607 ) ) ;
#1508 = VERTEX_POINT ( 'NONE', #3869 ) ;
#1509 = EDGE_CURVE ( 'NONE', #1886, #2566, #6471, .T. ) ;
#1510 = VERTEX_POINT ( 'NONE', #5950 ) ;
#1511 = CARTESIAN_POINT ( 'NONE',  ( -51.60056723113756760, -3.250000000000000000, 16.72284629709940162 ) ) ;
#1512 = EDGE_CURVE ( 'NONE', #4839, #5176, #5818, .T. ) ;
#1513 = CARTESIAN_POINT ( 'NONE',  ( -36.59205548102332983, 17.76999999999999957, 27.32705422903999803 ) ) ;
#1514 = DIRECTION ( 'NONE',  ( -0.7111357810794345369, 0.7030546926580765188, 0.000000000000000000 ) ) ;
#1515 = ORIENTED_EDGE ( 'NONE', *, *, #1557, .T. ) ;
#1516 = VERTEX_POINT ( 'NONE', #4921 ) ;
#1517 = ORIENTED_EDGE ( 'NONE', *, *, #2475, .F. ) ;
#1518 = CYLINDRICAL_SURFACE ( 'NONE', #1251, 3.350000000000002309 ) ;
#1519 = ADVANCED_FACE ( 'NONE', ( #287 ), #4340, .F. ) ;
#1520 = CARTESIAN_POINT ( 'NONE',  ( 0.000000000000000000, 12.50000000000000000, -6.761230304006072167 ) ) ;
#1521 = CYLINDRICAL_SURFACE ( 'NONE', #1758, 2.420000000000000817 ) ;
#1522 = ADVANCED_FACE ( 'NONE', ( #5983 ), #4596, .T. ) ;
#1523 = AXIS2_PLACEMENT_3D ( 'NONE', #1896, #3916, #5935 ) ;
#1524 = CARTESIAN_POINT ( 'NONE',  ( -7.992055481025332142, 17.76999999999999602, 4.947054229039999917 ) ) ;
#1525 = CARTESIAN_POINT ( 'NONE',  ( -19.28987357562444060, 12.61477451803472682, 1.147054229039999873 ) ) ;
#1526 = ORIENTED_EDGE ( 'NONE', *, *, #5309, .F. ) ;
#1527 = CARTESIAN_POINT ( 'NONE',  ( -61.54560449174972803, 8.250000000000000000, 25.73876969599392694 ) ) ;
#1528 = AXIS2_PLACEMENT_3D ( 'NONE', #3370, #4828, #2873 ) ;
#1529 = CARTESIAN_POINT ( 'NONE',  ( -50.64344095995156891, 5.875000000000003553, -0.5000000000000000000 ) ) ;
#1530 = EDGE_LOOP ( 'NONE', ( #1672, #3484 ) ) ;
#1531 = FACE_OUTER_BOUND ( 'NONE', #1686, .T. ) ;
#1532 = CARTESIAN_POINT ( 'NONE',  ( -4.258722147691999638, 12.50000000000000000, 27.32705422903999803 ) ) ;
#1533 = CARTESIAN_POINT ( 'NONE',  ( 4.006559040048433218, 5.875000000000003553, 21.58434452200543063 ) ) ;
#1534 = ORIENTED_EDGE ( 'NONE', *, *, #2151, .T. ) ;
#1535 = CARTESIAN_POINT ( 'NONE',  ( -21.38836543812355373, 8.250000000000000000, 25.73876969599392694 ) ) ;
#1536 = CARTESIAN_POINT ( 'NONE',  ( -53.99344095995156323, 8.000000000000000000, 22.93434452200543205 ) ) ;
#1537 = ORIENTED_EDGE ( 'NONE', *, *, #1030, .T. ) ;
#1538 = CARTESIAN_POINT ( 'NONE',  ( -8.633843798657332869, 15.77000000000000313, 25.32705422903999803 ) ) ;
#1539 = CYLINDRICAL_SURFACE ( 'NONE', #2945, 0.5000000000000004441 ) ;
#1540 = AXIS2_PLACEMENT_3D ( 'NONE', #5092, #6502, #3105 ) ;
#1541 = DIRECTION ( 'NONE',  ( -0.000000000000000000, 1.000000000000000000, 0.000000000000000000 ) ) ;
#1542 = EDGE_LOOP ( 'NONE', ( #2026, #3848, #4008, #2991 ) ) ;
#1543 = EDGE_CURVE ( 'NONE', #6032, #1239, #5238, .T. ) ;
#1544 = ORIENTED_EDGE ( 'NONE', *, *, #5154, .T. ) ;
#1545 = STYLED_ITEM ( 'NONE', ( #6061 ), #2036 ) ;
#1546 = EDGE_LOOP ( 'NONE', ( #4541, #5211, #3591, #4511, #6346, #3356, #1517, #470 ) ) ;
#1547 = CARTESIAN_POINT ( 'NONE',  ( -37.45872214768999697, 15.76999999999999957, 6.747054229039999740 ) ) ;
#1548 = CARTESIAN_POINT ( 'NONE',  ( 6.352138378250272055, 0.7524792909186112100, -6.761230304006072167 ) ) ;
#1549 = VECTOR ( 'NONE', #4248, 1000.000000000000000 ) ;
#1550 = DIRECTION ( 'NONE',  ( 0.000000000000000000, 1.000000000000000000, 0.000000000000000000 ) ) ;
#1551 = EDGE_CURVE ( 'NONE', #329, #277, #5747, .T. ) ;
#1552 = VECTOR ( 'NONE', #5523, 1000.000000000000000 ) ;
#1553 = PLANE ( 'NONE',  #3766 ) ;
#1554 = CARTESIAN_POINT ( 'NONE',  ( -39.52052153548914504, 12.50000000000000178, 27.32705422903999803 ) ) ;
#1555 = DIRECTION ( 'NONE',  ( 0.000000000000000000, 0.000000000000000000, -1.000000000000000000 ) ) ;
#1556 = FACE_OUTER_BOUND ( 'NONE', #6444, .T. ) ;
#1557 = EDGE_CURVE ( 'NONE', #1853, #3875, #4299, .T. ) ;
#1558 = ADVANCED_FACE ( 'NONE', ( #2080 ), #3507, .T. ) ;
#1559 = CARTESIAN_POINT ( 'NONE',  ( -39.25872214769000124, 14.25666666666666771, 27.32705422903999803 ) ) ;
#1560 = EDGE_LOOP ( 'NONE', ( #4517, #6260, #5954, #5533 ) ) ;
#1561 = ORIENTED_EDGE ( 'NONE', *, *, #4362, .F. ) ;
#1562 = CARTESIAN_POINT ( 'NONE',  ( -63.54560449174972803, 12.50000000000000000, -3.261230304006073055 ) ) ;
#1563 = ADVANCED_FACE ( 'NONE', ( #6114 ), #1459, .F. ) ;
#1564 = AXIS2_PLACEMENT_3D ( 'NONE', #630, #194, #4697 ) ;
#1565 = DIRECTION ( 'NONE',  ( 1.000000000000000000, 0.000000000000000000, 0.000000000000000000 ) ) ;
#1566 = ORIENTED_EDGE ( 'NONE', *, *, #126, .T. ) ;
#1567 = LINE ( 'NONE', #3584, #8 ) ;
#1568 = PRESENTATION_STYLE_ASSIGNMENT (( #6097 ) ) ;
#1569 = AXIS2_PLACEMENT_3D ( 'NONE', #1081, #3117, #640 ) ;
#1570 = ORIENTED_EDGE ( 'NONE', *, *, #5355, .F. ) ;
#1571 = DIRECTION ( 'NONE',  ( 1.000000000000000000, 0.000000000000000000, 0.000000000000000000 ) ) ;
#1572 = DIRECTION ( 'NONE',  ( -0.000000000000000000, 1.000000000000000000, -0.000000000000000000 ) ) ;
#1573 =( LENGTH_UNIT ( ) NAMED_UNIT ( * ) SI_UNIT ( .MILLI., .METRE. ) );
#1574 = LINE ( 'NONE', #6147, #118 ) ;
#1575 = CARTESIAN_POINT ( 'NONE',  ( -46.64434067419821162, 10.50000000000000000, 23.43434452200543205 ) ) ;
#1576 = ORIENTED_EDGE ( 'NONE', *, *, #5804, .T. ) ;
#1577 = VERTEX_POINT ( 'NONE', #3969 ) ;
#1578 = ORIENTED_EDGE ( 'NONE', *, *, #3051, .T. ) ;
#1579 = CARTESIAN_POINT ( 'NONE',  ( -60.04560449174972803, 10.50000000000000178, 0.5000000000000000000 ) ) ;
#1580 = DIRECTION ( 'NONE',  ( -0.000000000000000000, -1.000000000000000000, -0.000000000000000000 ) ) ;
#1581 = CARTESIAN_POINT ( 'NONE',  ( 0.000000000000000000, 8.250000000000000000, 23.43434452200543205 ) ) ;
#1582 = DIRECTION ( 'NONE',  ( 0.000000000000000000, 0.000000000000000000, 1.000000000000000000 ) ) ;
#1583 = CARTESIAN_POINT ( 'NONE',  ( -53.99344095995156323, 8.000000000000000000, 22.93434452200543205 ) ) ;
#1584 = DIRECTION ( 'NONE',  ( 1.000000000000000000, 0.000000000000000000, 0.000000000000000000 ) ) ;
#1585 = DIRECTION ( 'NONE',  ( 1.000000000000000000, 0.000000000000000000, 0.000000000000000000 ) ) ;
#1586 = VECTOR ( 'NONE', #2083, 1000.000000000000000 ) ;
#1587 = LINE ( 'NONE', #2116, #1933 ) ;
#1588 = ORIENTED_EDGE ( 'NONE', *, *, #3360, .F. ) ;
#1589 = DIRECTION ( 'NONE',  ( 1.000000000000000000, 0.000000000000000000, 0.000000000000000000 ) ) ;
#1590 = VECTOR ( 'NONE', #5851, 1000.000000000000000 ) ;
#1591 = CARTESIAN_POINT ( 'NONE',  ( -2.258722147692000082, 17.76999999999999957, 17.93372089570666361 ) ) ;
#1592 = EDGE_CURVE ( 'NONE', #1759, #1863, #66, .T. ) ;
#1593 = VECTOR ( 'NONE', #2882, 1000.000000000000000 ) ;
#1594 = EDGE_CURVE ( 'NONE', #2822, #1151, #5869, .T. ) ;
#1595 = DIRECTION ( 'NONE',  ( -0.000000000000000000, 1.000000000000000000, -0.000000000000000000 ) ) ;
#1596 = ORIENTED_EDGE ( 'NONE', *, *, #2839, .T. ) ;
#1597 = AXIS2_PLACEMENT_3D ( 'NONE', #1634, #3556, #4681 ) ;
#1598 = DIRECTION ( 'NONE',  ( -0.000000000000000000, -0.000000000000000000, 1.000000000000000000 ) ) ;
#1599 = EDGE_CURVE ( 'NONE', #6098, #140, #1491, .T. ) ;
#1600 = CARTESIAN_POINT ( 'NONE',  ( -53.49344095995156323, 5.875000000000003553, 2.776420582063964471 ) ) ;
#1601 = AXIS2_PLACEMENT_3D ( 'NONE', #3251, #2819, #5275 ) ;
#1602 = EDGE_CURVE ( 'NONE', #3320, #715, #379, .T. ) ;
#1603 = ORIENTED_EDGE ( 'NONE', *, *, #2684, .F. ) ;
#1604 = FACE_OUTER_BOUND ( 'NONE', #3249, .T. ) ;
#1605 = AXIS2_PLACEMENT_3D ( 'NONE', #3950, #3878, #937 ) ;
#1606 = CARTESIAN_POINT ( 'NONE',  ( 6.352138378250272055, 8.757473573018954127, -6.761230304006072167 ) ) ;
#1607 = CARTESIAN_POINT ( 'NONE',  ( 4.506559040048433218, 10.50000000000000000, 16.11449525870471433 ) ) ;
#1608 = CARTESIAN_POINT ( 'NONE',  ( -50.88856591388922368, 7.483490513531148913, 27.73876969599392694 ) ) ;
#1609 = EDGE_LOOP ( 'NONE', ( #5271, #2552, #4737 ) ) ;
#1610 = VERTEX_POINT ( 'NONE', #1944 ) ;
#1611 = ORIENTED_EDGE ( 'NONE', *, *, #1210, .T. ) ;
#1612 = CARTESIAN_POINT ( 'NONE',  ( 0.000000000000000000, 0.000000000000000000, 22.43434452200543205 ) ) ;
#1613 = FACE_OUTER_BOUND ( 'NONE', #1405, .T. ) ;
#1614 = CARTESIAN_POINT ( 'NONE',  ( 4.006559040048433218, 8.000000000000000000, 22.93434452200543205 ) ) ;
#1615 = CARTESIAN_POINT ( 'NONE',  ( 4.553332877239093968, 5.875000000000003553, 3.239422186896803169 ) ) ;
#1616 = CARTESIAN_POINT ( 'NONE',  ( -2.258722147692000082, 16.01333333333333542, 25.32705422903999803 ) ) ;
#1617 = PLANE ( 'NONE',  #1068 ) ;
#1618 = LINE ( 'NONE', #1063, #2008 ) ;
#1619 = CARTESIAN_POINT ( 'NONE',  ( -20.19137825829315602, 7.159555455029352977, 26.77397846476551280 ) ) ;
#1620 = ADVANCED_FACE ( 'NONE', ( #5488 ), #5586, .F. ) ;
#1621 = ORIENTED_EDGE ( 'NONE', *, *, #5114, .T. ) ;
#1622 = CARTESIAN_POINT ( 'NONE',  ( -37.41284226220845710, 17.76999999999999602, 6.278438420331372782 ) ) ;
#1623 = CARTESIAN_POINT ( 'NONE',  ( 4.006559040048433218, 8.250000000000000000, 22.93434452200543205 ) ) ;
#1624 = DIRECTION ( 'NONE',  ( 0.000000000000000000, 0.000000000000000000, -1.000000000000000000 ) ) ;
#1625 = AXIS2_PLACEMENT_3D ( 'NONE', #908, #2028, #6457 ) ;
#1626 = DIRECTION ( 'NONE',  ( 0.000000000000000000, 1.000000000000000000, -0.000000000000000000 ) ) ;
#1627 = EDGE_LOOP ( 'NONE', ( #4295, #4481, #3187, #505, #3030, #3141 ) ) ;
#1628 = PLANE ( 'NONE',  #6450 ) ;
#1629 = CARTESIAN_POINT ( 'NONE',  ( -12.14296520732424867, 5.125528811491157910, 26.77397846476551280 ) ) ;
#1630 = PRODUCT_DEFINITION ( 'UNKNOWN', '', #3501, #5012 ) ;
#1631 = ORIENTED_EDGE ( 'NONE', *, *, #721, .T. ) ;
#1632 = CARTESIAN_POINT ( 'NONE',  ( 4.506559040048433218, 8.005696803542699413, 19.52937570921329069 ) ) ;
#1633 = PLANE ( 'NONE',  #3227 ) ;
#1634 = CARTESIAN_POINT ( 'NONE',  ( 0.000000000000000000, 0.000000000000000000, 0.000000000000000000 ) ) ;
#1635 = CARTESIAN_POINT ( 'NONE',  ( -13.43515625503130551, 4.540444544970648089, 35.00000000000000000 ) ) ;
#1636 = CARTESIAN_POINT ( 'NONE',  ( 4.006559040048433218, 5.875000000000003553, -0.06565547799456880607 ) ) ;
#1637 = ORIENTED_EDGE ( 'NONE', *, *, #249, .F. ) ;
#1638 = AXIS2_PLACEMENT_3D ( 'NONE', #4084, #1083, #5140 ) ;
#1639 = EDGE_CURVE ( 'NONE', #5910, #1741, #456, .T. ) ;
#1640 = ORIENTED_EDGE ( 'NONE', *, *, #1245, .T. ) ;
#1641 = ORIENTED_EDGE ( 'NONE', *, *, #2642, .T. ) ;
#1642 = CARTESIAN_POINT ( 'NONE',  ( -57.30591737496195037, 5.875000000000003553, 22.43434452200543205 ) ) ;
#1643 = CARTESIAN_POINT ( 'NONE',  ( -4.258722147691999638, 15.76999999999999957, 3.147054229040000095 ) ) ;
#1644 = VERTEX_POINT ( 'NONE', #2513 ) ;
#1645 = CARTESIAN_POINT ( 'NONE',  ( -51.60056723113756760, 5.875000000000003553, 20.58984983914692535 ) ) ;
#1646 = VECTOR ( 'NONE', #1824, 1000.000000000000000 ) ;
#1647 = CARTESIAN_POINT ( 'NONE',  ( -41.25872214768999413, 14.25666666666666771, 25.32705422904000159 ) ) ;
#1648 = VECTOR ( 'NONE', #3268, 1000.000000000000000 ) ;
#1649 = CARTESIAN_POINT ( 'NONE',  ( 4.006559040048433218, 8.000000000000000000, 2.354344522005431539 ) ) ;
#1650 = DIRECTION ( 'NONE',  ( 0.000000000000000000, 2.200000000000000003E-16, 1.000000000000000000 ) ) ;
#1651 = DIRECTION ( 'NONE',  ( 0.000000000000000000, 0.8036448296316399675, -0.5951092234256939451 ) ) ;
#1652 = B_SPLINE_CURVE_WITH_KNOTS ( 'NONE', 3,
 ( #143, #5798, #6229, #1699 ),
 .UNSPECIFIED., .F., .F.,
 ( 4, 4 ),
 ( 0.000000000000000000, 1.000000000000000000 ),
 .UNSPECIFIED. ) ;
#1653 = ORIENTED_EDGE ( 'NONE', *, *, #3618, .F. ) ;
#1654 = CARTESIAN_POINT ( 'NONE',  ( -21.75872214769000124, 12.50000000000000000, 3.147054229040000095 ) ) ;
#1655 = CARTESIAN_POINT ( 'NONE',  ( -70.59445670572583253, 4.713004295695412793, -3.761230304006072167 ) ) ;
#1656 = CARTESIAN_POINT ( 'NONE',  ( -4.258722147691999638, 17.76999999999999957, 1.147054229039999873 ) ) ;
#1657 = CYLINDRICAL_SURFACE ( 'NONE', #3868, 1.799999999999999600 ) ;
#1658 = EDGE_LOOP ( 'NONE', ( #4744, #6044, #2784, #4964 ) ) ;
#1659 = CARTESIAN_POINT ( 'NONE',  ( 0.7046605134103512968, 10.50000000000000000, 0.4999999999999997780 ) ) ;
#1660 = CARTESIAN_POINT ( 'NONE',  ( 0.7046605134103504087, 8.958333333333335702, 0.4999999999999982792 ) ) ;
#1661 = ORIENTED_EDGE ( 'NONE', *, *, #3005, .F. ) ;
#1662 = VECTOR ( 'NONE', #6048, 1000.000000000000000 ) ;
#1663 = CARTESIAN_POINT ( 'NONE',  ( -50.38856591388922368, 4.966867144221086328, 26.71994397445526204 ) ) ;
#1664 = CARTESIAN_POINT ( 'NONE',  ( 4.006559040048433218, 5.875000000000003553, 22.93434452200543205 ) ) ;
#1665 = DIRECTION ( 'NONE',  ( 0.000000000000000000, 0.000000000000000000, 1.000000000000000000 ) ) ;
#1666 = ORIENTED_EDGE ( 'NONE', *, *, #3773, .F. ) ;
#1667 = DIRECTION ( 'NONE',  ( 0.000000000000000000, 0.000000000000000000, -1.000000000000000000 ) ) ;
#1668 = ORIENTED_EDGE ( 'NONE', *, *, #5988, .F. ) ;
#1669 = VECTOR ( 'NONE', #945, 1000.000000000000000 ) ;
#1670 = EDGE_CURVE ( 'NONE', #6025, #4950, #4535, .T. ) ;
#1671 = ORIENTED_EDGE ( 'NONE', *, *, #6194, .F. ) ;
#1672 = ORIENTED_EDGE ( 'NONE', *, *, #6161, .F. ) ;
#1673 = CARTESIAN_POINT ( 'NONE',  ( -11.99651859791752173, 5.479082202084430975, 27.73876969599392694 ) ) ;
#1674 = EDGE_CURVE ( 'NONE', #2780, #2820, #6445, .T. ) ;
#1675 = EDGE_CURVE ( 'NONE', #1184, #2746, #2268, .T. ) ;
#1676 = CYLINDRICAL_SURFACE ( 'NONE', #116, 19.92627134724899918 ) ;
#1677 = ORIENTED_EDGE ( 'NONE', *, *, #713, .F. ) ;
#1678 = LINE ( 'NONE', #3194, #5536 ) ;
#1679 = EDGE_CURVE ( 'NONE', #3474, #5968, #6137, .T. ) ;
#1680 = CARTESIAN_POINT ( 'NONE',  ( 0.000000000000000000, -3.250000000000000000, 0.000000000000000000 ) ) ;
#1681 = EDGE_LOOP ( 'NONE', ( #753, #6125, #5145, #1840 ) ) ;
#1682 = CARTESIAN_POINT ( 'NONE',  ( -39.25872214768999413, 12.50000000000000000, 10.73705422903999995 ) ) ;
#1683 = CARTESIAN_POINT ( 'NONE',  ( -20.19137825829315602, 5.512278550188185910, 26.77397846476551280 ) ) ;
#1684 = ADVANCED_FACE ( 'NONE', ( #4866 ), #5274, .T. ) ;
#1685 = DIRECTION ( 'NONE',  ( 1.000000000000000000, 0.000000000000000000, 0.000000000000000000 ) ) ;
#1686 = EDGE_LOOP ( 'NONE', ( #1957, #4759, #3647, #3493, #898, #2224 ) ) ;
#1687 = CARTESIAN_POINT ( 'NONE',  ( -39.25872214769194812, 12.50000000000000000, 3.147054229040265660 ) ) ;
#1688 = CARTESIAN_POINT ( 'NONE',  ( 0.000000000000000000, 10.50000000000000000, 3.147054229040265660 ) ) ;
#1689 = CARTESIAN_POINT ( 'NONE',  ( -10.82140462413961934, 15.76999999999939917, 4.947054229039999917 ) ) ;
#1690 = AXIS2_PLACEMENT_3D ( 'NONE', #2677, #1032, #1585 ) ;
#1691 = CARTESIAN_POINT ( 'NONE',  ( -50.38856591388922368, 7.483490513531148913, 27.73876969599392694 ) ) ;
#1692 = ORIENTED_EDGE ( 'NONE', *, *, #3782, .F. ) ;
#1693 = CARTESIAN_POINT ( 'NONE',  ( -6.058722147692000348, 17.76999999999999957, 11.74038756237333381 ) ) ;
#1694 = CARTESIAN_POINT ( 'NONE',  ( -7.992055481025332142, 17.77000000000000313, 23.52705422904000088 ) ) ;
#1695 = CIRCLE ( 'NONE', #4130, 2.420000000000000817 ) ;
#1696 = ORIENTED_EDGE ( 'NONE', *, *, #6481, .T. ) ;
#1697 = VECTOR ( 'NONE', #3388, 1000.000000000000000 ) ;
#1698 = CARTESIAN_POINT ( 'NONE',  ( -35.25872214769005097, 17.76999999999999957, 4.947054229039999917 ) ) ;
#1699 = CARTESIAN_POINT ( 'NONE',  ( -39.25872214768999413, 15.76999999999999957, 25.32705422904000159 ) ) ;
#1700 = VECTOR ( 'NONE', #3106, 1000.000000000000000 ) ;
#1701 = PRODUCT_CONTEXT ( 'NONE', #4227, 'mechanical' ) ;
#1702 = DIRECTION ( 'NONE',  ( 1.000000000000000000, 0.000000000000000000, 0.000000000000000000 ) ) ;
#1703 = CARTESIAN_POINT ( 'NONE',  ( -50.38856591388922368, 4.466867144221085439, 27.73876969599392694 ) ) ;
#1704 = ORIENTED_EDGE ( 'NONE', *, *, #5394, .T. ) ;
#1705 = VECTOR ( 'NONE', #6388, 1000.000000000000000 ) ;
#1706 = ORIENTED_EDGE ( 'NONE', *, *, #4938, .F. ) ;
#1707 = EDGE_CURVE ( 'NONE', #3644, #410, #302, .T. ) ;
#1708 = EDGE_LOOP ( 'NONE', ( #2961, #1852, #981, #2519 ) ) ;
#1709 = CARTESIAN_POINT ( 'NONE',  ( 6.352138378250272055, 0.7524792909186129863, -4.761230304006072167 ) ) ;
#1710 = ADVANCED_FACE ( 'NONE', ( #3721 ), #5244, .T. ) ;
#1711 = CARTESIAN_POINT ( 'NONE',  ( -61.54560449174972803, -3.250000000000000000, -4.761230304006072167 ) ) ;
#1712 = VERTEX_POINT ( 'NONE', #3248 ) ;
#1713 = LINE ( 'NONE', #6210, #1486 ) ;
#1714 = CARTESIAN_POINT ( 'NONE',  ( -54.49344095995157033, 10.50000000000000000, 19.62186810699505202 ) ) ;
#1715 = ORIENTED_EDGE ( 'NONE', *, *, #6361, .F. ) ;
#1716 = ADVANCED_FACE ( 'NONE', ( #4354 ), #4384, .F. ) ;
#1717 = FACE_OUTER_BOUND ( 'NONE', #3852, .T. ) ;
#1718 = PLANE ( 'NONE',  #3800 ) ;
#1719 = CARTESIAN_POINT ( 'NONE',  ( -2.258722147692000082, 12.50000000000000178, 25.58885361683915249 ) ) ;
#1720 = EDGE_CURVE ( 'NONE', #2658, #5082, #4291, .T. ) ;
#1721 = ORIENTED_EDGE ( 'NONE', *, *, #6162, .T. ) ;
#1722 = CARTESIAN_POINT ( 'NONE',  ( -35.89760743518769459, 17.76999999999999602, 4.947054229039999917 ) ) ;
#1723 = CARTESIAN_POINT ( 'NONE',  ( -70.59445670572583253, 8.717998577795750492, -6.761230304006072167 ) ) ;
#1724 = DIRECTION ( 'NONE',  ( 1.000000000000000000, 0.000000000000000000, -0.000000000000000000 ) ) ;
#1725 = DIRECTION ( 'NONE',  ( 0.000000000000000000, -1.000000000000000000, 2.200000000000000003E-16 ) ) ;
#1726 = ORIENTED_EDGE ( 'NONE', *, *, #2082, .T. ) ;
#1727 = CARTESIAN_POINT ( 'NONE',  ( -39.25872214768999413, 10.50000000000000000, 17.73705422904000173 ) ) ;
#1728 = CARTESIAN_POINT ( 'NONE',  ( -51.60056723113756760, -3.250000000000000000, 25.73876969599392694 ) ) ;
#1729 = ORIENTED_EDGE ( 'NONE', *, *, #319, .F. ) ;
#1730 = CARTESIAN_POINT ( 'NONE',  ( -37.45872214768999697, 15.76999999999999957, 11.74038756237333025 ) ) ;
#1731 = B_SPLINE_CURVE_WITH_KNOTS ( 'NONE', 3,
 ( #4612, #3055, #5077, #2062, #1475, #5046, #5109, #3524, #5510, #80 ),
 .UNSPECIFIED., .F., .F.,
 ( 4, 2, 2, 2, 4 ),
 ( 0.000000000000000000, 0.2500000000000000000, 0.5000000000000000000, 0.7500000000000000000, 1.000000000000000000 ),
 .UNSPECIFIED. ) ;
#1732 = CARTESIAN_POINT ( 'NONE',  ( -32.69603967124074018, 15.76999999999884672, 24.72705422904000017 ) ) ;
#1733 = CARTESIAN_POINT ( 'NONE',  ( -24.22740161356491484, 12.61467306402349031, 1.147054229040000095 ) ) ;
#1734 = ORIENTED_EDGE ( 'NONE', *, *, #4224, .F. ) ;
#1735 = CARTESIAN_POINT ( 'NONE',  ( -11.99651859791752173, 5.271975420897883957, 26.77397846476551280 ) ) ;
#1736 = VERTEX_POINT ( 'NONE', #5366 ) ;
#1737 = ORIENTED_EDGE ( 'NONE', *, *, #5232, .F. ) ;
#1738 = EDGE_LOOP ( 'NONE', ( #693, #4412, #899, #6287, #549, #3078, #2460, #2052 ) ) ;
#1739 = CARTESIAN_POINT ( 'NONE',  ( 0.6848358673255945384, 10.50000000000000000, -0.5000000000000000000 ) ) ;
#1740 = LINE ( 'NONE', #6207, #4974 ) ;
#1741 = VERTEX_POINT ( 'NONE', #808 ) ;
#1742 = EDGE_CURVE ( 'NONE', #4830, #492, #1094, .T. ) ;
#1743 = ORIENTED_EDGE ( 'NONE', *, *, #2077, .F. ) ;
#1744 = CARTESIAN_POINT ( 'NONE',  ( -41.25872214768999413, 17.76999999999999957, 25.58885361683914894 ) ) ;
#1745 = CIRCLE ( 'NONE', #5557, 0.5000000000000004441 ) ;
#1746 = DIRECTION ( 'NONE',  ( -0.000000000000000000, 0.000000000000000000, 1.000000000000000000 ) ) ;
#1747 = CARTESIAN_POINT ( 'NONE',  ( -2.659388462895640348, 12.50000000000000355, 26.55614766898983703 ) ) ;
#1748 = LINE ( 'NONE', #5785, #4313 ) ;
#1749 = COLOUR_RGB ( '',0.7921568627450980005, 0.8196078431372548767, 0.9333333333333333481 ) ;
#1750 = CARTESIAN_POINT ( 'NONE',  ( -54.49344095995157033, 5.875000000000003553, 3.246820937015809427 ) ) ;
#1751 = CARTESIAN_POINT ( 'NONE',  ( -9.833843798657333934, 15.76999999999999602, 4.947054229039999917 ) ) ;
#1752 = EDGE_CURVE ( 'NONE', #5728, #137, #4953, .T. ) ;
#1753 = EDGE_CURVE ( 'NONE', #611, #369, #2896, .T. ) ;
#1754 = DIRECTION ( 'NONE',  ( 1.000000000000000000, 0.000000000000000000, 0.000000000000000000 ) ) ;
#1755 = ORIENTED_EDGE ( 'NONE', *, *, #1602, .T. ) ;
#1756 = CARTESIAN_POINT ( 'NONE',  ( -6.058722147692000348, 15.76999999999999957, 6.747054229039999740 ) ) ;
#1757 = CARTESIAN_POINT ( 'NONE',  ( -52.16103831765386190, 10.50000000000000000, 25.73876969599392694 ) ) ;
#1758 = AXIS2_PLACEMENT_3D ( 'NONE', #2543, #4098, #1582 ) ;
#1759 = VERTEX_POINT ( 'NONE', #3279 ) ;
#1760 = CARTESIAN_POINT ( 'NONE',  ( -60.04560449174972803, 0.7130042956954119049, -3.261230304006072611 ) ) ;
#1761 = CARTESIAN_POINT ( 'NONE',  ( -32.69603967124039912, 15.76999999999944713, 25.32705422904000159 ) ) ;
#1762 = CARTESIAN_POINT ( 'NONE',  ( -4.258722147691999638, 17.76999999999999957, 1.147054229039999873 ) ) ;
#1763 = CARTESIAN_POINT ( 'NONE',  ( 0.7046605134103508528, 5.875000000000003553, 0.4999999999999997780 ) ) ;
#1764 = EDGE_LOOP ( 'NONE', ( #943, #1526, #5532 ) ) ;
#1765 = AXIS2_PLACEMENT_3D ( 'NONE', #5903, #4391, #913 ) ;
#1766 = ORIENTED_EDGE ( 'NONE', *, *, #4265, .T. ) ;
#1767 = ORIENTED_EDGE ( 'NONE', *, *, #792, .F. ) ;
#1768 = CARTESIAN_POINT ( 'NONE',  ( 6.352138378250272055, -3.250000000000000000, 27.73876969599392694 ) ) ;
#1769 = AXIS2_PLACEMENT_3D ( 'NONE', #3909, #5894, #4832 ) ;
#1770 = PLANE ( 'NONE',  #2751 ) ;
#1771 = ORIENTED_EDGE ( 'NONE', *, *, #6436, .F. ) ;
#1772 = EDGE_LOOP ( 'NONE', ( #4794, #5000, #5544, #4537 ) ) ;
#1773 = VECTOR ( 'NONE', #6027, 1000.000000000000000 ) ;
#1774 = DIRECTION ( 'NONE',  ( -1.000000000000000000, 0.000000000000000000, 0.000000000000000000 ) ) ;
#1775 = DIRECTION ( 'NONE',  ( 1.000000000000000000, 0.000000000000000000, 0.000000000000000000 ) ) ;
#1776 = CARTESIAN_POINT ( 'NONE',  ( 18.02106672353487227, 8.757473573018954127, -3.761230304006072167 ) ) ;
#1777 = B_SPLINE_CURVE_WITH_KNOTS ( 'NONE', 3,
 ( #6456, #4518, #6516, #2916 ),
 .UNSPECIFIED., .F., .F.,
 ( 4, 4 ),
 ( 0.000000000000000000, 1.000000000000000000 ),
 .UNSPECIFIED. ) ;
#1778 = CARTESIAN_POINT ( 'NONE',  ( -10.82140462413961934, 15.76999999999939917, 3.147054229040000095 ) ) ;
#1779 = CARTESIAN_POINT ( 'NONE',  ( -57.30591737496195037, 5.875000000000003553, 23.43434452200543205 ) ) ;
#1780 = EDGE_CURVE ( 'NONE', #432, #2019, #2293, .T. ) ;
#1781 = AXIS2_PLACEMENT_3D ( 'NONE', #4021, #6041, #5546 ) ;
#1782 = CARTESIAN_POINT ( 'NONE',  ( -46.64434067419821162, 10.50000000000000000, 23.43434452200543205 ) ) ;
#1783 = ORIENTED_EDGE ( 'NONE', *, *, #4672, .T. ) ;
#1784 = CARTESIAN_POINT ( 'NONE',  ( -2.258722147692000082, 16.01333333333333542, 3.147054229039999207 ) ) ;
#1785 = DIRECTION ( 'NONE',  ( -0.000000000000000000, -0.000000000000000000, -1.000000000000000000 ) ) ;
#1786 = VERTEX_POINT ( 'NONE', #205 ) ;
#1787 = ORIENTED_EDGE ( 'NONE', *, *, #1954, .F. ) ;
#1788 = EDGE_CURVE ( 'NONE', #2103, #2037, #3753, .T. ) ;
#1789 = EDGE_CURVE ( 'NONE', #2822, #5549, #2229, .T. ) ;
#1790 = CARTESIAN_POINT ( 'NONE',  ( -37.45872214768999697, 16.43666666666666387, 21.72705422903998951 ) ) ;
#1791 = CIRCLE ( 'NONE', #849, 3.350000000000002309 ) ;
#1792 = LINE ( 'NONE', #3307, #3927 ) ;
#1793 = DIRECTION ( 'NONE',  ( 0.000000000000000000, 1.000000000000000000, 0.000000000000000000 ) ) ;
#1794 = CIRCLE ( 'NONE', #5811, 1.350000000000000533 ) ;
#1795 = CARTESIAN_POINT ( 'NONE',  ( -42.75872214769000124, 10.50000000000000000, 14.23705422903999640 ) ) ;
#1796 = ORIENTED_EDGE ( 'NONE', *, *, #1512, .F. ) ;
#1797 = ORIENTED_EDGE ( 'NONE', *, *, #3749, .T. ) ;
#1798 = EDGE_CURVE ( 'NONE', #4376, #2323, #5768, .T. ) ;
#1799 = VERTEX_POINT ( 'NONE', #1762 ) ;
#1800 = CYLINDRICAL_SURFACE ( 'NONE', #2720, 1.799999999999999600 ) ;
#1801 = AXIS2_PLACEMENT_3D ( 'NONE', #828, #861, #4311 ) ;
#1802 = CIRCLE ( 'NONE', #1287, 3.350000000000002309 ) ;
#1803 = DIRECTION ( 'NONE',  ( 0.000000000000000000, -1.000000000000000000, 0.000000000000000000 ) ) ;
#1804 = ORIENTED_EDGE ( 'NONE', *, *, #3986, .F. ) ;
#1805 =( GEOMETRIC_REPRESENTATION_CONTEXT ( 3 ) GLOBAL_UNCERTAINTY_ASSIGNED_CONTEXT ( ( #4943 ) ) GLOBAL_UNIT_ASSIGNED_CONTEXT ( ( #1573, #3056, #5606 ) ) REPRESENTATION_CONTEXT ( 'NONE', 'WORKASPACE' ) );
#1806 = ORIENTED_EDGE ( 'NONE', *, *, #1360, .T. ) ;
#1807 = VECTOR ( 'NONE', #4014, 1000.000000000000000 ) ;
#1808 = B_SPLINE_CURVE_WITH_KNOTS ( 'NONE', 3,
 ( #3006, #350, #2474, #484, #2509, #2374, #4402, #6405, #1881, #3898 ),
 .UNSPECIFIED., .F., .F.,
 ( 4, 2, 2, 2, 4 ),
 ( 0.000000000000000000, 0.2500000000000000000, 0.5000000000000000000, 0.7500000000000000000, 1.000000000000000000 ),
 .UNSPECIFIED. ) ;
#1809 = CIRCLE ( 'NONE', #3286, 3.499999999999999556 ) ;
#1810 = CARTESIAN_POINT ( 'NONE',  ( -63.54560449174972803, 0.7130042956954123490, -4.761230304006072167 ) ) ;
#1811 = DIRECTION ( 'NONE',  ( 0.000000000000000000, 0.000000000000000000, -1.000000000000000000 ) ) ;
#1812 = CARTESIAN_POINT ( 'NONE',  ( -68.67003059873778170, 4.735238934357180796, -3.761230304006072167 ) ) ;
#1813 = CARTESIAN_POINT ( 'NONE',  ( 4.006559040048433218, 8.000000000000000000, -2.485655477994569207 ) ) ;
#1814 =( LENGTH_UNIT ( ) NAMED_UNIT ( * ) SI_UNIT ( .MILLI., .METRE. ) );
#1815 = ORIENTED_EDGE ( 'NONE', *, *, #4506, .F. ) ;
#1816 = DIRECTION ( 'NONE',  ( 0.000000000000000000, 1.000000000000000000, -1.700000000000000014E-16 ) ) ;
#1817 = EDGE_CURVE ( 'NONE', #5660, #4639, #5799, .T. ) ;
#1818 = DIRECTION ( 'NONE',  ( 0.6540677456111221311, 0.7564359749186869708, 0.000000000000000000 ) ) ;
#1819 = AXIS2_PLACEMENT_3D ( 'NONE', #3576, #5591, #1065 ) ;
#1820 = ORIENTED_EDGE ( 'NONE', *, *, #4025, .F. ) ;
#1821 = ORIENTED_EDGE ( 'NONE', *, *, #1245, .F. ) ;
#1822 = CARTESIAN_POINT ( 'NONE',  ( -57.34344095995156465, 5.875000000000003553, 0.5000000000000000000 ) ) ;
#1823 = CARTESIAN_POINT ( 'NONE',  ( -2.800420255819354942, 10.50000000000000000, -0.5000000000000000000 ) ) ;
#1824 = DIRECTION ( 'NONE',  ( 0.000000000000000000, -1.000000000000000000, 0.000000000000000000 ) ) ;
#1825 = ORIENTED_EDGE ( 'NONE', *, *, #4633, .T. ) ;
#1826 = CARTESIAN_POINT ( 'NONE',  ( -39.25872214768999413, 12.50000000000000000, 3.147054229040000095 ) ) ;
#1827 = ORIENTED_EDGE ( 'NONE', *, *, #6362, .T. ) ;
#1828 = CARTESIAN_POINT ( 'NONE',  ( -2.258722147692000082, 12.50000000000000000, 17.93372089570666361 ) ) ;
#1829 = ORIENTED_EDGE ( 'NONE', *, *, #6396, .F. ) ;
#1830 = VECTOR ( 'NONE', #168, 1000.000000000000000 ) ;
#1831 = ORIENTED_EDGE ( 'NONE', *, *, #2760, .T. ) ;
#1832 = PLANE ( 'NONE',  #3254 ) ;
#1833 = B_SPLINE_CURVE_WITH_KNOTS ( 'NONE', 3,
 ( #428, #5987, #4538, #6446 ),
 .UNSPECIFIED., .F., .F.,
 ( 4, 4 ),
 ( 0.000000000000000000, 1.000000000000000000 ),
 .UNSPECIFIED. ) ;
#1834 = CARTESIAN_POINT ( 'NONE',  ( -2.310776794355369201, 17.77000000000000313, 25.85054999775856643 ) ) ;
#1835 = DIRECTION ( 'NONE',  ( 0.000000000000000000, -0.000000000000000000, 1.000000000000000000 ) ) ;
#1836 = ORIENTED_EDGE ( 'NONE', *, *, #2766, .F. ) ;
#1837 = EDGE_CURVE ( 'NONE', #4445, #4320, #1227, .T. ) ;
#1838 = VECTOR ( 'NONE', #802, 1000.000000000000000 ) ;
#1839 = ORIENTED_EDGE ( 'NONE', *, *, #320, .F. ) ;
#1840 = ORIENTED_EDGE ( 'NONE', *, *, #2791, .F. ) ;
#1841 = EDGE_CURVE ( 'NONE', #1117, #5892, #1956, .T. ) ;
#1842 = CARTESIAN_POINT ( 'NONE',  ( 9.876295877967509185, 0.7130042956954123490, -3.761230304006072167 ) ) ;
#1843 = LINE ( 'NONE', #5290, #6302 ) ;
#1844 = CARTESIAN_POINT ( 'NONE',  ( -60.04560449174972803, -3.250000000000000000, 27.73876969599392694 ) ) ;
#1845 = LINE ( 'NONE', #3365, #2111 ) ;
#1846 = CARTESIAN_POINT ( 'NONE',  ( -39.25872214768999413, 12.50000000000000000, 25.32705422904000159 ) ) ;
#1847 = ORIENTED_EDGE ( 'NONE', *, *, #4151, .T. ) ;
#1848 = CARTESIAN_POINT ( 'NONE',  ( 4.006559040048433218, 8.000000000000000000, -0.06565547799456880607 ) ) ;
#1849 = APPLICATION_CONTEXT ( 'automotive_design' ) ;
#1850 = DIRECTION ( 'NONE',  ( 0.000000000000000000, 1.000000000000000000, -2.400000000000000048E-16 ) ) ;
#1851 = VECTOR ( 'NONE', #2777, 1000.000000000000000 ) ;
#1852 = ORIENTED_EDGE ( 'NONE', *, *, #414, .F. ) ;
#1853 = VERTEX_POINT ( 'NONE', #3516 ) ;
#1854 = FACE_OUTER_BOUND ( 'NONE', #2892, .T. ) ;
#1855 = LINE ( 'NONE', #361, #4984 ) ;
#1856 = CIRCLE ( 'NONE', #1233, 3.350000000000002309 ) ;
#1857 = LINE ( 'NONE', #3879, #4182 ) ;
#1858 = ORIENTED_EDGE ( 'NONE', *, *, #2170, .T. ) ;
#1859 = CARTESIAN_POINT ( 'NONE',  ( 0.6607500456189721039, 5.875000000000003553, 0.1683403290561540089 ) ) ;
#1860 = ORIENTED_EDGE ( 'NONE', *, *, #6003, .F. ) ;
#1861 = CARTESIAN_POINT ( 'NONE',  ( -35.65872214768999271, 17.76999999999999957, 4.947054229039999917 ) ) ;
#1862 = ORIENTED_EDGE ( 'NONE', *, *, #3408, .F. ) ;
#1863 = VERTEX_POINT ( 'NONE', #904 ) ;
#1864 = DIRECTION ( 'NONE',  ( 0.000000000000000000, 0.000000000000000000, 1.000000000000000000 ) ) ;
#1865 = VECTOR ( 'NONE', #924, 1000.000000000000000 ) ;
#1866 = LINE ( 'NONE', #3990, #2755 ) ;
#1867 = EDGE_CURVE ( 'NONE', #5599, #3884, #6184, .T. ) ;
#1868 = DIRECTION ( 'NONE',  ( 0.000000000000000000, 0.000000000000000000, -1.000000000000000000 ) ) ;
#1869 = EDGE_CURVE ( 'NONE', #1963, #4462, #3951, .T. ) ;
#1870 = CARTESIAN_POINT ( 'NONE',  ( -7.858722147691999282, 15.76999999999999957, 4.947054229039999917 ) ) ;
#1871 = ORIENTED_EDGE ( 'NONE', *, *, #4700, .F. ) ;
#1872 = ORIENTED_EDGE ( 'NONE', *, *, #3824, .F. ) ;
#1873 = EDGE_LOOP ( 'NONE', ( #4465, #5256, #4082, #4155 ) ) ;
#1874 = ADVANCED_FACE ( 'NONE', ( #4934 ), #6417, .T. ) ;
#1875 = EDGE_CURVE ( 'NONE', #1055, #4677, #1745, .T. ) ;
#1876 = AXIS2_PLACEMENT_3D ( 'NONE', #1056, #3063, #551 ) ;
#1877 = EDGE_CURVE ( 'NONE', #2976, #3342, #4545, .T. ) ;
#1878 = EDGE_CURVE ( 'NONE', #3814, #4496, #3480, .T. ) ;
#1879 = DIRECTION ( 'NONE',  ( 0.000000000000000000, 0.000000000000000000, 1.000000000000000000 ) ) ;
#1880 = CIRCLE ( 'NONE', #2095, 0.5000000000000004441 ) ;
#1881 = CARTESIAN_POINT ( 'NONE',  ( -39.52052153548914504, 17.76999999999999957, 1.147054229039998985 ) ) ;
#1882 = CARTESIAN_POINT ( 'NONE',  ( -42.62105896777519121, 12.50000000000000178, 13.11457491481109727 ) ) ;
#1883 = FACE_OUTER_BOUND ( 'NONE', #1764, .T. ) ;
#1884 = EDGE_CURVE ( 'NONE', #3053, #3540, #6454, .T. ) ;
#1885 = CARTESIAN_POINT ( 'NONE',  ( -39.25872214768999413, 12.50000000000000000, 1.147054229039999873 ) ) ;
#1886 = VERTEX_POINT ( 'NONE', #6514 ) ;
#1887 = CARTESIAN_POINT ( 'NONE',  ( -41.25872214768999413, 12.50000000000000000, 3.147054229040000095 ) ) ;
#1888 = CARTESIAN_POINT ( 'NONE',  ( -51.60056723113756760, -3.250000000000000000, 26.71994397445526204 ) ) ;
#1889 = ORIENTED_EDGE ( 'NONE', *, *, #5977, .T. ) ;
#1890 = VERTEX_POINT ( 'NONE', #976 ) ;
#1891 = CARTESIAN_POINT ( 'NONE',  ( 6.352138378250272055, 0.7524792909186129863, -4.761230304006072167 ) ) ;
#1892 = FACE_OUTER_BOUND ( 'NONE', #5700, .T. ) ;
#1893 = DIRECTION ( 'NONE',  ( -0.000000000000000000, 1.000000000000000000, -0.000000000000000000 ) ) ;
#1894 = ORIENTED_EDGE ( 'NONE', *, *, #3081, .T. ) ;
#1895 = CARTESIAN_POINT ( 'NONE',  ( -50.88856591388922368, 4.466867144221085439, 35.00000000000000000 ) ) ;
#1896 = CARTESIAN_POINT ( 'NONE',  ( -60.04560449174972803, -3.250000000000000000, -3.261230304006072611 ) ) ;
#1897 = ORIENTED_EDGE ( 'NONE', *, *, #1798, .F. ) ;
#1898 = ORIENTED_EDGE ( 'NONE', *, *, #4463, .T. ) ;
#1899 = CARTESIAN_POINT ( 'NONE',  ( -38.60223981824245953, 8.750000000000000000, 26.71994397445526204 ) ) ;
#1900 = CARTESIAN_POINT ( 'NONE',  ( -51.60056723113756760, -3.250000000000000000, 25.73876969599392694 ) ) ;
#1901 = FACE_OUTER_BOUND ( 'NONE', #5853, .T. ) ;
#1902 = DIRECTION ( 'NONE',  ( 1.000000000000000000, 0.000000000000000000, 0.000000000000000000 ) ) ;
#1903 = VERTEX_POINT ( 'NONE', #5964 ) ;
#1904 = VECTOR ( 'NONE', #4237, 1000.000000000000000 ) ;
#1905 = VERTEX_POINT ( 'NONE', #466 ) ;
#1906 = AXIS2_PLACEMENT_3D ( 'NONE', #2110, #1584, #1097 ) ;
#1907 = ORIENTED_EDGE ( 'NONE', *, *, #3817, .F. ) ;
#1908 = DIRECTION ( 'NONE',  ( 0.000000000000000000, 0.8827689897251326245, 0.4698073123948461882 ) ) ;
#1909 = AXIS2_PLACEMENT_3D ( 'NONE', #1636, #3154, #2165 ) ;
#1910 = DIRECTION ( 'NONE',  ( 0.000000000000000000, -0.000000000000000000, 1.000000000000000000 ) ) ;
#1911 = EDGE_CURVE ( 'NONE', #1799, #3996, #3136, .T. ) ;
#1912 = VECTOR ( 'NONE', #3020, 1000.000000000000000 ) ;
#1913 = CARTESIAN_POINT ( 'NONE',  ( 1.873062941308192730, 8.250000000000000000, 25.73876969599392339 ) ) ;
#1914 = VECTOR ( 'NONE', #3298, 1000.000000000000000 ) ;
#1915 = CARTESIAN_POINT ( 'NONE',  ( -42.75872214769000124, 12.50000000000000178, 13.67556629277393299 ) ) ;
#1916 = FACE_OUTER_BOUND ( 'NONE', #2769, .T. ) ;
#1917 = FACE_OUTER_BOUND ( 'NONE', #2129, .T. ) ;
#1918 = EDGE_LOOP ( 'NONE', ( #6387, #2856, #5040, #3024 ) ) ;
#1919 = DIRECTION ( 'NONE',  ( 0.000000000000000000, 1.000000000000000000, 0.000000000000000000 ) ) ;
#1920 = EDGE_CURVE ( 'NONE', #4016, #5035, #3912, .T. ) ;
#1921 = CARTESIAN_POINT ( 'NONE',  ( -50.68096454494118319, 5.875000000000003553, 22.43434452200543205 ) ) ;
#1922 = VERTEX_POINT ( 'NONE', #4012 ) ;
#1923 = ORIENTED_EDGE ( 'NONE', *, *, #793, .T. ) ;
#1924 = DIRECTION ( 'NONE',  ( 0.000000000000000000, 0.000000000000000000, 1.000000000000000000 ) ) ;
#1925 = DIRECTION ( 'NONE',  ( 1.000000000000000000, 0.000000000000000000, -0.000000000000000000 ) ) ;
#1926 = DIRECTION ( 'NONE',  ( 0.000000000000000000, -0.000000000000000000, 1.000000000000000000 ) ) ;
#1927 = ORIENTED_EDGE ( 'NONE', *, *, #2576, .F. ) ;
#1928 = CARTESIAN_POINT ( 'NONE',  ( -41.40963566760219550, 10.49999999999999822, 17.03588817743361972 ) ) ;
#1929 = FACE_OUTER_BOUND ( 'NONE', #4213, .T. ) ;
#1930 = VERTEX_POINT ( 'NONE', #3410 ) ;
#1931 = ORIENTED_EDGE ( 'NONE', *, *, #4506, .T. ) ;
#1932 = DIRECTION ( 'NONE',  ( 1.000000000000000000, 0.000000000000000000, 0.000000000000000000 ) ) ;
#1933 = VECTOR ( 'NONE', #4072, 1000.000000000000000 ) ;
#1934 = CARTESIAN_POINT ( 'NONE',  ( -53.99344095995156323, 5.875000000000003553, 22.93434452200543205 ) ) ;
#1935 = LINE ( 'NONE', #571, #2433 ) ;
#1936 = CARTESIAN_POINT ( 'NONE',  ( -66.59445670572583253, 8.717998577795754045, -6.761230304006072167 ) ) ;
#1937 = ORIENTED_EDGE ( 'NONE', *, *, #2542, .T. ) ;
#1938 = ORIENTED_EDGE ( 'NONE', *, *, #5705, .T. ) ;
#1939 = EDGE_LOOP ( 'NONE', ( #3123, #354, #6370 ) ) ;
#1940 = DIRECTION ( 'NONE',  ( -1.000000000000000000, 0.000000000000000000, 0.000000000000000000 ) ) ;
#1941 = VECTOR ( 'NONE', #833, 1000.000000000000000 ) ;
#1942 = CARTESIAN_POINT ( 'NONE',  ( -7.858722147691999282, 15.76999999999999957, 23.52705422904000088 ) ) ;
#1943 = LINE ( 'NONE', #6469, #5251 ) ;
#1944 = CARTESIAN_POINT ( 'NONE',  ( -53.99344095995156323, 5.875000000000003553, -1.415655477994567590 ) ) ;
#1945 = CARTESIAN_POINT ( 'NONE',  ( -53.49344095995156323, 10.50000000000000000, 5.745757241660123249 ) ) ;
#1946 = EDGE_LOOP ( 'NONE', ( #336, #31, #2357, #1907, #3216, #1984 ) ) ;
#1947 = CARTESIAN_POINT ( 'NONE',  ( -12.14296520732424867, 5.125528811491157910, 26.77397846476551280 ) ) ;
#1948 = DIRECTION ( 'NONE',  ( 0.000000000000000000, 0.000000000000000000, -1.000000000000000000 ) ) ;
#1949 = ORIENTED_EDGE ( 'NONE', *, *, #2272, .T. ) ;
#1950 = EDGE_LOOP ( 'NONE', ( #4074, #1400, #347, #1743 ) ) ;
#1951 = DIRECTION ( 'NONE',  ( -0.000000000000000000, -1.000000000000000000, -0.000000000000000000 ) ) ;
#1952 = ADVANCED_FACE ( 'NONE', ( #1504 ), #5004, .F. ) ;
#1953 = EDGE_CURVE ( 'NONE', #4106, #3042, #4416, .T. ) ;
#1954 = EDGE_CURVE ( 'NONE', #5106, #2313, #1857, .T. ) ;
#1955 = CYLINDRICAL_SURFACE ( 'NONE', #2339, 3.500000000000003109 ) ;
#1956 = LINE ( 'NONE', #2523, #4709 ) ;
#1957 = ORIENTED_EDGE ( 'NONE', *, *, #3684, .T. ) ;
#1958 = DIRECTION ( 'NONE',  ( 0.000000000000000000, 0.000000000000000000, 1.000000000000000000 ) ) ;
#1959 = VECTOR ( 'NONE', #485, 1000.000000000000000 ) ;
#1960 = EDGE_CURVE ( 'NONE', #2470, #4462, #1372, .T. ) ;
#1961 = CARTESIAN_POINT ( 'NONE',  ( 4.553332877239093968, 5.875000000000003553, 3.239422186896803169 ) ) ;
#1962 = B_SPLINE_CURVE_WITH_KNOTS ( 'NONE', 3,
 ( #2108, #1647, #5647, #6113 ),
 .UNSPECIFIED., .F., .F.,
 ( 4, 4 ),
 ( 0.000000000000000000, 1.000000000000000000 ),
 .UNSPECIFIED. ) ;
#1963 = VERTEX_POINT ( 'NONE', #362 ) ;
#1964 = ORIENTED_EDGE ( 'NONE', *, *, #4549, .T. ) ;
#1965 = CARTESIAN_POINT ( 'NONE',  ( 0.000000000000000000, 0.000000000000000000, 22.43434452200543205 ) ) ;
#1966 = VECTOR ( 'NONE', #2779, 1000.000000000000000 ) ;
#1967 = CARTESIAN_POINT ( 'NONE',  ( -37.07116132220667026, 15.76999999999999602, 3.147054229040000539 ) ) ;
#1968 = CARTESIAN_POINT ( 'NONE',  ( -63.54560449174972803, -3.250000000000000000, -3.261230304006073055 ) ) ;
#1969 = DIRECTION ( 'NONE',  ( -1.000000000000000000, 0.000000000000000000, 0.000000000000000000 ) ) ;
#1970 = VERTEX_POINT ( 'NONE', #2388 ) ;
#1971 = ORIENTED_EDGE ( 'NONE', *, *, #4037, .T. ) ;
#1972 = ORIENTED_EDGE ( 'NONE', *, *, #1602, .F. ) ;
#1973 = LINE ( 'NONE', #4916, #5464 ) ;
#1974 = DIRECTION ( 'NONE',  ( -0.000000000000000000, 1.000000000000000000, 0.000000000000000000 ) ) ;
#1975 = DIRECTION ( 'NONE',  ( 0.6039992308427329926, -0.7969848989418725216, -3.736617335658028398E-17 ) ) ;
#1976 = VECTOR ( 'NONE', #577, 1000.000000000000000 ) ;
#1977 = CARTESIAN_POINT ( 'NONE',  ( -10.82140462413961934, 15.76999999999944713, 25.32705422904000159 ) ) ;
#1978 = CARTESIAN_POINT ( 'NONE',  ( -10.15218840779477461, 16.18182062135944221, 1.147054229039999207 ) ) ;
#1979 = AXIS2_PLACEMENT_3D ( 'NONE', #5076, #1014, #2562 ) ;
#1980 = ORIENTED_EDGE ( 'NONE', *, *, #2440, .F. ) ;
#1981 = CARTESIAN_POINT ( 'NONE',  ( -53.49344095995156323, 10.50000000000000000, 5.745757241660123249 ) ) ;
#1982 = DIRECTION ( 'NONE',  ( -2.156417553693440290E-16, 1.000000000000000000, 0.000000000000000000 ) ) ;
#1983 = EDGE_CURVE ( 'NONE', #5552, #3679, #1409, .T. ) ;
#1984 = ORIENTED_EDGE ( 'NONE', *, *, #5925, .T. ) ;
#1985 = ORIENTED_EDGE ( 'NONE', *, *, #1543, .T. ) ;
#1986 = VECTOR ( 'NONE', #4762, 1000.000000000000000 ) ;
#1987 = DIRECTION ( 'NONE',  ( 0.000000000000000000, 0.000000000000000000, -1.000000000000000000 ) ) ;
#1988 = ADVANCED_FACE ( 'NONE', ( #5132 ), #5657, .T. ) ;
#1989 = CARTESIAN_POINT ( 'NONE',  ( -2.800420255819354942, 10.50000000000000000, -0.5000000000000000000 ) ) ;
#1990 = DIRECTION ( 'NONE',  ( -2.156417553693440290E-16, 1.000000000000000000, 0.000000000000000000 ) ) ;
#1991 = ORIENTED_EDGE ( 'NONE', *, *, #855, .F. ) ;
#1992 = CARTESIAN_POINT ( 'NONE',  ( 6.352138378250272055, -3.250000000000000000, -6.761230304006072167 ) ) ;
#1993 = DIRECTION ( 'NONE',  ( 0.000000000000000000, 0.000000000000000000, 1.000000000000000000 ) ) ;
#1994 = EDGE_CURVE ( 'NONE', #4689, #2235, #3178, .T. ) ;
#1995 = ADVANCED_FACE ( 'NONE', ( #1105 ), #1657, .F. ) ;
#1996 = EDGE_LOOP ( 'NONE', ( #4474, #4048, #1101, #208 ) ) ;
#1997 = ORIENTED_EDGE ( 'NONE', *, *, #2306, .T. ) ;
#1998 = FACE_OUTER_BOUND ( 'NONE', #5578, .T. ) ;
#1999 = FACE_OUTER_BOUND ( 'NONE', #4546, .T. ) ;
#2000 = LINE ( 'NONE', #5575, #2013 ) ;
#2001 = DIRECTION ( 'NONE',  ( 1.000000000000000000, 0.000000000000000000, -2.416395261410157149E-16 ) ) ;
#2002 = AXIS2_PLACEMENT_3D ( 'NONE', #509, #4581, #6100 ) ;
#2003 = ORIENTED_EDGE ( 'NONE', *, *, #3236, .T. ) ;
#2004 = ADVANCED_FACE ( 'NONE', ( #4173 ), #4575, .T. ) ;
#2005 = ORIENTED_EDGE ( 'NONE', *, *, #3940, .F. ) ;
#2006 = ORIENTED_EDGE ( 'NONE', *, *, #5776, .T. ) ;
#2007 = DIRECTION ( 'NONE',  ( -1.000000000000000000, 0.000000000000000000, 0.000000000000000000 ) ) ;
#2008 = VECTOR ( 'NONE', #5061, 1000.000000000000000 ) ;
#2009 = VECTOR ( 'NONE', #486, 1000.000000000000000 ) ;
#2010 = CARTESIAN_POINT ( 'NONE',  ( -50.68096454494118319, 8.750000000000000000, 22.43434452200543205 ) ) ;
#2011 = DIRECTION ( 'NONE',  ( 0.000000000000000000, 0.000000000000000000, 1.000000000000000000 ) ) ;
#2012 = CARTESIAN_POINT ( 'NONE',  ( 0.000000000000000000, -3.250000000000000000, 26.77397846476551280 ) ) ;
#2013 = VECTOR ( 'NONE', #6042, 1000.000000000000000 ) ;
#2014 = CARTESIAN_POINT ( 'NONE',  ( 4.006559040048433218, 8.000000000000000000, -2.485655477994569207 ) ) ;
#2015 = VECTOR ( 'NONE', #4996, 1000.000000000000000 ) ;
#2016 = EDGE_LOOP ( 'NONE', ( #3417, #5337, #5201, #4674 ) ) ;
#2017 = CARTESIAN_POINT ( 'NONE',  ( -36.76490624364484461, 15.76999999999999957, 23.16645454535672144 ) ) ;
#2018 = LINE ( 'NONE', #1529, #3404 ) ;
#2019 = VERTEX_POINT ( 'NONE', #2686 ) ;
#2020 = DIRECTION ( 'NONE',  ( 1.000000000000000000, 0.000000000000000000, 0.000000000000000000 ) ) ;
#2021 = CARTESIAN_POINT ( 'NONE',  ( -32.69603967124039912, 15.76999999999944713, 3.147054229040000095 ) ) ;
#2022 = CARTESIAN_POINT ( 'NONE',  ( -46.64434067419821162, 10.50000000000000000, 22.43434452200543205 ) ) ;
#2023 = EDGE_CURVE ( 'NONE', #1922, #2351, #533, .T. ) ;
#2024 = VECTOR ( 'NONE', #4721, 1000.000000000000000 ) ;
#2025 = CARTESIAN_POINT ( 'NONE',  ( -61.54560449174972803, 10.50000000000000000, 25.73876969599392694 ) ) ;
#2026 = ORIENTED_EDGE ( 'NONE', *, *, #3933, .F. ) ;
#2027 = CARTESIAN_POINT ( 'NONE',  ( 1.873062941308192730, 5.875000000000003553, 22.93434452200543205 ) ) ;
#2028 = DIRECTION ( 'NONE',  ( -0.000000000000000000, 1.000000000000000000, -0.000000000000000000 ) ) ;
#2029 = ORIENTED_EDGE ( 'NONE', *, *, #2277, .F. ) ;
#2030 = CARTESIAN_POINT ( 'NONE',  ( -41.25872214768999413, 12.50000000000000000, 17.10933555230900183 ) ) ;
#2031 = CARTESIAN_POINT ( 'NONE',  ( -9.833843798657333934, 15.77000000000000313, 23.52705422904000088 ) ) ;
#2032 = ADVANCED_FACE ( 'NONE', ( #5629 ), #5692, .F. ) ;
#2033 =( LENGTH_UNIT ( ) NAMED_UNIT ( * ) SI_UNIT ( .MILLI., .METRE. ) );
#2034 = DIRECTION ( 'NONE',  ( 0.000000000000000000, 0.000000000000000000, -1.000000000000000000 ) ) ;
#2035 = EDGE_LOOP ( 'NONE', ( #4617, #5802, #4836, #1482 ) ) ;
#2036 = MANIFOLD_SOLID_BREP ( 'New-radiator-holder-20240412.step<1>[2]', #3339 ) ;
#2037 = VERTEX_POINT ( 'NONE', #6155 ) ;
#2038 = AXIS2_PLACEMENT_3D ( 'NONE', #5562, #6411, #4410 ) ;
#2039 = ORIENTED_EDGE ( 'NONE', *, *, #3736, .F. ) ;
#2040 = FACE_OUTER_BOUND ( 'NONE', #911, .T. ) ;
#2041 = B_SPLINE_CURVE_WITH_KNOTS ( 'NONE', 3,
 ( #6121, #2614, #1591, #2521 ),
 .UNSPECIFIED., .F., .F.,
 ( 4, 4 ),
 ( 0.000000000000000000, 1.000000000000000000 ),
 .UNSPECIFIED. ) ;
#2042 = EDGE_CURVE ( 'NONE', #4912, #329, #6138, .T. ) ;
#2043 = DIRECTION ( 'NONE',  ( 0.000000000000000000, 0.000000000000000000, 1.000000000000000000 ) ) ;
#2044 = CARTESIAN_POINT ( 'NONE',  ( -6.949055909944106268, 15.76999999999999957, 23.29848503162350681 ) ) ;
#2045 = EDGE_CURVE ( 'NONE', #5235, #74, #5101, .T. ) ;
#2046 = CYLINDRICAL_SURFACE ( 'NONE', #4086, 1.800000000000002931 ) ;
#2047 = VECTOR ( 'NONE', #1076, 1000.000000000000000 ) ;
#2048 = CARTESIAN_POINT ( 'NONE',  ( -40.85805583248636452, 12.50000000000000178, 26.55614766898982282 ) ) ;
#2049 = DIRECTION ( 'NONE',  ( -1.000000000000000000, 0.000000000000000000, 0.000000000000000000 ) ) ;
#2050 = CARTESIAN_POINT ( 'NONE',  ( -2.258722147691999638, 12.50000000000000178, 2.885254841240854073 ) ) ;
#2051 = DIRECTION ( 'NONE',  ( -0.000000000000000000, 1.000000000000000000, -0.000000000000000000 ) ) ;
#2052 = ORIENTED_EDGE ( 'NONE', *, *, #5405, .T. ) ;
#2053 = DIRECTION ( 'NONE',  ( 0.000000000000000000, 0.000000000000000000, 1.000000000000000000 ) ) ;
#2054 = CARTESIAN_POINT ( 'NONE',  ( 4.006559040048433218, 5.875000000000003553, -0.06565547799456880607 ) ) ;
#2055 = DIRECTION ( 'NONE',  ( -1.000000000000000000, 0.000000000000000000, 0.000000000000000000 ) ) ;
#2056 = CARTESIAN_POINT ( 'NONE',  ( -60.04560449174972803, -3.250000000000000000, 24.23876969599392694 ) ) ;
#2057 = EDGE_LOOP ( 'NONE', ( #2249, #83, #5723, #275, #4355, #1436 ) ) ;
#2058 = DIRECTION ( 'NONE',  ( 0.000000000000000000, 2.200000000000000003E-16, 1.000000000000000000 ) ) ;
#2059 = FACE_OUTER_BOUND ( 'NONE', #1248, .T. ) ;
#2060 = VERTEX_POINT ( 'NONE', #3113 ) ;
#2061 = DIRECTION ( 'NONE',  ( 0.7559765152716106940, -0.6545987384327838221, 0.000000000000000000 ) ) ;
#2062 = CARTESIAN_POINT ( 'NONE',  ( -36.56776669549709879, 17.76999999999999602, 23.29890043156112966 ) ) ;
#2063 =( NAMED_UNIT ( * ) SI_UNIT ( $, .STERADIAN. ) SOLID_ANGLE_UNIT ( ) );
#2064 = VECTOR ( 'NONE', #4834, 1000.000000000000000 ) ;
#2065 = CARTESIAN_POINT ( 'NONE',  ( -10.79999054116380997, 8.250000000000000000, 25.73360027965844665 ) ) ;
#2066 = CARTESIAN_POINT ( 'NONE',  ( -21.75872214769000479, 12.50000000000000000, 26.66038756237333374 ) ) ;
#2067 = ORIENTED_EDGE ( 'NONE', *, *, #5113, .T. ) ;
#2068 = ORIENTED_EDGE ( 'NONE', *, *, #2387, .F. ) ;
#2069 = CIRCLE ( 'NONE', #5767, 1.350000000000000533 ) ;
#2070 = ORIENTED_EDGE ( 'NONE', *, *, #3045, .F. ) ;
#2071 = PLANE ( 'NONE',  #602 ) ;
#2072 = EDGE_CURVE ( 'NONE', #3724, #2037, #4605, .T. ) ;
#2073 = CARTESIAN_POINT ( 'NONE',  ( 14.02106672353487227, 4.713004295695412793, -6.761230304006072167 ) ) ;
#2074 = DIRECTION ( 'NONE',  ( 1.000000000000000000, -0.000000000000000000, 0.000000000000000000 ) ) ;
#2075 = DIRECTION ( 'NONE',  ( -1.000000000000000000, 0.000000000000000000, 0.000000000000000000 ) ) ;
#2076 = EDGE_CURVE ( 'NONE', #4874, #5494, #3582, .T. ) ;
#2077 = EDGE_CURVE ( 'NONE', #6159, #3023, #2091, .T. ) ;
#2078 = MANIFOLD_SOLID_BREP ( 'New-radiator-holder-20240412.step<1>[1]', #387 ) ;
#2079 = EDGE_CURVE ( 'NONE', #2413, #221, #3450, .T. ) ;
#2080 = FACE_OUTER_BOUND ( 'NONE', #2629, .T. ) ;
#2081 = CARTESIAN_POINT ( 'NONE',  ( -53.99344095995156323, 12.50000000000000000, 22.93434452200543205 ) ) ;
#2082 = EDGE_CURVE ( 'NONE', #4320, #2763, #3744, .T. ) ;
#2083 = DIRECTION ( 'NONE',  ( -1.000000000000000000, -0.000000000000000000, -0.000000000000000000 ) ) ;
#2084 = AXIS2_PLACEMENT_3D ( 'NONE', #3998, #3461, #452 ) ;
#2085 = CARTESIAN_POINT ( 'NONE',  ( -12.49651859791752351, 5.479082202084430975, 27.73876969599392694 ) ) ;
#2086 = ORIENTED_EDGE ( 'NONE', *, *, #1332, .F. ) ;
#2087 = EDGE_LOOP ( 'NONE', ( #4140, #2336, #817, #5609 ) ) ;
#2088 = PLANE ( 'NONE',  #6008 ) ;
#2089 = CIRCLE ( 'NONE', #1979, 3.350000000000001421 ) ;
#2090 = PLANE ( 'NONE',  #1293 ) ;
#2091 = LINE ( 'NONE', #2556, #6399 ) ;
#2092 = EDGE_LOOP ( 'NONE', ( #2884, #325, #1734, #2664 ) ) ;
#2093 = DIRECTION ( 'NONE',  ( 0.000000000000000000, -1.000000000000000000, -0.000000000000000000 ) ) ;
#2094 = DIRECTION ( 'NONE',  ( 0.000000000000000000, 1.000000000000000000, 0.000000000000000000 ) ) ;
#2095 = AXIS2_PLACEMENT_3D ( 'NONE', #300, #6480, #4414 ) ;
#2096 = VERTEX_POINT ( 'NONE', #3206 ) ;
#2097 = CARTESIAN_POINT ( 'NONE',  ( -10.82140462413961934, 15.76999999999944713, 25.32705422904000159 ) ) ;
#2098 = CARTESIAN_POINT ( 'NONE',  ( -39.25872214768999413, 17.76999999999999957, 27.32705422903999803 ) ) ;
#2099 = DIRECTION ( 'NONE',  ( 0.000000000000000000, 1.000000000000000000, 0.000000000000000000 ) ) ;
#2100 = FACE_OUTER_BOUND ( 'NONE', #3929, .T. ) ;
#2101 = ORIENTED_EDGE ( 'NONE', *, *, #3081, .F. ) ;
#2102 = ORIENTED_EDGE ( 'NONE', *, *, #4378, .F. ) ;
#2103 = VERTEX_POINT ( 'NONE', #5757 ) ;
#2104 = CARTESIAN_POINT ( 'NONE',  ( 4.006559040048433218, 8.000000000000000000, 20.51434452200543390 ) ) ;
#2105 = DIRECTION ( 'NONE',  ( 0.000000000000000000, -1.000000000000000000, 0.000000000000000000 ) ) ;
#2106 = EDGE_CURVE ( 'NONE', #6364, #5861, #4080, .T. ) ;
#2107 = LINE ( 'NONE', #4131, #3700 ) ;
#2108 = CARTESIAN_POINT ( 'NONE',  ( -41.25872214768999413, 12.50000000000000000, 25.32705422904000159 ) ) ;
#2109 = CARTESIAN_POINT ( 'NONE',  ( -37.10780862777779987, 10.49999999999999645, 11.43822028064637131 ) ) ;
#2110 = CARTESIAN_POINT ( 'NONE',  ( -38.60223981824245953, 8.750000000000000000, 16.72284629709940162 ) ) ;
#2111 = VECTOR ( 'NONE', #3870, 1000.000000000000000 ) ;
#2112 = EDGE_CURVE ( 'NONE', #3754, #3644, #5451, .T. ) ;
#2113 = EDGE_CURVE ( 'NONE', #5937, #3526, #829, .T. ) ;
#2114 = LINE ( 'NONE', #1527, #2338 ) ;
#2115 = VECTOR ( 'NONE', #4665, 1000.000000000000000 ) ;
#2116 = CARTESIAN_POINT ( 'NONE',  ( -56.71569589905544717, 5.875000000000003553, -0.5000000000000000000 ) ) ;
#2117 = ORIENTED_EDGE ( 'NONE', *, *, #6111, .F. ) ;
#2118 = DIRECTION ( 'NONE',  ( 0.000000000000000000, 0.000000000000000000, 1.000000000000000000 ) ) ;
#2119 = VECTOR ( 'NONE', #521, 1000.000000000000000 ) ;
#2120 = DIRECTION ( 'NONE',  ( 1.000000000000000000, 0.000000000000000000, 3.110824955691249205E-17 ) ) ;
#2121 = AXIS2_PLACEMENT_3D ( 'NONE', #3492, #1541, #985 ) ;
#2122 = CARTESIAN_POINT ( 'NONE',  ( -35.65872214768999271, 15.76999999999999957, 23.52705422904000088 ) ) ;
#2123 = EDGE_CURVE ( 'NONE', #6431, #2566, #4209, .T. ) ;
#2124 = DIRECTION ( 'NONE',  ( 0.000000000000000000, 1.000000000000000000, -0.000000000000000000 ) ) ;
#2125 = EDGE_LOOP ( 'NONE', ( #5402, #5213, #1836, #4530 ) ) ;
#2126 = CARTESIAN_POINT ( 'NONE',  ( -70.59445670572583253, 8.717998577795750492, -3.761230304006072167 ) ) ;
#2127 = CARTESIAN_POINT ( 'NONE',  ( -4.258722147691999638, 12.50000000000000000, 1.147054229039999873 ) ) ;
#2128 = VECTOR ( 'NONE', #3715, 1000.000000000000000 ) ;
#2129 = EDGE_LOOP ( 'NONE', ( #4782, #2456, #4399, #850, #3459, #15 ) ) ;
#2130 = DIRECTION ( 'NONE',  ( -0.000000000000000000, -0.000000000000000000, -1.000000000000000000 ) ) ;
#2131 = B_SPLINE_CURVE_WITH_KNOTS ( 'NONE', 3,
 ( #2327, #1828, #3223, #4360 ),
 .UNSPECIFIED., .F., .F.,
 ( 4, 4 ),
 ( 0.000000000000000000, 1.000000000000000000 ),
 .UNSPECIFIED. ) ;
#2132 = VECTOR ( 'NONE', #1371, 999.9999999999998863 ) ;
#2133 = DIRECTION ( 'NONE',  ( 0.6018225830463210801, -0.7986298132022456864, -2.059381181262972011E-16 ) ) ;
#2134 = DIRECTION ( 'NONE',  ( 1.000000000000000000, 0.000000000000000000, 0.000000000000000000 ) ) ;
#2135 = FACE_OUTER_BOUND ( 'NONE', #878, .T. ) ;
#2136 = DIRECTION ( 'NONE',  ( -1.000000000000000000, 0.000000000000000000, 0.000000000000000000 ) ) ;
#2137 = ORIENTED_EDGE ( 'NONE', *, *, #6441, .T. ) ;
#2138 = ORIENTED_EDGE ( 'NONE', *, *, #910, .T. ) ;
#2139 = ORIENTED_EDGE ( 'NONE', *, *, #4239, .T. ) ;
#2140 = CARTESIAN_POINT ( 'NONE',  ( -37.45872214768999697, 17.10333333333333528, 6.747054229039997963 ) ) ;
#2141 = DIRECTION ( 'NONE',  ( 0.000000000000000000, 0.000000000000000000, 1.000000000000000000 ) ) ;
#2142 = ORIENTED_EDGE ( 'NONE', *, *, #378, .T. ) ;
#2143 = CARTESIAN_POINT ( 'NONE',  ( 4.006559040048433218, 5.875000000000003553, -1.415655477994569367 ) ) ;
#2144 = CARTESIAN_POINT ( 'NONE',  ( -20.19137825829315958, 5.512278550188185910, 27.73876969599392694 ) ) ;
#2145 = LINE ( 'NONE', #5257, #1700 ) ;
#2146 = CARTESIAN_POINT ( 'NONE',  ( -2.511149370983483120, 12.49999999999999822, 2.139816268298202928 ) ) ;
#2147 = DIRECTION ( 'NONE',  ( 1.000000000000000000, 0.000000000000000000, 0.000000000000000000 ) ) ;
#2148 = ORIENTED_EDGE ( 'NONE', *, *, #2592, .T. ) ;
#2149 = LINE ( 'NONE', #2181, #2404 ) ;
#2150 = CARTESIAN_POINT ( 'NONE',  ( 14.57660255292402773, 4.735238934357184348, -3.761230304006072167 ) ) ;
#2151 = EDGE_CURVE ( 'NONE', #4873, #5085, #4765, .T. ) ;
#2152 = CARTESIAN_POINT ( 'NONE',  ( -2.258722147692002302, 17.76999999999999247, 2.882028452945893271 ) ) ;
#2153 = EDGE_CURVE ( 'NONE', #783, #235, #4793, .T. ) ;
#2154 = MECHANICAL_DESIGN_GEOMETRIC_PRESENTATION_REPRESENTATION (  '', ( #4059 ), #3200 ) ;
#2155 = DIRECTION ( 'NONE',  ( 1.000000000000000000, 0.000000000000000000, 0.000000000000000000 ) ) ;
#2156 = ORIENTED_EDGE ( 'NONE', *, *, #2160, .F. ) ;
#2157 = PLANE ( 'NONE',  #3498 ) ;
#2158 = ORIENTED_EDGE ( 'NONE', *, *, #50, .F. ) ;
#2159 = EDGE_CURVE ( 'NONE', #4950, #4106, #3835, .T. ) ;
#2160 = EDGE_CURVE ( 'NONE', #5029, #2019, #2312, .T. ) ;
#2161 = CARTESIAN_POINT ( 'NONE',  ( -13.35826083555089205, 14.31486969996502623, 27.32705422903999803 ) ) ;
#2162 = CARTESIAN_POINT ( 'NONE',  ( 0.000000000000000000, -3.250000000000000000, 27.73876969599392694 ) ) ;
#2163 = CYLINDRICAL_SURFACE ( 'NONE', #5826, 0.5000000000000004441 ) ;
#2164 = EDGE_CURVE ( 'NONE', #2809, #3486, #5875, .T. ) ;
#2165 = DIRECTION ( 'NONE',  ( 0.000000000000000000, -0.000000000000000000, 1.000000000000000000 ) ) ;
#2166 = ORIENTED_EDGE ( 'NONE', *, *, #3046, .F. ) ;
#2167 = ORIENTED_EDGE ( 'NONE', *, *, #6201, .T. ) ;
#2168 = ORIENTED_EDGE ( 'NONE', *, *, #1752, .F. ) ;
#2169 = DIRECTION ( 'NONE',  ( 0.000000000000000000, 1.000000000000000000, 0.000000000000000000 ) ) ;
#2170 = EDGE_CURVE ( 'NONE', #4253, #4333, #197, .T. ) ;
#2171 = DIRECTION ( 'NONE',  ( 0.000000000000000000, 0.000000000000000000, 1.000000000000000000 ) ) ;
#2172 = VERTEX_POINT ( 'NONE', #291 ) ;
#2173 = FACE_OUTER_BOUND ( 'NONE', #5297, .T. ) ;
#2174 = VECTOR ( 'NONE', #321, 1000.000000000000000 ) ;
#2175 = CARTESIAN_POINT ( 'NONE',  ( 6.352138378250272055, -3.250000000000000000, -6.761230304006072167 ) ) ;
#2176 = AXIS2_PLACEMENT_3D ( 'NONE', #3612, #2124, #3 ) ;
#2177 = DIRECTION ( 'NONE',  ( 0.000000000000000000, 0.000000000000000000, 1.000000000000000000 ) ) ;
#2178 = CARTESIAN_POINT ( 'NONE',  ( 4.506559040048433218, 0.000000000000000000, 0.000000000000000000 ) ) ;
#2179 = DIRECTION ( 'NONE',  ( -0.000000000000000000, -0.000000000000000000, -1.000000000000000000 ) ) ;
#2180 = VERTEX_POINT ( 'NONE', #737 ) ;
#2181 = CARTESIAN_POINT ( 'NONE',  ( -50.68096454494118319, 5.875000000000003553, 23.43434452200543205 ) ) ;
#2182 = AXIS2_PLACEMENT_3D ( 'NONE', #2774, #692, #4276 ) ;
#2183 = DIRECTION ( 'NONE',  ( -1.000000000000000000, 0.000000000000000000, 0.000000000000000000 ) ) ;
#2184 = DIRECTION ( 'NONE',  ( 0.000000000000000000, 1.000000000000000000, 0.000000000000000000 ) ) ;
#2185 = VECTOR ( 'NONE', #3264, 1000.000000000000000 ) ;
#2186 = ORIENTED_EDGE ( 'NONE', *, *, #6278, .T. ) ;
#2187 = CARTESIAN_POINT ( 'NONE',  ( -6.058722147692000348, 17.76999999999999957, 16.73372089570666432 ) ) ;
#2188 = ADVANCED_FACE ( 'NONE', ( #6256 ), #164, .F. ) ;
#2189 = FILL_AREA_STYLE ('',( #4176 ) ) ;
#2190 = ORIENTED_EDGE ( 'NONE', *, *, #4587, .T. ) ;
#2191 = EDGE_CURVE ( 'NONE', #2829, #4361, #1126, .T. ) ;
#2192 = VECTOR ( 'NONE', #3661, 1000.000000000000000 ) ;
#2193 = B_SPLINE_CURVE_WITH_KNOTS ( 'NONE', 3,
 ( #4628, #93, #1476, #2465 ),
 .UNSPECIFIED., .F., .F.,
 ( 4, 4 ),
 ( 0.000000000000000000, 1.000000000000000000 ),
 .UNSPECIFIED. ) ;
#2194 = DIRECTION ( 'NONE',  ( 0.000000000000000000, 0.000000000000000000, -1.000000000000000000 ) ) ;
#2195 = APPLICATION_CONTEXT ( 'automotive_design' ) ;
#2196 = CARTESIAN_POINT ( 'NONE',  ( -2.800420255819354942, 10.50000000000000000, 0.1666666666666664909 ) ) ;
#2197 = DIRECTION ( 'NONE',  ( 1.000000000000000000, 0.000000000000000000, 0.000000000000000000 ) ) ;
#2198 = CARTESIAN_POINT ( 'NONE',  ( -37.23153764672765220, 15.76999999999999957, 5.840540064372380158 ) ) ;
#2199 = ORIENTED_EDGE ( 'NONE', *, *, #2906, .T. ) ;
#2200 = EDGE_CURVE ( 'NONE', #4016, #4713, #4096, .T. ) ;
#2201 = VECTOR ( 'NONE', #2130, 1000.000000000000000 ) ;
#2202 = ORIENTED_EDGE ( 'NONE', *, *, #4827, .T. ) ;
#2203 = ORIENTED_EDGE ( 'NONE', *, *, #227, .F. ) ;
#2204 = FACE_OUTER_BOUND ( 'NONE', #2092, .T. ) ;
#2205 = CYLINDRICAL_SURFACE ( 'NONE', #2436, 2.419999999999998597 ) ;
#2206 = VERTEX_POINT ( 'NONE', #1885 ) ;
#2207 = ADVANCED_FACE ( 'NONE', ( #1917 ), #4407, .T. ) ;
#2208 = DIRECTION ( 'NONE',  ( 0.000000000000000000, 0.000000000000000000, 1.000000000000000000 ) ) ;
#2209 = DIRECTION ( 'NONE',  ( 0.000000000000000000, 0.000000000000000000, 1.000000000000000000 ) ) ;
#2210 = ORIENTED_EDGE ( 'NONE', *, *, #6323, .T. ) ;
#2211 = LINE ( 'NONE', #3138, #6026 ) ;
#2212 = CARTESIAN_POINT ( 'NONE',  ( -66.59445670572583253, 4.717998577795753157, -3.761230304006072167 ) ) ;
#2213 = LINE ( 'NONE', #3231, #70 ) ;
#2214 = ORIENTED_EDGE ( 'NONE', *, *, #4663, .F. ) ;
#2215 = FACE_OUTER_BOUND ( 'NONE', #4149, .T. ) ;
#2216 = DIRECTION ( 'NONE',  ( -0.000000000000000000, -0.000000000000000000, 1.000000000000000000 ) ) ;
#2217 = CARTESIAN_POINT ( 'NONE',  ( 0.000000000000000000, 0.000000000000000000, -0.5000000000000000000 ) ) ;
#2218 = AXIS2_PLACEMENT_3D ( 'NONE', #2212, #6249, #3428 ) ;
#2219 = CARTESIAN_POINT ( 'NONE',  ( 9.852138378250273831, -3.250000000000000000, -3.261230304006073055 ) ) ;
#2220 = ORIENTED_EDGE ( 'NONE', *, *, #1154, .T. ) ;
#2221 = CARTESIAN_POINT ( 'NONE',  ( -8.633843798657332869, 15.76999999999999602, 3.147054229040000539 ) ) ;
#2222 = SURFACE_SIDE_STYLE ('',( #3646 ) ) ;
#2223 = VECTOR ( 'NONE', #445, 1000.000000000000000 ) ;
#2224 = ORIENTED_EDGE ( 'NONE', *, *, #1154, .F. ) ;
#2225 = VECTOR ( 'NONE', #2429, 1000.000000000000000 ) ;
#2226 = LINE ( 'NONE', #6292, #6518 ) ;
#2227 = ADVANCED_FACE ( 'NONE', ( #3903 ), #353, .F. ) ;
#2228 = LINE ( 'NONE', #3650, #4092 ) ;
#2229 = LINE ( 'NONE', #6264, #4075 ) ;
#2230 = CARTESIAN_POINT ( 'NONE',  ( 4.506559040048433218, 10.50000000000000000, 19.62186810699505202 ) ) ;
#2231 = ORIENTED_EDGE ( 'NONE', *, *, #290, .F. ) ;
#2232 = CIRCLE ( 'NONE', #3711, 2.419999999999998597 ) ;
#2233 = ORIENTED_EDGE ( 'NONE', *, *, #295, .T. ) ;
#2234 = AXIS2_PLACEMENT_3D ( 'NONE', #698, #2184, #3177 ) ;
#2235 = VERTEX_POINT ( 'NONE', #4889 ) ;
#2236 = CARTESIAN_POINT ( 'NONE',  ( -53.99344095995156323, 8.000000000000000000, -0.06565547799456880607 ) ) ;
#2237 = EDGE_CURVE ( 'NONE', #3895, #1469, #1856, .T. ) ;
#2238 = PRODUCT_DEFINITION_SHAPE ( 'NONE', 'NONE',  #2478 ) ;
#2239 = DIRECTION ( 'NONE',  ( -1.000000000000000000, 0.000000000000000000, -0.000000000000000000 ) ) ;
#2240 = ORIENTED_EDGE ( 'NONE', *, *, #1512, .T. ) ;
#2241 = FACE_OUTER_BOUND ( 'NONE', #679, .T. ) ;
#2242 = ORIENTED_EDGE ( 'NONE', *, *, #5885, .F. ) ;
#2243 = EDGE_CURVE ( 'NONE', #4830, #4600, #4483, .T. ) ;
#2244 = ADVANCED_FACE ( 'NONE', ( #4854 ), #1399, .F. ) ;
#2245 = CARTESIAN_POINT ( 'NONE',  ( -35.65872214768999271, 12.50000000000000000, 21.72705422903999661 ) ) ;
#2246 = EDGE_CURVE ( 'NONE', #2502, #2943, #2069, .T. ) ;
#2247 = CARTESIAN_POINT ( 'NONE',  ( -39.25872214768999413, 17.76999999999999957, 1.147054229039999873 ) ) ;
#2248 = DIRECTION ( 'NONE',  ( -0.000000000000000000, 1.000000000000000000, -0.000000000000000000 ) ) ;
#2249 = ORIENTED_EDGE ( 'NONE', *, *, #133, .F. ) ;
#2250 = CARTESIAN_POINT ( 'NONE',  ( -50.38856591388922368, 7.483490513531148913, 26.71994397445526204 ) ) ;
#2251 = AXIS2_PLACEMENT_3D ( 'NONE', #1002, #4997, #4007 ) ;
#2252 = CARTESIAN_POINT ( 'NONE',  ( -46.63866157316878969, 10.50000000000000000, -0.5000000000000000000 ) ) ;
#2253 = CARTESIAN_POINT ( 'NONE',  ( -3.031734175909298834, 17.76999999999999602, 1.545512073673646514 ) ) ;
#2254 = VERTEX_POINT ( 'NONE', #5422 ) ;
#2255 = DIRECTION ( 'NONE',  ( -0.000000000000000000, -0.000000000000000000, 1.000000000000000000 ) ) ;
#2256 = DIRECTION ( 'NONE',  ( 0.7564359749186869708, -0.6540677456111221311, 0.000000000000000000 ) ) ;
#2257 = EDGE_CURVE ( 'NONE', #431, #512, #63, .T. ) ;
#2258 = ORIENTED_EDGE ( 'NONE', *, *, #2191, .T. ) ;
#2259 = CARTESIAN_POINT ( 'NONE',  ( -10.15238152443833641, 16.18178067431527722, 27.32705422903999803 ) ) ;
#2260 = CARTESIAN_POINT ( 'NONE',  ( -2.800420255819354942, 10.50000000000000000, 0.5000000000000000000 ) ) ;
#2261 = DIRECTION ( 'NONE',  ( 1.000000000000000000, 0.000000000000000000, 0.000000000000000000 ) ) ;
#2262 = ORIENTED_EDGE ( 'NONE', *, *, #1235, .F. ) ;
#2263 = DIRECTION ( 'NONE',  ( -0.000000000000000000, -1.000000000000000000, -0.000000000000000000 ) ) ;
#2264 = ORIENTED_EDGE ( 'NONE', *, *, #3968, .F. ) ;
#2265 = ORIENTED_EDGE ( 'NONE', *, *, #6402, .T. ) ;
#2266 = EDGE_LOOP ( 'NONE', ( #1872, #2622, #2167, #5068 ) ) ;
#2267 = CARTESIAN_POINT ( 'NONE',  ( -32.69603967124039912, 15.76999999999944713, 4.947054229039999917 ) ) ;
#2268 = B_SPLINE_CURVE_WITH_KNOTS ( 'NONE', 3,
 ( #623, #1616, #1274, #5335 ),
 .UNSPECIFIED., .F., .F.,
 ( 4, 4 ),
 ( 0.000000000000000000, 1.000000000000000000 ),
 .UNSPECIFIED. ) ;
#2269 = DIRECTION ( 'NONE',  ( 0.000000000000000000, -1.000000000000000000, 0.000000000000000000 ) ) ;
#2270 = VERTEX_POINT ( 'NONE', #2345 ) ;
#2271 = ORIENTED_EDGE ( 'NONE', *, *, #502, .T. ) ;
#2272 = EDGE_CURVE ( 'NONE', #775, #4505, #6377, .T. ) ;
#2273 = CARTESIAN_POINT ( 'NONE',  ( -40.26596010843179130, 17.76999999999999602, 27.07462700574850700 ) ) ;
#2274 = VECTOR ( 'NONE', #6484, 1000.000000000000114 ) ;
#2275 = DIRECTION ( 'NONE',  ( -0.000000000000000000, 0.000000000000000000, -1.000000000000000000 ) ) ;
#2276 = ADVANCED_FACE ( 'NONE', ( #3433 ), #5457, .F. ) ;
#2277 = EDGE_CURVE ( 'NONE', #4462, #462, #6110, .T. ) ;
#2278 = CARTESIAN_POINT ( 'NONE',  ( -50.67171778722872233, 5.875000000000003553, -0.5000000000000000000 ) ) ;
#2279 = DIRECTION ( 'NONE',  ( 2.725994033677839551E-15, 0.000000000000000000, 1.000000000000000000 ) ) ;
#2280 = AXIS2_PLACEMENT_3D ( 'NONE', #894, #3871, #2903 ) ;
#2281 = DIRECTION ( 'NONE',  ( 0.000000000000000000, -2.200000000000000003E-16, -1.000000000000000000 ) ) ;
#2282 = CARTESIAN_POINT ( 'NONE',  ( 3.469226652074589801, 0.000000000000000000, -4.193319939474274181E-16 ) ) ;
#2283 = EDGE_CURVE ( 'NONE', #3196, #940, #517, .T. ) ;
#2284 =( NAMED_UNIT ( * ) PLANE_ANGLE_UNIT ( ) SI_UNIT ( $, .RADIAN. ) );
#2285 = ORIENTED_EDGE ( 'NONE', *, *, #3205, .F. ) ;
#2286 = DIRECTION ( 'NONE',  ( 0.000000000000000000, 1.000000000000000000, 0.000000000000000000 ) ) ;
#2287 = EDGE_CURVE ( 'NONE', #6488, #3988, #587, .T. ) ;
#2288 = DIRECTION ( 'NONE',  ( 1.000000000000000000, 0.000000000000000000, 0.000000000000000000 ) ) ;
#2289 = EDGE_LOOP ( 'NONE', ( #4013, #6135, #3558, #4271 ) ) ;
#2290 = CARTESIAN_POINT ( 'NONE',  ( -37.45872214768999697, 17.76999999999999957, 21.72705422903999661 ) ) ;
#2291 = AXIS2_PLACEMENT_3D ( 'NONE', #3544, #528, #3043 ) ;
#2292 = CARTESIAN_POINT ( 'NONE',  ( -60.04560449174972803, 10.50000000000000000, 24.23876969599392694 ) ) ;
#2293 = LINE ( 'NONE', #4742, #2064 ) ;
#2294 = CARTESIAN_POINT ( 'NONE',  ( -42.66762651602910239, 10.50000000000000000, 13.32093663378251769 ) ) ;
#2295 = VERTEX_POINT ( 'NONE', #4065 ) ;
#2296 = VECTOR ( 'NONE', #2007, 1000.000000000000000 ) ;
#2297 = ORIENTED_EDGE ( 'NONE', *, *, #215, .F. ) ;
#2298 = ORIENTED_EDGE ( 'NONE', *, *, #5681, .T. ) ;
#2299 = DIRECTION ( 'NONE',  ( -1.000000000000000000, 0.000000000000000000, 0.000000000000000000 ) ) ;
#2300 = UNCERTAINTY_MEASURE_WITH_UNIT (LENGTH_MEASURE( 1.000000000000000082E-05 ), #139, 'distance_accuracy_value', 'NONE');
#2301 = CIRCLE ( 'NONE', #3890, 2.420000000000002149 ) ;
#2302 = CARTESIAN_POINT ( 'NONE',  ( -35.65872214768999982, 16.43666666666666387, 23.52705422904000088 ) ) ;
#2303 = VERTEX_POINT ( 'NONE', #1548 ) ;
#2304 = ORIENTED_EDGE ( 'NONE', *, *, #5520, .T. ) ;
#2305 = CIRCLE ( 'NONE', #2933, 1.349999999999998757 ) ;
#2306 = EDGE_CURVE ( 'NONE', #1343, #1206, #5980, .T. ) ;
#2307 = CYLINDRICAL_SURFACE ( 'NONE', #5075, 2.000000000000001776 ) ;
#2308 = DIRECTION ( 'NONE',  ( -1.000000000000000000, 0.000000000000000000, 0.000000000000000000 ) ) ;
#2309 = FACE_OUTER_BOUND ( 'NONE', #5746, .T. ) ;
#2310 = EDGE_CURVE ( 'NONE', #3644, #591, #2573, .T. ) ;
#2311 = CARTESIAN_POINT ( 'NONE',  ( -4.258722147691999638, 17.76999999999999957, 27.32705422903999803 ) ) ;
#2312 = LINE ( 'NONE', #5822, #3975 ) ;
#2313 = VERTEX_POINT ( 'NONE', #5616 ) ;
#2314 = CARTESIAN_POINT ( 'NONE',  ( -39.25872214768999413, 12.50000000000000000, 14.23705422903999995 ) ) ;
#2315 = CARTESIAN_POINT ( 'NONE',  ( 0.000000000000000000, 0.000000000000000000, 23.43434452200543205 ) ) ;
#2316 = ORIENTED_EDGE ( 'NONE', *, *, #1027, .T. ) ;
#2317 = ORIENTED_EDGE ( 'NONE', *, *, #4312, .T. ) ;
#2318 = LINE ( 'NONE', #3877, #6310 ) ;
#2319 = ADVANCED_FACE ( 'NONE', ( #4228 ), #1676, .F. ) ;
#2320 = VECTOR ( 'NONE', #3734, 1000.000000000000000 ) ;
#2321 = PLANE ( 'NONE',  #3506 ) ;
#2322 = CARTESIAN_POINT ( 'NONE',  ( 0.000000000000000000, 0.000000000000000000, 0.5000000000000000000 ) ) ;
#2323 = VERTEX_POINT ( 'NONE', #150 ) ;
#2324 = CIRCLE ( 'NONE', #5179, 3.350000000000002309 ) ;
#2325 = CARTESIAN_POINT ( 'NONE',  ( 4.006559040048433218, 8.000000000000000000, -0.06565547799456880607 ) ) ;
#2326 = ORIENTED_EDGE ( 'NONE', *, *, #4896, .F. ) ;
#2327 = CARTESIAN_POINT ( 'NONE',  ( -2.258722147692000082, 12.50000000000000000, 25.32705422904000159 ) ) ;
#2328 = CIRCLE ( 'NONE', #2121, 1.350000000000000533 ) ;
#2329 = VERTEX_POINT ( 'NONE', #3102 ) ;
#2330 = PRODUCT_DEFINITION_SHAPE ( 'NONE', 'NONE',  #1630 ) ;
#2331 = VERTEX_POINT ( 'NONE', #5740 ) ;
#2332 = CARTESIAN_POINT ( 'NONE',  ( 1.873062941308192730, 8.000000000000000000, 24.07653294632962115 ) ) ;
#2333 = LINE ( 'NONE', #2825, #5508 ) ;
#2334 = VECTOR ( 'NONE', #3208, 1000.000000000000000 ) ;
#2335 = CARTESIAN_POINT ( 'NONE',  ( 2.174156397750730996, 5.875000000000003553, 25.73876969599392694 ) ) ;
#2336 = ORIENTED_EDGE ( 'NONE', *, *, #3623, .T. ) ;
#2337 = ORIENTED_EDGE ( 'NONE', *, *, #134, .F. ) ;
#2338 = VECTOR ( 'NONE', #5190, 1000.000000000000000 ) ;
#2339 = AXIS2_PLACEMENT_3D ( 'NONE', #3980, #5498, #5003 ) ;
#2340 = AXIS2_PLACEMENT_3D ( 'NONE', #5221, #5713, #727 ) ;
#2341 = PLANE ( 'NONE',  #3595 ) ;
#2342 = CARTESIAN_POINT ( 'NONE',  ( -2.258722147692000082, 12.50000000000000000, 25.32705422904000159 ) ) ;
#2343 = CARTESIAN_POINT ( 'NONE',  ( 4.553332877239093079, 5.875000000000003553, 3.239422186896803169 ) ) ;
#2344 = CARTESIAN_POINT ( 'NONE',  ( -32.69603967124039912, 15.76999999999944713, 23.52705422904000088 ) ) ;
#2345 = CARTESIAN_POINT ( 'NONE',  ( -53.99344095995156323, 12.50000000000000000, 20.51434452200543035 ) ) ;
#2346 = ORIENTED_EDGE ( 'NONE', *, *, #2072, .T. ) ;
#2347 = DIRECTION ( 'NONE',  ( -0.000000000000000000, 0.000000000000000000, -1.000000000000000000 ) ) ;
#2348 = CARTESIAN_POINT ( 'NONE',  ( 6.352138378250272055, 12.50000000000000000, 24.23876969599392694 ) ) ;
#2349 = VECTOR ( 'NONE', #1497, 1000.000000000000000 ) ;
#2350 = ORIENTED_EDGE ( 'NONE', *, *, #1960, .T. ) ;
#2351 = VERTEX_POINT ( 'NONE', #1219 ) ;
#2352 = CARTESIAN_POINT ( 'NONE',  ( -53.49344095995156323, 10.50000000000000000, 16.15947316483460128 ) ) ;
#2353 = B_SPLINE_CURVE_WITH_KNOTS ( 'NONE', 3,
 ( #3809, #4179, #2785, #6195 ),
 .UNSPECIFIED., .F., .F.,
 ( 4, 4 ),
 ( 0.000000000000000000, 1.000000000000000000 ),
 .UNSPECIFIED. ) ;
#2354 = EDGE_CURVE ( 'NONE', #265, #2496, #2643, .T. ) ;
#2355 = CARTESIAN_POINT ( 'NONE',  ( 4.006559040048433218, 8.000000000000000000, -0.06565547799456880607 ) ) ;
#2356 = DIRECTION ( 'NONE',  ( 1.000000000000000000, 0.000000000000000000, -0.000000000000000000 ) ) ;
#2357 = ORIENTED_EDGE ( 'NONE', *, *, #4343, .T. ) ;
#2358 = CARTESIAN_POINT ( 'NONE',  ( -23.68836541232418114, 12.50000000000000000, 25.32705422904000159 ) ) ;
#2359 = ORIENTED_EDGE ( 'NONE', *, *, #5561, .T. ) ;
#2360 = DIRECTION ( 'NONE',  ( 0.000000000000000000, 1.000000000000000000, 0.000000000000000000 ) ) ;
#2361 = EDGE_CURVE ( 'NONE', #5704, #4733, #5662, .T. ) ;
#2362 = ADVANCED_FACE ( 'NONE', ( #5678 ), #1090, .F. ) ;
#2363 = ORIENTED_EDGE ( 'NONE', *, *, #2957, .F. ) ;
#2364 = ORIENTED_EDGE ( 'NONE', *, *, #2397, .F. ) ;
#2365 = CARTESIAN_POINT ( 'NONE',  ( 0.6848358673255958706, 10.50000000000000000, -0.4999999999999998890 ) ) ;
#2366 = CARTESIAN_POINT ( 'NONE',  ( -20.19137825829315602, 7.159555455029352977, 35.00000000000000000 ) ) ;
#2367 = ADVANCED_FACE ( 'NONE', ( #184, #5710 ), #2700, .T. ) ;
#2368 = DIRECTION ( 'NONE',  ( 0.000000000000000000, 0.000000000000000000, 1.000000000000000000 ) ) ;
#2369 = ORIENTED_EDGE ( 'NONE', *, *, #4933, .F. ) ;
#2370 = ORIENTED_EDGE ( 'NONE', *, *, #5113, .F. ) ;
#2371 = EDGE_LOOP ( 'NONE', ( #5714, #3059, #5376, #280 ) ) ;
#2372 = EDGE_CURVE ( 'NONE', #5447, #2924, #3221, .T. ) ;
#2373 = CARTESIAN_POINT ( 'NONE',  ( -39.25872214768999413, 17.76999999999999957, 1.147054229039999873 ) ) ;
#2374 = CARTESIAN_POINT ( 'NONE',  ( -40.48781558763982957, 17.77000000000000313, 1.547720544243638807 ) ) ;
#2375 = DIRECTION ( 'NONE',  ( 1.000000000000000000, 0.000000000000000000, 0.000000000000000000 ) ) ;
#2376 = AXIS2_PLACEMENT_3D ( 'NONE', #1583, #4003, #4627 ) ;
#2377 = LINE ( 'NONE', #1779, #3804 ) ;
#2378 = CARTESIAN_POINT ( 'NONE',  ( -35.39205548102333410, 17.77000000000000313, 23.52705422904000088 ) ) ;
#2379 = ORIENTED_EDGE ( 'NONE', *, *, #4319, .T. ) ;
#2380 = LINE ( 'NONE', #4409, #4359 ) ;
#2381 = FACE_OUTER_BOUND ( 'NONE', #1329, .T. ) ;
#2382 = STYLED_ITEM ( 'NONE', ( #3713 ), #2078 ) ;
#2383 = ORIENTED_EDGE ( 'NONE', *, *, #2561, .T. ) ;
#2384 = ORIENTED_EDGE ( 'NONE', *, *, #2816, .F. ) ;
#2385 = LINE ( 'NONE', #1822, #609 ) ;
#2386 = CARTESIAN_POINT ( 'NONE',  ( -51.22703573346488071, 5.875000000000003553, -0.5000000000000000000 ) ) ;
#2387 = EDGE_CURVE ( 'NONE', #5518, #1102, #5709, .T. ) ;
#2388 = CARTESIAN_POINT ( 'NONE',  ( -50.68096454494118319, 10.50000000000000000, 22.43434452200543205 ) ) ;
#2389 = EDGE_LOOP ( 'NONE', ( #1704, #3389, #5204, #3593 ) ) ;
#2390 = CARTESIAN_POINT ( 'NONE',  ( -41.02138857898814450, 10.49999999999999822, 17.29530658827989953 ) ) ;
#2391 = PLANE ( 'NONE',  #2960 ) ;
#2392 = EDGE_CURVE ( 'NONE', #1508, #3679, #6272, .T. ) ;
#2393 = ORIENTED_EDGE ( 'NONE', *, *, #1798, .T. ) ;
#2394 = ORIENTED_EDGE ( 'NONE', *, *, #2480, .F. ) ;
#2395 = CARTESIAN_POINT ( 'NONE',  ( -21.75872214769000124, 15.76999999999999957, 14.23705422903999995 ) ) ;
#2396 = LINE ( 'NONE', #4876, #5084 ) ;
#2397 = EDGE_CURVE ( 'NONE', #5671, #4985, #651, .T. ) ;
#2398 = CARTESIAN_POINT ( 'NONE',  ( -41.00629492439851731, 17.76999999999999957, 26.33429218978179520 ) ) ;
#2399 = LINE ( 'NONE', #3318, #6136 ) ;
#2400 = ORIENTED_EDGE ( 'NONE', *, *, #947, .T. ) ;
#2401 = ORIENTED_EDGE ( 'NONE', *, *, #2576, .T. ) ;
#2402 = ORIENTED_EDGE ( 'NONE', *, *, #3016, .F. ) ;
#2403 = LINE ( 'NONE', #4467, #1662 ) ;
#2404 = VECTOR ( 'NONE', #2741, 1000.000000000000000 ) ;
#2405 = APPLICATION_CONTEXT ( 'automotive_design' ) ;
#2406 = EDGE_CURVE ( 'NONE', #6431, #1516, #1802, .T. ) ;
#2407 = CARTESIAN_POINT ( 'NONE',  ( 14.02106672353487227, 0.7130042956954123490, -3.761230304006072167 ) ) ;
#2408 = AXIS2_PLACEMENT_3D ( 'NONE', #3246, #5797, #141 ) ;
#2409 = CARTESIAN_POINT ( 'NONE',  ( 3.469226652074589357, 5.875000000000003553, 3.240970280211873611 ) ) ;
#2410 = CARTESIAN_POINT ( 'NONE',  ( -2.827916956681466587, 10.50000000000000000, 23.43434452200543205 ) ) ;
#2411 = CARTESIAN_POINT ( 'NONE',  ( -70.59445670572583253, 4.717998577795753157, -3.761230304006072167 ) ) ;
#2412 = DIRECTION ( 'NONE',  ( -1.000000000000000000, 0.000000000000000000, -0.000000000000000000 ) ) ;
#2413 = VERTEX_POINT ( 'NONE', #1643 ) ;
#2414 = CARTESIAN_POINT ( 'NONE',  ( -60.04560449174972803, 10.50000000000000178, -0.5000000000000000000 ) ) ;
#2415 = DIRECTION ( 'NONE',  ( -1.000000000000000000, 0.000000000000000000, 0.000000000000000000 ) ) ;
#2416 = ORIENTED_EDGE ( 'NONE', *, *, #3940, .T. ) ;
#2417 = ORIENTED_EDGE ( 'NONE', *, *, #61, .F. ) ;
#2418 = CYLINDRICAL_SURFACE ( 'NONE', #2615, 2.420000000000002149 ) ;
#2419 = DIRECTION ( 'NONE',  ( 0.000000000000000000, -2.200000000000000003E-16, -1.000000000000000000 ) ) ;
#2420 = DIRECTION ( 'NONE',  ( 1.000000000000000000, 0.000000000000000000, 0.000000000000000000 ) ) ;
#2421 = ORIENTED_EDGE ( 'NONE', *, *, #4224, .T. ) ;
#2422 = LINE ( 'NONE', #906, #3815 ) ;
#2423 = CARTESIAN_POINT ( 'NONE',  ( 3.469226652074590689, 12.50000000000000000, 6.828908360124231081 ) ) ;
#2424 = VERTEX_POINT ( 'NONE', #217 ) ;
#2425 = ORIENTED_EDGE ( 'NONE', *, *, #6111, .T. ) ;
#2426 = DIRECTION ( 'NONE',  ( -0.000000000000000000, 1.000000000000000000, 0.000000000000000000 ) ) ;
#2427 = CARTESIAN_POINT ( 'NONE',  ( -2.511149370983484452, 17.76999999999999602, 26.33429218978179875 ) ) ;
#2428 = DIRECTION ( 'NONE',  ( -1.000000000000000000, 0.000000000000000000, 0.000000000000000000 ) ) ;
#2429 = DIRECTION ( 'NONE',  ( 0.000000000000000000, 1.000000000000000000, 0.000000000000000000 ) ) ;
#2430 = ORIENTED_EDGE ( 'NONE', *, *, #526, .F. ) ;
#2431 = VECTOR ( 'NONE', #5750, 1000.000000000000000 ) ;
#2432 = EDGE_LOOP ( 'NONE', ( #6128, #427, #3707, #35 ) ) ;
#2433 = VECTOR ( 'NONE', #3621, 1000.000000000000000 ) ;
#2434 = ORIENTED_EDGE ( 'NONE', *, *, #4909, .T. ) ;
#2435 = CARTESIAN_POINT ( 'NONE',  ( -56.80620536528137876, 5.875000000000003553, 23.43434452200543205 ) ) ;
#2436 = AXIS2_PLACEMENT_3D ( 'NONE', #3760, #724, #2171 ) ;
#2437 = CARTESIAN_POINT ( 'NONE',  ( -61.54560449174972803, 10.50000000000000000, 24.23876969599391984 ) ) ;
#2438 = VECTOR ( 'NONE', #2255, 1000.000000000000000 ) ;
#2439 = CARTESIAN_POINT ( 'NONE',  ( 7.852138378250272943, 10.50000000000000000, -4.761230304006072167 ) ) ;
#2440 = EDGE_CURVE ( 'NONE', #4125, #2719, #1740, .T. ) ;
#2441 = ADVANCED_FACE ( 'NONE', ( #1613 ), #2205, .F. ) ;
#2442 = EDGE_CURVE ( 'NONE', #1368, #3336, #2446, .T. ) ;
#2443 = VECTOR ( 'NONE', #2817, 1000.000000000000000 ) ;
#2444 = CARTESIAN_POINT ( 'NONE',  ( -8.258722147691500481, 17.76999999999944890, 27.32705422903999803 ) ) ;
#2445 = CARTESIAN_POINT ( 'NONE',  ( -53.99344095995156323, 5.875000000000003553, -1.415655477994567590 ) ) ;
#2446 = B_SPLINE_CURVE_WITH_KNOTS ( 'NONE', 3,
 ( #3630, #3130, #5149, #616 ),
 .UNSPECIFIED., .F., .F.,
 ( 4, 4 ),
 ( 0.000000000000000000, 1.000000000000000000 ),
 .UNSPECIFIED. ) ;
#2447 = ORIENTED_EDGE ( 'NONE', *, *, #3363, .F. ) ;
#2448 = FACE_OUTER_BOUND ( 'NONE', #5640, .T. ) ;
#2449 = DIRECTION ( 'NONE',  ( 1.000000000000000000, -0.000000000000000000, 0.000000000000000000 ) ) ;
#2450 = VERTEX_POINT ( 'NONE', #3161 ) ;
#2451 = ORIENTED_EDGE ( 'NONE', *, *, #3076, .T. ) ;
#2452 = DIRECTION ( 'NONE',  ( 0.000000000000000000, 0.000000000000000000, 1.000000000000000000 ) ) ;
#2453 = EDGE_CURVE ( 'NONE', #5696, #5284, #1071, .T. ) ;
#2454 = DIRECTION ( 'NONE',  ( -0.000000000000000000, 1.000000000000000000, -0.000000000000000000 ) ) ;
#2455 = DIRECTION ( 'NONE',  ( 1.000000000000000000, 0.000000000000000000, 0.000000000000000000 ) ) ;
#2456 = ORIENTED_EDGE ( 'NONE', *, *, #133, .T. ) ;
#2457 = CARTESIAN_POINT ( 'NONE',  ( -13.43515625503130551, 4.040444544970648089, 26.77397846476551280 ) ) ;
#2458 = EDGE_CURVE ( 'NONE', #4713, #2862, #4160, .T. ) ;
#2459 = DIRECTION ( 'NONE',  ( -1.000000000000000000, 0.000000000000000000, 0.000000000000000000 ) ) ;
#2460 = ORIENTED_EDGE ( 'NONE', *, *, #1428, .T. ) ;
#2461 = ORIENTED_EDGE ( 'NONE', *, *, #6441, .F. ) ;
#2462 = CARTESIAN_POINT ( 'NONE',  ( -53.99344095995156323, 5.875000000000003553, -0.06565547799456880607 ) ) ;
#2463 = DIRECTION ( 'NONE',  ( 0.000000000000000000, -1.000000000000000000, 0.000000000000000000 ) ) ;
#2464 = B_SPLINE_CURVE_WITH_KNOTS ( 'NONE', 3,
 ( #4989, #992, #2473, #3465 ),
 .UNSPECIFIED., .F., .F.,
 ( 4, 4 ),
 ( 0.000000000000000000, 1.000000000000000000 ),
 .UNSPECIFIED. ) ;
#2465 = CARTESIAN_POINT ( 'NONE',  ( -39.25872214768999413, 12.50000000000000000, 3.147054229040000095 ) ) ;
#2466 = CARTESIAN_POINT ( 'NONE',  ( -6.755023590593533633, 15.76999999999999602, 5.305271677312578760 ) ) ;
#2467 = VERTEX_POINT ( 'NONE', #5181 ) ;
#2468 = CIRCLE ( 'NONE', #671, 3.350000000000002309 ) ;
#2469 = VERTEX_POINT ( 'NONE', #883 ) ;
#2470 = VERTEX_POINT ( 'NONE', #6427 ) ;
#2471 = CARTESIAN_POINT ( 'NONE',  ( 4.006559040048433218, 8.000000000000000000, 20.51434452200543390 ) ) ;
#2472 = CIRCLE ( 'NONE', #3633, 1.500000000000001332 ) ;
#2473 = CARTESIAN_POINT ( 'NONE',  ( -39.25872214769000124, 15.76999999999999957, 10.54038756237333452 ) ) ;
#2474 = CARTESIAN_POINT ( 'NONE',  ( -41.20666750102661524, 17.77000000000000313, 2.623558460321438801 ) ) ;
#2475 = EDGE_CURVE ( 'NONE', #6488, #6321, #2399, .T. ) ;
#2476 = CARTESIAN_POINT ( 'NONE',  ( -57.29533948658965414, 5.875000000000003553, 0.5000000000000000000 ) ) ;
#2477 = DIRECTION ( 'NONE',  ( 0.000000000000000000, 0.000000000000000000, 1.000000000000000000 ) ) ;
#2478 = PRODUCT_DEFINITION ( 'UNKNOWN', '', #968, #5807 ) ;
#2479 = ORIENTED_EDGE ( 'NONE', *, *, #339, .T. ) ;
#2480 = EDGE_CURVE ( 'NONE', #3952, #2295, #315, .T. ) ;
#2481 = CARTESIAN_POINT ( 'NONE',  ( -37.09812246400673530, 15.77000000000000313, 22.83323832499484141 ) ) ;
#2482 = DIRECTION ( 'NONE',  ( -1.000000000000000000, 0.000000000000000000, 0.000000000000000000 ) ) ;
#2483 = ORIENTED_EDGE ( 'NONE', *, *, #2766, .T. ) ;
#2484 = ORIENTED_EDGE ( 'NONE', *, *, #948, .F. ) ;
#2485 = CARTESIAN_POINT ( 'NONE',  ( -2.800420255819354942, 10.50000000000000000, -0.5000000000000000000 ) ) ;
#2486 = EDGE_CURVE ( 'NONE', #3918, #1508, #757, .T. ) ;
#2487 = DIRECTION ( 'NONE',  ( -1.000000000000000000, 0.000000000000000000, 0.000000000000000000 ) ) ;
#2488 = EDGE_CURVE ( 'NONE', #2502, #86, #1318, .T. ) ;
#2489 = DIRECTION ( 'NONE',  ( 0.000000000000000000, 1.000000000000000000, 0.000000000000000000 ) ) ;
#2490 = VERTEX_POINT ( 'NONE', #4842 ) ;
#2491 = DIRECTION ( 'NONE',  ( 0.000000000000000000, 0.000000000000000000, 1.000000000000000000 ) ) ;
#2492 = VECTOR ( 'NONE', #2261, 1000.000000000000000 ) ;
#2493 = CARTESIAN_POINT ( 'NONE',  ( -35.25872214769005097, 17.76999999999999957, 1.147054229039999873 ) ) ;
#2494 = ORIENTED_EDGE ( 'NONE', *, *, #1404, .T. ) ;
#2495 = B_SPLINE_SURFACE_WITH_KNOTS ( 'NONE', 3, 1, ( 
 ( #2260, #676 ),
 ( #1176, #6164 ),
 ( #2196, #4215 ),
 ( #240, #203 ),
 ( #5170, #172 ),
 ( #1143, #2753 ) ),
 .UNSPECIFIED., .F., .F., .F.,
 ( 4, 2, 4 ),
 ( 2, 2 ),
 ( 0.000000000000000000, 0.5000000000000000000, 1.000000000000000000 ),
 ( 0.000000000000000000, 1.000000000000000000 ),
 .UNSPECIFIED. ) ;
#2496 = VERTEX_POINT ( 'NONE', #4810 ) ;
#2497 = DIRECTION ( 'NONE',  ( -1.000000000000000000, 0.000000000000000000, 0.000000000000000000 ) ) ;
#2498 = VECTOR ( 'NONE', #2155, 1000.000000000000000 ) ;
#2499 = CARTESIAN_POINT ( 'NONE',  ( -41.00629492439851731, 12.50000000000000178, 2.139816268298201596 ) ) ;
#2500 = DIRECTION ( 'NONE',  ( 0.000000000000000000, 1.000000000000000000, 0.000000000000000000 ) ) ;
#2501 = CARTESIAN_POINT ( 'NONE',  ( -11.99651859791751818, 6.659555455029353865, 27.73876969599392694 ) ) ;
#2502 = VERTEX_POINT ( 'NONE', #1288 ) ;
#2503 = EDGE_CURVE ( 'NONE', #4567, #4106, #4428, .T. ) ;
#2504 = ORIENTED_EDGE ( 'NONE', *, *, #5800, .T. ) ;
#2505 = AXIS2_PLACEMENT_3D ( 'NONE', #4437, #4500, #5916 ) ;
#2506 = VERTEX_POINT ( 'NONE', #6333 ) ;
#2507 = CARTESIAN_POINT ( 'NONE',  ( -50.88856591388922368, -3.250000000000000000, 27.73876969599392694 ) ) ;
#2508 = FACE_OUTER_BOUND ( 'NONE', #5306, .T. ) ;
#2509 = CARTESIAN_POINT ( 'NONE',  ( -40.85805583248636452, 17.76999999999999957, 1.917960789090170204 ) ) ;
#2510 = B_SPLINE_CURVE_WITH_KNOTS ( 'NONE', 3,
 ( #2021, #2583, #5001, #5099 ),
 .UNSPECIFIED., .F., .F.,
 ( 4, 4 ),
 ( 0.000000000000000000, 1.000000000000000000 ),
 .UNSPECIFIED. ) ;
#2511 = AXIS2_PLACEMENT_3D ( 'NONE', #2730, #2764, #6331 ) ;
#2512 = ADVANCED_FACE ( 'NONE', ( #1256 ), #816, .T. ) ;
#2513 = CARTESIAN_POINT ( 'NONE',  ( -4.258722147691999638, 12.50000000000000000, 1.147054229039999873 ) ) ;
#2514 = CARTESIAN_POINT ( 'NONE',  ( -53.99344095995156323, 8.000000000000000000, 25.35434452200543376 ) ) ;
#2515 = AXIS2_PLACEMENT_3D ( 'NONE', #3452, #3487, #405 ) ;
#2516 = ORIENTED_EDGE ( 'NONE', *, *, #4903, .F. ) ;
#2517 = DIRECTION ( 'NONE',  ( 0.000000000000000000, 0.000000000000000000, 1.000000000000000000 ) ) ;
#2518 = LINE ( 'NONE', #6056, #3296 ) ;
#2519 = ORIENTED_EDGE ( 'NONE', *, *, #4656, .T. ) ;
#2520 = ORIENTED_EDGE ( 'NONE', *, *, #6201, .F. ) ;
#2521 = CARTESIAN_POINT ( 'NONE',  ( -2.258722147692000082, 17.76999999999999957, 25.32705422904000159 ) ) ;
#2522 = DIRECTION ( 'NONE',  ( -1.000000000000000000, 0.000000000000000000, 0.000000000000000000 ) ) ;
#2523 = CARTESIAN_POINT ( 'NONE',  ( -63.54560449174972803, 12.50000000000000000, 0.000000000000000000 ) ) ;
#2524 = VERTEX_POINT ( 'NONE', #3258 ) ;
#2525 = CARTESIAN_POINT ( 'NONE',  ( -48.31535629077411897, 8.567453508431418285, 23.43434452200543205 ) ) ;
#2526 = DIRECTION ( 'NONE',  ( 0.000000000000000000, 0.000000000000000000, 1.000000000000000000 ) ) ;
#2527 = ORIENTED_EDGE ( 'NONE', *, *, #1069, .T. ) ;
#2528 = EDGE_CURVE ( 'NONE', #6428, #369, #1039, .T. ) ;
#2529 = DIRECTION ( 'NONE',  ( -0.000000000000000000, -1.000000000000000000, -0.000000000000000000 ) ) ;
#2530 = FACE_BOUND ( 'NONE', #5222, .T. ) ;
#2531 = CARTESIAN_POINT ( 'NONE',  ( -57.34344095995156465, 5.875000000000003553, 23.43434452200543205 ) ) ;
#2532 = EDGE_CURVE ( 'NONE', #5975, #4600, #2765, .T. ) ;
#2533 = CARTESIAN_POINT ( 'NONE',  ( -7.858722147691999282, 15.76999999999999957, 4.947054229039999917 ) ) ;
#2534 = ORIENTED_EDGE ( 'NONE', *, *, #5722, .T. ) ;
#2535 = ORIENTED_EDGE ( 'NONE', *, *, #5430, .T. ) ;
#2536 = ORIENTED_EDGE ( 'NONE', *, *, #819, .T. ) ;
#2537 = CARTESIAN_POINT ( 'NONE',  ( 3.469226652074589801, 10.50000000000000000, -4.193319939474274181E-16 ) ) ;
#2538 = VECTOR ( 'NONE', #419, 1000.000000000000000 ) ;
#2539 = CARTESIAN_POINT ( 'NONE',  ( 3.506559040048433218, 8.005696803542699413, 20.07265214452147362 ) ) ;
#2540 = CIRCLE ( 'NONE', #4022, 3.350000000000002309 ) ;
#2541 = CARTESIAN_POINT ( 'NONE',  ( -6.416939595964034737, 15.77000000000000668, 22.83075278613717529 ) ) ;
#2542 = EDGE_CURVE ( 'NONE', #3486, #235, #4781, .T. ) ;
#2543 = CARTESIAN_POINT ( 'NONE',  ( -53.99344095995156323, 8.000000000000000000, -0.06565547799456880607 ) ) ;
#2544 = VECTOR ( 'NONE', #409, 1000.000000000000000 ) ;
#2545 = CARTESIAN_POINT ( 'NONE',  ( -41.25872214768999413, 12.50000000000000000, 25.32705422904000159 ) ) ;
#2546 = LINE ( 'NONE', #4566, #2962 ) ;
#2547 = CIRCLE ( 'NONE', #2860, 1.500000000000000000 ) ;
#2548 = ORIENTED_EDGE ( 'NONE', *, *, #6391, .T. ) ;
#2549 = LINE ( 'NONE', #4071, #2846 ) ;
#2550 = CARTESIAN_POINT ( 'NONE',  ( -39.25872214768999413, 17.76999999999999957, 27.32705422903999803 ) ) ;
#2551 = VECTOR ( 'NONE', #2454, 1000.000000000000000 ) ;
#2552 = ORIENTED_EDGE ( 'NONE', *, *, #2965, .T. ) ;
#2553 = VERTEX_POINT ( 'NONE', #5344 ) ;
#2554 = LINE ( 'NONE', #595, #5474 ) ;
#2555 = DIRECTION ( 'NONE',  ( 1.000000000000000000, -0.000000000000000000, -0.000000000000000000 ) ) ;
#2556 = CARTESIAN_POINT ( 'NONE',  ( -53.99344095995156323, 8.000000000000000000, 2.354344522005431983 ) ) ;
#2557 = ORIENTED_EDGE ( 'NONE', *, *, #5309, .T. ) ;
#2558 = CARTESIAN_POINT ( 'NONE',  ( 6.352138378250272055, 8.757473573018954127, -4.761230304006072167 ) ) ;
#2559 = DIRECTION ( 'NONE',  ( 0.000000000000000000, 0.5898336942704522912, -0.8075247445764560661 ) ) ;
#2560 = EDGE_LOOP ( 'NONE', ( #4408, #4940, #4510, #3439, #1383, #4455, #1284 ) ) ;
#2561 = EDGE_CURVE ( 'NONE', #2096, #277, #4888, .T. ) ;
#2562 = DIRECTION ( 'NONE',  ( 0.000000000000000000, 0.000000000000000000, 1.000000000000000000 ) ) ;
#2563 = DIRECTION ( 'NONE',  ( 1.000000000000000000, 0.000000000000000000, 0.000000000000000000 ) ) ;
#2564 = DIRECTION ( 'NONE',  ( 0.000000000000000000, 0.000000000000000000, -1.000000000000000000 ) ) ;
#2565 = PLANE ( 'NONE',  #4238 ) ;
#2566 = VERTEX_POINT ( 'NONE', #2335 ) ;
#2567 = ADVANCED_FACE ( 'NONE', ( #3825 ), #4877, .F. ) ;
#2568 = EDGE_CURVE ( 'NONE', #5902, #1335, #252, .T. ) ;
#2569 = ORIENTED_EDGE ( 'NONE', *, *, #5915, .F. ) ;
#2570 = ORIENTED_EDGE ( 'NONE', *, *, #5320, .F. ) ;
#2571 = DIRECTION ( 'NONE',  ( -0.000000000000000000, 1.000000000000000000, -0.000000000000000000 ) ) ;
#2572 = EDGE_CURVE ( 'NONE', #3918, #3745, #3892, .T. ) ;
#2573 = LINE ( 'NONE', #4592, #3125 ) ;
#2574 = CARTESIAN_POINT ( 'NONE',  ( -52.16103831765386190, 5.875000000000003553, 25.73876969599392694 ) ) ;
#2575 = FACE_OUTER_BOUND ( 'NONE', #568, .T. ) ;
#2576 = EDGE_CURVE ( 'NONE', #644, #1863, #2610, .T. ) ;
#2577 = CARTESIAN_POINT ( 'NONE',  ( 4.006559040048433218, 8.000000000000000000, -0.06565547799456880607 ) ) ;
#2578 = CARTESIAN_POINT ( 'NONE',  ( -9.170613190607328491, 16.93005041202412286, 1.147054229039999207 ) ) ;
#2579 = CARTESIAN_POINT ( 'NONE',  ( -21.75872214769000124, 12.50000000000000000, 14.23705422903999995 ) ) ;
#2580 = CARTESIAN_POINT ( 'NONE',  ( 6.352138378250272943, -3.250000000000000000, -3.261230304006072611 ) ) ;
#2581 = ORIENTED_EDGE ( 'NONE', *, *, #4991, .T. ) ;
#2582 = CARTESIAN_POINT ( 'NONE',  ( 4.006559040048433218, 5.875000000000003553, -0.06565547799456880607 ) ) ;
#2583 = CARTESIAN_POINT ( 'NONE',  ( -32.69603967124000121, 15.76999999999999602, 3.747054229040000184 ) ) ;
#2584 = CARTESIAN_POINT ( 'NONE',  ( 4.006559040048433218, 5.875000000000003553, 22.93434452200543205 ) ) ;
#2585 = EDGE_LOOP ( 'NONE', ( #3444, #2425, #5116, #1796 ) ) ;
#2586 = CARTESIAN_POINT ( 'NONE',  ( -54.49344095995157033, 5.875000000000003553, 20.17332055437357852 ) ) ;
#2587 = CARTESIAN_POINT ( 'NONE',  ( -61.54560449174972803, -3.250000000000000000, 24.23876969599392694 ) ) ;
#2588 = ORIENTED_EDGE ( 'NONE', *, *, #3316, .T. ) ;
#2589 = LINE ( 'NONE', #4611, #2726 ) ;
#2590 = ADVANCED_FACE ( 'NONE', ( #6303 ), #1770, .T. ) ;
#2591 = FACE_OUTER_BOUND ( 'NONE', #338, .T. ) ;
#2592 = EDGE_CURVE ( 'NONE', #5998, #2096, #3082, .T. ) ;
#2593 = AXIS2_PLACEMENT_3D ( 'NONE', #2577, #3468, #2607 ) ;
#2594 = CARTESIAN_POINT ( 'NONE',  ( -60.04560449174972803, 10.50000000000000000, 22.43434452200543205 ) ) ;
#2595 = DIRECTION ( 'NONE',  ( 1.000000000000000000, 0.000000000000000000, 0.000000000000000000 ) ) ;
#2596 = ORIENTED_EDGE ( 'NONE', *, *, #5880, .F. ) ;
#2597 = ORIENTED_EDGE ( 'NONE', *, *, #4053, .F. ) ;
#2598 = AXIS2_PLACEMENT_3D ( 'NONE', #4375, #929, #3366 ) ;
#2599 = ORIENTED_EDGE ( 'NONE', *, *, #3817, .T. ) ;
#2600 = FACE_OUTER_BOUND ( 'NONE', #5779, .T. ) ;
#2601 = ADVANCED_FACE ( 'NONE', ( #3058 ), #5577, .F. ) ;
#2602 = EDGE_CURVE ( 'NONE', #5043, #5235, #4494, .T. ) ;
#2603 = CARTESIAN_POINT ( 'NONE',  ( -67.07003059873778739, 4.735238934357180796, -6.761230304006072167 ) ) ;
#2604 = CARTESIAN_POINT ( 'NONE',  ( 1.873062941308193619, 8.250000000000000000, 21.79215609768124295 ) ) ;
#2605 = LINE ( 'NONE', #1026, #5150 ) ;
#2606 = ADVANCED_FACE ( 'NONE', ( #1052 ), #2958, .F. ) ;
#2607 = DIRECTION ( 'NONE',  ( 0.000000000000000000, 0.000000000000000000, 1.000000000000000000 ) ) ;
#2608 = CARTESIAN_POINT ( 'NONE',  ( -39.25872214768999413, 17.76999999999999957, 27.32705422903999803 ) ) ;
#2609 = CARTESIAN_POINT ( 'NONE',  ( -70.59445670572583253, 4.717998577795753157, -6.761230304006072167 ) ) ;
#2610 = B_SPLINE_CURVE_WITH_KNOTS ( 'NONE', 3,
 ( #5411, #2890, #4911, #4300 ),
 .UNSPECIFIED., .F., .F.,
 ( 4, 4 ),
 ( 0.000000000000000000, 1.000000000000000000 ),
 .UNSPECIFIED. ) ;
#2611 = PLANE ( 'NONE',  #3944 ) ;
#2612 = VERTEX_POINT ( 'NONE', #5081 ) ;
#2613 = CARTESIAN_POINT ( 'NONE',  ( -53.99344095995156323, 8.000000000000000000, 1.284344522005429923 ) ) ;
#2614 = CARTESIAN_POINT ( 'NONE',  ( -2.258722147692000082, 17.76999999999999957, 10.54038756237333274 ) ) ;
#2615 = AXIS2_PLACEMENT_3D ( 'NONE', #5930, #3338, #1924 ) ;
#2616 = CARTESIAN_POINT ( 'NONE',  ( 14.02106672353487227, 4.713004295695412793, -3.761230304006072167 ) ) ;
#2617 = DIRECTION ( 'NONE',  ( -0.000000000000000000, 1.000000000000000000, -0.000000000000000000 ) ) ;
#2618 = VERTEX_POINT ( 'NONE', #6010 ) ;
#2619 = LINE ( 'NONE', #1659, #1494 ) ;
#2620 = CARTESIAN_POINT ( 'NONE',  ( 1.873062941308192730, 8.250000000000000000, 17.31907693046060714 ) ) ;
#2621 = AXIS2_PLACEMENT_3D ( 'NONE', #2485, #562, #2120 ) ;
#2622 = ORIENTED_EDGE ( 'NONE', *, *, #3534, .T. ) ;
#2623 = CARTESIAN_POINT ( 'NONE',  ( 18.02106672353487227, 4.757473573018953239, -6.761230304006072167 ) ) ;
#2624 = CARTESIAN_POINT ( 'NONE',  ( -19.69137825829315602, 5.512278550188185910, 35.00000000000000000 ) ) ;
#2625 = CARTESIAN_POINT ( 'NONE',  ( -37.49605571639184376, 10.50000000000000000, 17.29530658827990308 ) ) ;
#2626 = DIRECTION ( 'NONE',  ( 0.000000000000000000, 0.000000000000000000, -1.000000000000000000 ) ) ;
#2627 = ORIENTED_EDGE ( 'NONE', *, *, #5828, .T. ) ;
#2628 = ORIENTED_EDGE ( 'NONE', *, *, #6430, .T. ) ;
#2629 = EDGE_LOOP ( 'NONE', ( #6459, #4894, #5048, #1087 ) ) ;
#2630 = FACE_OUTER_BOUND ( 'NONE', #3179, .T. ) ;
#2631 = B_SPLINE_CURVE_WITH_KNOTS ( 'NONE', 3,
 ( #1942, #6433, #5485, #5914 ),
 .UNSPECIFIED., .F., .F.,
 ( 4, 4 ),
 ( 0.000000000000000000, 1.000000000000000000 ),
 .UNSPECIFIED. ) ;
#2632 = DIRECTION ( 'NONE',  ( 0.000000000000000000, 0.000000000000000000, 1.000000000000000000 ) ) ;
#2633 = CARTESIAN_POINT ( 'NONE',  ( -7.619836860194360462, 15.77000000000000313, 23.52705422903999732 ) ) ;
#2634 = FACE_OUTER_BOUND ( 'NONE', #1681, .T. ) ;
#2635 = EDGE_CURVE ( 'NONE', #2329, #3009, #4982, .T. ) ;
#2636 = VECTOR ( 'NONE', #857, 1000.000000000000000 ) ;
#2637 = CARTESIAN_POINT ( 'NONE',  ( -36.20046978845007857, 10.50000000000000000, 12.47438779774185491 ) ) ;
#2638 = CYLINDRICAL_SURFACE ( 'NONE', #5384, 2.420000000000000373 ) ;
#2639 = VECTOR ( 'NONE', #6029, 1000.000000000000000 ) ;
#2640 = DIRECTION ( 'NONE',  ( 0.000000000000000000, -1.000000000000000000, 2.200000000000000003E-16 ) ) ;
#2641 = EDGE_CURVE ( 'NONE', #6431, #3724, #4948, .T. ) ;
#2642 = EDGE_CURVE ( 'NONE', #2506, #403, #2328, .T. ) ;
#2643 = CIRCLE ( 'NONE', #5289, 2.419999999999998597 ) ;
#2644 = EDGE_CURVE ( 'NONE', #5106, #2424, #545, .T. ) ;
#2645 = CARTESIAN_POINT ( 'NONE',  ( 6.352138378250272943, -3.250000000000000000, -3.261230304006072611 ) ) ;
#2646 = ORIENTED_EDGE ( 'NONE', *, *, #5114, .F. ) ;
#2647 = DIRECTION ( 'NONE',  ( 0.000000000000000000, 0.000000000000000000, 1.000000000000000000 ) ) ;
#2648 = VECTOR ( 'NONE', #659, 1000.000000000000000 ) ;
#2649 = CARTESIAN_POINT ( 'NONE',  ( 0.7046605134103508528, 10.50000000000000000, 0.4999999999999997780 ) ) ;
#2650 = ADVANCED_FACE ( 'NONE', ( #6526 ), #2565, .T. ) ;
#2651 = VECTOR ( 'NONE', #105, 1000.000000000000114 ) ;
#2652 = CARTESIAN_POINT ( 'NONE',  ( -39.25872214768999413, 12.50000000000000000, 20.26705422904000287 ) ) ;
#2653 = SURFACE_SIDE_STYLE ('',( #103 ) ) ;
#2654 = ORIENTED_EDGE ( 'NONE', *, *, #2392, .F. ) ;
#2655 = CARTESIAN_POINT ( 'NONE',  ( -13.22804947384475760, 4.040444544970648089, 26.77397846476551280 ) ) ;
#2656 = CARTESIAN_POINT ( 'NONE',  ( 0.7046605134103508528, 10.50000000000000000, 0.4999999999999997780 ) ) ;
#2657 = VECTOR ( 'NONE', #2949, 1000.000000000000000 ) ;
#2658 = VERTEX_POINT ( 'NONE', #2501 ) ;
#2659 = CARTESIAN_POINT ( 'NONE',  ( -40.64534701664091898, 12.49999999999999822, 17.47018917099167368 ) ) ;
#2660 = AXIS2_PLACEMENT_3D ( 'NONE', #3751, #5765, #5273 ) ;
#2661 = LINE ( 'NONE', #2162, #4251 ) ;
#2662 = CARTESIAN_POINT ( 'NONE',  ( -35.75872214769000124, 10.50000000000000000, 14.69520315768851759 ) ) ;
#2663 = CARTESIAN_POINT ( 'NONE',  ( -21.75872214769000124, 12.50000000000000000, 25.32705422904000159 ) ) ;
#2664 = ORIENTED_EDGE ( 'NONE', *, *, #1599, .F. ) ;
#2665 = ORIENTED_EDGE ( 'NONE', *, *, #5281, .T. ) ;
#2666 = EDGE_LOOP ( 'NONE', ( #2527, #198, #1378, #3627 ) ) ;
#2667 = CARTESIAN_POINT ( 'NONE',  ( 4.006559040048433218, 5.875000000000003553, 21.58434452200543063 ) ) ;
#2668 = DIRECTION ( 'NONE',  ( 0.000000000000000000, 1.000000000000000000, 0.000000000000000000 ) ) ;
#2669 = ORIENTED_EDGE ( 'NONE', *, *, #5800, .F. ) ;
#2670 = CARTESIAN_POINT ( 'NONE',  ( -21.38836543812355373, -3.250000000000000000, 25.73876969599392694 ) ) ;
#2671 = VECTOR ( 'NONE', #5721, 1000.000000000000000 ) ;
#2672 = CARTESIAN_POINT ( 'NONE',  ( 0.000000000000000000, 12.50000000000000000, 0.000000000000000000 ) ) ;
#2673 = ADVANCED_FACE ( 'NONE', ( #1420 ), #3421, .T. ) ;
#2674 = EDGE_CURVE ( 'NONE', #715, #6317, #6079, .T. ) ;
#2675 = CARTESIAN_POINT ( 'NONE',  ( 4.006559040048433218, 8.000000000000000000, -0.06565547799456880607 ) ) ;
#2676 = EDGE_CURVE ( 'NONE', #3540, #2467, #3525, .T. ) ;
#2677 = CARTESIAN_POINT ( 'NONE',  ( -12.49651859791752351, 5.479082202084430975, 35.00000000000000000 ) ) ;
#2678 = B_SPLINE_CURVE_WITH_KNOTS ( 'NONE', 3,
 ( #4366, #1380, #3385, #6395 ),
 .UNSPECIFIED., .F., .F.,
 ( 4, 4 ),
 ( 0.000000000000000000, 1.000000000000000000 ),
 .UNSPECIFIED. ) ;
#2679 = DIRECTION ( 'NONE',  ( -0.000000000000000000, -1.000000000000000000, -0.000000000000000000 ) ) ;
#2680 = VECTOR ( 'NONE', #4609, 1000.000000000000000 ) ;
#2681 = ORIENTED_EDGE ( 'NONE', *, *, #5479, .F. ) ;
#2682 = CARTESIAN_POINT ( 'NONE',  ( -51.60056723113756760, 8.750000000000000000, 25.27883920486393521 ) ) ;
#2683 = CARTESIAN_POINT ( 'NONE',  ( -13.08160286443803066, 4.186891154377374136, 27.73876969599392694 ) ) ;
#2684 = EDGE_CURVE ( 'NONE', #1890, #4855, #5047, .T. ) ;
#2685 = CARTESIAN_POINT ( 'NONE',  ( -35.25872214769000124, 17.77000000000000313, 24.79372089570666660 ) ) ;
#2686 = CARTESIAN_POINT ( 'NONE',  ( -20.19137825829315958, 6.659555455029353865, 27.73876969599392694 ) ) ;
#2687 = ORIENTED_EDGE ( 'NONE', *, *, #2568, .T. ) ;
#2688 = DIRECTION ( 'NONE',  ( 0.000000000000000000, 0.000000000000000000, 1.000000000000000000 ) ) ;
#2689 = CARTESIAN_POINT ( 'NONE',  ( -53.49344095995156323, 5.875000000000003553, 19.58434452200542708 ) ) ;
#2690 = ORIENTED_EDGE ( 'NONE', *, *, #3361, .F. ) ;
#2691 = CARTESIAN_POINT ( 'NONE',  ( -9.170341149749724252, 16.93030099087128448, 27.32705422903999448 ) ) ;
#2692 = EDGE_CURVE ( 'NONE', #3763, #834, #3925, .T. ) ;
#2693 = CARTESIAN_POINT ( 'NONE',  ( -51.60056723113756760, 8.750000000000000000, 22.57302012765626387 ) ) ;
#2694 = LINE ( 'NONE', #5699, #5095 ) ;
#2695 = CARTESIAN_POINT ( 'NONE',  ( -21.75872214769000479, 12.50000000000000000, 25.99372089570666589 ) ) ;
#2696 = VERTEX_POINT ( 'NONE', #1936 ) ;
#2697 = ORIENTED_EDGE ( 'NONE', *, *, #4845, .F. ) ;
#2698 = ORIENTED_EDGE ( 'NONE', *, *, #386, .F. ) ;
#2699 = FACE_OUTER_BOUND ( 'NONE', #5978, .T. ) ;
#2700 = PLANE ( 'NONE',  #1 ) ;
#2701 = ORIENTED_EDGE ( 'NONE', *, *, #1142, .T. ) ;
#2702 = CARTESIAN_POINT ( 'NONE',  ( 9.876295877967507408, 0.7524792909186129863, -4.761230304006072167 ) ) ;
#2703 = AXIS2_PLACEMENT_3D ( 'NONE', #4038, #520, #961 ) ;
#2704 = DIRECTION ( 'NONE',  ( 0.000000000000000000, 0.000000000000000000, 1.000000000000000000 ) ) ;
#2705 = ORIENTED_EDGE ( 'NONE', *, *, #4316, .F. ) ;
#2706 = AXIS2_PLACEMENT_3D ( 'NONE', #5727, #3776, #3237 ) ;
#2707 = DIRECTION ( 'NONE',  ( 0.000000000000000000, 0.000000000000000000, 1.000000000000000000 ) ) ;
#2708 = VECTOR ( 'NONE', #2133, 1000.000000000000227 ) ;
#2709 = CARTESIAN_POINT ( 'NONE',  ( -21.75872214769000124, 12.50000000000000000, 3.147054229040000095 ) ) ;
#2710 = DIRECTION ( 'NONE',  ( 0.000000000000000000, 1.000000000000000000, -2.200000000000000003E-16 ) ) ;
#2711 = EDGE_CURVE ( 'NONE', #6317, #3474, #247, .T. ) ;
#2712 = EDGE_LOOP ( 'NONE', ( #3000, #811, #5867, #2875 ) ) ;
#2713 = CARTESIAN_POINT ( 'NONE',  ( -7.858722147691999282, 17.76999999999999957, 23.52705422904000088 ) ) ;
#2714 = VECTOR ( 'NONE', #5848, 1000.000000000000000 ) ;
#2715 = CARTESIAN_POINT ( 'NONE',  ( -35.75872214768999413, 12.50000000000000000, 14.23705422904000173 ) ) ;
#2716 = CARTESIAN_POINT ( 'NONE',  ( -2.309676740507335513, 17.76999999999999957, 2.626404548864913036 ) ) ;
#2717 = ORIENTED_EDGE ( 'NONE', *, *, #417, .F. ) ;
#2718 = CARTESIAN_POINT ( 'NONE',  ( 4.006559040048433218, 5.875000000000003553, 24.28434452200542992 ) ) ;
#2719 = VERTEX_POINT ( 'NONE', #3961 ) ;
#2720 = AXIS2_PLACEMENT_3D ( 'NONE', #683, #6365, #2299 ) ;
#2721 = CARTESIAN_POINT ( 'NONE',  ( 14.57660255292402773, 4.735238934357184348, -3.761230304006072167 ) ) ;
#2722 = DIRECTION ( 'NONE',  ( 0.6545987384327839331, 0.7559765152716106940, 0.000000000000000000 ) ) ;
#2723 = CARTESIAN_POINT ( 'NONE',  ( -26.66342462911772770, 13.07336532011744978, 1.147054229039999873 ) ) ;
#2724 = CARTESIAN_POINT ( 'NONE',  ( -6.104602033174199249, 17.77000000000000668, 22.19567003775002334 ) ) ;
#2725 = ORIENTED_EDGE ( 'NONE', *, *, #1753, .T. ) ;
#2726 = VECTOR ( 'NONE', #2529, 1000.000000000000000 ) ;
#2727 = EDGE_CURVE ( 'NONE', #3061, #3042, #5245, .T. ) ;
#2728 = ORIENTED_EDGE ( 'NONE', *, *, #422, .T. ) ;
#2729 = ORIENTED_EDGE ( 'NONE', *, *, #2925, .F. ) ;
#2730 = CARTESIAN_POINT ( 'NONE',  ( -4.258722147691999638, 12.50000000000000000, 3.147054229040000095 ) ) ;
#2731 = EDGE_CURVE ( 'NONE', #4829, #212, #4117, .T. ) ;
#2732 = DIRECTION ( 'NONE',  ( 0.000000000000000000, 2.200000000000000003E-16, 1.000000000000000000 ) ) ;
#2733 = ORIENTED_EDGE ( 'NONE', *, *, #1060, .T. ) ;
#2734 = FACE_OUTER_BOUND ( 'NONE', #2432, .T. ) ;
#2735 = CARTESIAN_POINT ( 'NONE',  ( -56.80620536528137876, 5.875000000000003553, 22.43434452200543205 ) ) ;
#2736 = EDGE_LOOP ( 'NONE', ( #175, #1257, #2939, #3827, #3354, #2701, #3826, #328 ) ) ;
#2737 = PLANE ( 'NONE',  #1906 ) ;
#2738 = CARTESIAN_POINT ( 'NONE',  ( -9.280464726337173786, -3.250000000000000000, 26.76711071965634403 ) ) ;
#2739 = DIRECTION ( 'NONE',  ( -0.5821094191749118796, -0.8131104624267521119, 0.000000000000000000 ) ) ;
#2740 = ORIENTED_EDGE ( 'NONE', *, *, #4316, .T. ) ;
#2741 = DIRECTION ( 'NONE',  ( 0.000000000000000000, -1.000000000000000000, 0.000000000000000000 ) ) ;
#2742 = DIRECTION ( 'NONE',  ( -0.000000000000000000, -0.000000000000000000, -1.000000000000000000 ) ) ;
#2743 = CARTESIAN_POINT ( 'NONE',  ( -39.25872214768999413, 12.50000000000000000, 25.32705422904000159 ) ) ;
#2744 = SHAPE_REPRESENTATION ( 'New-radiator-holder-20240412.step', ( #2754 ), #647 ) ;
#2745 = CARTESIAN_POINT ( 'NONE',  ( -4.258722147691999638, 15.76999999999999957, 25.32705422904000159 ) ) ;
#2746 = VERTEX_POINT ( 'NONE', #643 ) ;
#2747 = LINE ( 'NONE', #2718, #2334 ) ;
#2748 = CARTESIAN_POINT ( 'NONE',  ( -50.88856591388922368, 4.966867144221086328, 26.71994397445526204 ) ) ;
#2749 = AXIS2_PLACEMENT_3D ( 'NONE', #257, #3261, #765 ) ;
#2750 = VERTEX_POINT ( 'NONE', #5639 ) ;
#2751 = AXIS2_PLACEMENT_3D ( 'NONE', #5808, #5315, #2795 ) ;
#2752 = CARTESIAN_POINT ( 'NONE',  ( -37.45872214768999697, 15.76999999999999957, 21.72705422903999661 ) ) ;
#2753 = CARTESIAN_POINT ( 'NONE',  ( 0.6848358673255949824, 5.875000000000003553, -0.5000000000000012212 ) ) ;
#2754 = AXIS2_PLACEMENT_3D ( 'NONE', #6165, #5171, #3119 ) ;
#2755 = VECTOR ( 'NONE', #1418, 1000.000000000000000 ) ;
#2756 = DIRECTION ( 'NONE',  ( 0.000000000000000000, 0.000000000000000000, 1.000000000000000000 ) ) ;
#2757 = CARTESIAN_POINT ( 'NONE',  ( -27.59205548102332628, 12.50000000000000000, 1.147054229039999873 ) ) ;
#2758 = ORIENTED_EDGE ( 'NONE', *, *, #1023, .F. ) ;
#2759 = CIRCLE ( 'NONE', #538, 3.350000000000002309 ) ;
#2760 = EDGE_CURVE ( 'NONE', #522, #989, #5295, .T. ) ;
#2761 = ORIENTED_EDGE ( 'NONE', *, *, #1543, .F. ) ;
#2762 = CIRCLE ( 'NONE', #957, 0.5000000000000004441 ) ;
#2763 = VERTEX_POINT ( 'NONE', #1575 ) ;
#2764 = DIRECTION ( 'NONE',  ( 1.000000000000000000, 0.000000000000000000, 0.000000000000000000 ) ) ;
#2765 = B_SPLINE_CURVE_WITH_KNOTS ( 'NONE', 3,
 ( #1351, #2302, #5906, #2768 ),
 .UNSPECIFIED., .F., .F.,
 ( 4, 4 ),
 ( 0.000000000000000000, 1.000000000000000000 ),
 .UNSPECIFIED. ) ;
#2766 = EDGE_CURVE ( 'NONE', #410, #4960, #3917, .T. ) ;
#2767 = ADVANCED_FACE ( 'NONE', ( #176 ), #4648, .T. ) ;
#2768 = CARTESIAN_POINT ( 'NONE',  ( -35.65872214768999271, 17.76999999999999957, 23.52705422904000088 ) ) ;
#2769 = EDGE_LOOP ( 'NONE', ( #1829, #5559, #3692, #4344, #1043, #3415, #1729 ) ) ;
#2770 = ADVANCED_FACE ( 'NONE', ( #4154 ), #5111, .F. ) ;
#2771 = ORIENTED_EDGE ( 'NONE', *, *, #3565, .F. ) ;
#2772 = DIRECTION ( 'NONE',  ( 1.000000000000000000, 0.000000000000000000, 0.000000000000000000 ) ) ;
#2773 = DIRECTION ( 'NONE',  ( -0.000000000000000000, -0.000000000000000000, 1.000000000000000000 ) ) ;
#2774 = CARTESIAN_POINT ( 'NONE',  ( -41.25872214768999413, 12.50000000000000000, 25.32705422904000159 ) ) ;
#2775 = LINE ( 'NONE', #2507, #2926 ) ;
#2776 = CIRCLE ( 'NONE', #988, 0.5000000000000004441 ) ;
#2777 = DIRECTION ( 'NONE',  ( -1.000000000000000000, 0.000000000000000000, 0.000000000000000000 ) ) ;
#2778 = DIRECTION ( 'NONE',  ( -1.000000000000000000, 0.000000000000000000, 1.208718933646689929E-16 ) ) ;
#2779 = DIRECTION ( 'NONE',  ( 0.000000000000000000, 0.000000000000000000, -1.000000000000000000 ) ) ;
#2780 = VERTEX_POINT ( 'NONE', #145 ) ;
#2781 = CARTESIAN_POINT ( 'NONE',  ( 4.506559040048433218, 8.005696803542699413, 20.07265214452147362 ) ) ;
#2782 = ADVANCED_FACE ( 'NONE', ( #3654, #2100 ), #4615, .F. ) ;
#2783 = DIRECTION ( 'NONE',  ( 0.000000000000000000, -2.200000000000000003E-16, -1.000000000000000000 ) ) ;
#2784 = ORIENTED_EDGE ( 'NONE', *, *, #2077, .T. ) ;
#2785 = CARTESIAN_POINT ( 'NONE',  ( -35.25872214769000124, 17.76999999999999602, 2.413720895706666703 ) ) ;
#2786 = DIRECTION ( 'NONE',  ( -0.000000000000000000, 1.000000000000000000, -0.000000000000000000 ) ) ;
#2787 = CARTESIAN_POINT ( 'NONE',  ( -33.60482852562065403, 16.36675494322675561, 23.52705422904000088 ) ) ;
#2788 = CARTESIAN_POINT ( 'NONE',  ( -39.25872214768999413, 10.50000000000000000, 10.73705422903999995 ) ) ;
#2789 = ORIENTED_EDGE ( 'NONE', *, *, #377, .T. ) ;
#2790 = EDGE_LOOP ( 'NONE', ( #3232, #3344, #5168, #4124, #5445, #944, #1578 ) ) ;
#2791 = EDGE_CURVE ( 'NONE', #3486, #2331, #3722, .T. ) ;
#2792 = ORIENTED_EDGE ( 'NONE', *, *, #2855, .F. ) ;
#2793 = FACE_OUTER_BOUND ( 'NONE', #3748, .T. ) ;
#2794 = CIRCLE ( 'NONE', #578, 2.420000000000002149 ) ;
#2795 = DIRECTION ( 'NONE',  ( -0.000000000000000000, 0.000000000000000000, 1.000000000000000000 ) ) ;
#2796 = ORIENTED_EDGE ( 'NONE', *, *, #5880, .T. ) ;
#2797 = B_SPLINE_CURVE_WITH_KNOTS ( 'NONE', 3,
 ( #3873, #2221, #2840, #3802 ),
 .UNSPECIFIED., .F., .F.,
 ( 4, 4 ),
 ( 0.000000000000000000, 1.000000000000000000 ),
 .UNSPECIFIED. ) ;
#2798 = ORIENTED_EDGE ( 'NONE', *, *, #6049, .T. ) ;
#2799 = EDGE_CURVE ( 'NONE', #805, #830, #4981, .T. ) ;
#2800 = PRODUCT ( 'TOP_NO_LETTERS_290824', 'TOP_NO_LETTERS_290824', '', ( #3752 ) ) ;
#2801 = AXIS2_PLACEMENT_3D ( 'NONE', #3308, #6326, #3845 ) ;
#2802 = DIRECTION ( 'NONE',  ( 1.000000000000000000, 0.000000000000000000, -0.000000000000000000 ) ) ;
#2803 = PLANE ( 'NONE',  #5455 ) ;
#2804 = EDGE_CURVE ( 'NONE', #5372, #733, #1174, .T. ) ;
#2805 = AXIS2_PLACEMENT_3D ( 'NONE', #2056, #1626, #136 ) ;
#2806 = CARTESIAN_POINT ( 'NONE',  ( -40.64534701664091187, 12.50000000000000178, 11.00391928708832268 ) ) ;
#2807 = DIRECTION ( 'NONE',  ( 0.000000000000000000, -1.000000000000000000, 0.000000000000000000 ) ) ;
#2808 = DIRECTION ( 'NONE',  ( -0.000000000000000000, -0.000000000000000000, -1.000000000000000000 ) ) ;
#2809 = VERTEX_POINT ( 'NONE', #1608 ) ;
#2810 = CARTESIAN_POINT ( 'NONE',  ( -12.49651859791751995, 7.159555455029353865, 27.73876969599392694 ) ) ;
#2811 = FACE_OUTER_BOUND ( 'NONE', #969, .T. ) ;
#2812 = AXIS2_PLACEMENT_3D ( 'NONE', #5585, #153, #3632 ) ;
#2813 = EDGE_LOOP ( 'NONE', ( #3806, #3029, #44, #3192 ) ) ;
#2814 = VERTEX_POINT ( 'NONE', #1703 ) ;
#2815 = CYLINDRICAL_SURFACE ( 'NONE', #1769, 1.500000000000001332 ) ;
#2816 = EDGE_CURVE ( 'NONE', #5927, #4651, #3477, .T. ) ;
#2817 = DIRECTION ( 'NONE',  ( 0.000000000000000000, 0.000000000000000000, -1.000000000000000000 ) ) ;
#2818 = DIRECTION ( 'NONE',  ( -0.000000000000000000, 1.000000000000000000, -0.000000000000000000 ) ) ;
#2819 = DIRECTION ( 'NONE',  ( 0.000000000000000000, 1.000000000000000000, 0.000000000000000000 ) ) ;
#2820 = VERTEX_POINT ( 'NONE', #3813 ) ;
#2821 = VECTOR ( 'NONE', #3127, 1000.000000000000000 ) ;
#2822 = VERTEX_POINT ( 'NONE', #4776 ) ;
#2823 = ORIENTED_EDGE ( 'NONE', *, *, #3423, .F. ) ;
#2824 = CARTESIAN_POINT ( 'NONE',  ( 4.006559040048433218, 5.875000000000003553, -0.06565547799456880607 ) ) ;
#2825 = CARTESIAN_POINT ( 'NONE',  ( -65.47003059873777886, 4.735238934357180796, -3.761230304006072167 ) ) ;
#2826 = VECTOR ( 'NONE', #2194, 1000.000000000000000 ) ;
#2827 = CARTESIAN_POINT ( 'NONE',  ( -21.75872214769000124, 12.50000000000000000, 3.147054229040000095 ) ) ;
#2828 = EDGE_LOOP ( 'NONE', ( #5063, #5477, #4161, #5593 ) ) ;
#2829 = VERTEX_POINT ( 'NONE', #3310 ) ;
#2830 = CARTESIAN_POINT ( 'NONE',  ( -10.82140462413999948, 15.77000000000000313, 24.12705422904000230 ) ) ;
#2831 = CARTESIAN_POINT ( 'NONE',  ( 6.352138378250272055, -3.250000000000000000, -4.761230304006072167 ) ) ;
#2832 = EDGE_CURVE ( 'NONE', #4715, #4890, #4326, .T. ) ;
#2833 = DIRECTION ( 'NONE',  ( 0.000000000000000000, -0.000000000000000000, 1.000000000000000000 ) ) ;
#2834 = B_SPLINE_CURVE_WITH_KNOTS ( 'NONE', 3,
 ( #1424, #6432, #3427, #5450, #4432, #5979 ),
 .UNSPECIFIED., .F., .F.,
 ( 4, 2, 4 ),
 ( 0.000000000000000000, 0.2499999999999996669, 0.5000000000000000000 ),
 .UNSPECIFIED. ) ;
#2835 = CARTESIAN_POINT ( 'NONE',  ( -50.88856591388922368, 7.983490513531148913, 35.00000000000000000 ) ) ;
#2836 = EDGE_CURVE ( 'NONE', #4329, #4486, #5770, .T. ) ;
#2837 = CARTESIAN_POINT ( 'NONE',  ( 0.000000000000000000, 0.000000000000000000, 23.43434452200543205 ) ) ;
#2838 = ORIENTED_EDGE ( 'NONE', *, *, #1413, .T. ) ;
#2839 = EDGE_CURVE ( 'NONE', #4811, #5117, #4386, .T. ) ;
#2840 = CARTESIAN_POINT ( 'NONE',  ( -6.446282973174667141, 15.76999999999999602, 3.147054229040000539 ) ) ;
#2841 = CARTESIAN_POINT ( 'NONE',  ( -39.25872214768999413, 13.59000000000000163, 3.147054229040001871 ) ) ;
#2842 = ADVANCED_FACE ( 'NONE', ( #4803 ), #335, .F. ) ;
#2843 = EDGE_LOOP ( 'NONE', ( #3218, #4606, #863, #3780 ) ) ;
#2844 = VERTEX_POINT ( 'NONE', #2230 ) ;
#2845 = CARTESIAN_POINT ( 'NONE',  ( -60.04560449174972803, 0.7130042956954123490, -6.761230304006072167 ) ) ;
#2846 = VECTOR ( 'NONE', #3768, 1000.000000000000000 ) ;
#2847 = DIRECTION ( 'NONE',  ( 1.000000000000000000, 1.387778780781444413E-14, 0.000000000000000000 ) ) ;
#2848 = CARTESIAN_POINT ( 'NONE',  ( -33.42538881435666553, 12.50000000000000000, 25.32705422904000159 ) ) ;
#2849 = ORIENTED_EDGE ( 'NONE', *, *, #1279, .T. ) ;
#2850 = AXIS2_PLACEMENT_3D ( 'NONE', #3387, #3491, #4493 ) ;
#2851 = CARTESIAN_POINT ( 'NONE',  ( -41.40963566760219550, 10.50000000000000000, 11.43822028064636775 ) ) ;
#2852 = ORIENTED_EDGE ( 'NONE', *, *, #3205, .T. ) ;
#2853 = CARTESIAN_POINT ( 'NONE',  ( -35.65872214768999271, 15.76999999999999957, 4.947054229039999917 ) ) ;
#2854 = VECTOR ( 'NONE', #1156, 1000.000000000000000 ) ;
#2855 = EDGE_CURVE ( 'NONE', #4347, #5998, #3358, .T. ) ;
#2856 = ORIENTED_EDGE ( 'NONE', *, *, #4151, .F. ) ;
#2857 = ORIENTED_EDGE ( 'NONE', *, *, #1006, .T. ) ;
#2858 = PLANE ( 'NONE',  #4321 ) ;
#2859 = CARTESIAN_POINT ( 'NONE',  ( -3.735226378973439232, 17.77000000000000668, 27.27499958237664046 ) ) ;
#2860 = AXIS2_PLACEMENT_3D ( 'NONE', #245, #2263, #3343 ) ;
#2861 = CARTESIAN_POINT ( 'NONE',  ( -7.858722147691999282, 17.76999999999999957, 4.947054229039999917 ) ) ;
#2862 = VERTEX_POINT ( 'NONE', #1310 ) ;
#2863 = EDGE_LOOP ( 'NONE', ( #6429, #4093, #4702, #717, #4913, #5229, #4616, #3913 ) ) ;
#2864 = ORIENTED_EDGE ( 'NONE', *, *, #1551, .T. ) ;
#2865 = DIRECTION ( 'NONE',  ( 0.000000000000000000, 0.000000000000000000, 1.000000000000000000 ) ) ;
#2866 = DIRECTION ( 'NONE',  ( -0.000000000000000000, 1.000000000000000000, -0.000000000000000000 ) ) ;
#2867 = EDGE_CURVE ( 'NONE', #2060, #117, #781, .T. ) ;
#2868 = CARTESIAN_POINT ( 'NONE',  ( -53.99344095995156323, 8.000000000000000000, 25.35434452200543376 ) ) ;
#2869 = LINE ( 'NONE', #3834, #1590 ) ;
#2870 = DIRECTION ( 'NONE',  ( -0.000000000000000000, 1.000000000000000000, -0.000000000000000000 ) ) ;
#2871 = ORIENTED_EDGE ( 'NONE', *, *, #5352, .T. ) ;
#2872 = CARTESIAN_POINT ( 'NONE',  ( -6.058722147692000348, 17.76999999999999957, 6.508168941543046593 ) ) ;
#2873 = DIRECTION ( 'NONE',  ( 0.000000000000000000, 0.000000000000000000, 1.000000000000000000 ) ) ;
#2874 = CIRCLE ( 'NONE', #2987, 0.5000000000000004441 ) ;
#2875 = ORIENTED_EDGE ( 'NONE', *, *, #3011, .F. ) ;
#2876 = ORIENTED_EDGE ( 'NONE', *, *, #2727, .F. ) ;
#2877 = EDGE_CURVE ( 'NONE', #2820, #5625, #3132, .T. ) ;
#2878 = CARTESIAN_POINT ( 'NONE',  ( -68.67003059873778170, 4.735238934357180796, -6.761230304006072167 ) ) ;
#2879 = CARTESIAN_POINT ( 'NONE',  ( -4.258722147691999638, 12.50000000000000000, 25.32705422904000159 ) ) ;
#2880 = CARTESIAN_POINT ( 'NONE',  ( 4.006559040048433218, 5.875000000000003553, 22.93434452200543205 ) ) ;
#2881 = ORIENTED_EDGE ( 'NONE', *, *, #5074, .F. ) ;
#2882 = DIRECTION ( 'NONE',  ( -0.7071067811865473507, -0.7071067811865477948, 0.000000000000000000 ) ) ;
#2883 = CARTESIAN_POINT ( 'NONE',  ( -35.25872214769005097, 17.76999999999999957, 27.32705422903999803 ) ) ;
#2884 = ORIENTED_EDGE ( 'NONE', *, *, #4226, .F. ) ;
#2885 = EDGE_CURVE ( 'NONE', #369, #2206, #450, .T. ) ;
#2886 = ORIENTED_EDGE ( 'NONE', *, *, #2799, .F. ) ;
#2887 = FACE_OUTER_BOUND ( 'NONE', #5458, .T. ) ;
#2888 = DIRECTION ( 'NONE',  ( 0.000000000000000000, 0.000000000000000000, 1.000000000000000000 ) ) ;
#2889 = CARTESIAN_POINT ( 'NONE',  ( -39.79572938337270926, 7.483490513531148913, 26.71994397445526204 ) ) ;
#2890 = CARTESIAN_POINT ( 'NONE',  ( -10.09205548102466743, 12.50000000000000000, 25.32705422904000159 ) ) ;
#2891 = ORIENTED_EDGE ( 'NONE', *, *, #1679, .F. ) ;
#2892 = EDGE_LOOP ( 'NONE', ( #6478, #6240, #4589, #1971 ) ) ;
#2893 = ORIENTED_EDGE ( 'NONE', *, *, #3172, .F. ) ;
#2894 = CARTESIAN_POINT ( 'NONE',  ( -41.25872214768999413, 12.50000000000000000, 17.10933555230900183 ) ) ;
#2895 = AXIS2_PLACEMENT_3D ( 'NONE', #1664, #3184, #6196 ) ;
#2896 = B_SPLINE_CURVE_WITH_KNOTS ( 'NONE', 3,
 ( #3811, #6295, #3784, #3341, #712, #4802, #2723, #1733, #4325, #3214 ),
 .UNSPECIFIED., .F., .F.,
 ( 4, 2, 2, 2, 4 ),
 ( 0.000000000000000000, 0.2500000000000001110, 0.5000000000000000000, 0.7500000000000000000, 1.000000000000000000 ),
 .UNSPECIFIED. ) ;
#2897 = DIRECTION ( 'NONE',  ( 0.000000000000000000, 0.000000000000000000, 1.000000000000000000 ) ) ;
#2898 = CARTESIAN_POINT ( 'NONE',  ( -54.49344095995157033, 10.50000000000000000, 5.745757241660123249 ) ) ;
#2899 = B_SPLINE_CURVE_WITH_KNOTS ( 'NONE', 3,
 ( #5754, #4310, #6313, #1778 ),
 .UNSPECIFIED., .F., .F.,
 ( 4, 4 ),
 ( 0.000000000000000000, 1.000000000000000000 ),
 .UNSPECIFIED. ) ;
#2900 = CARTESIAN_POINT ( 'NONE',  ( 7.852138378250272943, 10.50000000000000000, 24.23876969599391984 ) ) ;
#2901 = AXIS2_PLACEMENT_3D ( 'NONE', #2974, #62, #4100 ) ;
#2902 = DIRECTION ( 'NONE',  ( -0.000000000000000000, -1.000000000000000000, -0.000000000000000000 ) ) ;
#2903 = DIRECTION ( 'NONE',  ( 0.000000000000000000, 0.000000000000000000, 1.000000000000000000 ) ) ;
#2904 = ORIENTED_EDGE ( 'NONE', *, *, #5074, .T. ) ;
#2905 = CARTESIAN_POINT ( 'NONE',  ( -4.258722147691941906, 10.50000000000000000, 0.000000000000000000 ) ) ;
#2906 = EDGE_CURVE ( 'NONE', #566, #5579, #3284, .T. ) ;
#2907 = B_SPLINE_CURVE_WITH_KNOTS ( 'NONE', 3,
 ( #776, #5333, #4678, #4799 ),
 .UNSPECIFIED., .F., .F.,
 ( 4, 4 ),
 ( 0.000000000000000000, 1.000000000000000000 ),
 .UNSPECIFIED. ) ;
#2908 = DIRECTION ( 'NONE',  ( 0.000000000000000000, 0.000000000000000000, 1.000000000000000000 ) ) ;
#2909 = AXIS2_PLACEMENT_3D ( 'NONE', #5388, #5953, #2412 ) ;
#2910 = EDGE_LOOP ( 'NONE', ( #441, #1767, #673, #6497 ) ) ;
#2911 = ORIENTED_EDGE ( 'NONE', *, *, #5023, .F. ) ;
#2912 = CARTESIAN_POINT ( 'NONE',  ( -2.258722147692000082, 12.50000000000000000, 3.147054229040000095 ) ) ;
#2913 = CARTESIAN_POINT ( 'NONE',  ( -61.54560449174972803, -3.250000000000000000, -6.761230304006072167 ) ) ;
#2914 = DIRECTION ( 'NONE',  ( 0.000000000000000000, -0.000000000000000000, 1.000000000000000000 ) ) ;
#2915 = ORIENTED_EDGE ( 'NONE', *, *, #3447, .T. ) ;
#2916 = CARTESIAN_POINT ( 'NONE',  ( -41.25872214768999413, 12.50000000000000000, 11.36477290577099986 ) ) ;
#2917 = CARTESIAN_POINT ( 'NONE',  ( 3.649911022935344196, 12.50000000000000000, 6.828908360124231081 ) ) ;
#2918 = ORIENTED_EDGE ( 'NONE', *, *, #6030, .T. ) ;
#2919 = ORIENTED_EDGE ( 'NONE', *, *, #320, .T. ) ;
#2920 = DIRECTION ( 'NONE',  ( -0.000000000000000000, 0.000000000000000000, 1.000000000000000000 ) ) ;
#2921 = CARTESIAN_POINT ( 'NONE',  ( -53.99344095995156323, 8.750000000000000000, 22.93434452200543205 ) ) ;
#2922 = CARTESIAN_POINT ( 'NONE',  ( -60.04560449174972803, 12.50000000000000000, 24.23876969599392694 ) ) ;
#2923 = CARTESIAN_POINT ( 'NONE',  ( -6.104186633235934245, 15.76999999999999602, 6.279060110271800887 ) ) ;
#2924 = VERTEX_POINT ( 'NONE', #6357 ) ;
#2925 = EDGE_CURVE ( 'NONE', #3474, #6273, #4478, .T. ) ;
#2926 = VECTOR ( 'NONE', #5817, 1000.000000000000000 ) ;
#2927 = EDGE_LOOP ( 'NONE', ( #3259, #1453, #6495, #2852 ) ) ;
#2928 = ORIENTED_EDGE ( 'NONE', *, *, #6081, .T. ) ;
#2929 = DIRECTION ( 'NONE',  ( 0.000000000000000000, -0.000000000000000000, 1.000000000000000000 ) ) ;
#2930 = EDGE_CURVE ( 'NONE', #1074, #4874, #2547, .T. ) ;
#2931 = AXIS2_PLACEMENT_3D ( 'NONE', #1438, #1951, #5463 ) ;
#2932 = PLANE ( 'NONE',  #524 ) ;
#2933 = AXIS2_PLACEMENT_3D ( 'NONE', #3545, #1038, #3111 ) ;
#2934 = CARTESIAN_POINT ( 'NONE',  ( 0.6565590400484316858, 8.005448038964223301, 23.43434452200543205 ) ) ;
#2935 = CARTESIAN_POINT ( 'NONE',  ( -8.258722147691999638, 17.77000000000000313, 26.06038756237333232 ) ) ;
#2936 = EDGE_CURVE ( 'NONE', #1239, #6032, #5819, .T. ) ;
#2937 = CARTESIAN_POINT ( 'NONE',  ( -8.258722147691500481, 17.76999999999944890, 1.147054229039999873 ) ) ;
#2938 = CARTESIAN_POINT ( 'NONE',  ( -46.63866157316878969, 10.50000000000000000, 0.5000000000000000000 ) ) ;
#2939 = ORIENTED_EDGE ( 'NONE', *, *, #6525, .T. ) ;
#2940 = CYLINDRICAL_SURFACE ( 'NONE', #650, 1.500000000000000000 ) ;
#2941 = CARTESIAN_POINT ( 'NONE',  ( 4.192342434432437592, 10.50000000000000000, 5.758684109339148982 ) ) ;
#2942 = ORIENTED_EDGE ( 'NONE', *, *, #1282, .T. ) ;
#2943 = VERTEX_POINT ( 'NONE', #4357 ) ;
#2944 = DIRECTION ( 'NONE',  ( 0.000000000000000000, -1.000000000000000000, 0.000000000000000000 ) ) ;
#2945 = AXIS2_PLACEMENT_3D ( 'NONE', #4152, #6131, #1049 ) ;
#2946 = CARTESIAN_POINT ( 'NONE',  ( -53.99344095995156323, 5.875000000000003553, 22.93434452200543205 ) ) ;
#2947 = CARTESIAN_POINT ( 'NONE',  ( 9.876295877967509185, 2.129741779671930742E-15, -4.761230304006072167 ) ) ;
#2948 = VERTEX_POINT ( 'NONE', #1342 ) ;
#2949 = DIRECTION ( 'NONE',  ( -0.000000000000000000, 1.000000000000000000, -0.000000000000000000 ) ) ;
#2950 = FACE_OUTER_BOUND ( 'NONE', #2927, .T. ) ;
#2951 = ORIENTED_EDGE ( 'NONE', *, *, #909, .F. ) ;
#2952 = ORIENTED_EDGE ( 'NONE', *, *, #5641, .F. ) ;
#2953 = FACE_BOUND ( 'NONE', #3963, .T. ) ;
#2954 = DIRECTION ( 'NONE',  ( 0.000000000000000000, -0.000000000000000000, -1.000000000000000000 ) ) ;
#2955 = VECTOR ( 'NONE', #4383, 1000.000000000000000 ) ;
#2956 = PLANE ( 'NONE',  #3597 ) ;
#2957 = EDGE_CURVE ( 'NONE', #86, #701, #3923, .T. ) ;
#2958 = PLANE ( 'NONE',  #3494 ) ;
#2959 = ORIENTED_EDGE ( 'NONE', *, *, #3899, .F. ) ;
#2960 = AXIS2_PLACEMENT_3D ( 'NONE', #3345, #3163, #6390 ) ;
#2961 = ORIENTED_EDGE ( 'NONE', *, *, #902, .T. ) ;
#2962 = VECTOR ( 'NONE', #2049, 1000.000000000000000 ) ;
#2963 = ORIENTED_EDGE ( 'NONE', *, *, #3128, .T. ) ;
#2964 = CARTESIAN_POINT ( 'NONE',  ( -27.59205548102332628, 12.50000000000000000, 3.147054229040000095 ) ) ;
#2965 = EDGE_CURVE ( 'NONE', #307, #867, #1777, .T. ) ;
#2966 = AXIS2_PLACEMENT_3D ( 'NONE', #4023, #3557, #1514 ) ;
#2967 = ADVANCED_FACE ( 'NONE', ( #6063 ), #5570, .T. ) ;
#2968 = VECTOR ( 'NONE', #4087, 1000.000000000000000 ) ;
#2969 = CARTESIAN_POINT ( 'NONE',  ( -39.25872214768999413, 14.25666666666666771, 1.147054229039999429 ) ) ;
#2970 = VECTOR ( 'NONE', #4250, 1000.000000000000000 ) ;
#2971 = CARTESIAN_POINT ( 'NONE',  ( -51.19311627875442383, 8.567453508431418285, 22.43434452200543205 ) ) ;
#2972 = EDGE_CURVE ( 'NONE', #1031, #4267, #2422, .T. ) ;
#2973 = VECTOR ( 'NONE', #3340, 1000.000000000000000 ) ;
#2974 = CARTESIAN_POINT ( 'NONE',  ( -53.49344095995156323, 0.000000000000000000, 0.000000000000000000 ) ) ;
#2975 = CARTESIAN_POINT ( 'NONE',  ( -57.31516413267441123, 10.50000000000000000, -0.5000000000000000000 ) ) ;
#2976 = VERTEX_POINT ( 'NONE', #1506 ) ;
#2977 = CARTESIAN_POINT ( 'NONE',  ( -61.54560449174972803, 5.875000000000003553, 25.73876969599392694 ) ) ;
#2978 = AXIS2_PLACEMENT_3D ( 'NONE', #5141, #4121, #1665 ) ;
#2979 = DIRECTION ( 'NONE',  ( -0.000000000000000000, -0.000000000000000000, -1.000000000000000000 ) ) ;
#2980 = EDGE_LOOP ( 'NONE', ( #742, #912, #2434, #5986 ) ) ;
#2981 = DIRECTION ( 'NONE',  ( 0.000000000000000000, 0.000000000000000000, -1.000000000000000000 ) ) ;
#2982 = DIRECTION ( 'NONE',  ( -1.000000000000000000, 0.000000000000000000, 0.000000000000000000 ) ) ;
#2983 = DIRECTION ( 'NONE',  ( 0.000000000000000000, 0.000000000000000000, 1.000000000000000000 ) ) ;
#2984 = CARTESIAN_POINT ( 'NONE',  ( -6.925388814358666600, 17.76999999999999602, 1.147054229040000317 ) ) ;
#2985 = ORIENTED_EDGE ( 'NONE', *, *, #3046, .T. ) ;
#2986 = CARTESIAN_POINT ( 'NONE',  ( -61.54560449174972803, 10.50000000000000000, -4.761230304006072167 ) ) ;
#2987 = AXIS2_PLACEMENT_3D ( 'NONE', #967, #1403, #2415 ) ;
#2988 = PLANE ( 'NONE',  #6170 ) ;
#2989 = ORIENTED_EDGE ( 'NONE', *, *, #6174, .F. ) ;
#2990 = B_SPLINE_CURVE_WITH_KNOTS ( 'NONE', 3,
 ( #4374, #3901, #389, #5920 ),
 .UNSPECIFIED., .F., .F.,
 ( 4, 4 ),
 ( 0.000000000000000000, 1.000000000000000000 ),
 .UNSPECIFIED. ) ;
#2991 = ORIENTED_EDGE ( 'NONE', *, *, #3425, .F. ) ;
#2992 = DIRECTION ( 'NONE',  ( -1.000000000000000000, 0.000000000000000000, -0.000000000000000000 ) ) ;
#2993 = CARTESIAN_POINT ( 'NONE',  ( -39.78221791640856253, 12.50000000000000178, 1.199108875703369881 ) ) ;
#2994 = CARTESIAN_POINT ( 'NONE',  ( -39.25872214769194812, 12.50000000000000000, 25.32705422904026449 ) ) ;
#2995 = DIRECTION ( 'NONE',  ( -0.000000000000000000, -0.000000000000000000, -1.000000000000000000 ) ) ;
#2996 = ORIENTED_EDGE ( 'NONE', *, *, #4220, .F. ) ;
#2997 = B_SPLINE_CURVE_WITH_KNOTS ( 'NONE', 3,
 ( #3135, #5619, #124, #554 ),
 .UNSPECIFIED., .F., .F.,
 ( 4, 4 ),
 ( 0.000000000000000000, 1.000000000000000000 ),
 .UNSPECIFIED. ) ;
#2998 = AXIS2_PLACEMENT_3D ( 'NONE', #4548, #1443, #2559 ) ;
#2999 = EDGE_CURVE ( 'NONE', #334, #3884, #978, .T. ) ;
#3000 = ORIENTED_EDGE ( 'NONE', *, *, #5838, .F. ) ;
#3001 = EDGE_LOOP ( 'NONE', ( #4413, #3090, #2304, #1847 ) ) ;
#3002 = LINE ( 'NONE', #1776, #3035 ) ;
#3003 = AXIS2_PLACEMENT_3D ( 'NONE', #1536, #5469, #942 ) ;
#3004 = DIRECTION ( 'NONE',  ( -0.000000000000000000, 1.000000000000000000, -0.000000000000000000 ) ) ;
#3005 = EDGE_CURVE ( 'NONE', #3260, #2103, #6340, .T. ) ;
#3006 = CARTESIAN_POINT ( 'NONE',  ( -41.25872214768999413, 17.76999999999999957, 3.147054229040000095 ) ) ;
#3007 = DIRECTION ( 'NONE',  ( 1.000000000000000000, 0.000000000000000000, 0.000000000000000000 ) ) ;
#3008 = LINE ( 'NONE', #2445, #2009 ) ;
#3009 = VERTEX_POINT ( 'NONE', #2457 ) ;
#3010 = CARTESIAN_POINT ( 'NONE',  ( 6.352138378250272943, -3.250000000000000000, -3.261230304006072611 ) ) ;
#3011 = EDGE_CURVE ( 'NONE', #1206, #1343, #5293, .T. ) ;
#3012 = FACE_OUTER_BOUND ( 'NONE', #313, .T. ) ;
#3013 = VERTEX_POINT ( 'NONE', #364 ) ;
#3014 = ORIENTED_EDGE ( 'NONE', *, *, #4504, .T. ) ;
#3015 = DIRECTION ( 'NONE',  ( -0.8131104624267522230, 0.5821094191749117686, 0.000000000000000000 ) ) ;
#3016 = EDGE_CURVE ( 'NONE', #1148, #3840, #5966, .T. ) ;
#3017 = LINE ( 'NONE', #532, #2639 ) ;
#3018 = CARTESIAN_POINT ( 'NONE',  ( -21.38836543812355728, -3.250000000000000000, 25.73876969599392694 ) ) ;
#3019 = ORIENTED_EDGE ( 'NONE', *, *, #707, .F. ) ;
#3020 = DIRECTION ( 'NONE',  ( 1.000000000000000000, 0.000000000000000000, 0.000000000000000000 ) ) ;
#3021 = VECTOR ( 'NONE', #1793, 1000.000000000000000 ) ;
#3022 = CARTESIAN_POINT ( 'NONE',  ( 4.191964135517597612, 12.50000000000000000, 6.828908360124231081 ) ) ;
#3023 = VERTEX_POINT ( 'NONE', #401 ) ;
#3024 = ORIENTED_EDGE ( 'NONE', *, *, #4109, .F. ) ;
#3025 = DIRECTION ( 'NONE',  ( -0.000000000000000000, -0.000000000000000000, -1.000000000000000000 ) ) ;
#3026 = VECTOR ( 'NONE', #73, 1000.000000000000000 ) ;
#3027 = CARTESIAN_POINT ( 'NONE',  ( -37.92538881435667264, 17.76999999999999957, 27.32705422903999803 ) ) ;
#3028 = CARTESIAN_POINT ( 'NONE',  ( 4.553332877239092191, 0.000000000000000000, -1.100265198818361804E-15 ) ) ;
#3029 = ORIENTED_EDGE ( 'NONE', *, *, #4902, .F. ) ;
#3030 = ORIENTED_EDGE ( 'NONE', *, *, #3500, .F. ) ;
#3031 = ORIENTED_EDGE ( 'NONE', *, *, #2475, .T. ) ;
#3032 = PLANE ( 'NONE',  #1040 ) ;
#3033 = CARTESIAN_POINT ( 'NONE',  ( -6.754920287148365787, 15.77000000000000313, 23.16894008421440176 ) ) ;
#3034 = PLANE ( 'NONE',  #3995 ) ;
#3035 = VECTOR ( 'NONE', #3930, 1000.000000000000000 ) ;
#3036 = CARTESIAN_POINT ( 'NONE',  ( -8.125388814358666778, 17.76999999999999602, 4.947054229039999917 ) ) ;
#3037 = CARTESIAN_POINT ( 'NONE',  ( -54.49344095995157033, 5.875000000000003553, 3.284344522005432587 ) ) ;
#3038 = CIRCLE ( 'NONE', #2931, 1.500000000000001332 ) ;
#3039 = ORIENTED_EDGE ( 'NONE', *, *, #4527, .F. ) ;
#3040 = DIRECTION ( 'NONE',  ( 0.000000000000000000, 1.000000000000000000, 0.000000000000000000 ) ) ;
#3041 = DIRECTION ( 'NONE',  ( 1.000000000000000000, 2.156417553693440290E-16, -0.000000000000000000 ) ) ;
#3042 = VERTEX_POINT ( 'NONE', #1535 ) ;
#3043 = DIRECTION ( 'NONE',  ( 1.000000000000000000, 0.000000000000000000, 0.000000000000000000 ) ) ;
#3044 = CARTESIAN_POINT ( 'NONE',  ( 1.873062941308192730, 8.000000000000000000, 22.93434452200543205 ) ) ;
#3045 = EDGE_CURVE ( 'NONE', #3982, #834, #5929, .T. ) ;
#3046 = EDGE_CURVE ( 'NONE', #6151, #5407, #439, .T. ) ;
#3047 = CARTESIAN_POINT ( 'NONE',  ( 4.006559040048433218, 5.875000000000003553, -1.415655477994569367 ) ) ;
#3048 = CARTESIAN_POINT ( 'NONE',  ( -9.914636712995205770, 16.36542789364845163, 4.947054229040001694 ) ) ;
#3049 = EDGE_LOOP ( 'NONE', ( #4798, #3626, #1421, #269, #6398, #1150, #3382, #575 ) ) ;
#3050 = DIRECTION ( 'NONE',  ( 0.000000000000000000, -1.000000000000000000, -0.000000000000000000 ) ) ;
#3051 = EDGE_CURVE ( 'NONE', #5625, #3401, #4558, .T. ) ;
#3052 = DIRECTION ( 'NONE',  ( 0.000000000000000000, 0.000000000000000000, -1.000000000000000000 ) ) ;
#3053 = VERTEX_POINT ( 'NONE', #2525 ) ;
#3054 = CARTESIAN_POINT ( 'NONE',  ( -39.79572938337270926, 7.983490513531148913, 26.71994397445526204 ) ) ;
#3055 = CARTESIAN_POINT ( 'NONE',  ( -35.89722626072219924, 17.76999999999999957, 23.52705422903999732 ) ) ;
#3056 =( NAMED_UNIT ( * ) PLANE_ANGLE_UNIT ( ) SI_UNIT ( $, .RADIAN. ) );
#3057 = CARTESIAN_POINT ( 'NONE',  ( 4.006559040048433218, 5.875000000000003553, -0.06565547799456880607 ) ) ;
#3058 = FACE_OUTER_BOUND ( 'NONE', #718, .T. ) ;
#3059 = ORIENTED_EDGE ( 'NONE', *, *, #2936, .F. ) ;
#3060 = EDGE_CURVE ( 'NONE', #410, #1088, #1411, .T. ) ;
#3061 = VERTEX_POINT ( 'NONE', #3445 ) ;
#3062 = EDGE_LOOP ( 'NONE', ( #1862, #177, #3014, #6508 ) ) ;
#3063 = DIRECTION ( 'NONE',  ( -0.000000000000000000, 0.000000000000000000, 1.000000000000000000 ) ) ;
#3064 = VECTOR ( 'NONE', #3566, 1000.000000000000000 ) ;
#3065 = DIRECTION ( 'NONE',  ( 2.071311613106633871E-15, 0.000000000000000000, -1.000000000000000000 ) ) ;
#3066 = AXIS2_PLACEMENT_3D ( 'NONE', #3329, #2902, #4887 ) ;
#3067 = CARTESIAN_POINT ( 'NONE',  ( -53.49344095995156323, 5.875000000000003553, 19.62186810699505202 ) ) ;
#3068 = CARTESIAN_POINT ( 'NONE',  ( 7.852138378250272943, 10.50000000000000000, -3.261230304006073055 ) ) ;
#3069 = AXIS2_PLACEMENT_3D ( 'NONE', #4655, #122, #2141 ) ;
#3070 = CARTESIAN_POINT ( 'NONE',  ( 4.006559040048433218, 8.000000000000000000, 22.93434452200543205 ) ) ;
#3071 = CIRCLE ( 'NONE', #4761, 1.350000000000000533 ) ;
#3072 = LINE ( 'NONE', #2014, #3378 ) ;
#3073 = VECTOR ( 'NONE', #5006, 1000.000000000000000 ) ;
#3074 = CARTESIAN_POINT ( 'NONE',  ( -39.25872214768999413, 12.50000000000000000, 17.73705422904000173 ) ) ;
#3075 = CARTESIAN_POINT ( 'NONE',  ( -60.04560449174972803, 8.717998577795754045, -3.261230304006072611 ) ) ;
#3076 = EDGE_CURVE ( 'NONE', #5043, #1577, #3412, .T. ) ;
#3077 = CIRCLE ( 'NONE', #2660, 1.600000000000000755 ) ;
#3078 = ORIENTED_EDGE ( 'NONE', *, *, #1115, .F. ) ;
#3079 = DIRECTION ( 'NONE',  ( 0.000000000000000000, -1.000000000000000000, 0.000000000000000000 ) ) ;
#3080 = CARTESIAN_POINT ( 'NONE',  ( -51.60056723113756760, 8.750000000000000000, 16.72284629709940162 ) ) ;
#3081 = EDGE_CURVE ( 'NONE', #4985, #4881, #5468, .T. ) ;
#3082 = B_SPLINE_CURVE_WITH_KNOTS ( 'NONE', 3,
 ( #476, #5476, #2923, #14, #4554, #2466, #446, #5548, #1477, #2533 ),
 .UNSPECIFIED., .F., .F.,
 ( 4, 2, 2, 2, 4 ),
 ( 0.000000000000000000, 0.2500000000000000000, 0.5000000000000000000, 0.7500000000000000000, 1.000000000000000000 ),
 .UNSPECIFIED. ) ;
#3083 = FACE_OUTER_BOUND ( 'NONE', #1354, .T. ) ;
#3084 = VECTOR ( 'NONE', #2704, 1000.000000000000000 ) ;
#3085 = FILL_AREA_STYLE_COLOUR ( '', #4608 ) ;
#3086 = ORIENTED_EDGE ( 'NONE', *, *, #995, .T. ) ;
#3087 = LINE ( 'NONE', #4079, #4979 ) ;
#3088 = CARTESIAN_POINT ( 'NONE',  ( -8.258722147691500481, 17.76999999999944890, 23.52705422904000088 ) ) ;
#3089 = EDGE_CURVE ( 'NONE', #1271, #1516, #4972, .T. ) ;
#3090 = ORIENTED_EDGE ( 'NONE', *, *, #4350, .T. ) ;
#3091 = ADVANCED_FACE ( 'NONE', ( #4487 ), #5999, .F. ) ;
#3092 = CARTESIAN_POINT ( 'NONE',  ( -21.75872214769000479, 12.50000000000000000, 26.66038756237333374 ) ) ;
#3093 = DIRECTION ( 'NONE',  ( 0.000000000000000000, 1.000000000000000000, 0.000000000000000000 ) ) ;
#3094 = CARTESIAN_POINT ( 'NONE',  ( -36.20046978845009988, 10.50000000000000000, 15.99972066033815032 ) ) ;
#3095 = CARTESIAN_POINT ( 'NONE',  ( -66.59445670572583253, 4.713004295695412793, -6.761230304006072167 ) ) ;
#3096 = EDGE_LOOP ( 'NONE', ( #2086, #2534, #1139, #5283 ) ) ;
#3097 = EDGE_CURVE ( 'NONE', #292, #6267, #4136, .T. ) ;
#3098 = EDGE_LOOP ( 'NONE', ( #4186, #813, #2271, #463 ) ) ;
#3099 = AXIS2_PLACEMENT_3D ( 'NONE', #5530, #3041, #1982 ) ;
#3100 = ORIENTED_EDGE ( 'NONE', *, *, #5139, .T. ) ;
#3101 = CARTESIAN_POINT ( 'NONE',  ( -21.75872214769000124, 12.50000000000000000, 3.147054229040000095 ) ) ;
#3102 = CARTESIAN_POINT ( 'NONE',  ( -13.43515625503130551, 4.040444544970648977, 27.73876969599392694 ) ) ;
#3103 = DIRECTION ( 'NONE',  ( 0.000000000000000000, 0.000000000000000000, 1.000000000000000000 ) ) ;
#3104 = CARTESIAN_POINT ( 'NONE',  ( -35.65872214768999271, 12.50000000000000000, 6.747054229039999740 ) ) ;
#3105 = DIRECTION ( 'NONE',  ( -1.000000000000000000, 0.000000000000000000, 6.186460420561288263E-17 ) ) ;
#3106 = DIRECTION ( 'NONE',  ( 1.000000000000000000, 0.000000000000000000, 0.000000000000000000 ) ) ;
#3107 = DIRECTION ( 'NONE',  ( 0.000000000000000000, 0.000000000000000000, 1.000000000000000000 ) ) ;
#3108 = CARTESIAN_POINT ( 'NONE',  ( -39.25872214769194812, 8.500000000000007105, 3.147054229040265660 ) ) ;
#3109 = ORIENTED_EDGE ( 'NONE', *, *, #3011, .T. ) ;
#3110 = ORIENTED_EDGE ( 'NONE', *, *, #5481, .T. ) ;
#3111 = DIRECTION ( 'NONE',  ( 0.000000000000000000, 0.000000000000000000, 1.000000000000000000 ) ) ;
#3112 = LINE ( 'NONE', #4077, #6144 ) ;
#3113 = CARTESIAN_POINT ( 'NONE',  ( -53.99344095995156323, 8.000000000000000000, -2.485655477994569651 ) ) ;
#3114 = EDGE_LOOP ( 'NONE', ( #2421, #6489 ) ) ;
#3115 = LINE ( 'NONE', #5134, #5087 ) ;
#3116 = ORIENTED_EDGE ( 'NONE', *, *, #3851, .F. ) ;
#3117 = DIRECTION ( 'NONE',  ( 0.000000000000000000, 1.000000000000000000, 0.000000000000000000 ) ) ;
#3118 = CARTESIAN_POINT ( 'NONE',  ( -4.258722147691999638, 17.76999999999999957, 27.32705422903999803 ) ) ;
#3119 = DIRECTION ( 'NONE',  ( 1.000000000000000000, 0.000000000000000000, 0.000000000000000000 ) ) ;
#3120 = AXIS2_PLACEMENT_3D ( 'NONE', #2150, #2742, #2183 ) ;
#3121 = CARTESIAN_POINT ( 'NONE',  ( -55.82584360224927167, 5.875000000000003553, 25.73876969599392694 ) ) ;
#3122 = DIRECTION ( 'NONE',  ( 0.000000000000000000, 0.000000000000000000, -1.000000000000000000 ) ) ;
#3123 = ORIENTED_EDGE ( 'NONE', *, *, #1437, .F. ) ;
#3124 = ORIENTED_EDGE ( 'NONE', *, *, #1867, .T. ) ;
#3125 = VECTOR ( 'NONE', #57, 1000.000000000000000 ) ;
#3126 = ORIENTED_EDGE ( 'NONE', *, *, #2361, .T. ) ;
#3127 = DIRECTION ( 'NONE',  ( -0.6540677456111221311, -0.7564359749186869708, -0.000000000000000000 ) ) ;
#3128 = EDGE_CURVE ( 'NONE', #5706, #4253, #5631, .T. ) ;
#3129 = EDGE_CURVE ( 'NONE', #1387, #5901, #2619, .T. ) ;
#3130 = CARTESIAN_POINT ( 'NONE',  ( -4.258722147691999638, 16.01333333333333542, 27.32705422903999803 ) ) ;
#3131 = CARTESIAN_POINT ( 'NONE',  ( -6.287083550158167888, 15.77000000000000313, 22.63660041310428639 ) ) ;
#3132 = B_SPLINE_CURVE_WITH_KNOTS ( 'NONE', 3,
 ( #2788, #810, #5801, #1249, #2851, #4868, #274, #2294, #5862, #1795 ),
 .UNSPECIFIED., .F., .F.,
 ( 4, 2, 2, 2, 4 ),
 ( 0.000000000000000000, 0.1250000000000000000, 0.2500000000000000000, 0.3750000000000000000, 0.5000000000000000000 ),
 .UNSPECIFIED. ) ;
#3133 = AXIS2_PLACEMENT_3D ( 'NONE', #3830, #4241, #286 ) ;
#3134 = ADVANCED_FACE ( 'NONE', ( #4703 ), #3147, .F. ) ;
#3135 = CARTESIAN_POINT ( 'NONE',  ( -41.25872214768999413, 17.76999999999999957, 25.32705422904000159 ) ) ;
#3136 = B_SPLINE_CURVE_WITH_KNOTS ( 'NONE', 3,
 ( #1440, #5896, #2984, #939 ),
 .UNSPECIFIED., .F., .F.,
 ( 4, 4 ),
 ( 0.000000000000000000, 1.000000000000000000 ),
 .UNSPECIFIED. ) ;
#3137 = CARTESIAN_POINT ( 'NONE',  ( -39.25872214768999413, 10.50000000000000000, 10.73705422903999995 ) ) ;
#3138 = CARTESIAN_POINT ( 'NONE',  ( 6.352138378250272055, -3.250000000000000000, -6.761230304006072167 ) ) ;
#3139 = CARTESIAN_POINT ( 'NONE',  ( -4.258722147691999638, 12.50000000000000000, 25.32705422904000159 ) ) ;
#3140 = CARTESIAN_POINT ( 'NONE',  ( -39.79572938337270926, 4.466867144221085439, 27.73876969599392694 ) ) ;
#3141 = ORIENTED_EDGE ( 'NONE', *, *, #759, .F. ) ;
#3142 = LINE ( 'NONE', #3770, #818 ) ;
#3143 = DIRECTION ( 'NONE',  ( -1.000000000000000000, -0.000000000000000000, -0.000000000000000000 ) ) ;
#3144 = CARTESIAN_POINT ( 'NONE',  ( -57.29533948658965414, 10.50000000000000000, 0.5000000000000000000 ) ) ;
#3145 =( NAMED_UNIT ( * ) SI_UNIT ( $, .STERADIAN. ) SOLID_ANGLE_UNIT ( ) );
#3146 = ORIENTED_EDGE ( 'NONE', *, *, #4025, .T. ) ;
#3147 = CYLINDRICAL_SURFACE ( 'NONE', #317, 19.92627134724899918 ) ;
#3148 = CARTESIAN_POINT ( 'NONE',  ( -8.125388814358666778, 17.77000000000000313, 23.52705422904000088 ) ) ;
#3149 = CIRCLE ( 'NONE', #6315, 4.000000000000003553 ) ;
#3150 = EDGE_LOOP ( 'NONE', ( #3625, #4078, #2337, #4899 ) ) ;
#3151 = CARTESIAN_POINT ( 'NONE',  ( -39.96829162495724574, 12.50000000000000178, 17.68268932826229900 ) ) ;
#3152 = DIRECTION ( 'NONE',  ( 0.000000000000000000, 0.000000000000000000, 1.000000000000000000 ) ) ;
#3153 = DIRECTION ( 'NONE',  ( 0.000000000000000000, -1.000000000000000000, 0.000000000000000000 ) ) ;
#3154 = DIRECTION ( 'NONE',  ( -0.000000000000000000, 1.000000000000000000, 0.000000000000000000 ) ) ;
#3155 = ORIENTED_EDGE ( 'NONE', *, *, #1030, .F. ) ;
#3156 = B_SPLINE_CURVE_WITH_KNOTS ( 'NONE', 3,
 ( #2550, #67, #1559, #6118 ),
 .UNSPECIFIED., .F., .F.,
 ( 4, 4 ),
 ( 0.000000000000000000, 1.000000000000000000 ),
 .UNSPECIFIED. ) ;
#3157 = ORIENTED_EDGE ( 'NONE', *, *, #3448, .T. ) ;
#3158 = EDGE_CURVE ( 'NONE', #1250, #4249, #3087, .T. ) ;
#3159 = ORIENTED_EDGE ( 'NONE', *, *, #4827, .F. ) ;
#3160 = LINE ( 'NONE', #4652, #2821 ) ;
#3161 = CARTESIAN_POINT ( 'NONE',  ( -50.88856591388922368, 7.483490513531148913, 26.71994397445526204 ) ) ;
#3162 = VERTEX_POINT ( 'NONE', #3680 ) ;
#3163 = DIRECTION ( 'NONE',  ( 0.000000000000000000, 0.000000000000000000, 1.000000000000000000 ) ) ;
#3164 = FACE_BOUND ( 'NONE', #5127, .T. ) ;
#3165 = EDGE_CURVE ( 'NONE', #919, #3304, #3115, .T. ) ;
#3166 = AXIS2_PLACEMENT_3D ( 'NONE', #1426, #3931, #3502 ) ;
#3167 = LINE ( 'NONE', #1193, #962 ) ;
#3168 = AXIS2_PLACEMENT_3D ( 'NONE', #5014, #374, #1868 ) ;
#3169 = CARTESIAN_POINT ( 'NONE',  ( -3.996922759892853616, 12.50000000000000178, 1.147054229039999429 ) ) ;
#3170 = AXIS2_PLACEMENT_3D ( 'NONE', #3095, #2626, #3215 ) ;
#3171 = CARTESIAN_POINT ( 'NONE',  ( -4.258722147691941906, 10.50000000000000000, 3.147054229040265660 ) ) ;
#3172 = EDGE_CURVE ( 'NONE', #2450, #4431, #5166, .T. ) ;
#3173 = ORIENTED_EDGE ( 'NONE', *, *, #4433, .T. ) ;
#3174 = CARTESIAN_POINT ( 'NONE',  ( -53.99344095995156323, 12.50000000000000000, -2.485655477994569651 ) ) ;
#3175 = AXIS2_PLACEMENT_3D ( 'NONE', #5547, #543, #2134 ) ;
#3176 = CARTESIAN_POINT ( 'NONE',  ( -11.99651859791752173, 7.159555455029352977, 35.00000000000000000 ) ) ;
#3177 = DIRECTION ( 'NONE',  ( 0.000000000000000000, 0.000000000000000000, 1.000000000000000000 ) ) ;
#3178 = LINE ( 'NONE', #4111, #4400 ) ;
#3179 = EDGE_LOOP ( 'NONE', ( #2963, #1858, #3846, #1209 ) ) ;
#3180 = DIRECTION ( 'NONE',  ( 0.000000000000000000, 1.000000000000000000, 0.000000000000000000 ) ) ;
#3181 = VECTOR ( 'NONE', #4694, 1000.000000000000000 ) ;
#3182 = EDGE_LOOP ( 'NONE', ( #3695, #2220, #1305, #2886, #2951, #782, #3217, #5177, #5958, #2599 ) ) ;
#3183 = DIRECTION ( 'NONE',  ( 0.000000000000000000, -0.000000000000000000, 1.000000000000000000 ) ) ;
#3184 = DIRECTION ( 'NONE',  ( -0.000000000000000000, 1.000000000000000000, 0.000000000000000000 ) ) ;
#3185 = DIRECTION ( 'NONE',  ( 0.000000000000000000, 0.000000000000000000, 1.000000000000000000 ) ) ;
#3186 = DIRECTION ( 'NONE',  ( -1.000000000000000000, 0.000000000000000000, 0.000000000000000000 ) ) ;
#3187 = ORIENTED_EDGE ( 'NONE', *, *, #870, .T. ) ;
#3188 = ORIENTED_EDGE ( 'NONE', *, *, #1869, .F. ) ;
#3189 = ORIENTED_EDGE ( 'NONE', *, *, #5872, .F. ) ;
#3190 = FACE_OUTER_BOUND ( 'NONE', #5564, .T. ) ;
#3191 = DIRECTION ( 'NONE',  ( 0.000000000000000000, 0.000000000000000000, 1.000000000000000000 ) ) ;
#3192 = ORIENTED_EDGE ( 'NONE', *, *, #1203, .F. ) ;
#3193 = EDGE_CURVE ( 'NONE', #3009, #1013, #6126, .T. ) ;
#3194 = CARTESIAN_POINT ( 'NONE',  ( 14.02106672353487227, 8.757473573018954127, -4.761230304006072167 ) ) ;
#3195 = LINE ( 'NONE', #687, #3084 ) ;
#3196 = VERTEX_POINT ( 'NONE', #75 ) ;
#3197 = DIRECTION ( 'NONE',  ( 0.000000000000000000, -1.000000000000000000, 2.200000000000000003E-16 ) ) ;
#3198 = CARTESIAN_POINT ( 'NONE',  ( -70.59445670572583253, 4.713004295695412793, -3.761230304006072167 ) ) ;
#3199 = CARTESIAN_POINT ( 'NONE',  ( -46.64434067419821162, 10.50000000000000000, 22.43434452200543205 ) ) ;
#3200 =( GEOMETRIC_REPRESENTATION_CONTEXT ( 3 ) GLOBAL_UNCERTAINTY_ASSIGNED_CONTEXT ( ( #2300 ) ) GLOBAL_UNIT_ASSIGNED_CONTEXT ( ( #139, #5203, #4212 ) ) REPRESENTATION_CONTEXT ( 'NONE', 'WORKASPACE' ) );
#3201 = ORIENTED_EDGE ( 'NONE', *, *, #3283, .F. ) ;
#3202 = CARTESIAN_POINT ( 'NONE',  ( -62.05134326581678295, 8.717998577795750492, -3.761230304006072167 ) ) ;
#3203 = CARTESIAN_POINT ( 'NONE',  ( -37.49605571639184376, 12.49999999999999822, 11.17880186980009505 ) ) ;
#3204 = LINE ( 'NONE', #4637, #6045 ) ;
#3205 = EDGE_CURVE ( 'NONE', #4813, #3162, #6142, .T. ) ;
#3206 = CARTESIAN_POINT ( 'NONE',  ( -7.858722147691999282, 15.76999999999999957, 4.947054229039999917 ) ) ;
#3207 = ORIENTED_EDGE ( 'NONE', *, *, #1332, .T. ) ;
#3208 = DIRECTION ( 'NONE',  ( -0.000000000000000000, 1.000000000000000000, -0.000000000000000000 ) ) ;
#3209 = CARTESIAN_POINT ( 'NONE',  ( -4.258722147691999638, 17.76999999999999957, 1.147054229039999873 ) ) ;
#3210 = EDGE_CURVE ( 'NONE', #2469, #4829, #5071, .T. ) ;
#3211 = ORIENTED_EDGE ( 'NONE', *, *, #2200, .T. ) ;
#3212 = LINE ( 'NONE', #1272, #5783 ) ;
#3213 = CARTESIAN_POINT ( 'NONE',  ( -18.70837374726851721, 4.040444544970648977, 27.73876969599392694 ) ) ;
#3214 = CARTESIAN_POINT ( 'NONE',  ( -21.75872214769000124, 12.50000000000000000, 1.147054229039999873 ) ) ;
#3215 = DIRECTION ( 'NONE',  ( -1.000000000000000000, 0.000000000000000000, 0.000000000000000000 ) ) ;
#3216 = ORIENTED_EDGE ( 'NONE', *, *, #5539, .F. ) ;
#3217 = ORIENTED_EDGE ( 'NONE', *, *, #6030, .F. ) ;
#3218 = ORIENTED_EDGE ( 'NONE', *, *, #6307, .T. ) ;
#3219 = CARTESIAN_POINT ( 'NONE',  ( -32.69603967124039912, 15.76999999999944713, 23.52705422904000088 ) ) ;
#3220 = VECTOR ( 'NONE', #1325, 1000.000000000000000 ) ;
#3221 = LINE ( 'NONE', #581, #1389 ) ;
#3222 = ORIENTED_EDGE ( 'NONE', *, *, #832, .F. ) ;
#3223 = CARTESIAN_POINT ( 'NONE',  ( -2.258722147692000082, 12.50000000000000000, 10.54038756237333274 ) ) ;
#3224 = MECHANICAL_DESIGN_GEOMETRIC_PRESENTATION_REPRESENTATION (  '', ( #1545 ), #703 ) ;
#3225 = DIRECTION ( 'NONE',  ( -0.000000000000000000, 1.000000000000000000, -0.000000000000000000 ) ) ;
#3226 = ORIENTED_EDGE ( 'NONE', *, *, #743, .F. ) ;
#3227 = AXIS2_PLACEMENT_3D ( 'NONE', #4708, #3247, #3720 ) ;
#3228 = FACE_OUTER_BOUND ( 'NONE', #6334, .T. ) ;
#3229 = VECTOR ( 'NONE', #6017, 1000.000000000000000 ) ;
#3230 = CARTESIAN_POINT ( 'NONE',  ( -23.68836541232418824, 12.49999999999999467, 3.147054229040003204 ) ) ;
#3231 = CARTESIAN_POINT ( 'NONE',  ( -11.99651859791752173, 6.659555455029353865, 26.77397846476551280 ) ) ;
#3232 = ORIENTED_EDGE ( 'NONE', *, *, #5224, .T. ) ;
#3233 = DIRECTION ( 'NONE',  ( -0.000000000000000000, 1.000000000000000000, -0.000000000000000000 ) ) ;
#3234 = FACE_OUTER_BOUND ( 'NONE', #6515, .T. ) ;
#3235 = CARTESIAN_POINT ( 'NONE',  ( -61.54560449174972803, 10.50000000000000000, -4.761230304006072167 ) ) ;
#3236 = EDGE_CURVE ( 'NONE', #6381, #4260, #599, .T. ) ;
#3237 = DIRECTION ( 'NONE',  ( -1.000000000000000000, 0.000000000000000000, 0.000000000000000000 ) ) ;
#3238 = ORIENTED_EDGE ( 'NONE', *, *, #5320, .T. ) ;
#3239 = CARTESIAN_POINT ( 'NONE',  ( -37.49605571639185797, 12.50000000000000178, 17.29530658827990308 ) ) ;
#3240 = CARTESIAN_POINT ( 'NONE',  ( -10.79999054116380997, 8.250000000000000000, 26.77397846476551280 ) ) ;
#3241 = VERTEX_POINT ( 'NONE', #1170 ) ;
#3242 = EDGE_CURVE ( 'NONE', #6037, #3754, #138, .T. ) ;
#3243 = ADVANCED_FACE ( 'NONE', ( #5202 ), #2157, .T. ) ;
#3244 = VECTOR ( 'NONE', #5739, 1000.000000000000000 ) ;
#3245 = EDGE_CURVE ( 'NONE', #5106, #74, #2759, .T. ) ;
#3246 = CARTESIAN_POINT ( 'NONE',  ( -67.07003059873778739, 4.735238934357180796, -3.761230304006072167 ) ) ;
#3247 = DIRECTION ( 'NONE',  ( 0.000000000000000000, 1.000000000000000000, -1.700000000000000014E-16 ) ) ;
#3248 = CARTESIAN_POINT ( 'NONE',  ( 3.506559040048433218, 10.50000000000000000, 16.11449525870471433 ) ) ;
#3249 = EDGE_LOOP ( 'NONE', ( #4116, #2039, #752, #5912, #1991, #5327 ) ) ;
#3250 = EDGE_CURVE ( 'NONE', #576, #2313, #42, .T. ) ;
#3251 = CARTESIAN_POINT ( 'NONE',  ( 4.006559040048433218, 8.000000000000000000, 22.93434452200543205 ) ) ;
#3252 = ORIENTED_EDGE ( 'NONE', *, *, #2791, .T. ) ;
#3253 = B_SPLINE_CURVE_WITH_KNOTS ( 'NONE', 3,
 ( #5854, #5759, #1240, #1331, #5328, #3746, #3239, #5236, #1269, #5359 ),
 .UNSPECIFIED., .F., .F.,
 ( 4, 2, 2, 2, 4 ),
 ( 0.5000000000000000000, 0.6250000000000000000, 0.7500000000000000000, 0.8750000000000000000, 1.000000000000000000 ),
 .UNSPECIFIED. ) ;
#3254 = AXIS2_PLACEMENT_3D ( 'NONE', #2462, #2426, #5011 ) ;
#3255 = ORIENTED_EDGE ( 'NONE', *, *, #2727, .T. ) ;
#3256 = ORIENTED_EDGE ( 'NONE', *, *, #3664, .F. ) ;
#3257 = CARTESIAN_POINT ( 'NONE',  ( -50.69154243331347942, 10.50000000000000000, 0.4999999999999996669 ) ) ;
#3258 = CARTESIAN_POINT ( 'NONE',  ( -41.25872214768999413, 17.76999999999999957, 3.147054229040000095 ) ) ;
#3259 = ORIENTED_EDGE ( 'NONE', *, *, #4814, .F. ) ;
#3260 = VERTEX_POINT ( 'NONE', #4175 ) ;
#3261 = DIRECTION ( 'NONE',  ( -0.8634336279715403295, -0.5044624565692711338, 0.000000000000000000 ) ) ;
#3262 = CARTESIAN_POINT ( 'NONE',  ( -12.49651859791752351, 5.479082202084430975, 26.77397846476551280 ) ) ;
#3263 = LINE ( 'NONE', #4308, #2714 ) ;
#3264 = DIRECTION ( 'NONE',  ( -1.000000000000000000, 0.000000000000000000, 0.000000000000000000 ) ) ;
#3265 = CARTESIAN_POINT ( 'NONE',  ( -39.25872214768999413, 12.50000000000000000, 3.147054229040000095 ) ) ;
#3266 = CARTESIAN_POINT ( 'NONE',  ( -35.25872214769005097, 17.76999999999999957, 23.52705422904000088 ) ) ;
#3267 = AXIS2_PLACEMENT_3D ( 'NONE', #3966, #5981, #1879 ) ;
#3268 = DIRECTION ( 'NONE',  ( -0.000000000000000000, 1.000000000000000000, 0.000000000000000000 ) ) ;
#3269 = ORIENTED_EDGE ( 'NONE', *, *, #3936, .T. ) ;
#3270 = DIRECTION ( 'NONE',  ( 0.000000000000000000, 0.000000000000000000, 1.000000000000000000 ) ) ;
#3271 = EDGE_CURVE ( 'NONE', #5856, #5706, #1567, .T. ) ;
#3272 = DIRECTION ( 'NONE',  ( 0.000000000000000000, 0.000000000000000000, 1.000000000000000000 ) ) ;
#3273 = VECTOR ( 'NONE', #5093, 1000.000000000000000 ) ;
#3274 = VERTEX_POINT ( 'NONE', #5069 ) ;
#3275 = VECTOR ( 'NONE', #1902, 1000.000000000000000 ) ;
#3276 = CARTESIAN_POINT ( 'NONE',  ( -41.25872214768999413, 12.50000000000000000, 11.36477290577099986 ) ) ;
#3277 = CARTESIAN_POINT ( 'NONE',  ( 4.006559040048433218, 8.000000000000000000, 25.35434452200543021 ) ) ;
#3278 = APPLICATION_PROTOCOL_DEFINITION ( 'draft international standard', 'automotive_design', 1998, #1849 ) ;
#3279 = CARTESIAN_POINT ( 'NONE',  ( -10.82140462413961934, 15.76999999999944713, 25.32705422904000159 ) ) ;
#3280 = EDGE_LOOP ( 'NONE', ( #1721, #2687, #3481, #705 ) ) ;
#3281 = CARTESIAN_POINT ( 'NONE',  ( -6.058722147692000348, 15.76999999999999957, 21.72705422903999661 ) ) ;
#3282 = ORIENTED_EDGE ( 'NONE', *, *, #3824, .T. ) ;
#3283 = EDGE_CURVE ( 'NONE', #1013, #5515, #5600, .T. ) ;
#3284 = CIRCLE ( 'NONE', #1601, 2.419999999999998597 ) ;
#3285 = ORIENTED_EDGE ( 'NONE', *, *, #3742, .F. ) ;
#3286 = AXIS2_PLACEMENT_3D ( 'NONE', #72, #4544, #973 ) ;
#3287 = AXIS2_PLACEMENT_3D ( 'NONE', #1680, #2099, #6197 ) ;
#3288 = ORIENTED_EDGE ( 'NONE', *, *, #5601, .T. ) ;
#3289 = FACE_OUTER_BOUND ( 'NONE', #4233, .T. ) ;
#3290 = CARTESIAN_POINT ( 'NONE',  ( -21.75872214769000479, 12.49999999999999289, 1.813720895706670833 ) ) ;
#3291 = ORIENTED_EDGE ( 'NONE', *, *, #1360, .F. ) ;
#3292 = ADVANCED_FACE ( 'NONE', ( #166 ), #1628, .F. ) ;
#3293 = ORIENTED_EDGE ( 'NONE', *, *, #3076, .F. ) ;
#3294 = CARTESIAN_POINT ( 'NONE',  ( -39.25872214768999413, 12.50000000000000000, 3.147054229040000095 ) ) ;
#3295 = FACE_OUTER_BOUND ( 'NONE', #5427, .T. ) ;
#3296 = VECTOR ( 'NONE', #2449, 1000.000000000000000 ) ;
#3297 = CARTESIAN_POINT ( 'NONE',  ( -55.82584360224927167, 5.875000000000003553, 25.73876969599392694 ) ) ;
#3298 = DIRECTION ( 'NONE',  ( 0.000000000000000000, 0.000000000000000000, -1.000000000000000000 ) ) ;
#3299 = CARTESIAN_POINT ( 'NONE',  ( -61.54560449174972803, 5.875000000000003553, 25.73876969599392694 ) ) ;
#3300 = ORIENTED_EDGE ( 'NONE', *, *, #4917, .T. ) ;
#3301 = LINE ( 'NONE', #2781, #2438 ) ;
#3302 = CARTESIAN_POINT ( 'NONE',  ( 18.02106672353487227, 4.713004295695412793, -3.761230304006072167 ) ) ;
#3303 = ORIENTED_EDGE ( 'NONE', *, *, #994, .F. ) ;
#3304 = VERTEX_POINT ( 'NONE', #2810 ) ;
#3305 = CYLINDRICAL_SURFACE ( 'NONE', #2408, 1.600000000000004086 ) ;
#3306 = CIRCLE ( 'NONE', #4690, 3.499999999999999556 ) ;
#3307 = CARTESIAN_POINT ( 'NONE',  ( -53.49344095995156323, 10.50000000000000000, 16.15947316483460128 ) ) ;
#3308 = CARTESIAN_POINT ( 'NONE',  ( -50.38856591388922368, 4.966867144221086328, 35.00000000000000000 ) ) ;
#3309 = EDGE_LOOP ( 'NONE', ( #1787, #4243, #1938, #3312 ) ) ;
#3310 = CARTESIAN_POINT ( 'NONE',  ( 18.02106672353487227, 4.713004295695412793, -6.761230304006072167 ) ) ;
#3311 = ORIENTED_EDGE ( 'NONE', *, *, #5772, .T. ) ;
#3312 = ORIENTED_EDGE ( 'NONE', *, *, #3250, .T. ) ;
#3313 = ORIENTED_EDGE ( 'NONE', *, *, #3245, .T. ) ;
#3314 = CYLINDRICAL_SURFACE ( 'NONE', #3994, 1.350000000000000533 ) ;
#3315 = LINE ( 'NONE', #6491, #6040 ) ;
#3316 = EDGE_CURVE ( 'NONE', #5998, #2469, #6254, .T. ) ;
#3317 = EDGE_CURVE ( 'NONE', #2180, #3609, #3253, .T. ) ;
#3318 = CARTESIAN_POINT ( 'NONE',  ( -63.54560449174972803, -3.250000000000000000, 0.000000000000000000 ) ) ;
#3319 = ORIENTED_EDGE ( 'NONE', *, *, #793, .F. ) ;
#3320 = VERTEX_POINT ( 'NONE', #266 ) ;
#3321 = EDGE_CURVE ( 'NONE', #2750, #6350, #2232, .T. ) ;
#3322 = EDGE_CURVE ( 'NONE', #3812, #940, #4349, .T. ) ;
#3323 = ADVANCED_FACE ( 'NONE', ( #1207 ), #4377, .F. ) ;
#3324 = VECTOR ( 'NONE', #1990, 1000.000000000000000 ) ;
#3325 = EDGE_CURVE ( 'NONE', #6265, #3812, #3301, .T. ) ;
#3326 = LINE ( 'NONE', #1683, #1904 ) ;
#3327 = CARTESIAN_POINT ( 'NONE',  ( -3.735226378973440564, 12.50000000000000178, 27.27499958237663691 ) ) ;
#3328 = CARTESIAN_POINT ( 'NONE',  ( -8.258722147691999638, 17.77000000000000313, 24.79372089570666660 ) ) ;
#3329 = CARTESIAN_POINT ( 'NONE',  ( -53.99344095995156323, 8.000000000000000000, 22.93434452200543205 ) ) ;
#3330 = ADVANCED_FACE ( 'NONE', ( #5298 ), #702, .T. ) ;
#3331 = CARTESIAN_POINT ( 'NONE',  ( 7.852138378250272943, -3.250000000000000000, -3.261230304006072611 ) ) ;
#3332 = VERTEX_POINT ( 'NONE', #773 ) ;
#3333 = DIRECTION ( 'NONE',  ( 0.000000000000000000, -1.700000000000000014E-16, -1.000000000000000000 ) ) ;
#3334 = CARTESIAN_POINT ( 'NONE',  ( -60.04560449174972803, 12.50000000000000000, 27.73876969599392694 ) ) ;
#3335 = VECTOR ( 'NONE', #4956, 1000.000000000000114 ) ;
#3336 = VERTEX_POINT ( 'NONE', #4345 ) ;
#3337 = ORIENTED_EDGE ( 'NONE', *, *, #2170, .F. ) ;
#3338 = DIRECTION ( 'NONE',  ( -0.000000000000000000, 1.000000000000000000, -0.000000000000000000 ) ) ;
#3339 = CLOSED_SHELL ( 'NONE', ( #1116, #3572, #293, #4017, #6190, #3581, #5718, #494, #2842, #6435, #740, #2188, #1995, #3937, #531, #4513, #3134, #610 ) ) ;
#3340 = DIRECTION ( 'NONE',  ( 1.000000000000000000, 0.000000000000000000, 0.000000000000000000 ) ) ;
#3341 = CARTESIAN_POINT ( 'NONE',  ( -31.26293022134100141, 14.86884058170968537, 1.147054229039999207 ) ) ;
#3342 = VERTEX_POINT ( 'NONE', #199 ) ;
#3343 = DIRECTION ( 'NONE',  ( 0.000000000000000000, 0.000000000000000000, 1.000000000000000000 ) ) ;
#3344 = ORIENTED_EDGE ( 'NONE', *, *, #3902, .T. ) ;
#3345 = CARTESIAN_POINT ( 'NONE',  ( -61.54560449174972803, -3.250000000000000000, 25.73876969599392694 ) ) ;
#3346 = AXIS2_PLACEMENT_3D ( 'NONE', #3965, #5945, #1940 ) ;
#3347 = EDGE_LOOP ( 'NONE', ( #3739, #442 ) ) ;
#3348 = ORIENTED_EDGE ( 'NONE', *, *, #1121, .T. ) ;
#3349 = DIRECTION ( 'NONE',  ( 0.000000000000000000, -2.400000000000000048E-16, -1.000000000000000000 ) ) ;
#3350 = PRODUCT_DEFINITION_CONTEXT ( 'detailed design', #2195, 'design' ) ;
#3351 = CARTESIAN_POINT ( 'NONE',  ( -39.25872214768999413, 15.76999999999999957, 3.147054229040000095 ) ) ;
#3352 = CIRCLE ( 'NONE', #504, 2.420000000000000817 ) ;
#3353 = DIRECTION ( 'NONE',  ( -0.000000000000000000, 1.000000000000000000, -0.000000000000000000 ) ) ;
#3354 = ORIENTED_EDGE ( 'NONE', *, *, #4917, .F. ) ;
#3355 = EDGE_CURVE ( 'NONE', #5247, #1905, #430, .T. ) ;
#3356 = ORIENTED_EDGE ( 'NONE', *, *, #4896, .T. ) ;
#3357 = ORIENTED_EDGE ( 'NONE', *, *, #5596, .F. ) ;
#3358 = B_SPLINE_CURVE_WITH_KNOTS ( 'NONE', 3,
 ( #3281, #3847, #6327, #5368 ),
 .UNSPECIFIED., .F., .F.,
 ( 4, 4 ),
 ( 0.000000000000000000, 1.000000000000000000 ),
 .UNSPECIFIED. ) ;
#3359 = DIRECTION ( 'NONE',  ( 0.000000000000000000, -0.000000000000000000, 1.000000000000000000 ) ) ;
#3360 = EDGE_CURVE ( 'NONE', #2506, #1343, #2747, .T. ) ;
#3361 = EDGE_CURVE ( 'NONE', #2490, #2413, #2797, .T. ) ;
#3362 = DIRECTION ( 'NONE',  ( 0.000000000000000000, 0.000000000000000000, 1.000000000000000000 ) ) ;
#3363 = EDGE_CURVE ( 'NONE', #2295, #5840, #4767, .T. ) ;
#3364 = CARTESIAN_POINT ( 'NONE',  ( -35.65872214768999271, 12.50000000000000000, 4.947054229039999917 ) ) ;
#3365 = CARTESIAN_POINT ( 'NONE',  ( 3.506559040048433218, 8.005696803542699413, 19.52937570921329069 ) ) ;
#3366 = DIRECTION ( 'NONE',  ( 0.000000000000000000, 0.000000000000000000, 1.000000000000000000 ) ) ;
#3367 = VERTEX_POINT ( 'NONE', #1301 ) ;
#3368 = CARTESIAN_POINT ( 'NONE',  ( -6.754504887210099895, 17.76999999999999602, 5.305790063807434898 ) ) ;
#3369 = ADVANCED_FACE ( 'NONE', ( #294 ), #6258, .T. ) ;
#3370 = CARTESIAN_POINT ( 'NONE',  ( 4.006559040048433218, 5.875000000000003553, 22.93434452200543205 ) ) ;
#3371 = ORIENTED_EDGE ( 'NONE', *, *, #5277, .F. ) ;
#3372 = ORIENTED_EDGE ( 'NONE', *, *, #3271, .F. ) ;
#3373 = CARTESIAN_POINT ( 'NONE',  ( -8.258722147691999638, 17.76999999999999602, 2.413720895706666703 ) ) ;
#3374 = VECTOR ( 'NONE', #5584, 1000.000000000000000 ) ;
#3375 = LINE ( 'NONE', #2386, #2973 ) ;
#3376 = DIRECTION ( 'NONE',  ( -0.000000000000000000, 0.000000000000000000, 1.000000000000000000 ) ) ;
#3377 = ORIENTED_EDGE ( 'NONE', *, *, #5277, .T. ) ;
#3378 = VECTOR ( 'NONE', #4473, 1000.000000000000000 ) ;
#3379 = DIRECTION ( 'NONE',  ( 0.000000000000000000, 1.000000000000000000, 0.000000000000000000 ) ) ;
#3380 = PLANE ( 'NONE',  #4338 ) ;
#3381 = VECTOR ( 'NONE', #2995, 1000.000000000000000 ) ;
#3382 = ORIENTED_EDGE ( 'NONE', *, *, #991, .F. ) ;
#3383 = EDGE_LOOP ( 'NONE', ( #1415, #1188, #1231, #2363 ) ) ;
#3384 = PLANE ( 'NONE',  #729 ) ;
#3385 = CARTESIAN_POINT ( 'NONE',  ( -10.09205548102465677, 12.50000000000000000, 3.147054229040000095 ) ) ;
#3386 = AXIS2_PLACEMENT_3D ( 'NONE', #3645, #3180, #636 ) ;
#3387 = CARTESIAN_POINT ( 'NONE',  ( -60.04560449174972803, -3.250000000000000000, -3.261230304006072611 ) ) ;
#3388 = DIRECTION ( 'NONE',  ( -0.000000000000000000, -1.000000000000000000, -0.000000000000000000 ) ) ;
#3389 = ORIENTED_EDGE ( 'NONE', *, *, #2442, .T. ) ;
#3390 = AXIS2_PLACEMENT_3D ( 'NONE', #3409, #6354, #5432 ) ;
#3391 = B_SPLINE_CURVE_WITH_KNOTS ( 'NONE', 3,
 ( #5604, #4083, #1538, #2097 ),
 .UNSPECIFIED., .F., .F.,
 ( 4, 4 ),
 ( 0.000000000000000000, 1.000000000000000000 ),
 .UNSPECIFIED. ) ;
#3392 = VERTEX_POINT ( 'NONE', #831 ) ;
#3393 = EDGE_LOOP ( 'NONE', ( #1668, #1423, #4441, #2005 ) ) ;
#3394 = DIRECTION ( 'NONE',  ( -1.000000000000000000, 0.000000000000000000, -0.000000000000000000 ) ) ;
#3395 = EDGE_CURVE ( 'NONE', #644, #221, #4927, .T. ) ;
#3396 = FACE_BOUND ( 'NONE', #5017, .T. ) ;
#3397 = CARTESIAN_POINT ( 'NONE',  ( -1.047879871204502100, 8.187500000000001776, 0.4999999999999998890 ) ) ;
#3398 = LINE ( 'NONE', #2410, #3220 ) ;
#3399 = LINE ( 'NONE', #1299, #4464 ) ;
#3400 = DIRECTION ( 'NONE',  ( 0.000000000000000000, 0.000000000000000000, 1.000000000000000000 ) ) ;
#3401 = VERTEX_POINT ( 'NONE', #1727 ) ;
#3402 = LINE ( 'NONE', #2905, #3181 ) ;
#3403 = CARTESIAN_POINT ( 'NONE',  ( -20.04290560462220228, 5.156710659648465978, 27.73876969599392694 ) ) ;
#3404 = VECTOR ( 'NONE', #3542, 1000.000000000000000 ) ;
#3405 = ORIENTED_EDGE ( 'NONE', *, *, #1557, .F. ) ;
#3406 = EDGE_LOOP ( 'NONE', ( #4497, #5396 ) ) ;
#3407 = CARTESIAN_POINT ( 'NONE',  ( -37.45872214768999697, 17.76999999999999957, 21.72705422903999661 ) ) ;
#3408 = EDGE_CURVE ( 'NONE', #4576, #462, #6036, .T. ) ;
#3409 = CARTESIAN_POINT ( 'NONE',  ( -19.69137825829315602, 6.659555455029353865, 26.77397846476551280 ) ) ;
#3410 = CARTESIAN_POINT ( 'NONE',  ( 9.876295877967509185, 0.7130042956954123490, -3.761230304006072167 ) ) ;
#3411 = VERTEX_POINT ( 'NONE', #6476 ) ;
#3412 = LINE ( 'NONE', #1470, #3073 ) ;
#3413 = EDGE_CURVE ( 'NONE', #3957, #4329, #1433, .T. ) ;
#3414 = CARTESIAN_POINT ( 'NONE',  ( -39.25872214768999413, 17.76999999999999957, 1.147054229039999873 ) ) ;
#3415 = ORIENTED_EDGE ( 'NONE', *, *, #2528, .F. ) ;
#3416 = VECTOR ( 'NONE', #1993, 1000.000000000000000 ) ;
#3417 = ORIENTED_EDGE ( 'NONE', *, *, #1675, .T. ) ;
#3418 = DIRECTION ( 'NONE',  ( 0.000000000000000000, 0.000000000000000000, 1.000000000000000000 ) ) ;
#3419 = PLANE ( 'NONE',  #4865 ) ;
#3420 = FACE_BOUND ( 'NONE', #2863, .T. ) ;
#3421 = PLANE ( 'NONE',  #2966 ) ;
#3422 = VERTEX_POINT ( 'NONE', #1981 ) ;
#3423 = EDGE_CURVE ( 'NONE', #6273, #5528, #19, .T. ) ;
#3424 = ORIENTED_EDGE ( 'NONE', *, *, #4904, .T. ) ;
#3425 = EDGE_CURVE ( 'NONE', #4347, #4829, #1833, .T. ) ;
#3426 = ORIENTED_EDGE ( 'NONE', *, *, #5241, .T. ) ;
#3427 = CARTESIAN_POINT ( 'NONE',  ( -42.10122215060024331, 12.50000000000000000, 16.35494526401501858 ) ) ;
#3428 = DIRECTION ( 'NONE',  ( -1.000000000000000000, 0.000000000000000000, 0.000000000000000000 ) ) ;
#3429 = CARTESIAN_POINT ( 'NONE',  ( -10.82140462413961934, 15.76999999999939917, 4.947054229039999917 ) ) ;
#3430 = DIRECTION ( 'NONE',  ( 0.000000000000000000, -1.000000000000000000, 0.000000000000000000 ) ) ;
#3431 = AXIS2_PLACEMENT_3D ( 'NONE', #2322, #1213, #2356 ) ;
#3432 = DIRECTION ( 'NONE',  ( 0.000000000000000000, 0.000000000000000000, 1.000000000000000000 ) ) ;
#3433 = FACE_OUTER_BOUND ( 'NONE', #2035, .T. ) ;
#3434 = ORIENTED_EDGE ( 'NONE', *, *, #3325, .F. ) ;
#3435 = DIRECTION ( 'NONE',  ( 0.000000000000000000, 0.000000000000000000, 1.000000000000000000 ) ) ;
#3436 = CARTESIAN_POINT ( 'NONE',  ( -13.08160286443803066, 4.186891154377374136, 26.77397846476551280 ) ) ;
#3437 = VECTOR ( 'NONE', #4562, 1000.000000000000000 ) ;
#3438 = ORIENTED_EDGE ( 'NONE', *, *, #2113, .T. ) ;
#3439 = ORIENTED_EDGE ( 'NONE', *, *, #4751, .T. ) ;
#3440 = DIRECTION ( 'NONE',  ( 0.000000000000000000, 1.000000000000000000, 0.000000000000000000 ) ) ;
#3441 = EDGE_CURVE ( 'NONE', #1117, #6488, #3472, .T. ) ;
#3442 = FACE_OUTER_BOUND ( 'NONE', #4204, .T. ) ;
#3443 = DIRECTION ( 'NONE',  ( -0.000000000000000000, -1.000000000000000000, -0.000000000000000000 ) ) ;
#3444 = ORIENTED_EDGE ( 'NONE', *, *, #6385, .F. ) ;
#3445 = CARTESIAN_POINT ( 'NONE',  ( -21.38836543812355373, 8.250000000000000000, 26.77397846476551280 ) ) ;
#3446 = CARTESIAN_POINT ( 'NONE',  ( -10.79999054116380997, -12.75000000000000000, 26.77397846476551280 ) ) ;
#3447 = EDGE_CURVE ( 'NONE', #5975, #1510, #3651, .T. ) ;
#3448 = EDGE_CURVE ( 'NONE', #4217, #6005, #896, .T. ) ;
#3449 = ORIENTED_EDGE ( 'NONE', *, *, #1225, .F. ) ;
#3450 = B_SPLINE_CURVE_WITH_KNOTS ( 'NONE', 3,
 ( #771, #4824, #4314, #2745 ),
 .UNSPECIFIED., .F., .F.,
 ( 4, 4 ),
 ( 0.000000000000000000, 1.000000000000000000 ),
 .UNSPECIFIED. ) ;
#3451 = EDGE_LOOP ( 'NONE', ( #363, #3907, #4369, #1164 ) ) ;
#3452 = CARTESIAN_POINT ( 'NONE',  ( -13.43515625503130551, 4.540444544970648089, 26.77397846476551280 ) ) ;
#3453 = FACE_OUTER_BOUND ( 'NONE', #6505, .T. ) ;
#3454 = DIRECTION ( 'NONE',  ( 0.000000000000000000, -2.200000000000000003E-16, -1.000000000000000000 ) ) ;
#3455 = CARTESIAN_POINT ( 'NONE',  ( -60.04560449174972803, 10.50000000000000000, 23.43434452200543205 ) ) ;
#3456 = ORIENTED_EDGE ( 'NONE', *, *, #2243, .F. ) ;
#3457 = VECTOR ( 'NONE', #5614, 1000.000000000000000 ) ;
#3458 = ADVANCED_FACE ( 'NONE', ( #2448 ), #2940, .F. ) ;
#3459 = ORIENTED_EDGE ( 'NONE', *, *, #1884, .F. ) ;
#3460 = ORIENTED_EDGE ( 'NONE', *, *, #2885, .T. ) ;
#3461 = DIRECTION ( 'NONE',  ( -0.000000000000000000, -0.000000000000000000, -1.000000000000000000 ) ) ;
#3462 = VECTOR ( 'NONE', #879, 1000.000000000000000 ) ;
#3463 = B_SPLINE_CURVE_WITH_KNOTS ( 'NONE', 3,
 ( #732, #192, #3327, #4847, #6280, #1747, #3769, #6250, #1719, #2342 ),
 .UNSPECIFIED., .F., .F.,
 ( 4, 2, 2, 2, 4 ),
 ( 0.000000000000000000, 0.2500000000000000000, 0.5000000000000000000, 0.7500000000000000000, 1.000000000000000000 ),
 .UNSPECIFIED. ) ;
#3464 = B_SPLINE_CURVE_WITH_KNOTS ( 'NONE', 3,
 ( #674, #1790, #270, #2290 ),
 .UNSPECIFIED., .F., .F.,
 ( 4, 4 ),
 ( 0.000000000000000000, 1.000000000000000000 ),
 .UNSPECIFIED. ) ;
#3465 = CARTESIAN_POINT ( 'NONE',  ( -39.25872214768999413, 15.76999999999999957, 3.147054229040000095 ) ) ;
#3466 = CIRCLE ( 'NONE', #4837, 3.350000000000002309 ) ;
#3467 = CYLINDRICAL_SURFACE ( 'NONE', #381, 3.350000000000002309 ) ;
#3468 = DIRECTION ( 'NONE',  ( 0.000000000000000000, 1.000000000000000000, 0.000000000000000000 ) ) ;
#3469 = EDGE_CURVE ( 'NONE', #3982, #5176, #5955, .T. ) ;
#3470 = FACE_OUTER_BOUND ( 'NONE', #5490, .T. ) ;
#3471 = ORIENTED_EDGE ( 'NONE', *, *, #2453, .T. ) ;
#3472 = LINE ( 'NONE', #4006, #5717 ) ;
#3473 = CARTESIAN_POINT ( 'NONE',  ( -39.25872214769194812, 10.50000000000000000, 25.32705422904026449 ) ) ;
#3474 = VERTEX_POINT ( 'NONE', #459 ) ;
#3475 = ORIENTED_EDGE ( 'NONE', *, *, #819, .F. ) ;
#3476 = CARTESIAN_POINT ( 'NONE',  ( -35.52538881435666696, 17.76999999999999602, 4.947054229039999917 ) ) ;
#3477 = B_SPLINE_CURVE_WITH_KNOTS ( 'NONE', 3,
 ( #5212, #5735, #1214, #1859, #840, #1763 ),
 .UNSPECIFIED., .F., .F.,
 ( 4, 2, 4 ),
 ( 0.000000000000000000, 0.5000000000000000000, 1.000000000000000000 ),
 .UNSPECIFIED. ) ;
#3478 = CARTESIAN_POINT ( 'NONE',  ( 14.02106672353487227, 8.757473573018954127, -3.761230304006072167 ) ) ;
#3479 = EDGE_CURVE ( 'NONE', #4576, #1215, #4507, .T. ) ;
#3480 = LINE ( 'NONE', #1008, #5342 ) ;
#3481 = ORIENTED_EDGE ( 'NONE', *, *, #3657, .T. ) ;
#3482 = CARTESIAN_POINT ( 'NONE',  ( 1.873062941308192730, 8.250000000000000000, 17.31907693046060714 ) ) ;
#3483 = DIRECTION ( 'NONE',  ( 0.000000000000000000, 0.000000000000000000, 1.000000000000000000 ) ) ;
#3484 = ORIENTED_EDGE ( 'NONE', *, *, #6080, .F. ) ;
#3485 = CIRCLE ( 'NONE', #3166, 1.600000000000000755 ) ;
#3486 = VERTEX_POINT ( 'NONE', #6021 ) ;
#3487 = DIRECTION ( 'NONE',  ( -0.000000000000000000, -0.000000000000000000, 1.000000000000000000 ) ) ;
#3488 = CARTESIAN_POINT ( 'NONE',  ( -1.057792194246879980, 8.187500000000001776, -0.5000000000000006661 ) ) ;
#3489 = AXIS2_PLACEMENT_3D ( 'NONE', #2081, #1029, #425 ) ;
#3490 = EDGE_CURVE ( 'NONE', #277, #2469, #4203, .T. ) ;
#3491 = DIRECTION ( 'NONE',  ( 0.000000000000000000, 1.000000000000000000, 0.000000000000000000 ) ) ;
#3492 = CARTESIAN_POINT ( 'NONE',  ( 4.006559040048433218, 5.875000000000003553, 22.93434452200543205 ) ) ;
#3493 = ORIENTED_EDGE ( 'NONE', *, *, #916, .F. ) ;
#3494 = AXIS2_PLACEMENT_3D ( 'NONE', #6493, #1969, #950 ) ;
#3495 = ORIENTED_EDGE ( 'NONE', *, *, #4591, .F. ) ;
#3496 = ORIENTED_EDGE ( 'NONE', *, *, #5226, .T. ) ;
#3497 = CARTESIAN_POINT ( 'NONE',  ( -50.67171778722872233, 10.50000000000000000, -0.4999999999999995559 ) ) ;
#3498 = AXIS2_PLACEMENT_3D ( 'NONE', #670, #1075, #567 ) ;
#3499 = B_SPLINE_SURFACE_WITH_KNOTS ( 'NONE', 3, 1, ( 
 ( #43, #1961 ),
 ( #6517, #402 ),
 ( #3022, #4578 ),
 ( #4937, #5967 ),
 ( #2917, #4520 ),
 ( #2423, #4050 ) ),
 .UNSPECIFIED., .F., .F., .F.,
 ( 4, 2, 4 ),
 ( 2, 2 ),
 ( 0.000000000000000000, 0.5000000000000000000, 1.000000000000000000 ),
 ( 0.000000000000000000, 1.000000000000000000 ),
 .UNSPECIFIED. ) ;
#3500 = EDGE_CURVE ( 'NONE', #5035, #5447, #2380, .T. ) ;
#3501 = PRODUCT_DEFINITION_FORMATION_WITH_SPECIFIED_SOURCE ( 'ANY', '', #2800, .NOT_KNOWN. ) ;
#3502 = DIRECTION ( 'NONE',  ( 1.000000000000000000, 0.000000000000000000, 0.000000000000000000 ) ) ;
#3503 = VECTOR ( 'NONE', #4475, 1000.000000000000000 ) ;
#3504 = FACE_OUTER_BOUND ( 'NONE', #5316, .T. ) ;
#3505 = B_SPLINE_CURVE_WITH_KNOTS ( 'NONE', 3,
 ( #191, #5350, #2830, #4200 ),
 .UNSPECIFIED., .F., .F.,
 ( 4, 4 ),
 ( 0.000000000000000000, 1.000000000000000000 ),
 .UNSPECIFIED. ) ;
#3506 = AXIS2_PLACEMENT_3D ( 'NONE', #2879, #1408, #5963 ) ;
#3507 = PLANE ( 'NONE',  #2901 ) ;
#3508 = CARTESIAN_POINT ( 'NONE',  ( -32.69603967124039912, 15.76999999999944713, 25.32705422904000159 ) ) ;
#3509 = ORIENTED_EDGE ( 'NONE', *, *, #5352, .F. ) ;
#3510 = CARTESIAN_POINT ( 'NONE',  ( -7.620218034661024653, 17.76999999999999247, 4.947054229040000806 ) ) ;
#3511 = CARTESIAN_POINT ( 'NONE',  ( -50.88856591388922368, 4.966867144221086328, 26.71994397445526204 ) ) ;
#3512 = VERTEX_POINT ( 'NONE', #1887 ) ;
#3513 = ORIENTED_EDGE ( 'NONE', *, *, #5319, .F. ) ;
#3514 = CARTESIAN_POINT ( 'NONE',  ( 1.873062941308192730, 8.000000000000000000, 21.79215609768124295 ) ) ;
#3515 = DIRECTION ( 'NONE',  ( 0.000000000000000000, 0.000000000000000000, 1.000000000000000000 ) ) ;
#3516 = CARTESIAN_POINT ( 'NONE',  ( 12.97660255292402454, 4.735238934357184348, -6.761230304006072167 ) ) ;
#3517 = ORIENTED_EDGE ( 'NONE', *, *, #2076, .F. ) ;
#3518 = CARTESIAN_POINT ( 'NONE',  ( -42.31697450692990259, 10.49999999999999822, 15.99972066033814322 ) ) ;
#3519 = CIRCLE ( 'NONE', #664, 3.350000000000000533 ) ;
#3520 = DIRECTION ( 'NONE',  ( -0.000000000000000000, 1.000000000000000000, 0.000000000000000000 ) ) ;
#3521 = ORIENTED_EDGE ( 'NONE', *, *, #3469, .T. ) ;
#3522 = ORIENTED_EDGE ( 'NONE', *, *, #2072, .F. ) ;
#3523 = DIRECTION ( 'NONE',  ( 0.000000000000000000, 2.200000000000000003E-16, 1.000000000000000000 ) ) ;
#3524 = CARTESIAN_POINT ( 'NONE',  ( -37.41304986719677572, 17.77000000000000313, 22.19554957595705957 ) ) ;
#3525 = LINE ( 'NONE', #4585, #5921 ) ;
#3526 = VERTEX_POINT ( 'NONE', #1402 ) ;
#3527 = AXIS2_PLACEMENT_3D ( 'NONE', #5237, #3272, #357 ) ;
#3528 = ORIENTED_EDGE ( 'NONE', *, *, #2839, .F. ) ;
#3529 = EDGE_LOOP ( 'NONE', ( #2690, #2698, #211, #648 ) ) ;
#3530 = CARTESIAN_POINT ( 'NONE',  ( -39.25872214768999413, 12.50000000000000000, 3.147054229040000095 ) ) ;
#3531 = EDGE_CURVE ( 'NONE', #1250, #4689, #3402, .T. ) ;
#3532 = CARTESIAN_POINT ( 'NONE',  ( -53.49344095995156323, 10.50000000000000000, 5.745757241660123249 ) ) ;
#3533 = DIRECTION ( 'NONE',  ( 0.000000000000000000, 1.000000000000000000, 0.000000000000000000 ) ) ;
#3534 = EDGE_CURVE ( 'NONE', #1151, #2270, #4598, .T. ) ;
#3535 = EDGE_CURVE ( 'NONE', #5494, #1148, #4870, .T. ) ;
#3536 = EDGE_CURVE ( 'NONE', #21, #591, #156, .T. ) ;
#3537 = DIRECTION ( 'NONE',  ( -1.000000000000000000, 0.000000000000000000, 0.000000000000000000 ) ) ;
#3538 = CARTESIAN_POINT ( 'NONE',  ( -16.85418877245364300, 13.07326386610606583, 1.147054229039999873 ) ) ;
#3539 = EDGE_CURVE ( 'NONE', #3042, #629, #2114, .T. ) ;
#3540 = VERTEX_POINT ( 'NONE', #32 ) ;
#3541 = DIRECTION ( 'NONE',  ( 0.000000000000000000, 2.200000000000000003E-16, 1.000000000000000000 ) ) ;
#3542 = DIRECTION ( 'NONE',  ( 0.000000000000000000, 0.000000000000000000, 1.000000000000000000 ) ) ;
#3543 = ORIENTED_EDGE ( 'NONE', *, *, #2164, .T. ) ;
#3544 = CARTESIAN_POINT ( 'NONE',  ( -21.75872214769000124, 32.42627134724899918, 27.32705422903999803 ) ) ;
#3545 = CARTESIAN_POINT ( 'NONE',  ( -53.99344095995156323, 8.000000000000000000, -0.06565547799456880607 ) ) ;
#3546 = EDGE_CURVE ( 'NONE', #2323, #1886, #1791, .T. ) ;
#3547 = CARTESIAN_POINT ( 'NONE',  ( -12.49651859791752351, 6.659555455029353865, 35.00000000000000000 ) ) ;
#3548 = DIRECTION ( 'NONE',  ( -1.000000000000000000, 0.000000000000000000, 0.000000000000000000 ) ) ;
#3549 = EDGE_LOOP ( 'NONE', ( #5279, #5340, #681, #3761 ) ) ;
#3550 = DIRECTION ( 'NONE',  ( 0.000000000000000000, -0.000000000000000000, 1.000000000000000000 ) ) ;
#3551 = FACE_OUTER_BOUND ( 'NONE', #3049, .T. ) ;
#3552 = ORIENTED_EDGE ( 'NONE', *, *, #2159, .F. ) ;
#3553 = CARTESIAN_POINT ( 'NONE',  ( -21.75872214769000124, 12.50000000000000000, 25.32705422904000159 ) ) ;
#3554 = AXIS2_PLACEMENT_3D ( 'NONE', #5598, #2617, #1073 ) ;
#3555 = FACE_OUTER_BOUND ( 'NONE', #3964, .T. ) ;
#3556 = DIRECTION ( 'NONE',  ( 0.000000000000000000, 0.000000000000000000, 1.000000000000000000 ) ) ;
#3557 = DIRECTION ( 'NONE',  ( 0.7030546926580765188, 0.7111357810794345369, 0.000000000000000000 ) ) ;
#3558 = ORIENTED_EDGE ( 'NONE', *, *, #5567, .F. ) ;
#3559 = ADVANCED_BREP_SHAPE_REPRESENTATION ( '', ( #4240, #2754 ), #3921 ) ;
#3560 = ORIENTED_EDGE ( 'NONE', *, *, #5946, .F. ) ;
#3561 = CIRCLE ( 'NONE', #4411, 1.349999999999998757 ) ;
#3562 = ORIENTED_EDGE ( 'NONE', *, *, #4988, .F. ) ;
#3563 = PLANE ( 'NONE',  #1876 ) ;
#3564 = DIRECTION ( 'NONE',  ( -1.000000000000000000, 0.000000000000000000, 0.000000000000000000 ) ) ;
#3565 = EDGE_CURVE ( 'NONE', #2976, #3918, #4166, .T. ) ;
#3566 = DIRECTION ( 'NONE',  ( 0.000000000000000000, 1.000000000000000000, 0.000000000000000000 ) ) ;
#3567 = FACE_OUTER_BOUND ( 'NONE', #1950, .T. ) ;
#3568 = ADVANCED_FACE ( 'NONE', ( #1556 ), #4103, .F. ) ;
#3569 = AXIS2_PLACEMENT_3D ( 'NONE', #261, #480, #2279 ) ;
#3570 = DIRECTION ( 'NONE',  ( -0.000000000000000000, 1.000000000000000000, -0.000000000000000000 ) ) ;
#3571 = LINE ( 'NONE', #4536, #3273 ) ;
#3572 = ADVANCED_FACE ( 'NONE', ( #6180 ), #1098, .F. ) ;
#3573 = EDGE_CURVE ( 'NONE', #4267, #3947, #6055, .T. ) ;
#3574 = AXIS2_PLACEMENT_3D ( 'NONE', #6261, #709, #5764 ) ;
#3575 = CARTESIAN_POINT ( 'NONE',  ( -4.258722147691999638, 12.50000000000000000, 27.32705422903999803 ) ) ;
#3576 = CARTESIAN_POINT ( 'NONE',  ( -7.858722147691999282, 12.50000000000000000, 23.52705422904000088 ) ) ;
#3577 = ORIENTED_EDGE ( 'NONE', *, *, #938, .T. ) ;
#3578 = ORIENTED_EDGE ( 'NONE', *, *, #378, .F. ) ;
#3579 = LINE ( 'NONE', #3514, #1773 ) ;
#3580 = LINE ( 'NONE', #6482, #1503 ) ;
#3581 = ADVANCED_FACE ( 'NONE', ( #3636 ), #1128, .T. ) ;
#3582 = LINE ( 'NONE', #3678, #3026 ) ;
#3583 = ORIENTED_EDGE ( 'NONE', *, *, #1983, .F. ) ;
#3584 = CARTESIAN_POINT ( 'NONE',  ( 9.852138378250273831, -3.250000000000000000, 24.23876969599391984 ) ) ;
#3585 = LINE ( 'NONE', #2620, #2047 ) ;
#3586 = VERTEX_POINT ( 'NONE', #2609 ) ;
#3587 = CARTESIAN_POINT ( 'NONE',  ( 9.876295877967507408, 8.757473573018954127, -3.761230304006072167 ) ) ;
#3588 = PLANE ( 'NONE',  #1781 ) ;
#3589 = CARTESIAN_POINT ( 'NONE',  ( 0.6848358673255945384, 5.875000000000003553, -0.5000000000000000000 ) ) ;
#3590 = CARTESIAN_POINT ( 'NONE',  ( -6.949557138094371034, 17.77000000000000313, 23.29869282657386975 ) ) ;
#3591 = ORIENTED_EDGE ( 'NONE', *, *, #3128, .F. ) ;
#3592 = ORIENTED_EDGE ( 'NONE', *, *, #2045, .F. ) ;
#3593 = ORIENTED_EDGE ( 'NONE', *, *, #1675, .F. ) ;
#3594 = FACE_OUTER_BOUND ( 'NONE', #358, .T. ) ;
#3595 = AXIS2_PLACEMENT_3D ( 'NONE', #1842, #6372, #3359 ) ;
#3596 = DIRECTION ( 'NONE',  ( 0.000000000000000000, 0.000000000000000000, 1.000000000000000000 ) ) ;
#3597 = AXIS2_PLACEMENT_3D ( 'NONE', #4947, #5512, #407 ) ;
#3598 = CARTESIAN_POINT ( 'NONE',  ( -60.04560449174972803, -3.250000000000000000, -6.761230304006072167 ) ) ;
#3599 = CARTESIAN_POINT ( 'NONE',  ( -19.05990109359755635, 4.184876654430928156, 26.77397846476551280 ) ) ;
#3600 = AXIS2_PLACEMENT_3D ( 'NONE', #1113, #114, #2136 ) ;
#3601 = EDGE_CURVE ( 'NONE', #1019, #4610, #1618, .T. ) ;
#3602 = CARTESIAN_POINT ( 'NONE',  ( -40.48781558763982957, 12.50000000000000355, 26.92638791383636132 ) ) ;
#3603 = AXIS2_PLACEMENT_3D ( 'NONE', #1050, #112, #4055 ) ;
#3604 = CARTESIAN_POINT ( 'NONE',  ( -61.54560449174972803, -3.250000000000000000, -4.761230304006072167 ) ) ;
#3605 = FACE_OUTER_BOUND ( 'NONE', #6140, .T. ) ;
#3606 = CARTESIAN_POINT ( 'NONE',  ( -12.49651859791752351, 6.659555455029353865, 27.73876969599392694 ) ) ;
#3607 = CIRCLE ( 'NONE', #6246, 0.5000000000000004441 ) ;
#3608 = ORIENTED_EDGE ( 'NONE', *, *, #3664, .T. ) ;
#3609 = VERTEX_POINT ( 'NONE', #3074 ) ;
#3610 = CARTESIAN_POINT ( 'NONE',  ( -50.88856591388922368, 7.983490513531148913, 26.71994397445526204 ) ) ;
#3611 = LINE ( 'NONE', #3047, #2551 ) ;
#3612 = CARTESIAN_POINT ( 'NONE',  ( -60.04560449174972803, -3.250000000000000000, 24.23876969599392694 ) ) ;
#3613 = ORIENTED_EDGE ( 'NONE', *, *, #3531, .F. ) ;
#3614 = DIRECTION ( 'NONE',  ( 1.000000000000000000, 0.000000000000000000, 0.000000000000000000 ) ) ;
#3615 = VERTEX_POINT ( 'NONE', #5650 ) ;
#3616 = ADVANCED_FACE ( 'NONE', ( #3605 ), #6149, .F. ) ;
#3617 = EDGE_CURVE ( 'NONE', #2862, #4361, #558, .T. ) ;
#3618 = EDGE_CURVE ( 'NONE', #5247, #1644, #3831, .T. ) ;
#3619 = CARTESIAN_POINT ( 'NONE',  ( -39.61353206872095001, 12.50000000000000178, 17.73705422904000528 ) ) ;
#3620 = CYLINDRICAL_SURFACE ( 'NONE', #482, 0.5000000000000004441 ) ;
#3621 = DIRECTION ( 'NONE',  ( 1.000000000000000000, -0.000000000000000000, 0.000000000000000000 ) ) ;
#3622 = FACE_OUTER_BOUND ( 'NONE', #6536, .T. ) ;
#3623 = EDGE_CURVE ( 'NONE', #462, #1495, #2549, .T. ) ;
#3624 = CARTESIAN_POINT ( 'NONE',  ( -7.619836860194359573, 17.77000000000000313, 23.52705422904000088 ) ) ;
#3625 = ORIENTED_EDGE ( 'NONE', *, *, #4717, .F. ) ;
#3626 = ORIENTED_EDGE ( 'NONE', *, *, #2692, .F. ) ;
#3627 = ORIENTED_EDGE ( 'NONE', *, *, #2372, .T. ) ;
#3628 = DIRECTION ( 'NONE',  ( 1.000000000000000000, 0.000000000000000000, -0.000000000000000000 ) ) ;
#3629 = B_SPLINE_CURVE_WITH_KNOTS ( 'NONE', 3,
 ( #2127, #6225, #4148, #3209 ),
 .UNSPECIFIED., .F., .F.,
 ( 4, 4 ),
 ( 0.000000000000000000, 1.000000000000000000 ),
 .UNSPECIFIED. ) ;
#3630 = CARTESIAN_POINT ( 'NONE',  ( -4.258722147691999638, 17.76999999999999957, 27.32705422903999803 ) ) ;
#3631 = DIRECTION ( 'NONE',  ( -0.000000000000000000, 1.000000000000000000, -0.000000000000000000 ) ) ;
#3632 = DIRECTION ( 'NONE',  ( 0.000000000000000000, 0.000000000000000000, 1.000000000000000000 ) ) ;
#3633 = AXIS2_PLACEMENT_3D ( 'NONE', #5632, #2094, #5167 ) ;
#3634 = CARTESIAN_POINT ( 'NONE',  ( -38.80057321904148893, 10.50000000000000000, 10.73705422904000173 ) ) ;
#3635 = CARTESIAN_POINT ( 'NONE',  ( -21.75872214769000124, 12.50000000000000000, 27.32705422903999803 ) ) ;
#3636 = FACE_OUTER_BOUND ( 'NONE', #3451, .T. ) ;
#3637 = SHAPE_REPRESENTATION ( 'TOP_NO_LETTERS_290424', ( #2754 ), #3921 ) ;
#3638 = CARTESIAN_POINT ( 'NONE',  ( -70.59445670572583253, 4.717998577795753157, -3.761230304006072167 ) ) ;
#3639 = ORIENTED_EDGE ( 'NONE', *, *, #502, .F. ) ;
#3640 = CARTESIAN_POINT ( 'NONE',  ( -36.56788715728757921, 17.76999999999999602, 5.175415631506149694 ) ) ;
#3641 = CARTESIAN_POINT ( 'NONE',  ( -21.75872214769000124, 12.50000000000000000, 27.32705422903999803 ) ) ;
#3642 = CARTESIAN_POINT ( 'NONE',  ( -8.258722147691500481, 17.76999999999944890, 27.32705422903999803 ) ) ;
#3643 = FILL_AREA_STYLE ('',( #3085 ) ) ;
#3644 = VERTEX_POINT ( 'NONE', #226 ) ;
#3645 = CARTESIAN_POINT ( 'NONE',  ( -53.99344095995156323, 10.50000000000000000, -0.06565547799456880607 ) ) ;
#3646 = SURFACE_STYLE_FILL_AREA ( #2189 ) ;
#3647 = ORIENTED_EDGE ( 'NONE', *, *, #1753, .F. ) ;
#3648 = ADVANCED_FACE ( 'NONE', ( #5814 ), #4846, .T. ) ;
#3649 = CARTESIAN_POINT ( 'NONE',  ( -9.280464726337173786, -3.250000000000000000, 26.76711071965634403 ) ) ;
#3650 = CARTESIAN_POINT ( 'NONE',  ( 18.02106672353487227, 8.757473573018954127, -6.761230304006072167 ) ) ;
#3651 = B_SPLINE_CURVE_WITH_KNOTS ( 'NONE', 3,
 ( #1366, #5424, #4891, #4925, #2017, #2481, #3973, #5491, #1000, #931 ),
 .UNSPECIFIED., .F., .F.,
 ( 4, 2, 2, 2, 4 ),
 ( 0.000000000000000000, 0.2500000000000000000, 0.5000000000000000000, 0.7500000000000000000, 1.000000000000000000 ),
 .UNSPECIFIED. ) ;
#3652 = AXIS2_PLACEMENT_3D ( 'NONE', #4485, #3443, #5997 ) ;
#3653 = LINE ( 'NONE', #642, #856 ) ;
#3654 = FACE_BOUND ( 'NONE', #218, .T. ) ;
#3655 = ORIENTED_EDGE ( 'NONE', *, *, #4706, .T. ) ;
#3656 = PRODUCT_RELATED_PRODUCT_CATEGORY ( 'part', '', ( #1330 ) ) ;
#3657 = EDGE_CURVE ( 'NONE', #1335, #6235, #3704, .T. ) ;
#3658 = ORIENTED_EDGE ( 'NONE', *, *, #5911, .F. ) ;
#3659 = AXIS2_PLACEMENT_3D ( 'NONE', #6286, #6345, #1754 ) ;
#3660 = VERTEX_POINT ( 'NONE', #2247 ) ;
#3661 = DIRECTION ( 'NONE',  ( 0.000000000000000000, -1.000000000000000000, 0.000000000000000000 ) ) ;
#3662 = CARTESIAN_POINT ( 'NONE',  ( 9.876295877967507408, 8.757473573018954127, -6.761230304006072167 ) ) ;
#3663 = ORIENTED_EDGE ( 'NONE', *, *, #134, .T. ) ;
#3664 = EDGE_CURVE ( 'NONE', #4329, #2254, #5382, .T. ) ;
#3665 = CARTESIAN_POINT ( 'NONE',  ( 12.97660255292402454, 4.735238934357184348, -3.761230304006072167 ) ) ;
#3666 = CARTESIAN_POINT ( 'NONE',  ( -60.04560449174972803, 10.50000000000000000, 23.43434452200543205 ) ) ;
#3667 = AXIS2_PLACEMENT_3D ( 'NONE', #5495, #970, #2981 ) ;
#3668 = CARTESIAN_POINT ( 'NONE',  ( -63.54560449174974224, 8.717998577795754045, -4.761230304006072167 ) ) ;
#3669 = CARTESIAN_POINT ( 'NONE',  ( -2.659388462895639016, 12.50000000000000178, 1.917960789090171536 ) ) ;
#3670 = VECTOR ( 'NONE', #22, 1000.000000000000000 ) ;
#3671 = CARTESIAN_POINT ( 'NONE',  ( -39.79572938337270926, 4.466867144221085439, 26.71994397445526204 ) ) ;
#3672 = EDGE_CURVE ( 'NONE', #5856, #4333, #1261, .T. ) ;
#3673 = ORIENTED_EDGE ( 'NONE', *, *, #2799, .T. ) ;
#3674 = CARTESIAN_POINT ( 'NONE',  ( -37.45872214768999697, 17.76999999999999957, 6.747054229039999740 ) ) ;
#3675 = CARTESIAN_POINT ( 'NONE',  ( -36.45988819929637259, 12.50000000000000355, 12.08614070912780214 ) ) ;
#3676 = CIRCLE ( 'NONE', #5582, 3.500000000000000000 ) ;
#3677 = CARTESIAN_POINT ( 'NONE',  ( -54.49344095995157033, 10.50000000000000000, 3.246820937015809427 ) ) ;
#3678 = CARTESIAN_POINT ( 'NONE',  ( -60.04560449174972803, -3.250000000000000000, -4.761230304006072167 ) ) ;
#3679 = VERTEX_POINT ( 'NONE', #5782 ) ;
#3680 = CARTESIAN_POINT ( 'NONE',  ( -57.31516413267441123, 5.875000000000003553, -0.5000000000000000000 ) ) ;
#3681 = CARTESIAN_POINT ( 'NONE',  ( 0.7046605134103508528, 5.875000000000003553, 0.4999999999999997780 ) ) ;
#3682 = ORIENTED_EDGE ( 'NONE', *, *, #2641, .F. ) ;
#3683 = CARTESIAN_POINT ( 'NONE',  ( -39.25872214768999413, 12.50000000000000000, 3.147054229040000095 ) ) ;
#3684 = EDGE_CURVE ( 'NONE', #4030, #6428, #4242, .T. ) ;
#3685 = DIRECTION ( 'NONE',  ( -1.151122521977739762E-16, -0.8792394653918297331, -0.4763800609780906581 ) ) ;
#3686 = SHAPE_DEFINITION_REPRESENTATION ( #5866, #3637 ) ;
#3687 = CARTESIAN_POINT ( 'NONE',  ( -35.84981777935090008, 10.50000000000000000, 15.15317182429748577 ) ) ;
#3688 = ORIENTED_EDGE ( 'NONE', *, *, #5480, .T. ) ;
#3689 = CARTESIAN_POINT ( 'NONE',  ( -6.058722147692000348, 17.76999999999999957, 21.72705422903999661 ) ) ;
#3690 = ORIENTED_EDGE ( 'NONE', *, *, #2246, .F. ) ;
#3691 = ORIENTED_EDGE ( 'NONE', *, *, #4817, .F. ) ;
#3692 = ORIENTED_EDGE ( 'NONE', *, *, #721, .F. ) ;
#3693 = DIRECTION ( 'NONE',  ( 0.000000000000000000, 0.000000000000000000, 1.000000000000000000 ) ) ;
#3694 = DIRECTION ( 'NONE',  ( 0.000000000000000000, 0.000000000000000000, -1.000000000000000000 ) ) ;
#3695 = ORIENTED_EDGE ( 'NONE', *, *, #5314, .T. ) ;
#3696 = CARTESIAN_POINT ( 'NONE',  ( -37.45872214768999697, 17.76999999999999957, 11.74038756237333381 ) ) ;
#3697 = FACE_BOUND ( 'NONE', #3114, .T. ) ;
#3698 = ORIENTED_EDGE ( 'NONE', *, *, #356, .T. ) ;
#3699 = ADVANCED_FACE ( 'NONE', ( #3794 ), #2307, .T. ) ;
#3700 = VECTOR ( 'NONE', #1058, 1000.000000000000000 ) ;
#3701 = LINE ( 'NONE', #4235, #111 ) ;
#3702 = VECTOR ( 'NONE', #3971, 1000.000000000000000 ) ;
#3703 = ADVANCED_FACE ( 'NONE', ( #795 ), #1718, .T. ) ;
#3704 = LINE ( 'NONE', #6309, #2320 ) ;
#3705 = AXIS2_PLACEMENT_3D ( 'NONE', #375, #310, #2368 ) ;
#3706 = CARTESIAN_POINT ( 'NONE',  ( -48.31535629077411897, 8.567453508431418285, 23.43434452200543205 ) ) ;
#3707 = ORIENTED_EDGE ( 'NONE', *, *, #6003, .T. ) ;
#3708 = DIRECTION ( 'NONE',  ( -0.000000000000000000, 1.000000000000000000, 0.000000000000000000 ) ) ;
#3709 = AXIS2_PLACEMENT_3D ( 'NONE', #5607, #4216, #1702 ) ;
#3710 = CARTESIAN_POINT ( 'NONE',  ( -60.04560449174972803, 8.717998577795750492, -6.761230304006072167 ) ) ;
#3711 = AXIS2_PLACEMENT_3D ( 'NONE', #6288, #2286, #3270 ) ;
#3712 = CARTESIAN_POINT ( 'NONE',  ( -3.248517656995600245, 17.76999999999999602, 1.400789120669065246 ) ) ;
#3713 = PRESENTATION_STYLE_ASSIGNMENT (( #4701 ) ) ;
#3714 = VERTEX_POINT ( 'NONE', #4275 ) ;
#3715 = DIRECTION ( 'NONE',  ( -1.000000000000000000, -1.525498497872751877E-16, 0.000000000000000000 ) ) ;
#3716 = B_SPLINE_CURVE_WITH_KNOTS ( 'NONE', 3,
 ( #3530, #5484, #2964, #4987 ),
 .UNSPECIFIED., .F., .F.,
 ( 4, 4 ),
 ( 0.000000000000000000, 1.000000000000000000 ),
 .UNSPECIFIED. ) ;
#3717 = CARTESIAN_POINT ( 'NONE',  ( -50.68096454494118319, 10.50000000000000000, 23.43434452200543205 ) ) ;
#3718 = ORIENTED_EDGE ( 'NONE', *, *, #2200, .F. ) ;
#3719 = CARTESIAN_POINT ( 'NONE',  ( -16.85401966627606640, 13.07336532011733254, 27.32705422903999803 ) ) ;
#3720 = DIRECTION ( 'NONE',  ( 0.000000000000000000, -1.700000000000000014E-16, -1.000000000000000000 ) ) ;
#3721 = FACE_OUTER_BOUND ( 'NONE', #2087, .T. ) ;
#3722 = LINE ( 'NONE', #4122, #5610 ) ;
#3723 = ORIENTED_EDGE ( 'NONE', *, *, #5405, .F. ) ;
#3724 = VERTEX_POINT ( 'NONE', #4336 ) ;
#3725 = ORIENTED_EDGE ( 'NONE', *, *, #5595, .T. ) ;
#3726 = CARTESIAN_POINT ( 'NONE',  ( -38.60223981824245953, 8.750000000000000000, 16.72284629709940162 ) ) ;
#3727 = DIRECTION ( 'NONE',  ( 1.000000000000000000, 0.000000000000000000, 0.000000000000000000 ) ) ;
#3728 = ORIENTED_EDGE ( 'NONE', *, *, #1780, .F. ) ;
#3729 = DIRECTION ( 'NONE',  ( 0.000000000000000000, -1.000000000000000000, -0.000000000000000000 ) ) ;
#3730 = PLANE ( 'NONE',  #2340 ) ;
#3731 = ORIENTED_EDGE ( 'NONE', *, *, #4706, .F. ) ;
#3732 = ADVANCED_FACE ( 'NONE', ( #4307 ), #6277, .F. ) ;
#3733 = DIRECTION ( 'NONE',  ( -0.000000000000000000, 1.000000000000000000, -0.000000000000000000 ) ) ;
#3734 = DIRECTION ( 'NONE',  ( 0.000000000000000000, 0.000000000000000000, 1.000000000000000000 ) ) ;
#3735 = ADVANCED_FACE ( 'NONE', ( #5847 ), #6339, .F. ) ;
#3736 = EDGE_CURVE ( 'NONE', #1759, #5704, #3505, .T. ) ;
#3737 = LINE ( 'NONE', #5751, #6503 ) ;
#3738 = AXIS2_PLACEMENT_3D ( 'NONE', #6380, #3838, #2288 ) ;
#3739 = ORIENTED_EDGE ( 'NONE', *, *, #537, .F. ) ;
#3740 = LINE ( 'NONE', #6530, #4931 ) ;
#3741 = LINE ( 'NONE', #2252, #1851 ) ;
#3742 = EDGE_CURVE ( 'NONE', #5029, #534, #3326, .T. ) ;
#3743 = CARTESIAN_POINT ( 'NONE',  ( -7.858722147691999282, 15.76999999999999957, 4.947054229039999917 ) ) ;
#3744 = LINE ( 'NONE', #1782, #167 ) ;
#3745 = VERTEX_POINT ( 'NONE', #2738 ) ;
#3746 = CARTESIAN_POINT ( 'NONE',  ( -37.10780862777779987, 12.50000000000000355, 17.03588817743364103 ) ) ;
#3747 = FACE_OUTER_BOUND ( 'NONE', #3182, .T. ) ;
#3748 = EDGE_LOOP ( 'NONE', ( #4024, #2876, #3116, #5358 ) ) ;
#3749 = EDGE_CURVE ( 'NONE', #2467, #4881, #5720, .T. ) ;
#3750 = CARTESIAN_POINT ( 'NONE',  ( 3.506559040048433218, 8.005696803542699413, 19.62186810699505202 ) ) ;
#3751 = CARTESIAN_POINT ( 'NONE',  ( 14.57660255292402773, 4.735238934357184348, -6.761230304006072167 ) ) ;
#3752 = PRODUCT_CONTEXT ( 'NONE', #2405, 'mechanical' ) ;
#3753 = LINE ( 'NONE', #746, #3021 ) ;
#3754 = VERTEX_POINT ( 'NONE', #3198 ) ;
#3755 = DIRECTION ( 'NONE',  ( -0.000000000000000000, 1.000000000000000000, -0.000000000000000000 ) ) ;
#3756 = VERTEX_POINT ( 'NONE', #731 ) ;
#3757 = ORIENTED_EDGE ( 'NONE', *, *, #759, .T. ) ;
#3758 = EDGE_LOOP ( 'NONE', ( #2298, #4586 ) ) ;
#3759 = CARTESIAN_POINT ( 'NONE',  ( -53.99344095995156323, 5.875000000000003553, -0.06565547799456880607 ) ) ;
#3760 = CARTESIAN_POINT ( 'NONE',  ( 4.006559040048433218, 8.000000000000000000, 22.93434452200543205 ) ) ;
#3761 = ORIENTED_EDGE ( 'NONE', *, *, #1210, .F. ) ;
#3762 = VECTOR ( 'NONE', #5887, 999.9999999999998863 ) ;
#3763 = VERTEX_POINT ( 'NONE', #5227 ) ;
#3764 = ADVANCED_FACE ( 'NONE', ( #691 ), #4724, .T. ) ;
#3765 = CARTESIAN_POINT ( 'NONE',  ( -40.85805583248637163, 17.77000000000000313, 26.55614766898981927 ) ) ;
#3766 = AXIS2_PLACEMENT_3D ( 'NONE', #2672, #91, #4163 ) ;
#3767 = EDGE_CURVE ( 'NONE', #3895, #4881, #4883, .T. ) ;
#3768 = DIRECTION ( 'NONE',  ( 0.000000000000000000, -1.000000000000000000, 0.000000000000000000 ) ) ;
#3769 = CARTESIAN_POINT ( 'NONE',  ( -2.511149370983484896, 12.50000000000000178, 26.33429218978180231 ) ) ;
#3770 = CARTESIAN_POINT ( 'NONE',  ( 4.506559040048433218, 10.50000000000000000, 16.11449525870471433 ) ) ;
#3771 = DIRECTION ( 'NONE',  ( -1.000000000000000000, 0.000000000000000000, -0.000000000000000000 ) ) ;
#3772 = ADVANCED_FACE ( 'NONE', ( #5522 ), #349, .T. ) ;
#3773 = EDGE_CURVE ( 'NONE', #5865, #212, #2631, .T. ) ;
#3774 = CARTESIAN_POINT ( 'NONE',  ( -2.800420255819354942, 10.50000000000000000, 0.5000000000000000000 ) ) ;
#3775 = CIRCLE ( 'NONE', #4420, 1.600000000000004086 ) ;
#3776 = DIRECTION ( 'NONE',  ( -0.000000000000000000, 0.000000000000000000, 1.000000000000000000 ) ) ;
#3777 = ORIENTED_EDGE ( 'NONE', *, *, #3657, .F. ) ;
#3778 = CARTESIAN_POINT ( 'NONE',  ( -6.058722147692000348, 17.10333333333333528, 6.747054229040002404 ) ) ;
#3779 = DIRECTION ( 'NONE',  ( 0.000000000000000000, -2.400000000000000048E-16, -1.000000000000000000 ) ) ;
#3780 = ORIENTED_EDGE ( 'NONE', *, *, #1878, .F. ) ;
#3781 = CARTESIAN_POINT ( 'NONE',  ( -15.66701661011471103, 13.41352641556332337, 27.32705422904000514 ) ) ;
#3782 = EDGE_CURVE ( 'NONE', #3660, #2206, #4294, .T. ) ;
#3783 = PLANE ( 'NONE',  #2895 ) ;
#3784 = CARTESIAN_POINT ( 'NONE',  ( -33.36506277091412187, 16.18178067430129730, 1.147054229039999207 ) ) ;
#3785 = DIRECTION ( 'NONE',  ( -5.756175901970743540E-17, -0.8793255150728360725, -0.4762212075725853477 ) ) ;
#3786 = VERTEX_POINT ( 'NONE', #2407 ) ;
#3787 = AXIS2_PLACEMENT_3D ( 'NONE', #464, #4543, #1987 ) ;
#3788 = ORIENTED_EDGE ( 'NONE', *, *, #3896, .F. ) ;
#3789 = VERTEX_POINT ( 'NONE', #4371 ) ;
#3790 = CARTESIAN_POINT ( 'NONE',  ( 4.375071239211006713, 5.875000000000003553, 3.268912810032194471 ) ) ;
#3791 = CARTESIAN_POINT ( 'NONE',  ( -53.99344095995156323, 5.875000000000003553, 22.93434452200543205 ) ) ;
#3792 = ORIENTED_EDGE ( 'NONE', *, *, #2392, .T. ) ;
#3793 = ORIENTED_EDGE ( 'NONE', *, *, #1994, .T. ) ;
#3794 = FACE_OUTER_BOUND ( 'NONE', #4158, .T. ) ;
#3795 = CARTESIAN_POINT ( 'NONE',  ( -42.75872214769000124, 12.50000000000000000, 14.23705422903999995 ) ) ;
#3796 = CARTESIAN_POINT ( 'NONE',  ( -51.60056723113756760, 8.000000000000000000, 22.93434452200543205 ) ) ;
#3797 = CARTESIAN_POINT ( 'NONE',  ( 4.553332877239092191, 10.50000000000000000, -1.100265198818361804E-15 ) ) ;
#3798 = AXIS2_PLACEMENT_3D ( 'NONE', #736, #4731, #5199 ) ;
#3799 = DIRECTION ( 'NONE',  ( 0.000000000000000000, -1.000000000000000000, 0.000000000000000000 ) ) ;
#3800 = AXIS2_PLACEMENT_3D ( 'NONE', #2178, #2802, #2275 ) ;
#3801 = ORIENTED_EDGE ( 'NONE', *, *, #5421, .F. ) ;
#3802 = CARTESIAN_POINT ( 'NONE',  ( -4.258722147691999638, 15.76999999999999957, 3.147054229040000095 ) ) ;
#3803 = CARTESIAN_POINT ( 'NONE',  ( -51.60056723113756760, 8.750000000000000000, 16.72284629709940162 ) ) ;
#3804 = VECTOR ( 'NONE', #3799, 1000.000000000000000 ) ;
#3805 = EDGE_CURVE ( 'NONE', #4496, #6449, #3866, .T. ) ;
#3806 = ORIENTED_EDGE ( 'NONE', *, *, #6202, .F. ) ;
#3807 = ORIENTED_EDGE ( 'NONE', *, *, #6167, .F. ) ;
#3808 = AXIS2_PLACEMENT_3D ( 'NONE', #1711, #3694, #2239 ) ;
#3809 = CARTESIAN_POINT ( 'NONE',  ( -35.25872214769005097, 17.76999999999999957, 4.947054229039999917 ) ) ;
#3810 = DIRECTION ( 'NONE',  ( 0.000000000000000000, 0.000000000000000000, -1.000000000000000000 ) ) ;
#3811 = CARTESIAN_POINT ( 'NONE',  ( -35.25872214769005097, 17.76999999999999957, 1.147054229039999873 ) ) ;
#3812 = VERTEX_POINT ( 'NONE', #923 ) ;
#3813 = CARTESIAN_POINT ( 'NONE',  ( -39.25872214768999413, 10.50000000000000000, 10.73705422903999995 ) ) ;
#3814 = VERTEX_POINT ( 'NONE', #6404 ) ;
#3815 = VECTOR ( 'NONE', #3983, 999.9999999999998863 ) ;
#3816 = ADVANCED_FACE ( 'NONE', ( #5881, #6016 ), #2932, .F. ) ;
#3817 = EDGE_CURVE ( 'NONE', #5528, #6494, #2464, .T. ) ;
#3818 = EDGE_CURVE ( 'NONE', #1278, #4292, #3485, .T. ) ;
#3819 = ORIENTED_EDGE ( 'NONE', *, *, #1592, .F. ) ;
#3820 = AXIS2_PLACEMENT_3D ( 'NONE', #2913, #3810, #4932 ) ;
#3821 = AXIS2_PLACEMENT_3D ( 'NONE', #3057, #5638, #3185 ) ;
#3822 = ORIENTED_EDGE ( 'NONE', *, *, #5317, .T. ) ;
#3823 = PLANE ( 'NONE',  #925 ) ;
#3824 = EDGE_CURVE ( 'NONE', #1151, #6218, #5703, .T. ) ;
#3825 = FACE_OUTER_BOUND ( 'NONE', #3383, .T. ) ;
#3826 = ORIENTED_EDGE ( 'NONE', *, *, #1197, .F. ) ;
#3827 = ORIENTED_EDGE ( 'NONE', *, *, #4277, .F. ) ;
#3828 = AXIS2_PLACEMENT_3D ( 'NONE', #2085, #128, #2147 ) ;
#3829 = DIRECTION ( 'NONE',  ( 0.000000000000000000, -1.000000000000000000, 2.200000000000000003E-16 ) ) ;
#3830 = CARTESIAN_POINT ( 'NONE',  ( 6.352138378250272943, 10.50000000000000000, -3.261230304006072611 ) ) ;
#3831 = B_SPLINE_CURVE_WITH_KNOTS ( 'NONE', 3,
 ( #127, #2050, #1162, #2146, #3669, #4568, #4631, #5686, #3169, #523 ),
 .UNSPECIFIED., .F., .F.,
 ( 4, 2, 2, 2, 4 ),
 ( 0.000000000000000000, 0.2500000000000000000, 0.5000000000000000000, 0.7500000000000000000, 1.000000000000000000 ),
 .UNSPECIFIED. ) ;
#3832 = AXIS2_PLACEMENT_3D ( 'NONE', #318, #4789, #2308 ) ;
#3833 = CARTESIAN_POINT ( 'NONE',  ( -39.25872214769194812, 8.500000000000007105, 3.147054229040265660 ) ) ;
#3834 = CARTESIAN_POINT ( 'NONE',  ( -41.03204925528254421, -23.76355523646716250, 27.73876969599392694 ) ) ;
#3835 = LINE ( 'NONE', #4732, #6191 ) ;
#3836 = ORIENTED_EDGE ( 'NONE', *, *, #126, .F. ) ;
#3837 = DIRECTION ( 'NONE',  ( 0.000000000000000000, 0.000000000000000000, -1.000000000000000000 ) ) ;
#3838 = DIRECTION ( 'NONE',  ( -0.000000000000000000, 0.000000000000000000, 1.000000000000000000 ) ) ;
#3839 = ORIENTED_EDGE ( 'NONE', *, *, #2287, .F. ) ;
#3840 = VERTEX_POINT ( 'NONE', #2437 ) ;
#3841 = CARTESIAN_POINT ( 'NONE',  ( -18.70837374726851721, 4.040444544970647200, 26.77397846476551280 ) ) ;
#3842 = VECTOR ( 'NONE', #1785, 1000.000000000000000 ) ;
#3843 = FACE_OUTER_BOUND ( 'NONE', #4112, .T. ) ;
#3844 = ADVANCED_FACE ( 'NONE', ( #3897 ), #1456, .T. ) ;
#3845 = DIRECTION ( 'NONE',  ( 1.000000000000000000, 0.000000000000000000, 0.000000000000000000 ) ) ;
#3846 = ORIENTED_EDGE ( 'NONE', *, *, #3672, .F. ) ;
#3847 = CARTESIAN_POINT ( 'NONE',  ( -6.058722147692000348, 15.77000000000000313, 16.73372089570666432 ) ) ;
#3848 = ORIENTED_EDGE ( 'NONE', *, *, #3773, .T. ) ;
#3849 = B_SPLINE_CURVE_WITH_KNOTS ( 'NONE', 3,
 ( #2853, #4901, #5254, #1861 ),
 .UNSPECIFIED., .F., .F.,
 ( 4, 4 ),
 ( 0.000000000000000000, 1.000000000000000000 ),
 .UNSPECIFIED. ) ;
#3850 = DIRECTION ( 'NONE',  ( -0.000000000000000000, 0.000000000000000000, -1.000000000000000000 ) ) ;
#3851 = EDGE_CURVE ( 'NONE', #4950, #3061, #316, .T. ) ;
#3852 = EDGE_LOOP ( 'NONE', ( #1253, #574, #4146, #4970 ) ) ;
#3853 = ORIENTED_EDGE ( 'NONE', *, *, #297, .F. ) ;
#3854 = DIRECTION ( 'NONE',  ( 0.000000000000000000, 1.000000000000000000, -2.400000000000000048E-16 ) ) ;
#3855 = DIRECTION ( 'NONE',  ( 0.000000000000000000, -1.000000000000000000, 0.000000000000000000 ) ) ;
#3856 = ADVANCED_FACE ( 'NONE', ( #1357 ), #2341, .F. ) ;
#3857 = ADVANCED_FACE ( 'NONE', ( #5948, #3396, #5379 ), #5416, .T. ) ;
#3858 = CARTESIAN_POINT ( 'NONE',  ( 0.000000000000000000, 8.750000000000000000, 0.000000000000000000 ) ) ;
#3859 = ORIENTED_EDGE ( 'NONE', *, *, #3325, .T. ) ;
#3860 = ORIENTED_EDGE ( 'NONE', *, *, #101, .T. ) ;
#3861 = EDGE_LOOP ( 'NONE', ( #2265, #2911, #1755, #514 ) ) ;
#3862 = B_SPLINE_CURVE_WITH_KNOTS ( 'NONE', 3,
 ( #406, #6366, #1834, #2427, #4458, #846, #3889, #2859, #4552, #3118 ),
 .UNSPECIFIED., .F., .F.,
 ( 4, 2, 2, 2, 4 ),
 ( 0.000000000000000000, 0.2500000000000000000, 0.5000000000000000000, 0.7500000000000000000, 1.000000000000000000 ),
 .UNSPECIFIED. ) ;
#3863 = PRODUCT ( 'New-radiator-holder-20240412.step', 'New-radiator-holder-20240412.step', '', ( #1701 ) ) ;
#3864 = EDGE_CURVE ( 'NONE', #6458, #820, #5452, .T. ) ;
#3865 = VECTOR ( 'NONE', #4898, 1000.000000000000000 ) ;
#3866 = LINE ( 'NONE', #4401, #2636 ) ;
#3867 = CARTESIAN_POINT ( 'NONE',  ( -53.99344095995156323, 5.875000000000003553, 22.93434452200543205 ) ) ;
#3868 = AXIS2_PLACEMENT_3D ( 'NONE', #668, #5164, #3548 ) ;
#3869 = CARTESIAN_POINT ( 'NONE',  ( -9.280464726337173786, 8.250000000000000000, 25.73876969599392339 ) ) ;
#3870 = DIRECTION ( 'NONE',  ( -0.000000000000000000, -0.5898336942704522912, 0.8075247445764560661 ) ) ;
#3871 = DIRECTION ( 'NONE',  ( 0.000000000000000000, 1.000000000000000000, 0.000000000000000000 ) ) ;
#3872 = ORIENTED_EDGE ( 'NONE', *, *, #3978, .T. ) ;
#3873 = CARTESIAN_POINT ( 'NONE',  ( -10.82140462413961934, 15.76999999999939917, 3.147054229040000095 ) ) ;
#3874 = FACE_OUTER_BOUND ( 'NONE', #5563, .T. ) ;
#3875 = VERTEX_POINT ( 'NONE', #4066 ) ;
#3876 = ORIENTED_EDGE ( 'NONE', *, *, #2692, .T. ) ;
#3877 = CARTESIAN_POINT ( 'NONE',  ( -20.19137825829315602, 5.303496124073167728, 26.77397846476551280 ) ) ;
#3878 = DIRECTION ( 'NONE',  ( 0.000000000000000000, 1.000000000000000000, 0.000000000000000000 ) ) ;
#3879 = CARTESIAN_POINT ( 'NONE',  ( -54.49344095995157033, 5.875000000000003553, 19.62186810699505202 ) ) ;
#3880 = ORIENTED_EDGE ( 'NONE', *, *, #4273, .F. ) ;
#3881 = DIRECTION ( 'NONE',  ( 0.000000000000000000, -2.200000000000000003E-16, -1.000000000000000000 ) ) ;
#3882 = EDGE_LOOP ( 'NONE', ( #843, #4263, #4221, #1588 ) ) ;
#3883 = CARTESIAN_POINT ( 'NONE',  ( 3.506559040048433218, 0.000000000000000000, 0.000000000000000000 ) ) ;
#3884 = VERTEX_POINT ( 'NONE', #2604 ) ;
#3885 =( REPRESENTATION_RELATIONSHIP ('NONE','NONE', #893, #2744 ) REPRESENTATION_RELATIONSHIP_WITH_TRANSFORMATION ( #6325 )SHAPE_REPRESENTATION_RELATIONSHIP( ) );
#3886 = EDGE_CURVE ( 'NONE', #3763, #1469, #90, .T. ) ;
#3887 = ORIENTED_EDGE ( 'NONE', *, *, #4645, .T. ) ;
#3888 = CARTESIAN_POINT ( 'NONE',  ( -53.99344095995156323, 8.000000000000000000, 24.28434452200542992 ) ) ;
#3889 = CARTESIAN_POINT ( 'NONE',  ( -3.251484186950202027, 17.76999999999999957, 27.07462700574852121 ) ) ;
#3890 = AXIS2_PLACEMENT_3D ( 'NONE', #936, #3440, #5364 ) ;
#3891 = PLANE ( 'NONE',  #3168 ) ;
#3892 = LINE ( 'NONE', #1382, #1697 ) ;
#3893 = ORIENTED_EDGE ( 'NONE', *, *, #750, .F. ) ;
#3894 = ORIENTED_EDGE ( 'NONE', *, *, #3321, .T. ) ;
#3895 = VERTEX_POINT ( 'NONE', #2010 ) ;
#3896 = EDGE_CURVE ( 'NONE', #5579, #265, #5917, .T. ) ;
#3897 = FACE_OUTER_BOUND ( 'NONE', #129, .T. ) ;
#3898 = CARTESIAN_POINT ( 'NONE',  ( -39.25872214768999413, 17.76999999999999957, 1.147054229039999873 ) ) ;
#3899 = EDGE_CURVE ( 'NONE', #2323, #3615, #4162, .T. ) ;
#3900 = CARTESIAN_POINT ( 'NONE',  ( -51.60056723113756760, 8.750000000000000000, 20.58984983914692535 ) ) ;
#3901 = CARTESIAN_POINT ( 'NONE',  ( -4.258722147691999638, 12.50000000000000000, 10.54038756237333274 ) ) ;
#3902 = EDGE_CURVE ( 'NONE', #2780, #2180, #2107, .T. ) ;
#3903 = FACE_OUTER_BOUND ( 'NONE', #5839, .T. ) ;
#3904 = ORIENTED_EDGE ( 'NONE', *, *, #5509, .T. ) ;
#3905 = CARTESIAN_POINT ( 'NONE',  ( -53.99344095995156323, 10.50000000000000000, -0.06565547799456880607 ) ) ;
#3906 = DIRECTION ( 'NONE',  ( -0.000000000000000000, 1.000000000000000000, 0.000000000000000000 ) ) ;
#3907 = ORIENTED_EDGE ( 'NONE', *, *, #855, .T. ) ;
#3908 = ORIENTED_EDGE ( 'NONE', *, *, #699, .T. ) ;
#3909 = CARTESIAN_POINT ( 'NONE',  ( 6.352138378250272055, -3.250000000000000000, 24.23876969599392694 ) ) ;
#3910 = VECTOR ( 'NONE', #1194, 1000.000000000000000 ) ;
#3911 = FACE_OUTER_BOUND ( 'NONE', #5542, .T. ) ;
#3912 = LINE ( 'NONE', #2947, #3324 ) ;
#3913 = ORIENTED_EDGE ( 'NONE', *, *, #3129, .F. ) ;
#3914 = AXIS2_PLACEMENT_3D ( 'NONE', #475, #2500, #5972 ) ;
#3915 = DIRECTION ( 'NONE',  ( -0.000000000000000000, -1.000000000000000000, -0.000000000000000000 ) ) ;
#3916 = DIRECTION ( 'NONE',  ( 0.000000000000000000, 1.000000000000000000, 0.000000000000000000 ) ) ;
#3917 = CIRCLE ( 'NONE', #3170, 4.000000000000003553 ) ;
#3918 = VERTEX_POINT ( 'NONE', #1025 ) ;
#3919 = VERTEX_POINT ( 'NONE', #5554 ) ;
#3920 = CARTESIAN_POINT ( 'NONE',  ( -63.50970610688748508, 0.7130042956954115718, -3.761230304006072167 ) ) ;
#3921 =( GEOMETRIC_REPRESENTATION_CONTEXT ( 3 ) GLOBAL_UNCERTAINTY_ASSIGNED_CONTEXT ( ( #508 ) ) GLOBAL_UNIT_ASSIGNED_CONTEXT ( ( #5664, #6101, #2063 ) ) REPRESENTATION_CONTEXT ( 'NONE', 'WORKASPACE' ) );
#3922 = LINE ( 'NONE', #4944, #541 ) ;
#3923 = CIRCLE ( 'NONE', #1077, 1.350000000000000533 ) ;
#3924 = CARTESIAN_POINT ( 'NONE',  ( -51.60056723113756760, 8.750000000000000000, 26.71994397445526204 ) ) ;
#3925 = LINE ( 'NONE', #4461, #5504 ) ;
#3926 = VERTEX_POINT ( 'NONE', #6145 ) ;
#3927 = VECTOR ( 'NONE', #5365, 1000.000000000000000 ) ;
#3928 = ORIENTED_EDGE ( 'NONE', *, *, #5674, .T. ) ;
#3929 = EDGE_LOOP ( 'NONE', ( #2384, #5137, #3639, #3039 ) ) ;
#3930 = DIRECTION ( 'NONE',  ( -0.000000000000000000, 1.000000000000000000, -0.000000000000000000 ) ) ;
#3931 = DIRECTION ( 'NONE',  ( 0.000000000000000000, 0.000000000000000000, 1.000000000000000000 ) ) ;
#3932 = CARTESIAN_POINT ( 'NONE',  ( -39.25872214769194812, 12.50000000000000000, 3.147054229040265660 ) ) ;
#3933 = EDGE_CURVE ( 'NONE', #5865, #4347, #5526, .T. ) ;
#3934 = CARTESIAN_POINT ( 'NONE',  ( -61.54560449174972803, -3.250000000000000000, 25.73876969599392694 ) ) ;
#3935 = PLANE ( 'NONE',  #851 ) ;
#3936 = EDGE_CURVE ( 'NONE', #1278, #1853, #4563, .T. ) ;
#3937 = ADVANCED_FACE ( 'NONE', ( #2508 ), #25, .F. ) ;
#3938 = DIRECTION ( 'NONE',  ( 0.000000000000000000, 0.000000000000000000, 1.000000000000000000 ) ) ;
#3939 = ORIENTED_EDGE ( 'NONE', *, *, #1551, .F. ) ;
#3940 = EDGE_CURVE ( 'NONE', #4567, #820, #4097, .T. ) ;
#3941 = CARTESIAN_POINT ( 'NONE',  ( -34.88360049672333929, 15.77000000000000313, 25.32705422903999803 ) ) ;
#3942 = B_SPLINE_CURVE_WITH_KNOTS ( 'NONE', 3,
 ( #570, #1513, #3027, #2098 ),
 .UNSPECIFIED., .F., .F.,
 ( 4, 4 ),
 ( 0.000000000000000000, 1.000000000000000000 ),
 .UNSPECIFIED. ) ;
#3943 = LINE ( 'NONE', #6447, #5842 ) ;
#3944 = AXIS2_PLACEMENT_3D ( 'NONE', #4695, #4167, #1651 ) ;
#3945 = ADVANCED_FACE ( 'NONE', ( #4034 ), #1158, .F. ) ;
#3946 = ORIENTED_EDGE ( 'NONE', *, *, #2123, .T. ) ;
#3947 = VERTEX_POINT ( 'NONE', #3067 ) ;
#3948 = DIRECTION ( 'NONE',  ( 0.000000000000000000, 0.000000000000000000, 1.000000000000000000 ) ) ;
#3949 = EDGE_CURVE ( 'NONE', #6151, #539, #6050, .T. ) ;
#3950 = CARTESIAN_POINT ( 'NONE',  ( 6.352138378250272055, -3.250000000000000000, 24.23876969599392694 ) ) ;
#3951 = LINE ( 'NONE', #1468, #2274 ) ;
#3952 = VERTEX_POINT ( 'NONE', #2143 ) ;
#3953 = DIRECTION ( 'NONE',  ( 1.156482317317870344E-15, 0.000000000000000000, 1.000000000000000000 ) ) ;
#3954 = PLANE ( 'NONE',  #5219 ) ;
#3955 = ORIENTED_EDGE ( 'NONE', *, *, #1153, .T. ) ;
#3956 = AXIS2_PLACEMENT_3D ( 'NONE', #1507, #3520, #5503 ) ;
#3957 = VERTEX_POINT ( 'NONE', #4533 ) ;
#3958 = FACE_OUTER_BOUND ( 'NONE', #5630, .T. ) ;
#3959 = DIRECTION ( 'NONE',  ( -0.000000000000000000, -0.000000000000000000, -1.000000000000000000 ) ) ;
#3960 = CARTESIAN_POINT ( 'NONE',  ( -39.78221791640856253, 17.77000000000000313, 27.27499958237663336 ) ) ;
#3961 = CARTESIAN_POINT ( 'NONE',  ( -57.34344095995156465, 5.875000000000003553, 22.43434452200543205 ) ) ;
#3962 = ORIENTED_EDGE ( 'NONE', *, *, #5715, .F. ) ;
#3963 = EDGE_LOOP ( 'NONE', ( #3955, #4986, #6479, #5311, #1243, #1444, #4330, #1696 ) ) ;
#3964 = EDGE_LOOP ( 'NONE', ( #5461, #3201, #3836, #4806 ) ) ;
#3965 = CARTESIAN_POINT ( 'NONE',  ( -4.258722147691999638, 12.50000000000000000, 25.32705422904000159 ) ) ;
#3966 = CARTESIAN_POINT ( 'NONE',  ( -53.99344095995156323, 8.000000000000000000, 22.93434452200543205 ) ) ;
#3967 = LINE ( 'NONE', #3932, #1132 ) ;
#3968 = EDGE_CURVE ( 'NONE', #6321, #5892, #6112, .T. ) ;
#3969 = CARTESIAN_POINT ( 'NONE',  ( -57.30591737496195037, 10.50000000000000000, 23.43434452200543205 ) ) ;
#3970 = VECTOR ( 'NONE', #3537, 1000.000000000000000 ) ;
#3971 = DIRECTION ( 'NONE',  ( 0.000000000000000000, 0.000000000000000000, -1.000000000000000000 ) ) ;
#3972 = ORIENTED_EDGE ( 'NONE', *, *, #6278, .F. ) ;
#3973 = CARTESIAN_POINT ( 'NONE',  ( -37.23153764672765220, 15.76999999999999957, 22.63356839370761264 ) ) ;
#3974 = CARTESIAN_POINT ( 'NONE',  ( 3.469226652074590689, 10.50000000000000000, 5.745757241660123249 ) ) ;
#3975 = VECTOR ( 'NONE', #799, 1000.000000000000000 ) ;
#3976 = ORIENTED_EDGE ( 'NONE', *, *, #1509, .T. ) ;
#3977 = DIRECTION ( 'NONE',  ( -0.000000000000000000, 1.000000000000000000, -0.000000000000000000 ) ) ;
#3978 = EDGE_CURVE ( 'NONE', #3422, #4928, #58, .T. ) ;
#3979 = CARTESIAN_POINT ( 'NONE',  ( -8.258722147691999638, 17.76999999999999602, 3.680387562373333310 ) ) ;
#3980 = CARTESIAN_POINT ( 'NONE',  ( -39.25872214768999413, 12.50000000000000000, 14.23705422903999995 ) ) ;
#3981 = DIRECTION ( 'NONE',  ( -0.000000000000000000, -1.000000000000000000, -0.000000000000000000 ) ) ;
#3982 = VERTEX_POINT ( 'NONE', #2574 ) ;
#3983 = DIRECTION ( 'NONE',  ( -0.000000000000000000, -0.8036448296316399675, 0.5951092234256939451 ) ) ;
#3984 = LINE ( 'NONE', #6035, #5009 ) ;
#3985 = ORIENTED_EDGE ( 'NONE', *, *, #2160, .T. ) ;
#3986 = EDGE_CURVE ( 'NONE', #5937, #3615, #4593, .T. ) ;
#3987 = AXIS2_PLACEMENT_3D ( 'NONE', #2582, #3977, #2053 ) ;
#3988 = VERTEX_POINT ( 'NONE', #3598 ) ;
#3989 = CARTESIAN_POINT ( 'NONE',  ( -53.99344095995156323, 8.000000000000000000, -0.06565547799456880607 ) ) ;
#3990 = CARTESIAN_POINT ( 'NONE',  ( -57.34344095995156465, 5.875000000000003553, -0.5000000000000000000 ) ) ;
#3991 = CARTESIAN_POINT ( 'NONE',  ( -41.20666750102662945, 17.77000000000000668, 25.85054999775855222 ) ) ;
#3992 = CARTESIAN_POINT ( 'NONE',  ( -13.43515625503130551, 4.040444544970648089, 26.77397846476551280 ) ) ;
#3993 = ORIENTED_EDGE ( 'NONE', *, *, #1875, .F. ) ;
#3994 = AXIS2_PLACEMENT_3D ( 'NONE', #2824, #4840, #5250 ) ;
#3995 = AXIS2_PLACEMENT_3D ( 'NONE', #26, #4623, #1059 ) ;
#3996 = VERTEX_POINT ( 'NONE', #5618 ) ;
#3997 = VERTEX_POINT ( 'NONE', #5121 ) ;
#3998 = CARTESIAN_POINT ( 'NONE',  ( -18.70837374726851721, 4.540444544970647200, 27.73876969599392694 ) ) ;
#3999 = AXIS2_PLACEMENT_3D ( 'NONE', #6006, #1348, #5970 ) ;
#4000 = CARTESIAN_POINT ( 'NONE',  ( -39.25872214768999413, 16.01333333333333542, 1.147054229039998985 ) ) ;
#4001 = VECTOR ( 'NONE', #2216, 1000.000000000000000 ) ;
#4002 = CARTESIAN_POINT ( 'NONE',  ( -60.04560449174972803, -3.250000000000000000, -4.761230304006072167 ) ) ;
#4003 = DIRECTION ( 'NONE',  ( 0.000000000000000000, 1.000000000000000000, 0.000000000000000000 ) ) ;
#4004 = CARTESIAN_POINT ( 'NONE',  ( -20.19137825829315602, 5.303496124073167728, 35.00000000000000000 ) ) ;
#4005 = ORIENTED_EDGE ( 'NONE', *, *, #2272, .F. ) ;
#4006 = CARTESIAN_POINT ( 'NONE',  ( -63.54560449174972803, -3.250000000000000000, -3.261230304006073055 ) ) ;
#4007 = DIRECTION ( 'NONE',  ( 0.000000000000000000, -1.000000000000000000, 2.200000000000000003E-16 ) ) ;
#4008 = ORIENTED_EDGE ( 'NONE', *, *, #2731, .F. ) ;
#4009 = VERTEX_POINT ( 'NONE', #4622 ) ;
#4010 = FACE_OUTER_BOUND ( 'NONE', #5369, .T. ) ;
#4011 = FACE_OUTER_BOUND ( 'NONE', #3001, .T. ) ;
#4012 = CARTESIAN_POINT ( 'NONE',  ( -57.34344095995156465, 5.875000000000003553, -0.5000000000000000000 ) ) ;
#4013 = ORIENTED_EDGE ( 'NONE', *, *, #209, .F. ) ;
#4014 = DIRECTION ( 'NONE',  ( -0.000000000000000000, -1.000000000000000000, -0.000000000000000000 ) ) ;
#4015 = LINE ( 'NONE', #5007, #254 ) ;
#4016 = VERTEX_POINT ( 'NONE', #2702 ) ;
#4017 = ADVANCED_FACE ( 'NONE', ( #2173 ), #6359, .T. ) ;
#4018 = AXIS2_PLACEMENT_3D ( 'NONE', #1391, #3004, #4499 ) ;
#4019 = ORIENTED_EDGE ( 'NONE', *, *, #6470, .T. ) ;
#4020 = PLANE ( 'NONE',  #1259 ) ;
#4021 = CARTESIAN_POINT ( 'NONE',  ( -51.19311627875442383, 8.567453508431418285, 23.43434452200543205 ) ) ;
#4022 = AXIS2_PLACEMENT_3D ( 'NONE', #5719, #689, #190 ) ;
#4023 = CARTESIAN_POINT ( 'NONE',  ( -18.91380884494807901, 4.040444544970647200, 35.00000000000000000 ) ) ;
#4024 = ORIENTED_EDGE ( 'NONE', *, *, #1953, .T. ) ;
#4025 = EDGE_CURVE ( 'NONE', #4333, #6151, #1384, .T. ) ;
#4026 = ADVANCED_FACE ( 'NONE', ( #4230 ), #3380, .T. ) ;
#4027 = EDGE_CURVE ( 'NONE', #830, #2948, #3849, .T. ) ;
#4028 = B_SPLINE_CURVE_WITH_KNOTS ( 'NONE', 3,
 ( #12, #2031, #6067, #6293 ),
 .UNSPECIFIED., .F., .F.,
 ( 4, 4 ),
 ( 0.000000000000000000, 1.000000000000000000 ),
 .UNSPECIFIED. ) ;
#4029 = ORIENTED_EDGE ( 'NONE', *, *, #6307, .F. ) ;
#4030 = VERTEX_POINT ( 'NONE', #5404 ) ;
#4031 = CARTESIAN_POINT ( 'NONE',  ( -7.858722147691999282, 17.76999999999999957, 4.947054229039999917 ) ) ;
#4032 = EDGE_CURVE ( 'NONE', #6317, #5214, #6524, .T. ) ;
#4033 = VECTOR ( 'NONE', #1598, 1000.000000000000000 ) ;
#4034 = FACE_OUTER_BOUND ( 'NONE', #4750, .T. ) ;
#4035 = VECTOR ( 'NONE', #4442, 1000.000000000000000 ) ;
#4036 = CARTESIAN_POINT ( 'NONE',  ( -51.19311627875442383, 8.750000000000000000, 22.43434452200543205 ) ) ;
#4037 = EDGE_CURVE ( 'NONE', #1464, #3260, #1713, .T. ) ;
#4038 = CARTESIAN_POINT ( 'NONE',  ( 14.57660255292402773, 4.735238934357184348, -6.761230304006072167 ) ) ;
#4039 = DIRECTION ( 'NONE',  ( 0.000000000000000000, -1.000000000000000000, 2.200000000000000003E-16 ) ) ;
#4040 = ORIENTED_EDGE ( 'NONE', *, *, #6323, .F. ) ;
#4041 = CARTESIAN_POINT ( 'NONE',  ( -9.280464726337173786, 8.250000000000000000, 26.76711071965634403 ) ) ;
#4042 = CYLINDRICAL_SURFACE ( 'NONE', #4998, 1.600000000000004086 ) ;
#4043 = ORIENTED_EDGE ( 'NONE', *, *, #2602, .F. ) ;
#4044 = LINE ( 'NONE', #6120, #5670 ) ;
#4045 = CARTESIAN_POINT ( 'NONE',  ( -66.59445670572583253, 4.717998577795753157, -6.761230304006072167 ) ) ;
#4046 = LINE ( 'NONE', #2022, #654 ) ;
#4047 = DIRECTION ( 'NONE',  ( 1.000000000000000000, 0.000000000000000000, 0.000000000000000000 ) ) ;
#4048 = ORIENTED_EDGE ( 'NONE', *, *, #3245, .F. ) ;
#4049 = CARTESIAN_POINT ( 'NONE',  ( -40.17483974294746929, 10.49999999999999822, 17.64595859737909933 ) ) ;
#4050 = CARTESIAN_POINT ( 'NONE',  ( 3.469226652074587580, 5.875000000000003553, 3.240970280211873167 ) ) ;
#4051 = ORIENTED_EDGE ( 'NONE', *, *, #3165, .T. ) ;
#4052 = CARTESIAN_POINT ( 'NONE',  ( -10.09205548102465677, 12.50000000000000000, 1.147054229039999873 ) ) ;
#4053 = EDGE_CURVE ( 'NONE', #2746, #5247, #2131, .T. ) ;
#4054 = DIRECTION ( 'NONE',  ( -0.000000000000000000, 0.000000000000000000, 1.000000000000000000 ) ) ;
#4055 = DIRECTION ( 'NONE',  ( 1.000000000000000000, 0.000000000000000000, 0.000000000000000000 ) ) ;
#4056 = EDGE_CURVE ( 'NONE', #1086, #5874, #5446, .T. ) ;
#4057 = CARTESIAN_POINT ( 'NONE',  ( -39.25872214768999413, 12.50000000000000000, 27.32705422903999803 ) ) ;
#4058 = ORIENTED_EDGE ( 'NONE', *, *, #3617, .T. ) ;
#4059 = STYLED_ITEM ( 'NONE', ( #1568 ), #4240 ) ;
#4060 = ORIENTED_EDGE ( 'NONE', *, *, #1679, .T. ) ;
#4061 = ORIENTED_EDGE ( 'NONE', *, *, #5191, .T. ) ;
#4062 = FACE_BOUND ( 'NONE', #5423, .T. ) ;
#4063 = ADVANCED_FACE ( 'NONE', ( #2734 ), #305, .F. ) ;
#4064 = EDGE_CURVE ( 'NONE', #4480, #1441, #4691, .T. ) ;
#4065 = CARTESIAN_POINT ( 'NONE',  ( 4.006559040048433218, 5.875000000000003553, 1.284344522005431699 ) ) ;
#4066 = CARTESIAN_POINT ( 'NONE',  ( 16.17660255292402738, 4.735238934357184348, -6.761230304006072167 ) ) ;
#4067 = CARTESIAN_POINT ( 'NONE',  ( -11.99651859791751818, 5.479082202084431863, 27.73876969599392694 ) ) ;
#4068 = ADVANCED_FACE ( 'NONE', ( #1344 ), #2391, .F. ) ;
#4069 = CARTESIAN_POINT ( 'NONE',  ( -19.82907888305581068, 12.50000000000000355, 25.32705422904000514 ) ) ;
#4070 = CARTESIAN_POINT ( 'NONE',  ( -4.258722147691999638, 12.50000000000000000, 3.147054229040000095 ) ) ;
#4071 = CARTESIAN_POINT ( 'NONE',  ( -50.69154243331347942, 5.875000000000003553, 0.5000000000000000000 ) ) ;
#4072 = DIRECTION ( 'NONE',  ( 1.000000000000000000, -0.000000000000000000, -0.000000000000000000 ) ) ;
#4073 = ORIENTED_EDGE ( 'NONE', *, *, #4988, .T. ) ;
#4074 = ORIENTED_EDGE ( 'NONE', *, *, #699, .F. ) ;
#4075 = VECTOR ( 'NONE', #243, 1000.000000000000000 ) ;
#4076 = LINE ( 'NONE', #3080, #5157 ) ;
#4077 = CARTESIAN_POINT ( 'NONE',  ( 9.876295877967509185, 0.7130042956954123490, -3.761230304006072167 ) ) ;
#4078 = ORIENTED_EDGE ( 'NONE', *, *, #3165, .F. ) ;
#4079 = CARTESIAN_POINT ( 'NONE',  ( -4.258722147691941906, 8.500000000000007105, 25.32705422904026449 ) ) ;
#4080 = CIRCLE ( 'NONE', #3659, 4.000000000000000000 ) ;
#4081 = DIRECTION ( 'NONE',  ( 0.000000000000000000, 2.200000000000000003E-16, 1.000000000000000000 ) ) ;
#4082 = ORIENTED_EDGE ( 'NONE', *, *, #3535, .T. ) ;
#4083 = CARTESIAN_POINT ( 'NONE',  ( -6.446282973174667141, 15.77000000000000313, 25.32705422903999803 ) ) ;
#4084 = CARTESIAN_POINT ( 'NONE',  ( -53.99344095995156323, 12.50000000000000000, 22.93434452200543205 ) ) ;
#4085 = DIRECTION ( 'NONE',  ( 0.000000000000000000, 0.000000000000000000, 1.000000000000000000 ) ) ;
#4086 = AXIS2_PLACEMENT_3D ( 'NONE', #3104, #6146, #2075 ) ;
#4087 = DIRECTION ( 'NONE',  ( 0.000000000000000000, 0.000000000000000000, 1.000000000000000000 ) ) ;
#4088 = CARTESIAN_POINT ( 'NONE',  ( -34.45905601777040772, 17.03342160989377874, 4.947054229039999029 ) ) ;
#4089 = ORIENTED_EDGE ( 'NONE', *, *, #3479, .F. ) ;
#4090 = ADVANCED_FACE ( 'NONE', ( #1376 ), #6420, .T. ) ;
#4091 = ORIENTED_EDGE ( 'NONE', *, *, #6510, .F. ) ;
#4092 = VECTOR ( 'NONE', #2786, 1000.000000000000000 ) ;
#4093 = ORIENTED_EDGE ( 'NONE', *, *, #448, .T. ) ;
#4094 = CARTESIAN_POINT ( 'NONE',  ( -60.04560449174972803, -3.250000000000000000, -6.761230304006072167 ) ) ;
#4095 = AXIS2_PLACEMENT_3D ( 'NONE', #2250, #4141, #6183 ) ;
#4096 = LINE ( 'NONE', #4923, #1024 ) ;
#4097 = LINE ( 'NONE', #1091, #3064 ) ;
#4098 = DIRECTION ( 'NONE',  ( -0.000000000000000000, 1.000000000000000000, -0.000000000000000000 ) ) ;
#4099 = CIRCLE ( 'NONE', #4095, 0.5000000000000004441 ) ;
#4100 = DIRECTION ( 'NONE',  ( -0.000000000000000000, 0.000000000000000000, -1.000000000000000000 ) ) ;
#4101 = DIRECTION ( 'NONE',  ( -0.000000000000000000, -0.000000000000000000, -1.000000000000000000 ) ) ;
#4102 = AXIS2_PLACEMENT_3D ( 'NONE', #5398, #2452, #6383 ) ;
#4103 = CYLINDRICAL_SURFACE ( 'NONE', #1690, 0.5000000000000004441 ) ;
#4104 = EDGE_CURVE ( 'NONE', #5696, #940, #5183, .T. ) ;
#4105 = CARTESIAN_POINT ( 'NONE',  ( 9.876295877967509185, 0.7524792909186129863, -6.761230304006072167 ) ) ;
#4106 = VERTEX_POINT ( 'NONE', #2670 ) ;
#4107 = CARTESIAN_POINT ( 'NONE',  ( 6.352138378250272055, 0.7524792909186129863, -6.761230304006072167 ) ) ;
#4108 = DIRECTION ( 'NONE',  ( 0.000000000000000000, 0.000000000000000000, -1.000000000000000000 ) ) ;
#4109 = EDGE_CURVE ( 'NONE', #5861, #5372, #1678, .T. ) ;
#4110 = CARTESIAN_POINT ( 'NONE',  ( -53.49344095995156323, 10.50000000000000000, 16.15947316483460128 ) ) ;
#4111 = CARTESIAN_POINT ( 'NONE',  ( -4.258722147691941906, 8.500000000000007105, 3.147054229040265660 ) ) ;
#4112 = EDGE_LOOP ( 'NONE', ( #5144, #2725, #3460, #1692 ) ) ;
#4113 = CARTESIAN_POINT ( 'NONE',  ( -6.058722147692000348, 17.76999999999999957, 6.747054229039999740 ) ) ;
#4114 = B_SPLINE_CURVE_WITH_KNOTS ( 'NONE', 3,
 ( #4150, #4052, #1048, #6066 ),
 .UNSPECIFIED., .F., .F.,
 ( 4, 4 ),
 ( 0.000000000000000000, 1.000000000000000000 ),
 .UNSPECIFIED. ) ;
#4115 = FACE_OUTER_BOUND ( 'NONE', #785, .T. ) ;
#4116 = ORIENTED_EDGE ( 'NONE', *, *, #2361, .F. ) ;
#4117 = B_SPLINE_CURVE_WITH_KNOTS ( 'NONE', 3,
 ( #3689, #714, #2724, #5608, #82, #4743, #3590, #5173, #3624, #1085 ),
 .UNSPECIFIED., .F., .F.,
 ( 4, 2, 2, 2, 4 ),
 ( 0.000000000000000000, 0.2500000000000000000, 0.5000000000000000000, 0.7500000000000000000, 1.000000000000000000 ),
 .UNSPECIFIED. ) ;
#4118 = ADVANCED_FACE ( 'NONE', ( #440 ), #3499, .T. ) ;
#4119 = LINE ( 'NONE', #3649, #6414 ) ;
#4120 = CARTESIAN_POINT ( 'NONE',  ( -50.64344095995156891, 5.875000000000003553, -0.5000000000000000000 ) ) ;
#4121 = DIRECTION ( 'NONE',  ( -0.000000000000000000, 1.000000000000000000, -0.000000000000000000 ) ) ;
#4122 = CARTESIAN_POINT ( 'NONE',  ( -50.38856591388922368, 7.983490513531148913, 26.71994397445526204 ) ) ;
#4123 = ORIENTED_EDGE ( 'NONE', *, *, #2674, .F. ) ;
#4124 = ORIENTED_EDGE ( 'NONE', *, *, #743, .T. ) ;
#4125 = VERTEX_POINT ( 'NONE', #5042 ) ;
#4126 = CARTESIAN_POINT ( 'NONE',  ( -21.75872214769000124, 12.50000000000000000, 1.147054229039999873 ) ) ;
#4127 = CIRCLE ( 'NONE', #3798, 1.350000000000000533 ) ;
#4128 = VECTOR ( 'NONE', #483, 1000.000000000000000 ) ;
#4129 = DIRECTION ( 'NONE',  ( -1.000000000000000000, -0.000000000000000000, -0.000000000000000000 ) ) ;
#4130 = AXIS2_PLACEMENT_3D ( 'NONE', #5985, #4994, #3432 ) ;
#4131 = CARTESIAN_POINT ( 'NONE',  ( -35.75872214768999413, 12.50000000000000000, 14.23705422903999995 ) ) ;
#4132 = DIRECTION ( 'NONE',  ( -0.000000000000000000, 0.000000000000000000, 1.000000000000000000 ) ) ;
#4133 = VECTOR ( 'NONE', #4129, 1000.000000000000000 ) ;
#4134 = CARTESIAN_POINT ( 'NONE',  ( -38.34260455243252608, 10.50000000000000000, 10.82814986070089525 ) ) ;
#4135 = CARTESIAN_POINT ( 'NONE',  ( -39.25872214768999413, 12.50000000000000000, 15.40372089570666780 ) ) ;
#4136 = CIRCLE ( 'NONE', #3386, 3.350000000000001421 ) ;
#4137 = ADVANCED_FACE ( 'NONE', ( #5436 ), #6064, .T. ) ;
#4138 = CARTESIAN_POINT ( 'NONE',  ( 4.006559040048433218, 10.50000000000000000, 22.93434452200543205 ) ) ;
#4139 = DIRECTION ( 'NONE',  ( 1.000000000000000000, 0.000000000000000000, 0.000000000000000000 ) ) ;
#4140 = ORIENTED_EDGE ( 'NONE', *, *, #2277, .T. ) ;
#4141 = DIRECTION ( 'NONE',  ( 0.000000000000000000, -0.000000000000000000, 1.000000000000000000 ) ) ;
#4142 = FACE_OUTER_BOUND ( 'NONE', #6305, .T. ) ;
#4143 = EDGE_CURVE ( 'NONE', #6025, #4358, #5070, .T. ) ;
#4144 = ADVANCED_FACE ( 'NONE', ( #2059, #4453 ), #5541, .T. ) ;
#4145 = LINE ( 'NONE', #263, #1914 ) ;
#4146 = ORIENTED_EDGE ( 'NONE', *, *, #101, .F. ) ;
#4147 = DIRECTION ( 'NONE',  ( 0.000000000000000000, -1.000000000000000000, 0.000000000000000000 ) ) ;
#4148 = CARTESIAN_POINT ( 'NONE',  ( -4.258722147692003190, 16.01333333333333542, 1.147054229039998985 ) ) ;
#4149 = EDGE_LOOP ( 'NONE', ( #1499, #2199, #6176, #5034 ) ) ;
#4150 = CARTESIAN_POINT ( 'NONE',  ( -4.258722147691999638, 12.50000000000000000, 1.147054229039999873 ) ) ;
#4151 = EDGE_CURVE ( 'NONE', #733, #6364, #3984, .T. ) ;
#4152 = CARTESIAN_POINT ( 'NONE',  ( -18.70837374726851721, 4.540444544970647200, 35.00000000000000000 ) ) ;
#4153 = CARTESIAN_POINT ( 'NONE',  ( -37.10780862777779276, 10.50000000000000000, 17.03588817743363393 ) ) ;
#4154 = FACE_OUTER_BOUND ( 'NONE', #6089, .T. ) ;
#4155 = ORIENTED_EDGE ( 'NONE', *, *, #4220, .T. ) ;
#4156 = ORIENTED_EDGE ( 'NONE', *, *, #4226, .T. ) ;
#4157 = CIRCLE ( 'NONE', #34, 3.499999999999999556 ) ;
#4158 = EDGE_LOOP ( 'NONE', ( #4073, #5051, #3110, #447 ) ) ;
#4159 = DIRECTION ( 'NONE',  ( 0.000000000000000000, 0.000000000000000000, -1.000000000000000000 ) ) ;
#4160 = LINE ( 'NONE', #3662, #2854 ) ;
#4161 = ORIENTED_EDGE ( 'NONE', *, *, #6092, .T. ) ;
#4162 = LINE ( 'NONE', #5151, #6538 ) ;
#4163 = DIRECTION ( 'NONE',  ( 0.000000000000000000, -0.000000000000000000, 1.000000000000000000 ) ) ;
#4164 = CIRCLE ( 'NONE', #4278, 1.349999999999998757 ) ;
#4165 = CARTESIAN_POINT ( 'NONE',  ( 4.006559040048433218, 12.50000000000000000, 20.51434452200543390 ) ) ;
#4166 = LINE ( 'NONE', #4041, #1586 ) ;
#4167 = DIRECTION ( 'NONE',  ( 0.000000000000000000, -0.5951092234256939451, -0.8036448296316399675 ) ) ;
#4168 = ADVANCED_FACE ( 'NONE', ( #2950 ), #7, .T. ) ;
#4169 = ORIENTED_EDGE ( 'NONE', *, *, #4514, .T. ) ;
#4170 = CARTESIAN_POINT ( 'NONE',  ( -53.99344095995156323, 8.000000000000000000, 21.58434452200543063 ) ) ;
#4171 = LINE ( 'NONE', #1655, #4809 ) ;
#4172 = DIRECTION ( 'NONE',  ( -1.000000000000000000, -0.000000000000000000, -0.000000000000000000 ) ) ;
#4173 = FACE_OUTER_BOUND ( 'NONE', #6119, .T. ) ;
#4174 = ORIENTED_EDGE ( 'NONE', *, *, #5789, .T. ) ;
#4175 = CARTESIAN_POINT ( 'NONE',  ( 7.852138378250272943, -3.250000000000000000, 24.23876969599391984 ) ) ;
#4176 = FILL_AREA_STYLE_COLOUR ( '', #5849 ) ;
#4177 = ADVANCED_FACE ( 'NONE', ( #3551 ), #2988, .F. ) ;
#4178 = EDGE_LOOP ( 'NONE', ( #5933, #5928, #4526, #1570 ) ) ;
#4179 = CARTESIAN_POINT ( 'NONE',  ( -35.25872214769000124, 17.76999999999999602, 3.680387562373333310 ) ) ;
#4180 = B_SPLINE_CURVE_WITH_KNOTS ( 'NONE', 3,
 ( #1084, #4584, #606, #2625, #4153, #1146, #3094, #3687, #2662, #81 ),
 .UNSPECIFIED., .F., .F.,
 ( 4, 2, 2, 2, 4 ),
 ( 0.000000000000000000, 0.1250000000000000000, 0.2500000000000000000, 0.3750000000000000000, 0.5000000000000000000 ),
 .UNSPECIFIED. ) ;
#4181 = DIRECTION ( 'NONE',  ( 1.000000000000000000, 0.000000000000000000, 0.000000000000000000 ) ) ;
#4182 = VECTOR ( 'NONE', #5932, 1000.000000000000000 ) ;
#4183 = DIRECTION ( 'NONE',  ( 0.000000000000000000, 0.000000000000000000, -1.000000000000000000 ) ) ;
#4184 = ORIENTED_EDGE ( 'NONE', *, *, #995, .F. ) ;
#4185 = CARTESIAN_POINT ( 'NONE',  ( -37.45872214768999697, 15.76999999999999957, 6.747054229039999740 ) ) ;
#4186 = ORIENTED_EDGE ( 'NONE', *, *, #4620, .F. ) ;
#4187 = ADVANCED_FACE ( 'NONE', ( #1929 ), #3954, .T. ) ;
#4188 = EDGE_LOOP ( 'NONE', ( #1827, #4951, #4878 ) ) ;
#4189 = AXIS2_PLACEMENT_3D ( 'NONE', #1691, #2808, #1205 ) ;
#4190 = ORIENTED_EDGE ( 'NONE', *, *, #2246, .T. ) ;
#4191 = CARTESIAN_POINT ( 'NONE',  ( -10.82140462413961934, 15.76999999999939917, 3.147054229040000095 ) ) ;
#4192 = EDGE_CURVE ( 'NONE', #1890, #3342, #6000, .T. ) ;
#4193 = DIRECTION ( 'NONE',  ( -0.000000000000000000, 1.000000000000000000, 0.000000000000000000 ) ) ;
#4194 = ORIENTED_EDGE ( 'NONE', *, *, #6402, .F. ) ;
#4195 = DIRECTION ( 'NONE',  ( 0.000000000000000000, 1.000000000000000000, -2.200000000000000003E-16 ) ) ;
#4196 = DIRECTION ( 'NONE',  ( 1.000000000000000000, 0.000000000000000000, -0.000000000000000000 ) ) ;
#4197 = ORIENTED_EDGE ( 'NONE', *, *, #3242, .T. ) ;
#4198 = AXIS2_PLACEMENT_3D ( 'NONE', #6058, #4571, #2020 ) ;
#4199 = CARTESIAN_POINT ( 'NONE',  ( -63.54560449174972803, -3.250000000000000000, -4.761230304006072167 ) ) ;
#4200 = CARTESIAN_POINT ( 'NONE',  ( -10.82140462413961934, 15.76999999999944713, 23.52705422904000088 ) ) ;
#4201 = AXIS2_PLACEMENT_3D ( 'NONE', #1612, #55, #3628 ) ;
#4202 = DIRECTION ( 'NONE',  ( -0.000000000000000000, -0.000000000000000000, -1.000000000000000000 ) ) ;
#4203 = B_SPLINE_CURVE_WITH_KNOTS ( 'NONE', 3,
 ( #1496, #3510, #5529, #489, #3368, #6537, #5391, #865, #2872, #355 ),
 .UNSPECIFIED., .F., .F.,
 ( 4, 2, 2, 2, 4 ),
 ( 0.000000000000000000, 0.2500000000000000000, 0.5000000000000000000, 0.7500000000000000000, 1.000000000000000000 ),
 .UNSPECIFIED. ) ;
#4204 = EDGE_LOOP ( 'NONE', ( #4906, #3238, #3405, #477 ) ) ;
#4205 = CARTESIAN_POINT ( 'NONE',  ( -50.67171778722872233, 5.875000000000003553, -0.5000000000000000000 ) ) ;
#4206 = LINE ( 'NONE', #1688, #690 ) ;
#4207 = CIRCLE ( 'NONE', #6213, 1.600000000000004086 ) ;
#4208 = FACE_OUTER_BOUND ( 'NONE', #2289, .T. ) ;
#4209 = LINE ( 'NONE', #3299, #4509 ) ;
#4210 = ORIENTED_EDGE ( 'NONE', *, *, #27, .F. ) ;
#4211 = CARTESIAN_POINT ( 'NONE',  ( -21.75872214769000124, 32.42627134724899918, 27.32705422903999803 ) ) ;
#4212 =( NAMED_UNIT ( * ) SI_UNIT ( $, .STERADIAN. ) SOLID_ANGLE_UNIT ( ) );
#4213 = EDGE_LOOP ( 'NONE', ( #2535, #1432, #6455, #6062 ) ) ;
#4214 = FACE_OUTER_BOUND ( 'NONE', #761, .T. ) ;
#4215 = CARTESIAN_POINT ( 'NONE',  ( 0.6607500456189721039, 5.875000000000003553, 0.1683403290561540089 ) ) ;
#4216 = DIRECTION ( 'NONE',  ( 0.000000000000000000, 0.000000000000000000, 1.000000000000000000 ) ) ;
#4217 = VERTEX_POINT ( 'NONE', #1471 ) ;
#4218 = CARTESIAN_POINT ( 'NONE',  ( -37.09812246400672819, 15.76999999999999957, 5.640870133085152283 ) ) ;
#4219 = ORIENTED_EDGE ( 'NONE', *, *, #3767, .T. ) ;
#4220 = EDGE_CURVE ( 'NONE', #1148, #1074, #4015, .T. ) ;
#4221 = ORIENTED_EDGE ( 'NONE', *, *, #2306, .F. ) ;
#4222 = EDGE_LOOP ( 'NONE', ( #4005, #4929, #2003, #3100 ) ) ;
#4223 = CARTESIAN_POINT ( 'NONE',  ( 3.829467524857924854, 5.875000000000003553, 3.284309960526170524 ) ) ;
#4224 = EDGE_CURVE ( 'NONE', #140, #5572, #4164, .T. ) ;
#4225 = EDGE_CURVE ( 'NONE', #3660, #611, #716, .T. ) ;
#4226 = EDGE_CURVE ( 'NONE', #1610, #6098, #675, .T. ) ;
#4227 = APPLICATION_CONTEXT ( 'automotive_design' ) ;
#4228 = FACE_OUTER_BOUND ( 'NONE', #5923, .T. ) ;
#4229 = ORIENTED_EDGE ( 'NONE', *, *, #5716, .T. ) ;
#4230 = FACE_OUTER_BOUND ( 'NONE', #1609, .T. ) ;
#4231 = EDGE_CURVE ( 'NONE', #5371, #6458, #637, .T. ) ;
#4232 = FACE_OUTER_BOUND ( 'NONE', #1738, .T. ) ;
#4233 = EDGE_LOOP ( 'NONE', ( #3718, #1252, #6204, #1410 ) ) ;
#4234 = VECTOR ( 'NONE', #553, 1000.000000000000000 ) ;
#4235 = CARTESIAN_POINT ( 'NONE',  ( -39.25872214769194812, 8.500000000000007105, 3.147054229040265660 ) ) ;
#4236 = CIRCLE ( 'NONE', #3066, 1.350000000000000533 ) ;
#4237 = DIRECTION ( 'NONE',  ( 0.000000000000000000, 0.000000000000000000, -1.000000000000000000 ) ) ;
#4238 = AXIS2_PLACEMENT_3D ( 'NONE', #3028, #2001, #5015 ) ;
#4239 = EDGE_CURVE ( 'NONE', #1215, #299, #6127, .T. ) ;
#4240 = MANIFOLD_SOLID_BREP ( 'Stock-CASE_NO_LETTERS_081123-1', #1353 ) ;
#4241 = DIRECTION ( 'NONE',  ( 0.000000000000000000, 1.000000000000000000, 0.000000000000000000 ) ) ;
#4242 = B_SPLINE_CURVE_WITH_KNOTS ( 'NONE', 3,
 ( #6215, #1296, #1229, #258, #3230, #2709 ),
 .UNSPECIFIED., .F., .F.,
 ( 4, 2, 4 ),
 ( 0.000000000000000000, 0.5000000000000000000, 1.000000000000000000 ),
 .UNSPECIFIED. ) ;
#4243 = ORIENTED_EDGE ( 'NONE', *, *, #2644, .T. ) ;
#4244 = LINE ( 'NONE', #5724, #1458 ) ;
#4245 = DIRECTION ( 'NONE',  ( -0.000000000000000000, 1.000000000000000000, 0.000000000000000000 ) ) ;
#4246 = VECTOR ( 'NONE', #6034, 1000.000000000000000 ) ;
#4247 = CYLINDRICAL_SURFACE ( 'NONE', #5617, 4.000000000000000000 ) ;
#4248 = DIRECTION ( 'NONE',  ( -0.000000000000000000, 1.000000000000000000, 0.000000000000000000 ) ) ;
#4249 = VERTEX_POINT ( 'NONE', #5136 ) ;
#4250 = DIRECTION ( 'NONE',  ( -0.000000000000000000, 1.000000000000000000, -0.000000000000000000 ) ) ;
#4251 = VECTOR ( 'NONE', #4181, 1000.000000000000000 ) ;
#4252 = DIRECTION ( 'NONE',  ( -0.7071067811865477948, 0.7071067811865473507, 0.000000000000000000 ) ) ;
#4253 = VERTEX_POINT ( 'NONE', #4736 ) ;
#4254 = CARTESIAN_POINT ( 'NONE',  ( -48.31535629077411897, 8.567453508431418285, 23.43434452200543205 ) ) ;
#4255 = LINE ( 'NONE', #5207, #6217 ) ;
#4256 = CONTEXT_DEPENDENT_SHAPE_REPRESENTATION ( #3885, #4306 ) ;
#4257 = CARTESIAN_POINT ( 'NONE',  ( -21.75872214769000124, 12.50000000000000000, 3.147054229040000095 ) ) ;
#4258 = ORIENTED_EDGE ( 'NONE', *, *, #414, .T. ) ;
#4259 = CARTESIAN_POINT ( 'NONE',  ( -53.99344095995156323, 8.000000000000000000, 22.93434452200543205 ) ) ;
#4260 = VERTEX_POINT ( 'NONE', #672 ) ;
#4261 = EDGE_LOOP ( 'NONE', ( #2451, #652, #5990, #478, #2402, #4804, #3658, #3159, #4421, #4570, #3522, #311, #5805, #1054, #4450, #3471, #5347, #5470, #2393, #800, #4040, #488, #1726, #5378, #4287, #4019, #5367, #2006, #5693, #3313, #3592, #4043 ) ) ;
#4262 = EDGE_CURVE ( 'NONE', #2037, #1464, #2472, .T. ) ;
#4263 = ORIENTED_EDGE ( 'NONE', *, *, #5838, .T. ) ;
#4264 = DIRECTION ( 'NONE',  ( 0.000000000000000000, 0.000000000000000000, 1.000000000000000000 ) ) ;
#4265 = EDGE_CURVE ( 'NONE', #1387, #4651, #5996, .T. ) ;
#4266 = DIRECTION ( 'NONE',  ( -1.000000000000000000, 0.000000000000000000, -0.000000000000000000 ) ) ;
#4267 = VERTEX_POINT ( 'NONE', #2689 ) ;
#4268 = B_SPLINE_CURVE_WITH_KNOTS ( 'NONE', 3,
 ( #3743, #5163, #1751, #1689 ),
 .UNSPECIFIED., .F., .F.,
 ( 4, 4 ),
 ( 0.000000000000000000, 1.000000000000000000 ),
 .UNSPECIFIED. ) ;
#4269 = CIRCLE ( 'NONE', #1417, 3.500000000000000000 ) ;
#4270 = FACE_BOUND ( 'NONE', #1183, .T. ) ;
#4271 = ORIENTED_EDGE ( 'NONE', *, *, #5674, .F. ) ;
#4272 = EDGE_CURVE ( 'NONE', #5706, #662, #3306, .T. ) ;
#4273 = EDGE_CURVE ( 'NONE', #6449, #4249, #4641, .T. ) ;
#4274 = DIRECTION ( 'NONE',  ( -0.000000000000000000, -1.000000000000000000, -0.000000000000000000 ) ) ;
#4275 = CARTESIAN_POINT ( 'NONE',  ( 6.352138378250272055, 12.50000000000000000, 27.73876969599392694 ) ) ;
#4276 = DIRECTION ( 'NONE',  ( 0.000000000000000000, 0.000000000000000000, 1.000000000000000000 ) ) ;
#4277 = EDGE_CURVE ( 'NONE', #5599, #471, #3585, .T. ) ;
#4278 = AXIS2_PLACEMENT_3D ( 'NONE', #5571, #1045, #3483 ) ;
#4279 = ORIENTED_EDGE ( 'NONE', *, *, #3536, .T. ) ;
#4280 = CARTESIAN_POINT ( 'NONE',  ( -12.49651859791752351, 6.659555455029353865, 26.77397846476551280 ) ) ;
#4281 = CARTESIAN_POINT ( 'NONE',  ( -4.258722147691941906, 10.50000000000000000, 25.32705422904026449 ) ) ;
#4282 = CARTESIAN_POINT ( 'NONE',  ( -35.65872214768999271, 15.76999999999999957, 4.947054229039999917 ) ) ;
#4283 = DIRECTION ( 'NONE',  ( 1.000000000000000000, -0.000000000000000000, -0.000000000000000000 ) ) ;
#4284 = ORIENTED_EDGE ( 'NONE', *, *, #708, .T. ) ;
#4285 = CARTESIAN_POINT ( 'NONE',  ( -6.058722147692000348, 16.43666666666666387, 6.747054229040002404 ) ) ;
#4286 = DIRECTION ( 'NONE',  ( 0.000000000000000000, 1.000000000000000000, -2.200000000000000003E-16 ) ) ;
#4287 = ORIENTED_EDGE ( 'NONE', *, *, #5828, .F. ) ;
#4288 = CARTESIAN_POINT ( 'NONE',  ( -37.45872214768999697, 15.76999999999999957, 6.747054229039999740 ) ) ;
#4289 = LINE ( 'NONE', #5733, #224 ) ;
#4290 = APPLICATION_PROTOCOL_DEFINITION ( 'draft international standard', 'automotive_design', 1998, #4227 ) ;
#4291 = LINE ( 'NONE', #6386, #1646 ) ;
#4292 = VERTEX_POINT ( 'NONE', #5602 ) ;
#4293 = DIRECTION ( 'NONE',  ( 0.000000000000000000, 0.000000000000000000, 1.000000000000000000 ) ) ;
#4294 = B_SPLINE_CURVE_WITH_KNOTS ( 'NONE', 3,
 ( #2373, #4000, #2969, #958 ),
 .UNSPECIFIED., .F., .F.,
 ( 4, 4 ),
 ( 0.000000000000000000, 1.000000000000000000 ),
 .UNSPECIFIED. ) ;
#4295 = ORIENTED_EDGE ( 'NONE', *, *, #5317, .F. ) ;
#4296 = ORIENTED_EDGE ( 'NONE', *, *, #3089, .T. ) ;
#4297 = ORIENTED_EDGE ( 'NONE', *, *, #4851, .F. ) ;
#4298 = LINE ( 'NONE', #754, #3244 ) ;
#4299 = CIRCLE ( 'NONE', #2703, 1.600000000000000755 ) ;
#4300 = CARTESIAN_POINT ( 'NONE',  ( -21.75872214769000124, 12.50000000000000000, 25.32705422904000159 ) ) ;
#4301 = ORIENTED_EDGE ( 'NONE', *, *, #4645, .F. ) ;
#4302 = AXIS2_PLACEMENT_3D ( 'NONE', #24, #1580, #2043 ) ;
#4303 = VERTEX_POINT ( 'NONE', #5105 ) ;
#4304 = FACE_OUTER_BOUND ( 'NONE', #1873, .T. ) ;
#4305 = AXIS2_PLACEMENT_3D ( 'NONE', #6078, #4132, #6178 ) ;
#4306 = PRODUCT_DEFINITION_SHAPE ( 'NONE', 'NONE',  #6542 ) ;
#4307 = FACE_OUTER_BOUND ( 'NONE', #5877, .T. ) ;
#4308 = CARTESIAN_POINT ( 'NONE',  ( -57.31516413267441123, 5.875000000000003553, -0.5000000000000000000 ) ) ;
#4309 = LINE ( 'NONE', #2104, #5994 ) ;
#4310 = CARTESIAN_POINT ( 'NONE',  ( -10.82140462413999948, 15.76999999999999602, 4.347054229040000273 ) ) ;
#4311 = DIRECTION ( 'NONE',  ( 0.000000000000000000, 0.000000000000000000, 1.000000000000000000 ) ) ;
#4312 = EDGE_CURVE ( 'NONE', #1644, #1799, #3629, .T. ) ;
#4313 = VECTOR ( 'NONE', #5689, 1000.000000000000000 ) ;
#4314 = CARTESIAN_POINT ( 'NONE',  ( -4.258722147692000526, 15.76999999999999957, 17.93372089570666361 ) ) ;
#4315 = ORIENTED_EDGE ( 'NONE', *, *, #3886, .F. ) ;
#4316 = EDGE_CURVE ( 'NONE', #212, #4733, #473, .T. ) ;
#4317 = DIRECTION ( 'NONE',  ( 0.000000000000000000, -1.000000000000000000, 0.000000000000000000 ) ) ;
#4318 = CARTESIAN_POINT ( 'NONE',  ( -39.25872214768999413, 12.50000000000000000, 3.147054229040000095 ) ) ;
#4319 = EDGE_CURVE ( 'NONE', #3367, #3840, #6158, .T. ) ;
#4320 = VERTEX_POINT ( 'NONE', #3717 ) ;
#4321 = AXIS2_PLACEMENT_3D ( 'NONE', #1965, #982, #4875 ) ;
#4322 = DIRECTION ( 'NONE',  ( -0.000000000000000000, -1.000000000000000000, -0.000000000000000000 ) ) ;
#4323 = DIRECTION ( 'NONE',  ( 0.000000000000000000, -1.000000000000000000, 0.000000000000000000 ) ) ;
#4324 = APPLICATION_PROTOCOL_DEFINITION ( 'draft international standard', 'automotive_design', 1998, #5024 ) ;
#4325 = CARTESIAN_POINT ( 'NONE',  ( -22.99850462234779869, 12.50000000000000178, 1.147054229039999873 ) ) ;
#4326 = LINE ( 'NONE', #874, #756 ) ;
#4327 = ORIENTED_EDGE ( 'NONE', *, *, #438, .T. ) ;
#4328 = AXIS2_PLACEMENT_3D ( 'NONE', #3265, #2281, #5264 ) ;
#4329 = VERTEX_POINT ( 'NONE', #1629 ) ;
#4330 = ORIENTED_EDGE ( 'NONE', *, *, #158, .T. ) ;
#4331 = CYLINDRICAL_SURFACE ( 'NONE', #722, 1.349999999999998757 ) ;
#4332 = CARTESIAN_POINT ( 'NONE',  ( -7.858722147691995730, 16.43666666666666387, 4.947054229039999029 ) ) ;
#4333 = VERTEX_POINT ( 'NONE', #76 ) ;
#4334 = VERTEX_POINT ( 'NONE', #5730 ) ;
#4335 = B_SPLINE_CURVE_WITH_KNOTS ( 'NONE', 3,
 ( #1466, #3373, #3979, #6352 ),
 .UNSPECIFIED., .F., .F.,
 ( 4, 4 ),
 ( 0.000000000000000000, 1.000000000000000000 ),
 .UNSPECIFIED. ) ;
#4336 = CARTESIAN_POINT ( 'NONE',  ( 5.838961682346135440, 10.50000000000000000, 25.73876969599392694 ) ) ;
#4337 = DIRECTION ( 'NONE',  ( 0.000000000000000000, 0.000000000000000000, 1.000000000000000000 ) ) ;
#4338 = AXIS2_PLACEMENT_3D ( 'NONE', #842, #1221, #686 ) ;
#4339 = ADVANCED_FACE ( 'NONE', ( #4115 ), #106, .F. ) ;
#4340 = PLANE ( 'NONE',  #5448 ) ;
#4341 = VECTOR ( 'NONE', #5124, 1000.000000000000000 ) ;
#4342 = CARTESIAN_POINT ( 'NONE',  ( -10.79999054116380997, -3.249999999999999556, 26.77397846476551280 ) ) ;
#4343 = EDGE_CURVE ( 'NONE', #839, #6494, #1268, .T. ) ;
#4344 = ORIENTED_EDGE ( 'NONE', *, *, #5481, .F. ) ;
#4345 = CARTESIAN_POINT ( 'NONE',  ( -4.258722147691999638, 12.50000000000000000, 27.32705422903999803 ) ) ;
#4346 = DIRECTION ( 'NONE',  ( 0.000000000000000000, 0.000000000000000000, -1.000000000000000000 ) ) ;
#4347 = VERTEX_POINT ( 'NONE', #6259 ) ;
#4348 = ORIENTED_EDGE ( 'NONE', *, *, #4938, .T. ) ;
#4349 = CIRCLE ( 'NONE', #1181, 3.350000000000002309 ) ;
#4350 = EDGE_CURVE ( 'NONE', #1452, #2829, #1367, .T. ) ;
#4351 = DIRECTION ( 'NONE',  ( 0.000000000000000000, 1.000000000000000000, 0.000000000000000000 ) ) ;
#4352 = CARTESIAN_POINT ( 'NONE',  ( -21.75872214769000124, 12.50000000000000000, 1.147054229039999873 ) ) ;
#4353 = VECTOR ( 'NONE', #2463, 1000.000000000000000 ) ;
#4354 = FACE_OUTER_BOUND ( 'NONE', #1066, .T. ) ;
#4355 = ORIENTED_EDGE ( 'NONE', *, *, #5675, .F. ) ;
#4356 = B_SPLINE_CURVE_WITH_KNOTS ( 'NONE', 3,
 ( #5138, #4551, #1141, #569 ),
 .UNSPECIFIED., .F., .F.,
 ( 4, 4 ),
 ( 0.000000000000000000, 1.000000000000000000 ),
 .UNSPECIFIED. ) ;
#4357 = CARTESIAN_POINT ( 'NONE',  ( -53.99344095995156323, 5.875000000000003553, 24.28434452200542992 ) ) ;
#4358 = VERTEX_POINT ( 'NONE', #3240 ) ;
#4359 = VECTOR ( 'NONE', #6410, 1000.000000000000000 ) ;
#4360 = CARTESIAN_POINT ( 'NONE',  ( -2.258722147692000082, 12.50000000000000000, 3.147054229040000095 ) ) ;
#4361 = VERTEX_POINT ( 'NONE', #5890 ) ;
#4362 = EDGE_CURVE ( 'NONE', #2844, #5182, #5392, .T. ) ;
#4363 = VECTOR ( 'NONE', #1595, 1000.000000000000000 ) ;
#4364 = ORIENTED_EDGE ( 'NONE', *, *, #6228, .T. ) ;
#4365 = DIRECTION ( 'NONE',  ( -0.000000000000000000, 1.000000000000000000, 0.000000000000000000 ) ) ;
#4366 = CARTESIAN_POINT ( 'NONE',  ( -21.75872214769000124, 12.50000000000000000, 3.147054229040000095 ) ) ;
#4367 = DIRECTION ( 'NONE',  ( -0.000000000000000000, 1.000000000000000000, -0.000000000000000000 ) ) ;
#4368 = EDGE_LOOP ( 'NONE', ( #255, #5310, #54, #682 ) ) ;
#4369 = ORIENTED_EDGE ( 'NONE', *, *, #1228, .T. ) ;
#4370 = ADVANCED_FACE ( 'NONE', ( #866 ), #1302, .T. ) ;
#4371 = CARTESIAN_POINT ( 'NONE',  ( -39.29572938337270926, 7.483490513531148913, 27.73876969599392694 ) ) ;
#4372 = DIRECTION ( 'NONE',  ( 1.000000000000000000, 0.000000000000000000, 0.000000000000000000 ) ) ;
#4373 = CARTESIAN_POINT ( 'NONE',  ( -39.96829162495723153, 12.49999999999999822, 10.79141912981769558 ) ) ;
#4374 = CARTESIAN_POINT ( 'NONE',  ( -4.258722147691999638, 12.50000000000000000, 3.147054229040000095 ) ) ;
#4375 = CARTESIAN_POINT ( 'NONE',  ( -37.45872214768999697, 12.50000000000000000, 21.72705422903999661 ) ) ;
#4376 = VERTEX_POINT ( 'NONE', #5760 ) ;
#4377 = CYLINDRICAL_SURFACE ( 'NONE', #762, 2.420000000000000373 ) ;
#4378 = EDGE_CURVE ( 'NONE', #3786, #1452, #5115, .T. ) ;
#4379 = CARTESIAN_POINT ( 'NONE',  ( 4.506559040048433218, 10.50000000000000000, 16.11449525870471433 ) ) ;
#4380 = ORIENTED_EDGE ( 'NONE', *, *, #4945, .F. ) ;
#4381 = VERTEX_POINT ( 'NONE', #1728 ) ;
#4382 = FACE_OUTER_BOUND ( 'NONE', #1461, .T. ) ;
#4383 = DIRECTION ( 'NONE',  ( -0.000000000000000000, -0.000000000000000000, 1.000000000000000000 ) ) ;
#4384 = CYLINDRICAL_SURFACE ( 'NONE', #2801, 0.5000000000000004441 ) ;
#4385 = ORIENTED_EDGE ( 'NONE', *, *, #4064, .F. ) ;
#4386 = LINE ( 'NONE', #5307, #1705 ) ;
#4387 = VERTEX_POINT ( 'NONE', #6319 ) ;
#4388 = CARTESIAN_POINT ( 'NONE',  ( -60.04560449174972803, -3.250000000000000000, 27.73876969599392694 ) ) ;
#4389 = ORIENTED_EDGE ( 'NONE', *, *, #6353, .F. ) ;
#4390 = ORIENTED_EDGE ( 'NONE', *, *, #2023, .F. ) ;
#4391 = DIRECTION ( 'NONE',  ( 0.000000000000000000, -1.000000000000000000, 0.000000000000000000 ) ) ;
#4392 = DIRECTION ( 'NONE',  ( -0.000000000000000000, 1.000000000000000000, 0.000000000000000000 ) ) ;
#4393 = CIRCLE ( 'NONE', #900, 3.500000000000000000 ) ;
#4394 = DIRECTION ( 'NONE',  ( -0.000000000000000000, -0.000000000000000000, -1.000000000000000000 ) ) ;
#4395 = ORIENTED_EDGE ( 'NONE', *, *, #1317, .F. ) ;
#4396 = ADVANCED_FACE ( 'NONE', ( #3747 ), #5269, .F. ) ;
#4397 = ORIENTED_EDGE ( 'NONE', *, *, #5595, .F. ) ;
#4398 = VECTOR ( 'NONE', #6375, 1000.000000000000000 ) ;
#4399 = ORIENTED_EDGE ( 'NONE', *, *, #5872, .T. ) ;
#4400 = VECTOR ( 'NONE', #4638, 1000.000000000000000 ) ;
#4401 = CARTESIAN_POINT ( 'NONE',  ( -39.25872214769194812, 8.500000000000007105, 25.32705422904026449 ) ) ;
#4402 = CARTESIAN_POINT ( 'NONE',  ( -40.26596010843179840, 17.76999999999999957, 1.399481452331484022 ) ) ;
#4403 = VECTOR ( 'NONE', #6187, 1000.000000000000000 ) ;
#4404 = CARTESIAN_POINT ( 'NONE',  ( -41.25872214768999413, 12.50000000000000000, 11.36477290577099986 ) ) ;
#4405 = VECTOR ( 'NONE', #1489, 1000.000000000000000 ) ;
#4406 = FACE_OUTER_BOUND ( 'NONE', #4775, .T. ) ;
#4407 = PLANE ( 'NONE',  #5248 ) ;
#4408 = ORIENTED_EDGE ( 'NONE', *, *, #3902, .F. ) ;
#4409 = CARTESIAN_POINT ( 'NONE',  ( 6.352138378250272055, 8.757473573018954127, -4.761230304006072167 ) ) ;
#4410 = DIRECTION ( 'NONE',  ( 0.000000000000000000, -0.000000000000000000, -1.000000000000000000 ) ) ;
#4411 = AXIS2_PLACEMENT_3D ( 'NONE', #420, #5486, #3362 ) ;
#4412 = ORIENTED_EDGE ( 'NONE', *, *, #1594, .F. ) ;
#4413 = ORIENTED_EDGE ( 'NONE', *, *, #216, .F. ) ;
#4414 = DIRECTION ( 'NONE',  ( 1.000000000000000000, 1.734723475976805517E-15, 0.000000000000000000 ) ) ;
#4415 = CARTESIAN_POINT ( 'NONE',  ( 3.506559040048433218, 10.50000000000000000, 19.62186810699505202 ) ) ;
#4416 = LINE ( 'NONE', #3018, #161 ) ;
#4417 = ORIENTED_EDGE ( 'NONE', *, *, #182, .F. ) ;
#4418 = CARTESIAN_POINT ( 'NONE',  ( -39.71687107633850644, 10.49999999999999822, 17.73705422903999462 ) ) ;
#4419 = DIRECTION ( 'NONE',  ( 0.000000000000000000, -1.000000000000000000, -0.000000000000000000 ) ) ;
#4420 = AXIS2_PLACEMENT_3D ( 'NONE', #6301, #814, #5806 ) ;
#4421 = ORIENTED_EDGE ( 'NONE', *, *, #4909, .F. ) ;
#4422 = ORIENTED_EDGE ( 'NONE', *, *, #3742, .T. ) ;
#4423 = PLANE ( 'NONE',  #3999 ) ;
#4424 = DIRECTION ( 'NONE',  ( -1.000000000000000000, -0.000000000000000000, -0.000000000000000000 ) ) ;
#4425 = CIRCLE ( 'NONE', #2515, 0.5000000000000004441 ) ;
#4426 = CARTESIAN_POINT ( 'NONE',  ( -41.25872214768999413, 17.76999999999999957, 25.32705422904000159 ) ) ;
#4427 = ADVANCED_FACE ( 'NONE', ( #4892 ), #741, .T. ) ;
#4428 = LINE ( 'NONE', #5777, #3275 ) ;
#4429 = ORIENTED_EDGE ( 'NONE', *, *, #3986, .T. ) ;
#4430 = ORIENTED_EDGE ( 'NONE', *, *, #1235, .T. ) ;
#4431 = VERTEX_POINT ( 'NONE', #2748 ) ;
#4432 = CARTESIAN_POINT ( 'NONE',  ( -42.75872214769000834, 12.50000000000000178, 14.79854216530606870 ) ) ;
#4433 = EDGE_CURVE ( 'NONE', #3714, #5856, #6374, .T. ) ;
#4434 = ADVANCED_FACE ( 'NONE', ( #3874 ), #5330, .T. ) ;
#4435 = ADVANCED_FACE ( 'NONE', ( #4769 ), #6289, .F. ) ;
#4436 = DIRECTION ( 'NONE',  ( -1.000000000000000000, 0.000000000000000000, 0.000000000000000000 ) ) ;
#4437 = CARTESIAN_POINT ( 'NONE',  ( -60.04560449174972803, -3.250000000000000000, 24.23876969599392694 ) ) ;
#4438 = LINE ( 'NONE', #5353, #4502 ) ;
#4439 = DIRECTION ( 'NONE',  ( 0.000000000000000000, -2.200000000000000003E-16, -1.000000000000000000 ) ) ;
#4440 = DIRECTION ( 'NONE',  ( -1.000000000000000000, 0.000000000000000000, 0.000000000000000000 ) ) ;
#4441 = ORIENTED_EDGE ( 'NONE', *, *, #497, .F. ) ;
#4442 = DIRECTION ( 'NONE',  ( 0.000000000000000000, -1.000000000000000000, 0.000000000000000000 ) ) ;
#4443 = DIRECTION ( 'NONE',  ( -0.000000000000000000, 1.000000000000000000, 0.000000000000000000 ) ) ;
#4444 = ORIENTED_EDGE ( 'NONE', *, *, #2112, .T. ) ;
#4445 = VERTEX_POINT ( 'NONE', #1757 ) ;
#4446 = DIRECTION ( 'NONE',  ( 1.000000000000000000, 0.000000000000000000, 0.000000000000000000 ) ) ;
#4447 = AXIS2_PLACEMENT_3D ( 'NONE', #1614, #5680, #3103 ) ;
#4448 = LINE ( 'NONE', #903, #2132 ) ;
#4449 = CARTESIAN_POINT ( 'NONE',  ( -50.88856591388922368, 4.466867144221085439, 26.71994397445526204 ) ) ;
#4450 = ORIENTED_EDGE ( 'NONE', *, *, #1236, .F. ) ;
#4451 = AXIS2_PLACEMENT_3D ( 'NONE', #2835, #2807, #6407 ) ;
#4452 = CARTESIAN_POINT ( 'NONE',  ( 6.352138378250272055, -3.250000000000000000, 24.23876969599392694 ) ) ;
#4453 = FACE_BOUND ( 'NONE', #1180, .T. ) ;
#4454 = AXIS2_PLACEMENT_3D ( 'NONE', #3858, #1803, #279 ) ;
#4455 = ORIENTED_EDGE ( 'NONE', *, *, #1398, .T. ) ;
#4456 = ORIENTED_EDGE ( 'NONE', *, *, #1115, .T. ) ;
#4457 = CARTESIAN_POINT ( 'NONE',  ( -67.07003059873778739, 4.735238934357180796, -6.761230304006072167 ) ) ;
#4458 = CARTESIAN_POINT ( 'NONE',  ( -2.659388462895640792, 17.76999999999999957, 26.55614766898982992 ) ) ;
#4459 = VECTOR ( 'NONE', #4147, 1000.000000000000000 ) ;
#4460 = CARTESIAN_POINT ( 'NONE',  ( -39.25872214768999413, 12.50000000000000000, 1.147054229039999873 ) ) ;
#4461 = CARTESIAN_POINT ( 'NONE',  ( -51.60056723113756760, 5.875000000000003553, 22.93434452200543205 ) ) ;
#4462 = VERTEX_POINT ( 'NONE', #5793 ) ;
#4463 = EDGE_CURVE ( 'NONE', #3745, #3679, #1270, .T. ) ;
#4464 = VECTOR ( 'NONE', #5951, 1000.000000000000000 ) ;
#4465 = ORIENTED_EDGE ( 'NONE', *, *, #2930, .T. ) ;
#4466 = ORIENTED_EDGE ( 'NONE', *, *, #3949, .F. ) ;
#4467 = CARTESIAN_POINT ( 'NONE',  ( -4.258722147691941906, 12.50000000000000000, 3.147054229040265660 ) ) ;
#4468 = VECTOR ( 'NONE', #6133, 1000.000000000000000 ) ;
#4469 = DIRECTION ( 'NONE',  ( -0.000000000000000000, 1.000000000000000000, 0.000000000000000000 ) ) ;
#4470 = EDGE_CURVE ( 'NONE', #193, #5771, #5855, .T. ) ;
#4471 = CARTESIAN_POINT ( 'NONE',  ( -41.25872214768999413, 12.50000000000000000, 17.10933555230900183 ) ) ;
#4472 = PLANE ( 'NONE',  #5129 ) ;
#4473 = DIRECTION ( 'NONE',  ( -0.000000000000000000, 1.000000000000000000, -0.000000000000000000 ) ) ;
#4474 = ORIENTED_EDGE ( 'NONE', *, *, #422, .F. ) ;
#4475 = DIRECTION ( 'NONE',  ( -1.000000000000000000, -0.000000000000000000, 0.000000000000000000 ) ) ;
#4476 = ADVANCED_FACE ( 'NONE', ( #2811 ), #296, .F. ) ;
#4477 = PLANE ( 'NONE',  #2251 ) ;
#4478 = B_SPLINE_CURVE_WITH_KNOTS ( 'NONE', 3,
 ( #5898, #2358, #1374, #748, #4835, #303 ),
 .UNSPECIFIED., .F., .F.,
 ( 4, 2, 4 ),
 ( 0.000000000000000000, 0.5000000000000000000, 1.000000000000000000 ),
 .UNSPECIFIED. ) ;
#4479 = AXIS2_PLACEMENT_3D ( 'NONE', #3606, #2179, #1198 ) ;
#4480 = VERTEX_POINT ( 'NONE', #3334 ) ;
#4481 = ORIENTED_EDGE ( 'NONE', *, *, #4109, .T. ) ;
#4482 = CARTESIAN_POINT ( 'NONE',  ( -35.25872214769005097, 17.76999999999999957, 4.947054229039999917 ) ) ;
#4483 = B_SPLINE_CURVE_WITH_KNOTS ( 'NONE', 3,
 ( #552, #2378, #6408, #5922 ),
 .UNSPECIFIED., .F., .F.,
 ( 4, 4 ),
 ( 0.000000000000000000, 1.000000000000000000 ),
 .UNSPECIFIED. ) ;
#4484 = CARTESIAN_POINT ( 'NONE',  ( -7.858722147691999282, 15.76999999999999957, 23.52705422904000088 ) ) ;
#4485 = CARTESIAN_POINT ( 'NONE',  ( 4.006559040048433218, 8.250000000000000000, 22.93434452200543205 ) ) ;
#4486 = VERTEX_POINT ( 'NONE', #3436 ) ;
#4487 = FACE_OUTER_BOUND ( 'NONE', #2736, .T. ) ;
#4488 = CARTESIAN_POINT ( 'NONE',  ( -4.258722147691999638, 12.50000000000000000, 27.32705422903999803 ) ) ;
#4489 = ORIENTED_EDGE ( 'NONE', *, *, #620, .T. ) ;
#4490 = ORIENTED_EDGE ( 'NONE', *, *, #1960, .F. ) ;
#4491 = DIRECTION ( 'NONE',  ( -1.000000000000000000, 0.000000000000000000, 0.000000000000000000 ) ) ;
#4492 = DIRECTION ( 'NONE',  ( -0.000000000000000000, 1.000000000000000000, -0.000000000000000000 ) ) ;
#4493 = DIRECTION ( 'NONE',  ( 0.000000000000000000, 0.000000000000000000, 1.000000000000000000 ) ) ;
#4494 = LINE ( 'NONE', #3455, #5180 ) ;
#4495 = ORIENTED_EDGE ( 'NONE', *, *, #4064, .T. ) ;
#4496 = VERTEX_POINT ( 'NONE', #3473 ) ;
#4497 = ORIENTED_EDGE ( 'NONE', *, *, #667, .T. ) ;
#4498 = CARTESIAN_POINT ( 'NONE',  ( 0.000000000000000000, 0.000000000000000000, 22.43434452200543205 ) ) ;
#4499 = DIRECTION ( 'NONE',  ( 0.000000000000000000, 0.000000000000000000, 1.000000000000000000 ) ) ;
#4500 = DIRECTION ( 'NONE',  ( -0.000000000000000000, -1.000000000000000000, -0.000000000000000000 ) ) ;
#4501 = DIRECTION ( 'NONE',  ( 0.000000000000000000, 0.000000000000000000, 1.000000000000000000 ) ) ;
#4502 = VECTOR ( 'NONE', #860, 1000.000000000000000 ) ;
#4503 = PLANE ( 'NONE',  #638 ) ;
#4504 = EDGE_CURVE ( 'NONE', #1215, #1495, #1001, .T. ) ;
#4505 = VERTEX_POINT ( 'NONE', #3403 ) ;
#4506 = EDGE_CURVE ( 'NONE', #534, #4260, #2874, .T. ) ;
#4507 = LINE ( 'NONE', #6506, #4035 ) ;
#4508 = DIRECTION ( 'NONE',  ( 0.000000000000000000, 0.000000000000000000, 1.000000000000000000 ) ) ;
#4509 = VECTOR ( 'NONE', #5790, 1000.000000000000000 ) ;
#4510 = ORIENTED_EDGE ( 'NONE', *, *, #2877, .T. ) ;
#4511 = ORIENTED_EDGE ( 'NONE', *, *, #4272, .T. ) ;
#4512 = CARTESIAN_POINT ( 'NONE',  ( -10.09205548102466743, 12.50000000000000000, 27.32705422903999803 ) ) ;
#4513 = ADVANCED_FACE ( 'NONE', ( #1463 ), #4477, .F. ) ;
#4514 = EDGE_CURVE ( 'NONE', #4480, #3714, #3943, .T. ) ;
#4515 = CARTESIAN_POINT ( 'NONE',  ( -51.60056723113756760, 8.750000000000000000, 23.29566891635459669 ) ) ;
#4516 = CARTESIAN_POINT ( 'NONE',  ( -53.99344095995156323, 10.50000000000000000, 22.93434452200543205 ) ) ;
#4517 = ORIENTED_EDGE ( 'NONE', *, *, #3805, .T. ) ;
#4518 = CARTESIAN_POINT ( 'NONE',  ( -41.25872214768999413, 12.50000000000000000, 15.19448133679633273 ) ) ;
#4519 = ADVANCED_FACE ( 'NONE', ( #461 ), #4042, .F. ) ;
#4520 = CARTESIAN_POINT ( 'NONE',  ( 3.647571787580841995, 5.875000000000003553, 3.269951672287242594 ) ) ;
#4521 = ORIENTED_EDGE ( 'NONE', *, *, #2572, .T. ) ;
#4522 = ORIENTED_EDGE ( 'NONE', *, *, #708, .F. ) ;
#4523 = PLANE ( 'NONE',  #5265 ) ;
#4524 = CARTESIAN_POINT ( 'NONE',  ( -41.25872214768999413, 12.50000000000000178, 2.885254841240850965 ) ) ;
#4525 = DIRECTION ( 'NONE',  ( 0.000000000000000000, 0.000000000000000000, -1.000000000000000000 ) ) ;
#4526 = ORIENTED_EDGE ( 'NONE', *, *, #4672, .F. ) ;
#4527 = EDGE_CURVE ( 'NONE', #4651, #4890, #3519, .T. ) ;
#4528 = AXIS2_PLACEMENT_3D ( 'NONE', #5263, #3233, #5161 ) ;
#4529 = ORIENTED_EDGE ( 'NONE', *, *, #1279, .F. ) ;
#4530 = ORIENTED_EDGE ( 'NONE', *, *, #1707, .F. ) ;
#4531 = DIRECTION ( 'NONE',  ( -0.5044624565692711338, 0.8634336279715403295, 0.000000000000000000 ) ) ;
#4532 = AXIS2_PLACEMENT_3D ( 'NONE', #6394, #2992, #2920 ) ;
#4533 = CARTESIAN_POINT ( 'NONE',  ( -12.14296520732424334, 5.125528811491159686, 27.73876969599392694 ) ) ;
#4534 = CARTESIAN_POINT ( 'NONE',  ( 7.852138378250272943, -3.250000000000000000, -3.261230304006073055 ) ) ;
#4535 = LINE ( 'NONE', #2012, #3970 ) ;
#4536 = CARTESIAN_POINT ( 'NONE',  ( -39.29572938337270926, 4.966867144221086328, 27.73876969599392694 ) ) ;
#4537 = ORIENTED_EDGE ( 'NONE', *, *, #1674, .F. ) ;
#4538 = CARTESIAN_POINT ( 'NONE',  ( -6.058722147692000348, 17.10333333333333528, 21.72705422903999661 ) ) ;
#4539 = CARTESIAN_POINT ( 'NONE',  ( 4.006559040048433218, 5.875000000000003553, 22.93434452200543205 ) ) ;
#4540 = ADVANCED_FACE ( 'NONE', ( #3012 ), #6507, .F. ) ;
#4541 = ORIENTED_EDGE ( 'NONE', *, *, #620, .F. ) ;
#4542 = FACE_OUTER_BOUND ( 'NONE', #884, .T. ) ;
#4543 = DIRECTION ( 'NONE',  ( -0.000000000000000000, 1.000000000000000000, -0.000000000000000000 ) ) ;
#4544 = DIRECTION ( 'NONE',  ( -0.000000000000000000, 1.000000000000000000, -0.000000000000000000 ) ) ;
#4545 = LINE ( 'NONE', #436, #803 ) ;
#4546 = EDGE_LOOP ( 'NONE', ( #6232, #2364, #6257, #1406 ) ) ;
#4547 = DIRECTION ( 'NONE',  ( 0.000000000000000000, 0.000000000000000000, 1.000000000000000000 ) ) ;
#4548 = CARTESIAN_POINT ( 'NONE',  ( 4.506559040048433218, 8.005696803542699413, 19.52937570921329069 ) ) ;
#4549 = EDGE_CURVE ( 'NONE', #1970, #3895, #6023, .T. ) ;
#4550 = EDGE_LOOP ( 'NONE', ( #1515, #3725 ) ) ;
#4551 = CARTESIAN_POINT ( 'NONE',  ( -41.25872214768999413, 12.50000000000000000, 5.886293787950334533 ) ) ;
#4552 = CARTESIAN_POINT ( 'NONE',  ( -3.996922759892851840, 17.76999999999999957, 27.32705422903999803 ) ) ;
#4553 = AXIS2_PLACEMENT_3D ( 'NONE', #4821, #6053, #2477 ) ;
#4554 = CARTESIAN_POINT ( 'NONE',  ( -6.416836292518866891, 15.76999999999999602, 5.643252368495861759 ) ) ;
#4555 = ORIENTED_EDGE ( 'NONE', *, *, #4463, .F. ) ;
#4556 = EDGE_CURVE ( 'NONE', #2172, #4431, #4962, .T. ) ;
#4557 = EDGE_LOOP ( 'NONE', ( #4905, #4296, #400, #3946 ) ) ;
#4558 = B_SPLINE_CURVE_WITH_KNOTS ( 'NONE', 3,
 ( #5540, #6419, #1044, #3518, #5934, #1928, #2390, #4049, #4418, #5435 ),
 .UNSPECIFIED., .F., .F.,
 ( 4, 2, 2, 2, 4 ),
 ( 0.5000000000000000000, 0.6249999999999996669, 0.7499999999999997780, 0.8749999999999998890, 1.000000000000000000 ),
 .UNSPECIFIED. ) ;
#4559 = ORIENTED_EDGE ( 'NONE', *, *, #2372, .F. ) ;
#4560 = CARTESIAN_POINT ( 'NONE',  ( -17.89966379383750805, 12.78225237061119834, 3.147054229040003204 ) ) ;
#4561 = AXIS2_PLACEMENT_3D ( 'NONE', #3482, #5041, #501 ) ;
#4562 = DIRECTION ( 'NONE',  ( -0.000000000000000000, -0.000000000000000000, 1.000000000000000000 ) ) ;
#4563 = LINE ( 'NONE', #3665, #3374 ) ;
#4564 = CYLINDRICAL_SURFACE ( 'NONE', #4305, 0.5000000000000004441 ) ;
#4565 = CARTESIAN_POINT ( 'NONE',  ( -41.25872214768999413, 12.50000000000000178, 25.58885361683914184 ) ) ;
#4566 = CARTESIAN_POINT ( 'NONE',  ( -61.54560449174972803, 8.250000000000000000, 25.73876969599392694 ) ) ;
#4567 = VERTEX_POINT ( 'NONE', #1434 ) ;
#4568 = CARTESIAN_POINT ( 'NONE',  ( -3.029628707742169524, 12.50000000000000355, 1.547720544243639473 ) ) ;
#4569 = DIRECTION ( 'NONE',  ( -0.000000000000000000, -1.000000000000000000, -0.000000000000000000 ) ) ;
#4570 = ORIENTED_EDGE ( 'NONE', *, *, #4262, .F. ) ;
#4571 = DIRECTION ( 'NONE',  ( 0.000000000000000000, 0.000000000000000000, 1.000000000000000000 ) ) ;
#4572 = CARTESIAN_POINT ( 'NONE',  ( 3.506559040048433218, 10.50000000000000000, 16.11449525870471433 ) ) ;
#4573 = LINE ( 'NONE', #4110, #435 ) ;
#4574 = EDGE_CURVE ( 'NONE', #2763, #4727, #5062, .T. ) ;
#4575 = CYLINDRICAL_SURFACE ( 'NONE', #2805, 3.499999999999999556 ) ;
#4576 = VERTEX_POINT ( 'NONE', #5460 ) ;
#4577 = DIRECTION ( 'NONE',  ( -0.000000000000000000, -0.000000000000000000, 1.000000000000000000 ) ) ;
#4578 = CARTESIAN_POINT ( 'NONE',  ( 4.193217250673007435, 5.875000000000003553, 3.283790529398646463 ) ) ;
#4579 = ORIENTED_EDGE ( 'NONE', *, *, #1594, .T. ) ;
#4580 = LINE ( 'NONE', #1632, #1149 ) ;
#4581 = DIRECTION ( 'NONE',  ( 0.000000000000000000, 1.000000000000000000, 0.000000000000000000 ) ) ;
#4582 = EDGE_CURVE ( 'NONE', #4496, #1250, #2518, .T. ) ;
#4583 =( NAMED_UNIT ( * ) PLANE_ANGLE_UNIT ( ) SI_UNIT ( $, .RADIAN. ) );
#4584 = CARTESIAN_POINT ( 'NONE',  ( -38.80057321904148182, 10.50000000000000000, 17.73705422904000528 ) ) ;
#4585 = CARTESIAN_POINT ( 'NONE',  ( -51.19311627875442383, 10.50000000000000000, 23.43434452200543205 ) ) ;
#4586 = ORIENTED_EDGE ( 'NONE', *, *, #5915, .T. ) ;
#4587 = EDGE_CURVE ( 'NONE', #1271, #2566, #1201, .T. ) ;
#4588 = ORIENTED_EDGE ( 'NONE', *, *, #4933, .T. ) ;
#4589 = ORIENTED_EDGE ( 'NONE', *, *, #4262, .T. ) ;
#4590 = DIRECTION ( 'NONE',  ( 0.000000000000000000, 0.000000000000000000, 1.000000000000000000 ) ) ;
#4591 = EDGE_CURVE ( 'NONE', #5434, #1963, #2018, .T. ) ;
#4592 = CARTESIAN_POINT ( 'NONE',  ( -62.05134326581678295, 0.7130042956954123490, -3.761230304006072167 ) ) ;
#4593 = LINE ( 'NONE', #1581, #5812 ) ;
#4594 = ADVANCED_FACE ( 'NONE', ( #2381 ), #5926, .T. ) ;
#4595 = CARTESIAN_POINT ( 'NONE',  ( 9.876295877967507408, 8.757473573018954127, -4.761230304006072167 ) ) ;
#4596 = PLANE ( 'NONE',  #1540 ) ;
#4597 = DIRECTION ( 'NONE',  ( 1.000000000000000000, 0.000000000000000000, 0.000000000000000000 ) ) ;
#4598 = LINE ( 'NONE', #65, #1186 ) ;
#4599 = DIRECTION ( 'NONE',  ( 0.000000000000000000, 0.000000000000000000, 1.000000000000000000 ) ) ;
#4600 = VERTEX_POINT ( 'NONE', #6477 ) ;
#4601 = EDGE_LOOP ( 'NONE', ( #987, #1341, #5239, #2370, #2952, #965, #1130, #6412, #2231, #3876, #2070, #3521 ) ) ;
#4602 = VECTOR ( 'NONE', #333, 1000.000000000000000 ) ;
#4603 = DIRECTION ( 'NONE',  ( 0.000000000000000000, 0.000000000000000000, -1.000000000000000000 ) ) ;
#4604 = DIRECTION ( 'NONE',  ( -0.000000000000000000, 1.000000000000000000, -0.000000000000000000 ) ) ;
#4605 = LINE ( 'NONE', #2025, #2498 ) ;
#4606 = ORIENTED_EDGE ( 'NONE', *, *, #96, .T. ) ;
#4607 = DIRECTION ( 'NONE',  ( -0.000000000000000000, 1.000000000000000000, 0.000000000000000000 ) ) ;
#4608 = COLOUR_RGB ( '',0.7921568627450980005, 0.8196078431372548767, 0.9333333333333333481 ) ;
#4609 = DIRECTION ( 'NONE',  ( 0.000000000000000000, 1.000000000000000000, -0.000000000000000000 ) ) ;
#4610 = VERTEX_POINT ( 'NONE', #1888 ) ;
#4611 = CARTESIAN_POINT ( 'NONE',  ( -38.60223981824245953, 8.750000000000000000, 26.71994397445526204 ) ) ;
#4612 = CARTESIAN_POINT ( 'NONE',  ( -35.65872214768999271, 17.76999999999999957, 23.52705422904000088 ) ) ;
#4613 = VECTOR ( 'NONE', #1093, 1000.000000000000000 ) ;
#4614 = FACE_OUTER_BOUND ( 'NONE', #789, .T. ) ;
#4615 = PLANE ( 'NONE',  #1909 ) ;
#4616 = ORIENTED_EDGE ( 'NONE', *, *, #5825, .F. ) ;
#4617 = ORIENTED_EDGE ( 'NONE', *, *, #938, .F. ) ;
#4618 = ORIENTED_EDGE ( 'NONE', *, *, #5722, .F. ) ;
#4619 = DIRECTION ( 'NONE',  ( 1.000000000000000000, 0.000000000000000000, -0.000000000000000000 ) ) ;
#4620 = EDGE_CURVE ( 'NONE', #4715, #2618, #1033, .T. ) ;
#4621 = CARTESIAN_POINT ( 'NONE',  ( -10.82140462413961934, 15.76999999999944713, 23.52705422904000088 ) ) ;
#4622 = CARTESIAN_POINT ( 'NONE',  ( -39.29572938337270926, 7.483490513531148913, 26.71994397445526204 ) ) ;
#4623 = DIRECTION ( 'NONE',  ( -0.000000000000000000, 0.000000000000000000, 1.000000000000000000 ) ) ;
#4624 = ADVANCED_FACE ( 'NONE', ( #5989 ), #626, .F. ) ;
#4625 = VECTOR ( 'NONE', #5992, 1000.000000000000000 ) ;
#4626 = EDGE_CURVE ( 'NONE', #1736, #715, #3156, .T. ) ;
#4627 = DIRECTION ( 'NONE',  ( 0.000000000000000000, 0.000000000000000000, 1.000000000000000000 ) ) ;
#4628 = CARTESIAN_POINT ( 'NONE',  ( -39.25872214768999413, 12.50000000000000000, 10.73705422903999995 ) ) ;
#4629 = EDGE_CURVE ( 'NONE', #6037, #3586, #4666, .T. ) ;
#4630 = VECTOR ( 'NONE', #769, 1000.000000000000000 ) ;
#4631 = CARTESIAN_POINT ( 'NONE',  ( -3.251484186950200694, 12.50000000000000178, 1.399481452331483800 ) ) ;
#4632 = CYLINDRICAL_SURFACE ( 'NONE', #4680, 3.350000000000002309 ) ;
#4633 = EDGE_CURVE ( 'NONE', #1309, #919, #157, .T. ) ;
#4634 = VERTEX_POINT ( 'NONE', #6216 ) ;
#4635 = DIRECTION ( 'NONE',  ( -1.000000000000000000, 0.000000000000000000, 0.000000000000000000 ) ) ;
#4636 = CARTESIAN_POINT ( 'NONE',  ( 0.000000000000000000, 8.250000000000000000, 0.000000000000000000 ) ) ;
#4637 = CARTESIAN_POINT ( 'NONE',  ( -39.29572938337270926, -3.250000000000000000, 27.73876969599392694 ) ) ;
#4638 = DIRECTION ( 'NONE',  ( -0.000000000000000000, 1.000000000000000000, -0.000000000000000000 ) ) ;
#4639 = VERTEX_POINT ( 'NONE', #3671 ) ;
#4640 = CARTESIAN_POINT ( 'NONE',  ( -50.88856591388922368, 7.983490513531148913, 26.71994397445526204 ) ) ;
#4641 = LINE ( 'NONE', #1108, #1830 ) ;
#4642 = ORIENTED_EDGE ( 'NONE', *, *, #6245, .F. ) ;
#4643 = CARTESIAN_POINT ( 'NONE',  ( -21.75872214769000124, 32.42627134724899918, 27.32705422903999803 ) ) ;
#4644 = LINE ( 'NONE', #3488, #2708 ) ;
#4645 = EDGE_CURVE ( 'NONE', #5082, #3957, #131, .T. ) ;
#4646 = CARTESIAN_POINT ( 'NONE',  ( 15.69598641622551760, 0.9481433792356379620, -6.645855991677971808 ) ) ;
#4647 = FACE_BOUND ( 'NONE', #3347, .T. ) ;
#4648 = CYLINDRICAL_SURFACE ( 'NONE', #3600, 4.000000000000000000 ) ;
#4649 = EDGE_LOOP ( 'NONE', ( #5318, #2557, #5936, #1766 ) ) ;
#4650 = EDGE_LOOP ( 'NONE', ( #5974, #2186, #6139, #3371 ) ) ;
#4651 = VERTEX_POINT ( 'NONE', #6181 ) ;
#4652 = CARTESIAN_POINT ( 'NONE',  ( -48.31535629077411897, 8.567453508431418285, 22.43434452200543205 ) ) ;
#4653 = CIRCLE ( 'NONE', #5089, 1.500000000000001332 ) ;
#4654 = AXIS2_PLACEMENT_3D ( 'NONE', #453, #4469, #2865 ) ;
#4655 = CARTESIAN_POINT ( 'NONE',  ( 4.006559040048433218, 10.50000000000000000, 22.93434452200543205 ) ) ;
#4656 = EDGE_CURVE ( 'NONE', #2763, #3053, #1163, .T. ) ;
#4657 = AXIS2_PLACEMENT_3D ( 'NONE', #4070, #4039, #64 ) ;
#4658 = CARTESIAN_POINT ( 'NONE',  ( -6.058722147692000348, 12.50000000000000000, 6.747054229039999740 ) ) ;
#4659 = FACE_BOUND ( 'NONE', #1530, .T. ) ;
#4660 = AXIS2_PLACEMENT_3D ( 'NONE', #2603, #5252, #5217 ) ;
#4661 = VECTOR ( 'NONE', #4492, 1000.000000000000000 ) ;
#4662 = CARTESIAN_POINT ( 'NONE',  ( -39.25872214768999413, 12.50000000000000000, 13.07038756237333210 ) ) ;
#4663 = EDGE_CURVE ( 'NONE', #5016, #4253, #4269, .T. ) ;
#4664 = AXIS2_PLACEMENT_3D ( 'NONE', #2314, #1816, #3333 ) ;
#4665 = DIRECTION ( 'NONE',  ( 1.000000000000000000, 0.000000000000000000, 0.000000000000000000 ) ) ;
#4666 = LINE ( 'NONE', #3638, #5208 ) ;
#4667 = CIRCLE ( 'NONE', #3390, 0.5000000000000004441 ) ;
#4668 = VERTEX_POINT ( 'NONE', #5159 ) ;
#4669 = DIRECTION ( 'NONE',  ( -1.000000000000000000, 0.000000000000000000, 0.000000000000000000 ) ) ;
#4670 = DIRECTION ( 'NONE',  ( -1.000000000000000000, -0.000000000000000000, 0.000000000000000000 ) ) ;
#4671 = CARTESIAN_POINT ( 'NONE',  ( -39.25872214768999413, 12.50000000000000000, 22.79705422904000045 ) ) ;
#4672 = EDGE_CURVE ( 'NONE', #1922, #3162, #1587, .T. ) ;
#4673 = CARTESIAN_POINT ( 'NONE',  ( -60.04560449174972803, 10.50000000000000000, 22.43434452200543205 ) ) ;
#4674 = ORIENTED_EDGE ( 'NONE', *, *, #1144, .T. ) ;
#4675 = DIRECTION ( 'NONE',  ( 0.000000000000000000, 0.000000000000000000, 1.000000000000000000 ) ) ;
#4676 = DIRECTION ( 'NONE',  ( 0.000000000000000000, 0.000000000000000000, 1.000000000000000000 ) ) ;
#4677 = VERTEX_POINT ( 'NONE', #3140 ) ;
#4678 = CARTESIAN_POINT ( 'NONE',  ( -4.258722147691989868, 14.67999999999999794, 3.147054229039999651 ) ) ;
#4679 = DIRECTION ( 'NONE',  ( -0.000000000000000000, 0.000000000000000000, 1.000000000000000000 ) ) ;
#4680 = AXIS2_PLACEMENT_3D ( 'NONE', #525, #2051, #5623 ) ;
#4681 = DIRECTION ( 'NONE',  ( 1.000000000000000000, 0.000000000000000000, 0.000000000000000000 ) ) ;
#4682 = CARTESIAN_POINT ( 'NONE',  ( 0.6848358673255949824, 7.416666666666668739, -0.5000000000000012212 ) ) ;
#4683 = DIRECTION ( 'NONE',  ( -0.000000000000000000, -0.000000000000000000, -1.000000000000000000 ) ) ;
#4684 = ORIENTED_EDGE ( 'NONE', *, *, #5303, .T. ) ;
#4685 = ORIENTED_EDGE ( 'NONE', *, *, #3236, .F. ) ;
#4686 = ORIENTED_EDGE ( 'NONE', *, *, #4904, .F. ) ;
#4687 = CARTESIAN_POINT ( 'NONE',  ( -4.258722147691941906, 8.500000000000007105, 3.147054229040265660 ) ) ;
#4688 = CARTESIAN_POINT ( 'NONE',  ( -9.912615769759783646, 16.36675494322647850, 23.52705422904000088 ) ) ;
#4689 = VERTEX_POINT ( 'NONE', #3171 ) ;
#4690 = AXIS2_PLACEMENT_3D ( 'NONE', #6192, #5695, #1208 ) ;
#4691 = LINE ( 'NONE', #4388, #1168 ) ;
#4692 = CARTESIAN_POINT ( 'NONE',  ( -70.59445670572583253, 8.717998577795750492, -3.761230304006072167 ) ) ;
#4693 = LINE ( 'NONE', #154, #4341 ) ;
#4694 = DIRECTION ( 'NONE',  ( -0.000000000000000000, 0.000000000000000000, -1.000000000000000000 ) ) ;
#4695 = CARTESIAN_POINT ( 'NONE',  ( -53.49344095995156323, 5.875000000000003553, 19.58434452200542708 ) ) ;
#4696 = EDGE_LOOP ( 'NONE', ( #5010, #1821, #635, #2569 ) ) ;
#4697 = DIRECTION ( 'NONE',  ( 0.000000000000000000, -0.000000000000000000, 1.000000000000000000 ) ) ;
#4698 = PLANE ( 'NONE',  #4328 ) ;
#4699 = CARTESIAN_POINT ( 'NONE',  ( -2.258722147692000082, 17.76999999999999957, 3.147054229040000095 ) ) ;
#4700 = EDGE_CURVE ( 'NONE', #1741, #1335, #5104, .T. ) ;
#4701 = SURFACE_STYLE_USAGE ( .BOTH. , #1328 ) ;
#4702 = ORIENTED_EDGE ( 'NONE', *, *, #4620, .T. ) ;
#4703 = FACE_OUTER_BOUND ( 'NONE', #1289, .T. ) ;
#4704 = ORIENTED_EDGE ( 'NONE', *, *, #227, .T. ) ;
#4705 = EDGE_CURVE ( 'NONE', #235, #3789, #2776, .T. ) ;
#4706 = EDGE_CURVE ( 'NONE', #4844, #4873, #241, .T. ) ;
#4707 = CARTESIAN_POINT ( 'NONE',  ( -39.25872214768999413, 12.50000000000000000, 10.73705422903999995 ) ) ;
#4708 = CARTESIAN_POINT ( 'NONE',  ( -39.25872214768999413, 10.50000000000000000, 14.23705422903999995 ) ) ;
#4709 = VECTOR ( 'NONE', #1926, 1000.000000000000000 ) ;
#4710 = CARTESIAN_POINT ( 'NONE',  ( -2.258722147692000082, 12.50000000000000000, 3.147054229040000095 ) ) ;
#4711 = ADVANCED_FACE ( 'NONE', ( #6150 ), #2611, .T. ) ;
#4712 = CARTESIAN_POINT ( 'NONE',  ( -33.60482852562063272, 16.36675494322675561, 4.947054229039999029 ) ) ;
#4713 = VERTEX_POINT ( 'NONE', #4105 ) ;
#4714 = ORIENTED_EDGE ( 'NONE', *, *, #17, .T. ) ;
#4715 = VERTEX_POINT ( 'NONE', #5096 ) ;
#4716 = PLANE ( 'NONE',  #78 ) ;
#4717 = EDGE_CURVE ( 'NONE', #3304, #2658, #1096, .T. ) ;
#4718 = CARTESIAN_POINT ( 'NONE',  ( -51.19311627875442383, 8.567453508431418285, 22.43434452200543205 ) ) ;
#4719 = ORIENTED_EDGE ( 'NONE', *, *, #1225, .T. ) ;
#4720 = CARTESIAN_POINT ( 'NONE',  ( -21.75872214769000124, 17.76999999999999957, 14.23705422903999995 ) ) ;
#4721 = DIRECTION ( 'NONE',  ( -1.000000000000000000, 0.000000000000000000, 0.000000000000000000 ) ) ;
#4722 = ORIENTED_EDGE ( 'NONE', *, *, #5743, .T. ) ;
#4723 = DIRECTION ( 'NONE',  ( 7.767418549149877508E-16, 0.000000000000000000, 1.000000000000000000 ) ) ;
#4724 = CYLINDRICAL_SURFACE ( 'NONE', #2218, 4.000000000000003553 ) ;
#4725 = CIRCLE ( 'NONE', #821, 0.5000000000000004441 ) ;
#4726 = FACE_OUTER_BOUND ( 'NONE', #3549, .T. ) ;
#4727 = VERTEX_POINT ( 'NONE', #3199 ) ;
#4728 = PLANE ( 'NONE',  #1564 ) ;
#4729 = LINE ( 'NONE', #631, #5976 ) ;
#4730 = AXIS2_PLACEMENT_3D ( 'NONE', #493, #6511, #6541 ) ;
#4731 = DIRECTION ( 'NONE',  ( -0.000000000000000000, -1.000000000000000000, -0.000000000000000000 ) ) ;
#4732 = CARTESIAN_POINT ( 'NONE',  ( -21.38836543812355373, -3.250000000000000000, 0.000000000000000000 ) ) ;
#4733 = VERTEX_POINT ( 'NONE', #5651 ) ;
#4734 = DIRECTION ( 'NONE',  ( -0.000000000000000000, 1.000000000000000000, -0.000000000000000000 ) ) ;
#4735 = ADVANCED_FACE ( 'NONE', ( #6087 ), #4632, .T. ) ;
#4736 = CARTESIAN_POINT ( 'NONE',  ( 9.852138378250273831, -3.250000000000000000, -3.261230304006073055 ) ) ;
#4737 = ORIENTED_EDGE ( 'NONE', *, *, #1445, .F. ) ;
#4738 = ADVANCED_FACE ( 'NONE', ( #97 ), #1100, .F. ) ;
#4739 = LINE ( 'NONE', #836, #4946 ) ;
#4740 = CARTESIAN_POINT ( 'NONE',  ( -53.99344095995156323, 8.000000000000000000, -1.415655477994567590 ) ) ;
#4741 = ITEM_DEFINED_TRANSFORMATION ( 'NONE', 'NONE', #3603,  #2754 ) ;
#4742 = CARTESIAN_POINT ( 'NONE',  ( -20.19137825829315602, 6.659555455029353865, 27.73876969599392694 ) ) ;
#4743 = CARTESIAN_POINT ( 'NONE',  ( -6.754401900651227031, 17.77000000000000313, 23.16842138082865787 ) ) ;
#4744 = ORIENTED_EDGE ( 'NONE', *, *, #2867, .F. ) ;
#4745 = EDGE_CURVE ( 'NONE', #1319, #21, #4157, .T. ) ;
#4746 = EDGE_LOOP ( 'NONE', ( #1666, #999, #3126, #2705 ) ) ;
#4747 = ORIENTED_EDGE ( 'NONE', *, *, #4143, .F. ) ;
#4748 = CARTESIAN_POINT ( 'NONE',  ( 4.193217250673007435, 5.875000000000003553, 3.283790529398646463 ) ) ;
#4749 = CARTESIAN_POINT ( 'NONE',  ( 4.006559040048433218, 8.000000000000000000, 22.93434452200543205 ) ) ;
#4750 = EDGE_LOOP ( 'NONE', ( #1621, #1313, #5672, #5569 ) ) ;
#4751 = EDGE_CURVE ( 'NONE', #5625, #1304, #228, .T. ) ;
#4752 = CARTESIAN_POINT ( 'NONE',  ( -37.45872214768999697, 17.76999999999999957, 16.73372089570666432 ) ) ;
#4753 = LINE ( 'NONE', #6242, #548 ) ;
#4754 = ORIENTED_EDGE ( 'NONE', *, *, #3933, .T. ) ;
#4755 = CARTESIAN_POINT ( 'NONE',  ( -39.25872214768999413, 12.50000000000000000, 17.73705422904000173 ) ) ;
#4756 = DIRECTION ( 'NONE',  ( -1.000000000000000000, 0.000000000000000000, -0.000000000000000000 ) ) ;
#4757 = VECTOR ( 'NONE', #2034, 1000.000000000000000 ) ;
#4758 = FACE_OUTER_BOUND ( 'NONE', #3861, .T. ) ;
#4759 = ORIENTED_EDGE ( 'NONE', *, *, #2528, .T. ) ;
#4760 = DIRECTION ( 'NONE',  ( -0.000000000000000000, -0.000000000000000000, 1.000000000000000000 ) ) ;
#4761 = AXIS2_PLACEMENT_3D ( 'NONE', #1934, #4392, #2888 ) ;
#4762 = DIRECTION ( 'NONE',  ( 0.000000000000000000, -1.000000000000000000, 0.000000000000000000 ) ) ;
#4763 = VECTOR ( 'NONE', #5, 1000.000000000000000 ) ;
#4764 = CARTESIAN_POINT ( 'NONE',  ( -32.69603967124039912, 15.76999999999944713, 4.947054229039999917 ) ) ;
#4765 = LINE ( 'NONE', #3331, #1648 ) ;
#4766 = ORIENTED_EDGE ( 'NONE', *, *, #5339, .F. ) ;
#4767 = LINE ( 'NONE', #4795, #2970 ) ;
#4768 = VECTOR ( 'NONE', #1167, 1000.000000000000000 ) ;
#4769 = FACE_OUTER_BOUND ( 'NONE', #5262, .T. ) ;
#4770 = ORIENTED_EDGE ( 'NONE', *, *, #219, .T. ) ;
#4771 = DIRECTION ( 'NONE',  ( 0.000000000000000000, 0.000000000000000000, -1.000000000000000000 ) ) ;
#4772 = ADVANCED_FACE ( 'NONE', ( #1297 ), #6373, .F. ) ;
#4773 = DIRECTION ( 'NONE',  ( -0.000000000000000000, -0.000000000000000000, -1.000000000000000000 ) ) ;
#4774 = CARTESIAN_POINT ( 'NONE',  ( -34.45905601777043614, 17.03342160989377874, 23.52705422904000088 ) ) ;
#4775 = EDGE_LOOP ( 'NONE', ( #6519, #804, #5440, #3252 ) ) ;
#4776 = CARTESIAN_POINT ( 'NONE',  ( -51.60056723113756760, 8.000000000000000000, 22.57302012765626387 ) ) ;
#4777 = ORIENTED_EDGE ( 'NONE', *, *, #4378, .T. ) ;
#4778 = ORIENTED_EDGE ( 'NONE', *, *, #5825, .T. ) ;
#4779 = EDGE_LOOP ( 'NONE', ( #4778, #3688, #1472, #4686 ) ) ;
#4780 = DIRECTION ( 'NONE',  ( -0.000000000000000000, 1.000000000000000000, -0.000000000000000000 ) ) ;
#4781 = LINE ( 'NONE', #6397, #853 ) ;
#4782 = ORIENTED_EDGE ( 'NONE', *, *, #2082, .F. ) ;
#4783 = ORIENTED_EDGE ( 'NONE', *, *, #1707, .T. ) ;
#4784 = ADVANCED_FACE ( 'NONE', ( #4758 ), #5882, .T. ) ;
#4785 = EDGE_CURVE ( 'NONE', #3392, #5176, #2468, .T. ) ;
#4786 = FACE_BOUND ( 'NONE', #4368, .T. ) ;
#4787 = EDGE_CURVE ( 'NONE', #2658, #2553, #2213, .T. ) ;
#4788 = DIRECTION ( 'NONE',  ( 0.000000000000000000, 1.000000000000000000, -2.200000000000000003E-16 ) ) ;
#4789 = DIRECTION ( 'NONE',  ( 0.000000000000000000, -1.000000000000000000, 2.200000000000000003E-16 ) ) ;
#4790 = FACE_OUTER_BOUND ( 'NONE', #2585, .T. ) ;
#4791 = DIRECTION ( 'NONE',  ( -1.000000000000000000, 0.000000000000000000, 0.000000000000000000 ) ) ;
#4792 = LINE ( 'NONE', #352, #5501 ) ;
#4793 = LINE ( 'NONE', #264, #5346 ) ;
#4794 = ORIENTED_EDGE ( 'NONE', *, *, #5224, .F. ) ;
#4795 = CARTESIAN_POINT ( 'NONE',  ( 4.006559040048433218, 5.875000000000003553, 1.284344522005431699 ) ) ;
#4796 = CARTESIAN_POINT ( 'NONE',  ( -9.280464726337173786, -3.250000000000000000, 17.31907693046060714 ) ) ;
#4797 = ADVANCED_FACE ( 'NONE', ( #796 ), #5228, .F. ) ;
#4798 = ORIENTED_EDGE ( 'NONE', *, *, #5675, .T. ) ;
#4799 = CARTESIAN_POINT ( 'NONE',  ( -4.258722147691999638, 15.76999999999999957, 3.147054229040000095 ) ) ;
#4800 = B_SPLINE_CURVE_WITH_KNOTS ( 'NONE', 3,
 ( #3642, #5656, #1134, #2311 ),
 .UNSPECIFIED., .F., .F.,
 ( 4, 4 ),
 ( 0.000000000000000000, 1.000000000000000000 ),
 .UNSPECIFIED. ) ;
#4801 = CARTESIAN_POINT ( 'NONE',  ( -32.69603967124074018, 15.76999999999884672, 24.12705422904000230 ) ) ;
#4802 = CARTESIAN_POINT ( 'NONE',  ( -27.85042768527109658, 13.41352641556197334, 1.147054229039999873 ) ) ;
#4803 = FACE_OUTER_BOUND ( 'NONE', #3529, .T. ) ;
#4804 = ORIENTED_EDGE ( 'NONE', *, *, #3535, .F. ) ;
#4805 = CIRCLE ( 'NONE', #1638, 2.420000000000002149 ) ;
#4806 = ORIENTED_EDGE ( 'NONE', *, *, #5030, .F. ) ;
#4807 = ORIENTED_EDGE ( 'NONE', *, *, #5429, .T. ) ;
#4808 = FACE_OUTER_BOUND ( 'NONE', #146, .T. ) ;
#4809 = VECTOR ( 'NONE', #2833, 1000.000000000000000 ) ;
#4810 = CARTESIAN_POINT ( 'NONE',  ( 1.873062941308192730, 8.000000000000000000, 21.79215609768124295 ) ) ;
#4811 = VERTEX_POINT ( 'NONE', #5260 ) ;
#4812 = AXIS2_PLACEMENT_3D ( 'NONE', #5583, #1057, #5088 ) ;
#4813 = VERTEX_POINT ( 'NONE', #2278 ) ;
#4814 = EDGE_CURVE ( 'NONE', #6267, #3162, #3263, .T. ) ;
#4815 = CARTESIAN_POINT ( 'NONE',  ( 9.852138378250273831, 12.50000000000000000, 0.000000000000000000 ) ) ;
#4816 = ADVANCED_FACE ( 'NONE', ( #3295 ), #5322, .T. ) ;
#4817 = EDGE_CURVE ( 'NONE', #1495, #1963, #1843, .T. ) ;
#4818 = DIRECTION ( 'NONE',  ( -0.000000000000000000, 1.000000000000000000, 0.000000000000000000 ) ) ;
#4819 = VECTOR ( 'NONE', #1589, 1000.000000000000000 ) ;
#4820 = CARTESIAN_POINT ( 'NONE',  ( -39.61353206872095001, 12.50000000000000178, 10.73705422903999995 ) ) ;
#4821 = CARTESIAN_POINT ( 'NONE',  ( -53.99344095995156323, 5.875000000000003553, -0.06565547799456880607 ) ) ;
#4822 = ADVANCED_FACE ( 'NONE', ( #4726 ), #2803, .T. ) ;
#4823 = AXIS2_PLACEMENT_3D ( 'NONE', #99, #3708, #2118 ) ;
#4824 = CARTESIAN_POINT ( 'NONE',  ( -4.258722147692000526, 15.76999999999999957, 10.54038756237333452 ) ) ;
#4825 = ORIENTED_EDGE ( 'NONE', *, *, #3978, .F. ) ;
#4826 = DIRECTION ( 'NONE',  ( 0.000000000000000000, 1.000000000000000000, 0.000000000000000000 ) ) ;
#4827 = EDGE_CURVE ( 'NONE', #5085, #4334, #5984, .T. ) ;
#4828 = DIRECTION ( 'NONE',  ( -0.000000000000000000, 1.000000000000000000, -0.000000000000000000 ) ) ;
#4829 = VERTEX_POINT ( 'NONE', #767 ) ;
#4830 = VERTEX_POINT ( 'NONE', #6341 ) ;
#4831 = AXIS2_PLACEMENT_3D ( 'NONE', #540, #2061, #5108 ) ;
#4832 = DIRECTION ( 'NONE',  ( 0.000000000000000000, 0.000000000000000000, 1.000000000000000000 ) ) ;
#4833 = CARTESIAN_POINT ( 'NONE',  ( -66.59445670572583253, 8.717998577795754045, -4.761230304006072167 ) ) ;
#4834 = DIRECTION ( 'NONE',  ( -0.000000000000000000, -0.000000000000000000, 1.000000000000000000 ) ) ;
#4835 = CARTESIAN_POINT ( 'NONE',  ( -31.08306044100568144, 14.71083942124868393, 25.32705422904000514 ) ) ;
#4836 = ORIENTED_EDGE ( 'NONE', *, *, #417, .T. ) ;
#4837 = AXIS2_PLACEMENT_3D ( 'NONE', #1623, #5534, #5566 ) ;
#4838 = ORIENTED_EDGE ( 'NONE', *, *, #4470, .T. ) ;
#4839 = VERTEX_POINT ( 'NONE', #1324 ) ;
#4840 = DIRECTION ( 'NONE',  ( -0.000000000000000000, 1.000000000000000000, -0.000000000000000000 ) ) ;
#4841 = FACE_OUTER_BOUND ( 'NONE', #3309, .T. ) ;
#4842 = CARTESIAN_POINT ( 'NONE',  ( -10.82140462413961934, 15.76999999999939917, 3.147054229040000095 ) ) ;
#4843 = ORIENTED_EDGE ( 'NONE', *, *, #1023, .T. ) ;
#4844 = VERTEX_POINT ( 'NONE', #2831 ) ;
#4845 = EDGE_CURVE ( 'NONE', #3336, #2746, #3463, .T. ) ;
#4846 = CYLINDRICAL_SURFACE ( 'NONE', #5492, 3.500000000000003109 ) ;
#4847 = CARTESIAN_POINT ( 'NONE',  ( -3.251484186950200694, 12.49999999999999822, 27.07462700574851411 ) ) ;
#4848 = AXIS2_PLACEMENT_3D ( 'NONE', #2579, #5125, #6117 ) ;
#4849 = CARTESIAN_POINT ( 'NONE',  ( 18.02106672353487227, 4.713004295695412793, -3.761230304006072167 ) ) ;
#4850 = CIRCLE ( 'NONE', #3914, 3.350000000000002309 ) ;
#4851 = EDGE_CURVE ( 'NONE', #6235, #4928, #3737, .T. ) ;
#4852 = FACE_OUTER_BOUND ( 'NONE', #3062, .T. ) ;
#4853 = AXIS2_PLACEMENT_3D ( 'NONE', #6199, #1667, #3186 ) ;
#4854 = FACE_OUTER_BOUND ( 'NONE', #1946, .T. ) ;
#4855 = VERTEX_POINT ( 'NONE', #1913 ) ;
#4856 = CARTESIAN_POINT ( 'NONE',  ( -4.258722147691999638, 12.50000000000000000, 25.32705422904000159 ) ) ;
#4857 = DIRECTION ( 'NONE',  ( 0.000000000000000000, 0.000000000000000000, -1.000000000000000000 ) ) ;
#4858 = PRODUCT_DEFINITION_FORMATION_WITH_SPECIFIED_SOURCE ( 'ANY', '', #1330, .NOT_KNOWN. ) ;
#4859 = ORIENTED_EDGE ( 'NONE', *, *, #2310, .F. ) ;
#4860 = ORIENTED_EDGE ( 'NONE', *, *, #2711, .T. ) ;
#4861 = AXIS2_PLACEMENT_3D ( 'NONE', #3905, #1919, #3435 ) ;
#4862 = LINE ( 'NONE', #1891, #4625 ) ;
#4863 = ADVANCED_FACE ( 'NONE', ( #3504 ), #959, .F. ) ;
#4864 = DIRECTION ( 'NONE',  ( -0.000000000000000000, 1.000000000000000000, 0.000000000000000000 ) ) ;
#4865 = AXIS2_PLACEMENT_3D ( 'NONE', #2366, #3855, #2954 ) ;
#4866 = FACE_OUTER_BOUND ( 'NONE', #2057, .T. ) ;
#4867 = ORIENTED_EDGE ( 'NONE', *, *, #2237, .F. ) ;
#4868 = CARTESIAN_POINT ( 'NONE',  ( -42.05755609608363699, 10.49999999999999645, 12.08614070912779503 ) ) ;
#4869 = ORIENTED_EDGE ( 'NONE', *, *, #356, .F. ) ;
#4870 = CIRCLE ( 'NONE', #1500, 1.500000000000000000 ) ;
#4871 = CARTESIAN_POINT ( 'NONE',  ( -24.22757071972670673, 12.61477451802755745, 27.32705422904000159 ) ) ;
#4872 = B_SPLINE_CURVE_WITH_KNOTS ( 'NONE', 3,
 ( #5725, #735, #5292, #3203, #5231, #3675, #696, #233, #1264, #2715 ),
 .UNSPECIFIED., .F., .F.,
 ( 4, 2, 2, 2, 4 ),
 ( 0.000000000000000000, 0.1250000000000000000, 0.2500000000000000000, 0.3750000000000000000, 0.5000000000000000000 ),
 .UNSPECIFIED. ) ;
#4873 = VERTEX_POINT ( 'NONE', #4534 ) ;
#4874 = VERTEX_POINT ( 'NONE', #4002 ) ;
#4875 = DIRECTION ( 'NONE',  ( -1.000000000000000000, 0.000000000000000000, -0.000000000000000000 ) ) ;
#4876 = CARTESIAN_POINT ( 'NONE',  ( 9.876295877967507408, 8.757473573018954127, -3.761230304006072167 ) ) ;
#4877 = CYLINDRICAL_SURFACE ( 'NONE', #5815, 1.350000000000000533 ) ;
#4878 = ORIENTED_EDGE ( 'NONE', *, *, #1322, .F. ) ;
#4879 = ORIENTED_EDGE ( 'NONE', *, *, #615, .T. ) ;
#4880 = EDGE_CURVE ( 'NONE', #4361, #3786, #1393, .T. ) ;
#4881 = VERTEX_POINT ( 'NONE', #4036 ) ;
#4882 = AXIS2_PLACEMENT_3D ( 'NONE', #4539, #932, #2908 ) ;
#4883 = LINE ( 'NONE', #1488, #6437 ) ;
#4884 = CARTESIAN_POINT ( 'NONE',  ( -70.59445670572583253, 4.713004295695412793, -6.761230304006072167 ) ) ;
#4885 = CARTESIAN_POINT ( 'NONE',  ( -41.71950823699796729, 12.50000000000000178, 11.68562315506589044 ) ) ;
#4886 = B_SPLINE_CURVE_WITH_KNOTS ( 'NONE', 3,
 ( #1547, #5644, #2140, #6173 ),
 .UNSPECIFIED., .F., .F.,
 ( 4, 4 ),
 ( 0.000000000000000000, 1.000000000000000000 ),
 .UNSPECIFIED. ) ;
#4887 = DIRECTION ( 'NONE',  ( 0.000000000000000000, 0.000000000000000000, 1.000000000000000000 ) ) ;
#4888 = B_SPLINE_CURVE_WITH_KNOTS ( 'NONE', 3,
 ( #1870, #4332, #5843, #2861 ),
 .UNSPECIFIED., .F., .F.,
 ( 4, 4 ),
 ( 0.000000000000000000, 1.000000000000000000 ),
 .UNSPECIFIED. ) ;
#4889 = CARTESIAN_POINT ( 'NONE',  ( -4.258722147691941906, 12.50000000000000000, 3.147054229040265660 ) ) ;
#4890 = VERTEX_POINT ( 'NONE', #2409 ) ;
#4891 = CARTESIAN_POINT ( 'NONE',  ( -36.12986833953669219, 15.77000000000000313, 23.48020504704296840 ) ) ;
#4892 = FACE_OUTER_BOUND ( 'NONE', #725, .T. ) ;
#4893 = ORIENTED_EDGE ( 'NONE', *, *, #6085, .F. ) ;
#4894 = ORIENTED_EDGE ( 'NONE', *, *, #5762, .T. ) ;
#4895 = DIRECTION ( 'NONE',  ( 0.5044624565692709117, -0.8634336279715404405, -0.000000000000000000 ) ) ;
#4896 = EDGE_CURVE ( 'NONE', #1441, #6321, #6403, .T. ) ;
#4897 = CARTESIAN_POINT ( 'NONE',  ( -42.75872214769000124, 10.50000000000000000, 14.23705422903999640 ) ) ;
#4898 = DIRECTION ( 'NONE',  ( 0.000000000000000000, 0.000000000000000000, 1.000000000000000000 ) ) ;
#4899 = ORIENTED_EDGE ( 'NONE', *, *, #4787, .F. ) ;
#4900 = DIRECTION ( 'NONE',  ( -0.000000000000000000, 1.000000000000000000, 0.000000000000000000 ) ) ;
#4901 = CARTESIAN_POINT ( 'NONE',  ( -35.65872214768999271, 16.43666666666666387, 4.947054229039998141 ) ) ;
#4902 = EDGE_CURVE ( 'NONE', #6098, #1610, #3561, .T. ) ;
#4903 = EDGE_CURVE ( 'NONE', #5937, #4376, #455, .T. ) ;
#4904 = EDGE_CURVE ( 'NONE', #5901, #4651, #5022, .T. ) ;
#4905 = ORIENTED_EDGE ( 'NONE', *, *, #4587, .F. ) ;
#4906 = ORIENTED_EDGE ( 'NONE', *, *, #3818, .T. ) ;
#4907 = FACE_OUTER_BOUND ( 'NONE', #1321, .T. ) ;
#4908 = CARTESIAN_POINT ( 'NONE',  ( 3.469226652074591133, 5.875000000000003553, 3.240970280211873611 ) ) ;
#4909 = EDGE_CURVE ( 'NONE', #1464, #5085, #5417, .T. ) ;
#4910 = DIRECTION ( 'NONE',  ( 0.000000000000000000, -0.000000000000000000, 1.000000000000000000 ) ) ;
#4911 = CARTESIAN_POINT ( 'NONE',  ( -15.92538881435733344, 12.50000000000000000, 25.32705422904000159 ) ) ;
#4912 = VERTEX_POINT ( 'NONE', #3429 ) ;
#4913 = ORIENTED_EDGE ( 'NONE', *, *, #2257, .T. ) ;
#4914 = AXIS2_PLACEMENT_3D ( 'NONE', #5834, #2818, #2756 ) ;
#4915 = ORIENTED_EDGE ( 'NONE', *, *, #3684, .F. ) ;
#4916 = CARTESIAN_POINT ( 'NONE',  ( -57.34344095995156465, 5.875000000000003553, 22.43434452200543205 ) ) ;
#4917 = EDGE_CURVE ( 'NONE', #566, #5599, #6533, .T. ) ;
#4918 = AXIS2_PLACEMENT_3D ( 'NONE', #1846, #4440, #3400 ) ;
#4919 = DIRECTION ( 'NONE',  ( 1.000000000000000000, 0.000000000000000000, -0.000000000000000000 ) ) ;
#4920 = CARTESIAN_POINT ( 'NONE',  ( 1.873062941308192730, 8.000000000000000000, 24.07653294632962115 ) ) ;
#4921 = CARTESIAN_POINT ( 'NONE',  ( 1.873062941308192730, 5.875000000000003553, 20.35157577574490162 ) ) ;
#4922 = CARTESIAN_POINT ( 'NONE',  ( -53.99344095995156323, 5.875000000000003553, 1.284344522005429923 ) ) ;
#4923 = CARTESIAN_POINT ( 'NONE',  ( 9.876295877967509185, 0.7524792909186129863, -4.761230304006072167 ) ) ;
#4924 = ORIENTED_EDGE ( 'NONE', *, *, #5390, .T. ) ;
#4925 = CARTESIAN_POINT ( 'NONE',  ( -36.56523631235760519, 15.76999999999999957, 23.29986972807766321 ) ) ;
#4926 = CARTESIAN_POINT ( 'NONE',  ( 4.373379897422167595, 10.50000000000000000, 5.754192722360596868 ) ) ;
#4927 = B_SPLINE_CURVE_WITH_KNOTS ( 'NONE', 3,
 ( #4856, #326, #1462, #392 ),
 .UNSPECIFIED., .F., .F.,
 ( 4, 4 ),
 ( 0.000000000000000000, 1.000000000000000000 ),
 .UNSPECIFIED. ) ;
#4928 = VERTEX_POINT ( 'NONE', #2898 ) ;
#4929 = ORIENTED_EDGE ( 'NONE', *, *, #5030, .T. ) ;
#4930 = DIRECTION ( 'NONE',  ( 0.000000000000000000, 1.000000000000000000, 0.000000000000000000 ) ) ;
#4931 = VECTOR ( 'NONE', #1908, 1000.000000000000000 ) ;
#4932 = DIRECTION ( 'NONE',  ( -1.000000000000000000, 0.000000000000000000, -0.000000000000000000 ) ) ;
#4933 = EDGE_CURVE ( 'NONE', #307, #3320, #5832, .T. ) ;
#4934 = FACE_OUTER_BOUND ( 'NONE', #2666, .T. ) ;
#4935 = EDGE_LOOP ( 'NONE', ( #2761, #6172, #4284, #4389 ) ) ;
#4936 = DIRECTION ( 'NONE',  ( -0.000000000000000000, 1.000000000000000000, 0.000000000000000000 ) ) ;
#4937 = CARTESIAN_POINT ( 'NONE',  ( 3.830595393796096371, 12.50000000000000000, 6.828908360124231081 ) ) ;
#4938 = EDGE_CURVE ( 'NONE', #2351, #1741, #5380, .T. ) ;
#4939 = VECTOR ( 'NONE', #4491, 1000.000000000000000 ) ;
#4940 = ORIENTED_EDGE ( 'NONE', *, *, #1674, .T. ) ;
#4941 = ORIENTED_EDGE ( 'NONE', *, *, #653, .T. ) ;
#4942 = CARTESIAN_POINT ( 'NONE',  ( -35.25872214769005097, 17.76999999999999957, 1.147054229039999873 ) ) ;
#4943 = UNCERTAINTY_MEASURE_WITH_UNIT (LENGTH_MEASURE( 1.000000000000000082E-05 ), #1573, 'distance_accuracy_value', 'NONE');
#4944 = CARTESIAN_POINT ( 'NONE',  ( -2.827916956681466587, 10.50000000000000000, 22.43434452200543205 ) ) ;
#4945 = EDGE_CURVE ( 'NONE', #3789, #4009, #1943, .T. ) ;
#4946 = VECTOR ( 'NONE', #2944, 1000.000000000000000 ) ;
#4947 = CARTESIAN_POINT ( 'NONE',  ( 0.000000000000000000, 10.50000000000000000, 0.000000000000000000 ) ) ;
#4948 = LINE ( 'NONE', #5941, #2544 ) ;
#4949 = EDGE_LOOP ( 'NONE', ( #6521, #527, #5658, #3509 ) ) ;
#4950 = VERTEX_POINT ( 'NONE', #993 ) ;
#4951 = ORIENTED_EDGE ( 'NONE', *, *, #3317, .F. ) ;
#4952 = LINE ( 'NONE', #3796, #6306 ) ;
#4953 = B_SPLINE_CURVE_WITH_KNOTS ( 'NONE', 3,
 ( #5734, #5860, #1340, #4257 ),
 .UNSPECIFIED., .F., .F.,
 ( 4, 4 ),
 ( 0.000000000000000000, 1.000000000000000000 ),
 .UNSPECIFIED. ) ;
#4954 = EDGE_CURVE ( 'NONE', #2235, #108, #3967, .T. ) ;
#4955 = CARTESIAN_POINT ( 'NONE',  ( -61.54560449174972803, 8.750000000000000000, 25.73876969599392694 ) ) ;
#4956 = DIRECTION ( 'NONE',  ( -0.8131104624267522230, 0.5821094191749117686, 0.000000000000000000 ) ) ;
#4957 = ADVANCED_FACE ( 'NONE', ( #859 ), #3467, .T. ) ;
#4958 = CARTESIAN_POINT ( 'NONE',  ( -40.96754674497921656, 12.50000000000000178, 11.16202437946758330 ) ) ;
#4959 = CARTESIAN_POINT ( 'NONE',  ( -19.69137825829315602, 6.659555455029353865, 27.73876969599392694 ) ) ;
#4960 = VERTEX_POINT ( 'NONE', #4884 ) ;
#4961 = DIRECTION ( 'NONE',  ( -0.000000000000000000, 1.000000000000000000, 0.000000000000000000 ) ) ;
#4962 = LINE ( 'NONE', #3511, #342 ) ;
#4963 = ORIENTED_EDGE ( 'NONE', *, *, #4787, .T. ) ;
#4964 = ORIENTED_EDGE ( 'NONE', *, *, #6161, .T. ) ;
#4965 = AXIS2_PLACEMENT_3D ( 'NONE', #2217, #102, #1724 ) ;
#4966 = CARTESIAN_POINT ( 'NONE',  ( -50.38856591388922368, 4.466867144221085439, 27.73876969599392694 ) ) ;
#4967 = AXIS2_PLACEMENT_3D ( 'NONE', #889, #2897, #4919 ) ;
#4968 = DIRECTION ( 'NONE',  ( -0.000000000000000000, -1.000000000000000000, -0.000000000000000000 ) ) ;
#4969 = DIRECTION ( 'NONE',  ( 1.000000000000000000, 0.000000000000000000, 0.000000000000000000 ) ) ;
#4970 = ORIENTED_EDGE ( 'NONE', *, *, #4745, .F. ) ;
#4971 = CIRCLE ( 'NONE', #1172, 0.5000000000000004441 ) ;
#4972 = LINE ( 'NONE', #2027, #4246 ) ;
#4973 = DIRECTION ( 'NONE',  ( -0.000000000000000000, -0.000000000000000000, 1.000000000000000000 ) ) ;
#4974 = VECTOR ( 'NONE', #6175, 1000.000000000000000 ) ;
#4975 = ORIENTED_EDGE ( 'NONE', *, *, #2804, .T. ) ;
#4976 = ORIENTED_EDGE ( 'NONE', *, *, #3618, .T. ) ;
#4977 = PLANE ( 'NONE',  #4532 ) ;
#4978 = CARTESIAN_POINT ( 'NONE',  ( 0.6940826250380547346, 10.50000000000000000, 22.43434452200543205 ) ) ;
#4979 = VECTOR ( 'NONE', #1107, 1000.000000000000000 ) ;
#4980 = PLANE ( 'NONE',  #5078 ) ;
#4981 = B_SPLINE_CURVE_WITH_KNOTS ( 'NONE', 3,
 ( #4185, #5142, #6134, #2198, #4218, #607, #5666, #1179, #1147, #6231 ),
 .UNSPECIFIED., .F., .F.,
 ( 4, 2, 2, 2, 4 ),
 ( 0.000000000000000000, 0.2500000000000000000, 0.5000000000000000000, 0.7500000000000000000, 1.000000000000000000 ),
 .UNSPECIFIED. ) ;
#4982 = LINE ( 'NONE', #3992, #4757 ) ;
#4983 = ORIENTED_EDGE ( 'NONE', *, *, #416, .T. ) ;
#4984 = VECTOR ( 'NONE', #1925, 1000.000000000000000 ) ;
#4985 = VERTEX_POINT ( 'NONE', #2971 ) ;
#4986 = ORIENTED_EDGE ( 'NONE', *, *, #142, .T. ) ;
#4987 = CARTESIAN_POINT ( 'NONE',  ( -21.75872214769000124, 12.50000000000000000, 3.147054229040000095 ) ) ;
#4988 = EDGE_CURVE ( 'NONE', #2524, #3660, #1808, .T. ) ;
#4989 = CARTESIAN_POINT ( 'NONE',  ( -39.25872214768999413, 15.76999999999999957, 25.32705422904000159 ) ) ;
#4990 = CARTESIAN_POINT ( 'NONE',  ( -53.99344095995156323, 5.875000000000003553, 22.93434452200543205 ) ) ;
#4991 = EDGE_CURVE ( 'NONE', #4303, #2524, #2997, .T. ) ;
#4992 = ADVANCED_FACE ( 'NONE', ( #2575 ), #2046, .F. ) ;
#4993 = DIRECTION ( 'NONE',  ( -0.000000000000000000, 1.000000000000000000, -0.000000000000000000 ) ) ;
#4994 = DIRECTION ( 'NONE',  ( 0.000000000000000000, 1.000000000000000000, 0.000000000000000000 ) ) ;
#4995 = ORIENTED_EDGE ( 'NONE', *, *, #3321, .F. ) ;
#4996 = DIRECTION ( 'NONE',  ( 0.000000000000000000, 0.000000000000000000, -1.000000000000000000 ) ) ;
#4997 = DIRECTION ( 'NONE',  ( 0.000000000000000000, -2.200000000000000003E-16, -1.000000000000000000 ) ) ;
#4998 = AXIS2_PLACEMENT_3D ( 'NONE', #5493, #2979, #2482 ) ;
#4999 = ORIENTED_EDGE ( 'NONE', *, *, #5705, .F. ) ;
#5000 = ORIENTED_EDGE ( 'NONE', *, *, #3051, .F. ) ;
#5001 = CARTESIAN_POINT ( 'NONE',  ( -32.69603967124000121, 15.76999999999999602, 4.347054229040000273 ) ) ;
#5002 = ADVANCED_FACE ( 'NONE', ( #5056, #3164, #5122, #657, #4659, #5152 ), #1553, .T. ) ;
#5003 = DIRECTION ( 'NONE',  ( -1.000000000000000000, 0.000000000000000000, 0.000000000000000000 ) ) ;
#5004 = CYLINDRICAL_SURFACE ( 'NONE', #1334, 1.350000000000000533 ) ;
#5005 = ORIENTED_EDGE ( 'NONE', *, *, #2972, .T. ) ;
#5006 = DIRECTION ( 'NONE',  ( 1.000000000000000000, 0.000000000000000000, 0.000000000000000000 ) ) ;
#5007 = CARTESIAN_POINT ( 'NONE',  ( -61.54560449174972803, -3.250000000000000000, -3.261230304006072611 ) ) ;
#5008 = ORIENTED_EDGE ( 'NONE', *, *, #1867, .F. ) ;
#5009 = VECTOR ( 'NONE', #4973, 1000.000000000000000 ) ;
#5010 = ORIENTED_EDGE ( 'NONE', *, *, #5804, .F. ) ;
#5011 = DIRECTION ( 'NONE',  ( 0.000000000000000000, -0.000000000000000000, 1.000000000000000000 ) ) ;
#5012 = PRODUCT_DEFINITION_CONTEXT ( 'detailed design', #283, 'design' ) ;
#5013 = CARTESIAN_POINT ( 'NONE',  ( -40.26596010843179130, 12.49999999999999822, 1.399481452331484688 ) ) ;
#5014 = CARTESIAN_POINT ( 'NONE',  ( 4.506559040048433218, 8.005696803542699413, 20.07265214452147362 ) ) ;
#5015 = DIRECTION ( 'NONE',  ( -2.416395261410157149E-16, 0.000000000000000000, -1.000000000000000000 ) ) ;
#5016 = VERTEX_POINT ( 'NONE', #2175 ) ;
#5017 = EDGE_LOOP ( 'NONE', ( #5097, #5215, #3207, #5083, #2919, #3543, #1937, #5267 ) ) ;
#5018 = ORIENTED_EDGE ( 'NONE', *, *, #1197, .T. ) ;
#5019 = DIRECTION ( 'NONE',  ( -0.000000000000000000, 1.000000000000000000, -0.000000000000000000 ) ) ;
#5020 = ADVANCED_FACE ( 'NONE', ( #585 ), #618, .F. ) ;
#5021 = CARTESIAN_POINT ( 'NONE',  ( 0.000000000000000000, 8.250000000000000000, 0.000000000000000000 ) ) ;
#5022 = LINE ( 'NONE', #3397, #704 ) ;
#5023 = EDGE_CURVE ( 'NONE', #3320, #4303, #1962, .T. ) ;
#5024 = APPLICATION_CONTEXT ( 'automotive_design' ) ;
#5025 = DIRECTION ( 'NONE',  ( 0.000000000000000000, 0.000000000000000000, 1.000000000000000000 ) ) ;
#5026 = VECTOR ( 'NONE', #6031, 1000.000000000000000 ) ;
#5027 = LINE ( 'NONE', #927, #424 ) ;
#5028 = ADVANCED_FACE ( 'NONE', ( #3567 ), #1521, .F. ) ;
#5029 = VERTEX_POINT ( 'NONE', #2144 ) ;
#5030 = EDGE_CURVE ( 'NONE', #775, #6381, #1159, .T. ) ;
#5031 = DIRECTION ( 'NONE',  ( -0.000000000000000000, -1.000000000000000000, 0.000000000000000000 ) ) ;
#5032 = DIRECTION ( 'NONE',  ( 1.000000000000000000, 0.000000000000000000, 0.000000000000000000 ) ) ;
#5033 = AXIS2_PLACEMENT_3D ( 'NONE', #6222, #700, #1725 ) ;
#5034 = ORIENTED_EDGE ( 'NONE', *, *, #2354, .T. ) ;
#5035 = VERTEX_POINT ( 'NONE', #4595 ) ;
#5036 = CARTESIAN_POINT ( 'NONE',  ( 4.006559040048433218, 8.000000000000000000, 2.354344522005431539 ) ) ;
#5037 = CARTESIAN_POINT ( 'NONE',  ( -51.19311627875442383, 10.50000000000000000, 23.43434452200543205 ) ) ;
#5038 = ADVANCED_FACE ( 'NONE', ( #2634 ), #4564, .F. ) ;
#5039 = DIRECTION ( 'NONE',  ( 0.000000000000000000, 1.000000000000000000, 0.000000000000000000 ) ) ;
#5040 = ORIENTED_EDGE ( 'NONE', *, *, #2804, .F. ) ;
#5041 = DIRECTION ( 'NONE',  ( 1.000000000000000000, 0.000000000000000000, 0.000000000000000000 ) ) ;
#5042 = CARTESIAN_POINT ( 'NONE',  ( -57.34344095995156465, 5.875000000000003553, 23.43434452200543205 ) ) ;
#5043 = VERTEX_POINT ( 'NONE', #3666 ) ;
#5044 = VERTEX_POINT ( 'NONE', #1615 ) ;
#5045 = CARTESIAN_POINT ( 'NONE',  ( -21.75872214769000124, 12.50000000000000000, 27.32705422903999803 ) ) ;
#5046 = CARTESIAN_POINT ( 'NONE',  ( -37.10008929947920109, 17.77000000000000313, 22.83137447607911241 ) ) ;
#5047 = LINE ( 'NONE', #918, #2225 ) ;
#5048 = ORIENTED_EDGE ( 'NONE', *, *, #3573, .F. ) ;
#5049 = AXIS2_PLACEMENT_3D ( 'NONE', #649, #1089, #4159 ) ;
#5050 = ORIENTED_EDGE ( 'NONE', *, *, #1394, .T. ) ;
#5051 = ORIENTED_EDGE ( 'NONE', *, *, #3782, .T. ) ;
#5052 = LINE ( 'NONE', #1642, #2192 ) ;
#5053 = VECTOR ( 'NONE', #6451, 1000.000000000000000 ) ;
#5054 = DIRECTION ( 'NONE',  ( -1.000000000000000000, 0.000000000000000000, 0.000000000000000000 ) ) ;
#5055 = CARTESIAN_POINT ( 'NONE',  ( -6.058722147692000348, 15.76999999999999957, 21.72705422903999661 ) ) ;
#5056 = FACE_BOUND ( 'NONE', #5652, .T. ) ;
#5057 = ADVANCED_FACE ( 'NONE', ( #5184 ), #5091, .T. ) ;
#5058 = CARTESIAN_POINT ( 'NONE',  ( -53.99344095995156323, 5.875000000000003553, 1.284344522005429923 ) ) ;
#5059 = LINE ( 'NONE', #5587, #2119 ) ;
#5060 = ORIENTED_EDGE ( 'NONE', *, *, #4027, .T. ) ;
#5061 = DIRECTION ( 'NONE',  ( -1.000000000000000000, 0.000000000000000000, 0.000000000000000000 ) ) ;
#5062 = LINE ( 'NONE', #429, #29 ) ;
#5063 = ORIENTED_EDGE ( 'NONE', *, *, #3864, .T. ) ;
#5064 = CARTESIAN_POINT ( 'NONE',  ( -63.50970610688748508, 8.717998577795750492, -3.761230304006072167 ) ) ;
#5065 = DIRECTION ( 'NONE',  ( 0.000000000000000000, 1.000000000000000000, 0.000000000000000000 ) ) ;
#5066 = DIRECTION ( 'NONE',  ( -0.000000000000000000, -0.000000000000000000, -1.000000000000000000 ) ) ;
#5067 = CARTESIAN_POINT ( 'NONE',  ( -8.258722147691500481, 17.76999999999944890, 4.947054229039999917 ) ) ;
#5068 = ORIENTED_EDGE ( 'NONE', *, *, #1428, .F. ) ;
#5069 = CARTESIAN_POINT ( 'NONE',  ( -53.99344095995156323, 12.50000000000000000, 25.35434452200543376 ) ) ;
#5070 = LINE ( 'NONE', #3446, #39 ) ;
#5071 = B_SPLINE_CURVE_WITH_KNOTS ( 'NONE', 3,
 ( #4113, #1693, #2187, #6224 ),
 .UNSPECIFIED., .F., .F.,
 ( 4, 4 ),
 ( 0.000000000000000000, 1.000000000000000000 ),
 .UNSPECIFIED. ) ;
#5072 = ORIENTED_EDGE ( 'NONE', *, *, #1742, .T. ) ;
#5073 = EDGE_CURVE ( 'NONE', #1387, #6107, #593, .T. ) ;
#5074 = EDGE_CURVE ( 'NONE', #2329, #5515, #2605, .T. ) ;
#5075 = AXIS2_PLACEMENT_3D ( 'NONE', #3294, #3829, #5288 ) ;
#5076 = CARTESIAN_POINT ( 'NONE',  ( -53.99344095995156323, 10.50000000000000000, -0.06565547799456880607 ) ) ;
#5077 = CARTESIAN_POINT ( 'NONE',  ( -36.12733795639724121, 17.77000000000000668, 23.48117434355951261 ) ) ;
#5078 = AXIS2_PLACEMENT_3D ( 'NONE', #4460, #3454, #984 ) ;
#5079 = CARTESIAN_POINT ( 'NONE',  ( 0.000000000000000000, 0.000000000000000000, -0.5000000000000000000 ) ) ;
#5080 = ADVANCED_FACE ( 'NONE', ( #60 ), #3034, .F. ) ;
#5081 = CARTESIAN_POINT ( 'NONE',  ( -19.69137825829315958, 7.159555455029353865, 27.73876969599392694 ) ) ;
#5082 = VERTEX_POINT ( 'NONE', #4067 ) ;
#5083 = ORIENTED_EDGE ( 'NONE', *, *, #5596, .T. ) ;
#5084 = VECTOR ( 'NONE', #4424, 1000.000000000000000 ) ;
#5085 = VERTEX_POINT ( 'NONE', #3068 ) ;
#5086 = LINE ( 'NONE', #4094, #5886 ) ;
#5087 = VECTOR ( 'NONE', #4577, 1000.000000000000000 ) ;
#5088 = DIRECTION ( 'NONE',  ( 0.000000000000000000, 0.000000000000000000, 1.000000000000000000 ) ) ;
#5089 = AXIS2_PLACEMENT_3D ( 'NONE', #2292, #5663, #3152 ) ;
#5090 = DIRECTION ( 'NONE',  ( 0.000000000000000000, 1.000000000000000000, -0.000000000000000000 ) ) ;
#5091 = CYLINDRICAL_SURFACE ( 'NONE', #2812, 3.350000000000001421 ) ;
#5092 = CARTESIAN_POINT ( 'NONE',  ( 0.7046605134103512968, 10.50000000000000000, 0.4999999999999997780 ) ) ;
#5093 = DIRECTION ( 'NONE',  ( -0.000000000000000000, -0.000000000000000000, 1.000000000000000000 ) ) ;
#5094 = DIRECTION ( 'NONE',  ( 0.000000000000000000, -1.000000000000000000, 2.200000000000000003E-16 ) ) ;
#5095 = VECTOR ( 'NONE', #1177, 1000.000000000000000 ) ;
#5096 = CARTESIAN_POINT ( 'NONE',  ( 3.469226652074590689, 10.50000000000000000, 5.745757241660123249 ) ) ;
#5097 = ORIENTED_EDGE ( 'NONE', *, *, #5909, .T. ) ;
#5098 = ORIENTED_EDGE ( 'NONE', *, *, #1394, .F. ) ;
#5099 = CARTESIAN_POINT ( 'NONE',  ( -32.69603967124039912, 15.76999999999944713, 4.947054229039999917 ) ) ;
#5100 = LINE ( 'NONE', #5535, #107 ) ;
#5101 = LINE ( 'NONE', #4673, #4403 ) ;
#5102 = ORIENTED_EDGE ( 'NONE', *, *, #4633, .F. ) ;
#5103 = DIRECTION ( 'NONE',  ( -1.000000000000000000, 0.000000000000000000, 6.186460420561288263E-17 ) ) ;
#5104 = CIRCLE ( 'NONE', #5947, 3.350000000000001421 ) ;
#5105 = CARTESIAN_POINT ( 'NONE',  ( -41.25872214768999413, 17.76999999999999957, 25.32705422904000159 ) ) ;
#5106 = VERTEX_POINT ( 'NONE', #1714 ) ;
#5107 = ADVANCED_FACE ( 'NONE', ( #2241, #3697 ), #3730, .T. ) ;
#5108 = DIRECTION ( 'NONE',  ( 0.6545987384327838221, 0.7559765152716106940, 0.000000000000000000 ) ) ;
#5109 = CARTESIAN_POINT ( 'NONE',  ( -37.23036074522384098, 17.77000000000000313, 22.63621923863727403 ) ) ;
#5110 = DIRECTION ( 'NONE',  ( -1.000000000000000000, 0.000000000000000000, -0.000000000000000000 ) ) ;
#5111 = CYLINDRICAL_SURFACE ( 'NONE', #6442, 0.5000000000000004441 ) ;
#5112 = ORIENTED_EDGE ( 'NONE', *, *, #4239, .F. ) ;
#5113 = EDGE_CURVE ( 'NONE', #1903, #2719, #1190, .T. ) ;
#5114 = EDGE_CURVE ( 'NONE', #4855, #2976, #3195, .T. ) ;
#5115 = CIRCLE ( 'NONE', #3738, 4.000000000000000000 ) ;
#5116 = ORIENTED_EDGE ( 'NONE', *, *, #4785, .T. ) ;
#5117 = VERTEX_POINT ( 'NONE', #220 ) ;
#5118 = FACE_OUTER_BOUND ( 'NONE', #4650, .T. ) ;
#5119 = ADVANCED_FACE ( 'NONE', ( #4232 ), #5255, .F. ) ;
#5120 = CARTESIAN_POINT ( 'NONE',  ( -10.79999054116380997, -12.75000000000000000, 26.77397846476551280 ) ) ;
#5121 = CARTESIAN_POINT ( 'NONE',  ( -4.258722147691999638, 12.50000000000000000, 3.147054229040000095 ) ) ;
#5122 = FACE_BOUND ( 'NONE', #6212, .T. ) ;
#5123 = DIRECTION ( 'NONE',  ( 0.000000000000000000, 0.000000000000000000, -1.000000000000000000 ) ) ;
#5124 = DIRECTION ( 'NONE',  ( -0.000000000000000000, -0.5898336942704522912, 0.8075247445764560661 ) ) ;
#5125 = DIRECTION ( 'NONE',  ( 0.000000000000000000, 1.000000000000000000, -2.200000000000000003E-16 ) ) ;
#5126 = DIRECTION ( 'NONE',  ( 9.912705577010326536E-16, 0.000000000000000000, 1.000000000000000000 ) ) ;
#5127 = EDGE_LOOP ( 'NONE', ( #3723, #2520 ) ) ;
#5128 = ORIENTED_EDGE ( 'NONE', *, *, #1192, .F. ) ;
#5129 = AXIS2_PLACEMENT_3D ( 'NONE', #3364, #891, #5850 ) ;
#5130 = CARTESIAN_POINT ( 'NONE',  ( 4.006559040048433218, 8.000000000000000000, 21.58434452200543063 ) ) ;
#5131 = CARTESIAN_POINT ( 'NONE',  ( 9.852138378250273831, 12.50000000000000000, 24.23876969599391984 ) ) ;
#5132 = FACE_OUTER_BOUND ( 'NONE', #5944, .T. ) ;
#5133 = ORIENTED_EDGE ( 'NONE', *, *, #2283, .F. ) ;
#5134 = CARTESIAN_POINT ( 'NONE',  ( -12.49651859791752351, 7.159555455029352977, 27.73876969599392694 ) ) ;
#5135 = PRESENTATION_LAYER_ASSIGNMENT (  '', '', ( #2382 ) ) ;
#5136 = CARTESIAN_POINT ( 'NONE',  ( -4.258722147691941906, 12.50000000000000000, 25.32705422904026449 ) ) ;
#5137 = ORIENTED_EDGE ( 'NONE', *, *, #5191, .F. ) ;
#5138 = CARTESIAN_POINT ( 'NONE',  ( -41.25872214768999413, 12.50000000000000000, 3.147054229040000095 ) ) ;
#5139 = EDGE_CURVE ( 'NONE', #4260, #4505, #4753, .T. ) ;
#5140 = DIRECTION ( 'NONE',  ( 0.000000000000000000, 0.000000000000000000, 1.000000000000000000 ) ) ;
#5141 = CARTESIAN_POINT ( 'NONE',  ( -53.99344095995156323, 5.875000000000003553, 22.93434452200543205 ) ) ;
#5142 = CARTESIAN_POINT ( 'NONE',  ( -37.45872214768999697, 15.77000000000000313, 6.511434780020763924 ) ) ;
#5143 = ORIENTED_EDGE ( 'NONE', *, *, #4312, .F. ) ;
#5144 = ORIENTED_EDGE ( 'NONE', *, *, #4225, .T. ) ;
#5145 = ORIENTED_EDGE ( 'NONE', *, *, #142, .F. ) ;
#5146 = PLANE ( 'NONE',  #5049 ) ;
#5147 = ADVANCED_FACE ( 'NONE', ( #5745, #4270 ), #1222, .F. ) ;
#5148 = VECTOR ( 'NONE', #4669, 1000.000000000000000 ) ;
#5149 = CARTESIAN_POINT ( 'NONE',  ( -4.258722147691999638, 14.25666666666666771, 27.32705422903999803 ) ) ;
#5150 = VECTOR ( 'NONE', #1124, 1000.000000000000000 ) ;
#5151 = CARTESIAN_POINT ( 'NONE',  ( 0.6940826250380547346, 5.875000000000003553, 23.43434452200543205 ) ) ;
#5152 = FACE_OUTER_BOUND ( 'NONE', #5943, .T. ) ;
#5153 = AXIS2_PLACEMENT_3D ( 'NONE', #869, #4930, #3948 ) ;
#5154 = EDGE_CURVE ( 'NONE', #1319, #539, #6166, .T. ) ;
#5155 = CARTESIAN_POINT ( 'NONE',  ( -37.49605571639185797, 10.50000000000000000, 11.17880186980009505 ) ) ;
#5156 = PLANE ( 'NONE',  #5813 ) ;
#5157 = VECTOR ( 'NONE', #6091, 1000.000000000000000 ) ;
#5158 = CARTESIAN_POINT ( 'NONE',  ( 9.876295877967509185, 0.7130042956954123490, -6.761230304006072167 ) ) ;
#5159 = CARTESIAN_POINT ( 'NONE',  ( 9.876295877967507408, 8.757473573018954127, -3.761230304006072167 ) ) ;
#5160 = ORIENTED_EDGE ( 'NONE', *, *, #5198, .F. ) ;
#5161 = DIRECTION ( 'NONE',  ( 0.000000000000000000, 0.000000000000000000, 1.000000000000000000 ) ) ;
#5162 = CARTESIAN_POINT ( 'NONE',  ( -4.258722147691999638, 17.76999999999999957, 27.32705422903999803 ) ) ;
#5163 = CARTESIAN_POINT ( 'NONE',  ( -8.846282973174666608, 15.76999999999999602, 4.947054229039999917 ) ) ;
#5164 = DIRECTION ( 'NONE',  ( 0.000000000000000000, -1.000000000000000000, 2.200000000000000003E-16 ) ) ;
#5165 = ORIENTED_EDGE ( 'NONE', *, *, #4902, .T. ) ;
#5166 = LINE ( 'NONE', #4640, #5615 ) ;
#5167 = DIRECTION ( 'NONE',  ( 0.000000000000000000, 0.000000000000000000, 1.000000000000000000 ) ) ;
#5168 = ORIENTED_EDGE ( 'NONE', *, *, #3317, .T. ) ;
#5169 = CARTESIAN_POINT ( 'NONE',  ( -19.05990109359756346, 4.184876654430926379, 27.73876969599392694 ) ) ;
#5170 = CARTESIAN_POINT ( 'NONE',  ( -2.800420255819354942, 10.50000000000000000, -0.3333333333333334259 ) ) ;
#5171 = DIRECTION ( 'NONE',  ( 0.000000000000000000, 0.000000000000000000, 1.000000000000000000 ) ) ;
#5172 = DIRECTION ( 'NONE',  ( 0.000000000000000000, 0.000000000000000000, 1.000000000000000000 ) ) ;
#5173 = CARTESIAN_POINT ( 'NONE',  ( -7.390226800775306693, 17.77000000000000313, 23.48138194854676541 ) ) ;
#5174 = EDGE_LOOP ( 'NONE', ( #281, #2596, #2383, #3939 ) ) ;
#5175 = AXIS2_PLACEMENT_3D ( 'NONE', #5370, #2360, #2208 ) ;
#5176 = VERTEX_POINT ( 'NONE', #3121 ) ;
#5177 = ORIENTED_EDGE ( 'NONE', *, *, #5588, .F. ) ;
#5178 = LINE ( 'NONE', #120, #3457 ) ;
#5179 = AXIS2_PLACEMENT_3D ( 'NONE', #6214, #4274, #4723 ) ;
#5180 = VECTOR ( 'NONE', #5444, 1000.000000000000000 ) ;
#5181 = CARTESIAN_POINT ( 'NONE',  ( -51.19311627875442383, 8.750000000000000000, 23.43434452200543205 ) ) ;
#5182 = VERTEX_POINT ( 'NONE', #1607 ) ;
#5183 = LINE ( 'NONE', #656, #790 ) ;
#5184 = FACE_OUTER_BOUND ( 'NONE', #2910, .T. ) ;
#5185 = VECTOR ( 'NONE', #3755, 1000.000000000000000 ) ;
#5186 = ADVANCED_FACE ( 'NONE', ( #3622 ), #2163, .F. ) ;
#5187 = VECTOR ( 'NONE', #5343, 1000.000000000000000 ) ;
#5188 = DIRECTION ( 'NONE',  ( -0.000000000000000000, 1.000000000000000000, -0.000000000000000000 ) ) ;
#5189 = VECTOR ( 'NONE', #94, 1000.000000000000000 ) ;
#5190 = DIRECTION ( 'NONE',  ( 1.000000000000000000, 0.000000000000000000, -0.000000000000000000 ) ) ;
#5191 = EDGE_CURVE ( 'NONE', #5044, #5927, #1294, .T. ) ;
#5192 = ADVANCED_FACE ( 'NONE', ( #4614, #4647 ), #174, .F. ) ;
#5193 = CARTESIAN_POINT ( 'NONE',  ( -53.99344095995156323, 5.875000000000003553, -0.06565547799456880607 ) ) ;
#5194 = AXIS2_PLACEMENT_3D ( 'NONE', #3547, #2983, #1565 ) ;
#5195 = ORIENTED_EDGE ( 'NONE', *, *, #3395, .F. ) ;
#5196 = CARTESIAN_POINT ( 'NONE',  ( -37.23056835021216671, 17.76999999999999602, 5.838009681234304082 ) ) ;
#5197 = CARTESIAN_POINT ( 'NONE',  ( 1.873062941308192730, 5.875000000000003553, 25.51711326826595894 ) ) ;
#5198 = EDGE_CURVE ( 'NONE', #629, #5552, #3653, .T. ) ;
#5199 = DIRECTION ( 'NONE',  ( 0.000000000000000000, 0.000000000000000000, 1.000000000000000000 ) ) ;
#5200 = CARTESIAN_POINT ( 'NONE',  ( -57.34344095995156465, 5.875000000000003553, -0.5000000000000000000 ) ) ;
#5201 = ORIENTED_EDGE ( 'NONE', *, *, #3355, .T. ) ;
#5202 = FACE_OUTER_BOUND ( 'NONE', #6393, .T. ) ;
#5203 =( NAMED_UNIT ( * ) PLANE_ANGLE_UNIT ( ) SI_UNIT ( $, .RADIAN. ) );
#5204 = ORIENTED_EDGE ( 'NONE', *, *, #4845, .T. ) ;
#5205 = ADVANCED_FACE ( 'NONE', ( #2135 ), #1112, .F. ) ;
#5206 = CARTESIAN_POINT ( 'NONE',  ( -21.75872214769000124, 12.50000000000000000, 27.32705422903999803 ) ) ;
#5207 = CARTESIAN_POINT ( 'NONE',  ( 4.553332877239093968, 12.50000000000000000, 6.828908360124231081 ) ) ;
#5208 = VECTOR ( 'NONE', #559, 1000.000000000000000 ) ;
#5209 = PRODUCT_CONTEXT ( 'NONE', #1849, 'mechanical' ) ;
#5210 = CARTESIAN_POINT ( 'NONE',  ( 9.876295877967509185, 0.7130042956954123490, -3.761230304006072167 ) ) ;
#5211 = ORIENTED_EDGE ( 'NONE', *, *, #4663, .T. ) ;
#5212 = CARTESIAN_POINT ( 'NONE',  ( 0.6848358673255945384, 5.875000000000003553, -0.5000000000000000000 ) ) ;
#5213 = ORIENTED_EDGE ( 'NONE', *, *, #1390, .F. ) ;
#5214 = VERTEX_POINT ( 'NONE', #5665 ) ;
#5215 = ORIENTED_EDGE ( 'NONE', *, *, #1875, .T. ) ;
#5216 = DIRECTION ( 'NONE',  ( 0.000000000000000000, 0.000000000000000000, -1.000000000000000000 ) ) ;
#5217 = DIRECTION ( 'NONE',  ( 1.000000000000000000, 0.000000000000000000, 0.000000000000000000 ) ) ;
#5218 = ORIENTED_EDGE ( 'NONE', *, *, #3413, .T. ) ;
#5219 = AXIS2_PLACEMENT_3D ( 'NONE', #4488, #4081, #6487 ) ;
#5220 = CARTESIAN_POINT ( 'NONE',  ( -27.85040280836399873, 13.41359014194774169, 27.32705422903999803 ) ) ;
#5221 = CARTESIAN_POINT ( 'NONE',  ( -53.99344095995156323, 8.000000000000000000, -0.06565547799456880607 ) ) ;
#5222 = EDGE_LOOP ( 'NONE', ( #1641, #1373 ) ) ;
#5223 = AXIS2_PLACEMENT_3D ( 'NONE', #237, #4286, #2783 ) ;
#5224 = EDGE_CURVE ( 'NONE', #3401, #2780, #4180, .T. ) ;
#5225 = DIRECTION ( 'NONE',  ( -1.000000000000000000, 0.000000000000000000, 0.000000000000000000 ) ) ;
#5226 = EDGE_CURVE ( 'NONE', #4334, #4844, #2694, .T. ) ;
#5227 = CARTESIAN_POINT ( 'NONE',  ( -51.60056723113756760, 5.875000000000003553, 20.58984983914692535 ) ) ;
#5228 = CYLINDRICAL_SURFACE ( 'NONE', #1349, 1.349999999999998757 ) ;
#5229 = ORIENTED_EDGE ( 'NONE', *, *, #615, .F. ) ;
#5230 = CARTESIAN_POINT ( 'NONE',  ( -36.76304239472954549, 17.76999999999999602, 5.305687077250854422 ) ) ;
#5231 = CARTESIAN_POINT ( 'NONE',  ( -37.10780862777779276, 12.50000000000000178, 11.43822028064637131 ) ) ;
#5232 = EDGE_CURVE ( 'NONE', #5927, #512, #864, .T. ) ;
#5233 = CARTESIAN_POINT ( 'NONE',  ( -39.25872214768999413, 12.50000000000000000, 17.73705422904000173 ) ) ;
#5234 = SURFACE_STYLE_FILL_AREA ( #5296 ) ;
#5235 = VERTEX_POINT ( 'NONE', #2594 ) ;
#5236 = CARTESIAN_POINT ( 'NONE',  ( -38.34260455243252608, 12.50000000000000178, 17.64595859737910644 ) ) ;
#5237 = CARTESIAN_POINT ( 'NONE',  ( -19.69137825829315602, 6.659555455029353865, 35.00000000000000000 ) ) ;
#5238 = CIRCLE ( 'NONE', #2593, 2.420000000000000373 ) ;
#5239 = ORIENTED_EDGE ( 'NONE', *, *, #2440, .T. ) ;
#5240 = CARTESIAN_POINT ( 'NONE',  ( -38.60223981824245953, 8.750000000000000000, 26.71994397445526204 ) ) ;
#5241 = EDGE_CURVE ( 'NONE', #1930, #3786, #544, .T. ) ;
#5242 = CARTESIAN_POINT ( 'NONE',  ( -50.64344095995156891, 5.875000000000003553, -0.5000000000000000000 ) ) ;
#5243 = PRESENTATION_LAYER_ASSIGNMENT (  '', '', ( #1545 ) ) ;
#5244 = PLANE ( 'NONE',  #3431 ) ;
#5245 = LINE ( 'NONE', #6168, #6028 ) ;
#5246 = ORIENTED_EDGE ( 'NONE', *, *, #2999, .T. ) ;
#5247 = VERTEX_POINT ( 'NONE', #4710 ) ;
#5248 = AXIS2_PLACEMENT_3D ( 'NONE', #2837, #3938, #1364 ) ;
#5249 = ORIENTED_EDGE ( 'NONE', *, *, #3469, .F. ) ;
#5250 = DIRECTION ( 'NONE',  ( 0.000000000000000000, 0.000000000000000000, 1.000000000000000000 ) ) ;
#5251 = VECTOR ( 'NONE', #6434, 1000.000000000000000 ) ;
#5252 = DIRECTION ( 'NONE',  ( 0.000000000000000000, 0.000000000000000000, 1.000000000000000000 ) ) ;
#5253 = ORIENTED_EDGE ( 'NONE', *, *, #4954, .T. ) ;
#5254 = CARTESIAN_POINT ( 'NONE',  ( -35.65872214768999271, 17.10333333333333528, 4.947054229039998141 ) ) ;
#5255 = CYLINDRICAL_SURFACE ( 'NONE', #229, 2.420000000000002149 ) ;
#5256 = ORIENTED_EDGE ( 'NONE', *, *, #2076, .T. ) ;
#5257 = CARTESIAN_POINT ( 'NONE',  ( -61.54560449174972803, 10.50000000000000000, 25.73876969599392694 ) ) ;
#5258 = CARTESIAN_POINT ( 'NONE',  ( -51.19311627875442383, 8.750000000000000000, 0.000000000000000000 ) ) ;
#5259 = CIRCLE ( 'NONE', #1356, 0.5000000000000004441 ) ;
#5260 = CARTESIAN_POINT ( 'NONE',  ( -60.04560449174972803, 10.50000000000000000, 25.73876969599392694 ) ) ;
#5261 = EDGE_CURVE ( 'NONE', #159, #3919, #6, .T. ) ;
#5262 = EDGE_LOOP ( 'NONE', ( #1004, #4123, #1972, #2369, #3226, #5794, #2891 ) ) ;
#5263 = CARTESIAN_POINT ( 'NONE',  ( 4.006559040048433218, 5.875000000000003553, -0.06565547799456880607 ) ) ;
#5264 = DIRECTION ( 'NONE',  ( 0.000000000000000000, -1.000000000000000000, 2.200000000000000003E-16 ) ) ;
#5265 = AXIS2_PLACEMENT_3D ( 'NONE', #2395, #3854, #3349 ) ;
#5266 = CARTESIAN_POINT ( 'NONE',  ( -34.67116132220666458, 15.76999999999999957, 4.947054229039999029 ) ) ;
#5267 = ORIENTED_EDGE ( 'NONE', *, *, #4705, .T. ) ;
#5268 = DIRECTION ( 'NONE',  ( 0.000000000000000000, 0.000000000000000000, 1.000000000000000000 ) ) ;
#5269 = PLANE ( 'NONE',  #888 ) ;
#5270 = ADVANCED_FACE ( 'NONE', ( #5576 ), #1051, .T. ) ;
#5271 = ORIENTED_EDGE ( 'NONE', *, *, #256, .F. ) ;
#5272 = CARTESIAN_POINT ( 'NONE',  ( -37.45872214768999697, 15.76999999999999957, 16.73372089570666432 ) ) ;
#5273 = DIRECTION ( 'NONE',  ( 1.000000000000000000, 0.000000000000000000, 0.000000000000000000 ) ) ;
#5274 = CYLINDRICAL_SURFACE ( 'NONE', #4914, 3.350000000000002309 ) ;
#5275 = DIRECTION ( 'NONE',  ( 0.000000000000000000, 0.000000000000000000, 1.000000000000000000 ) ) ;
#5276 = ORIENTED_EDGE ( 'NONE', *, *, #870, .F. ) ;
#5277 = EDGE_CURVE ( 'NONE', #629, #4358, #49, .T. ) ;
#5278 = ORIENTED_EDGE ( 'NONE', *, *, #377, .F. ) ;
#5279 = ORIENTED_EDGE ( 'NONE', *, *, #2113, .F. ) ;
#5280 = CYLINDRICAL_SURFACE ( 'NONE', #282, 2.420000000000000817 ) ;
#5281 = EDGE_CURVE ( 'NONE', #4811, #4839, #1574, .T. ) ;
#5282 = CARTESIAN_POINT ( 'NONE',  ( -21.75872214769000124, 12.50000000000000000, 1.147054229039999873 ) ) ;
#5283 = ORIENTED_EDGE ( 'NONE', *, *, #994, .T. ) ;
#5284 = VERTEX_POINT ( 'NONE', #4978 ) ;
#5285 = AXIS2_PLACEMENT_3D ( 'NONE', #3139, #1650, #5094 ) ;
#5286 = LINE ( 'NONE', #5781, #2223 ) ;
#5287 = VECTOR ( 'NONE', #1555, 1000.000000000000000 ) ;
#5288 = DIRECTION ( 'NONE',  ( -1.000000000000000000, 0.000000000000000000, 0.000000000000000000 ) ) ;
#5289 = AXIS2_PLACEMENT_3D ( 'NONE', #4749, #2668, #3191 ) ;
#5290 = CARTESIAN_POINT ( 'NONE',  ( -51.22703573346488071, 5.875000000000003553, 0.5000000000000000000 ) ) ;
#5291 = CARTESIAN_POINT ( 'NONE',  ( -65.47003059873777886, 4.735238934357180796, -3.761230304006072167 ) ) ;
#5292 = CARTESIAN_POINT ( 'NONE',  ( -38.34260455243251187, 12.50000000000000178, 10.82814986070089525 ) ) ;
#5293 = CIRCLE ( 'NONE', #1392, 1.350000000000000533 ) ;
#5294 = CARTESIAN_POINT ( 'NONE',  ( 4.006559040048433218, 8.000000000000000000, -0.06565547799456880607 ) ) ;
#5295 = B_SPLINE_CURVE_WITH_KNOTS ( 'NONE', 3,
 ( #5701, #4712, #4088, #6103 ),
 .UNSPECIFIED., .F., .F.,
 ( 4, 4 ),
 ( 0.000000000000000000, 1.000000000000000000 ),
 .UNSPECIFIED. ) ;
#5296 = FILL_AREA_STYLE ('',( #5852 ) ) ;
#5297 = EDGE_LOOP ( 'NONE', ( #1889, #6046, #53, #5428, #772, #1537, #2864, #5643, #5332, #5412, #2740, #382 ) ) ;
#5298 = FACE_OUTER_BOUND ( 'NONE', #2125, .T. ) ;
#5299 = AXIS2_PLACEMENT_3D ( 'NONE', #1439, #2419, #6452 ) ;
#5300 = CARTESIAN_POINT ( 'NONE',  ( -11.99651859791752173, 5.271975420897883957, 35.00000000000000000 ) ) ;
#5301 = ORIENTED_EDGE ( 'NONE', *, *, #5762, .F. ) ;
#5302 = DIRECTION ( 'NONE',  ( -1.000000000000000000, -0.000000000000000000, -0.000000000000000000 ) ) ;
#5303 = EDGE_CURVE ( 'NONE', #5338, #5284, #3922, .T. ) ;
#5304 = DIRECTION ( 'NONE',  ( 1.000000000000000000, 0.000000000000000000, 0.000000000000000000 ) ) ;
#5305 = CARTESIAN_POINT ( 'NONE',  ( -39.25872214768999413, 12.50000000000000000, 25.32705422904000159 ) ) ;
#5306 = EDGE_LOOP ( 'NONE', ( #1483, #2792, #809, #5774 ) ) ;
#5307 = CARTESIAN_POINT ( 'NONE',  ( -60.04560449174972803, -3.250000000000000000, 25.73876969599392694 ) ) ;
#5308 = ORIENTED_EDGE ( 'NONE', *, *, #2153, .F. ) ;
#5309 = EDGE_CURVE ( 'NONE', #4890, #6107, #6461, .T. ) ;
#5310 = ORIENTED_EDGE ( 'NONE', *, *, #1878, .T. ) ;
#5311 = ORIENTED_EDGE ( 'NONE', *, *, #956, .T. ) ;
#5312 = DIRECTION ( 'NONE',  ( 0.000000000000000000, 0.000000000000000000, 1.000000000000000000 ) ) ;
#5313 = ADVANCED_FACE ( 'NONE', ( #4841 ), #815, .F. ) ;
#5314 = EDGE_CURVE ( 'NONE', #6494, #4030, #787, .T. ) ;
#5315 = DIRECTION ( 'NONE',  ( -1.000000000000000000, 0.000000000000000000, -0.000000000000000000 ) ) ;
#5316 = EDGE_LOOP ( 'NONE', ( #1290, #4521, #1898, #2654 ) ) ;
#5317 = EDGE_CURVE ( 'NONE', #5861, #4668, #2396, .T. ) ;
#5318 = ORIENTED_EDGE ( 'NONE', *, *, #4527, .T. ) ;
#5319 = EDGE_CURVE ( 'NONE', #5284, #6024, #5939, .T. ) ;
#5320 = EDGE_CURVE ( 'NONE', #4292, #3875, #3315, .T. ) ;
#5321 = CARTESIAN_POINT ( 'NONE',  ( -39.25872214768999413, 12.50000000000000000, 14.23705422903999995 ) ) ;
#5322 = PLANE ( 'NONE',  #2182 ) ;
#5323 = PRESENTATION_LAYER_ASSIGNMENT (  '', '', ( #4059 ) ) ;
#5324 = CARTESIAN_POINT ( 'NONE',  ( -39.25872214768999413, 12.50000000000000000, 10.73705422903999995 ) ) ;
#5325 = PLANE ( 'NONE',  #4451 ) ;
#5326 = DIRECTION ( 'NONE',  ( 0.000000000000000000, 0.000000000000000000, -1.000000000000000000 ) ) ;
#5327 = ORIENTED_EDGE ( 'NONE', *, *, #1479, .F. ) ;
#5328 = CARTESIAN_POINT ( 'NONE',  ( -36.45988819929635838, 12.50000000000000178, 16.38796774895221020 ) ) ;
#5329 = EDGE_CURVE ( 'NONE', #137, #3997, #2678, .T. ) ;
#5330 = CYLINDRICAL_SURFACE ( 'NONE', #1528, 3.350000000000002309 ) ;
#5331 = EDGE_LOOP ( 'NONE', ( #5899, #3698, #4807, #2669, #5406, #3300, #3124, #5018 ) ) ;
#5332 = ORIENTED_EDGE ( 'NONE', *, *, #3210, .T. ) ;
#5333 = CARTESIAN_POINT ( 'NONE',  ( -4.258722147691989868, 13.59000000000000163, 3.147054229039999651 ) ) ;
#5334 = LINE ( 'NONE', #807, #2443 ) ;
#5335 = CARTESIAN_POINT ( 'NONE',  ( -2.258722147692000082, 12.50000000000000000, 25.32705422904000159 ) ) ;
#5336 = DIRECTION ( 'NONE',  ( 0.000000000000000000, -1.000000000000000000, 2.200000000000000003E-16 ) ) ;
#5337 = ORIENTED_EDGE ( 'NONE', *, *, #4053, .T. ) ;
#5338 = VERTEX_POINT ( 'NONE', #5409 ) ;
#5339 = EDGE_CURVE ( 'NONE', #159, #5518, #2333, .T. ) ;
#5340 = ORIENTED_EDGE ( 'NONE', *, *, #4903, .T. ) ;
#5341 = LINE ( 'NONE', #3726, #183 ) ;
#5342 = VECTOR ( 'NONE', #2914, 1000.000000000000000 ) ;
#5343 = DIRECTION ( 'NONE',  ( 0.000000000000000000, -1.000000000000000000, 0.000000000000000000 ) ) ;
#5344 = CARTESIAN_POINT ( 'NONE',  ( -11.99651859791752173, 6.659555455029353865, 26.77397846476551280 ) ) ;
#5345 = ORIENTED_EDGE ( 'NONE', *, *, #6160, .T. ) ;
#5346 = VECTOR ( 'NONE', #1238, 1000.000000000000000 ) ;
#5347 = ORIENTED_EDGE ( 'NONE', *, *, #5303, .F. ) ;
#5348 = PRODUCT_RELATED_PRODUCT_CATEGORY ( 'part', '', ( #2800 ) ) ;
#5349 = EDGE_CURVE ( 'NONE', #2943, #2502, #3071, .T. ) ;
#5350 = CARTESIAN_POINT ( 'NONE',  ( -10.82140462413999948, 15.77000000000000313, 24.72705422903999661 ) ) ;
#5351 = DIRECTION ( 'NONE',  ( 0.000000000000000000, 0.000000000000000000, 1.000000000000000000 ) ) ;
#5352 = EDGE_CURVE ( 'NONE', #6458, #4381, #1449, .T. ) ;
#5353 = CARTESIAN_POINT ( 'NONE',  ( 9.876295877967507408, 8.757473573018954127, -3.761230304006072167 ) ) ;
#5354 = DIRECTION ( 'NONE',  ( -1.000000000000000000, 0.000000000000000000, 0.000000000000000000 ) ) ;
#5355 = EDGE_CURVE ( 'NONE', #4217, #1922, #1866, .T. ) ;
#5356 = VECTOR ( 'NONE', #4365, 1000.000000000000000 ) ;
#5357 =( NAMED_UNIT ( * ) SI_UNIT ( $, .STERADIAN. ) SOLID_ANGLE_UNIT ( ) );
#5358 = ORIENTED_EDGE ( 'NONE', *, *, #2159, .T. ) ;
#5359 = CARTESIAN_POINT ( 'NONE',  ( -39.25872214768999413, 12.50000000000000000, 17.73705422904000173 ) ) ;
#5360 = DIRECTION ( 'NONE',  ( 0.000000000000000000, 0.000000000000000000, 1.000000000000000000 ) ) ;
#5361 = ORIENTED_EDGE ( 'NONE', *, *, #5319, .T. ) ;
#5362 = ORIENTED_EDGE ( 'NONE', *, *, #182, .T. ) ;
#5363 = AXIS2_PLACEMENT_3D ( 'NONE', #1899, #5507, #1416 ) ;
#5364 = DIRECTION ( 'NONE',  ( 0.000000000000000000, 0.000000000000000000, 1.000000000000000000 ) ) ;
#5365 = DIRECTION ( 'NONE',  ( -0.000000000000000000, -0.000000000000000000, -1.000000000000000000 ) ) ;
#5366 = CARTESIAN_POINT ( 'NONE',  ( -39.25872214768999413, 17.76999999999999957, 27.32705422903999803 ) ) ;
#5367 = ORIENTED_EDGE ( 'NONE', *, *, #5624, .T. ) ;
#5368 = CARTESIAN_POINT ( 'NONE',  ( -6.058722147692000348, 15.76999999999999957, 6.747054229039999740 ) ) ;
#5369 = EDGE_LOOP ( 'NONE', ( #4879, #1737, #886 ) ) ;
#5370 = CARTESIAN_POINT ( 'NONE',  ( 6.352138378250272943, 12.50000000000000000, -3.261230304006072611 ) ) ;
#5371 = VERTEX_POINT ( 'NONE', #1350 ) ;
#5372 = VERTEX_POINT ( 'NONE', #5871 ) ;
#5373 = LINE ( 'NONE', #371, #4939 ) ;
#5374 = CARTESIAN_POINT ( 'NONE',  ( -39.79572938337270926, 4.966867144221086328, 26.71994397445526204 ) ) ;
#5375 = CARTESIAN_POINT ( 'NONE',  ( -21.75872214769000479, 12.49999999999999289, 2.480387562373336685 ) ) ;
#5376 = ORIENTED_EDGE ( 'NONE', *, *, #6353, .T. ) ;
#5377 = ORIENTED_EDGE ( 'NONE', *, *, #2106, .T. ) ;
#5378 = ORIENTED_EDGE ( 'NONE', *, *, #4574, .T. ) ;
#5379 = FACE_BOUND ( 'NONE', #5897, .T. ) ;
#5380 = LINE ( 'NONE', #385, #1552 ) ;
#5381 = ADVANCED_FACE ( 'NONE', ( #3453 ), #3419, .T. ) ;
#5382 = CIRCLE ( 'NONE', #210, 0.5000000000000004441 ) ;
#5383 = CARTESIAN_POINT ( 'NONE',  ( -41.25872214768999413, 12.50000000000000000, 3.147054229040000095 ) ) ;
#5384 = AXIS2_PLACEMENT_3D ( 'NONE', #2675, #3733, #2177 ) ;
#5385 = FACE_OUTER_BOUND ( 'NONE', #119, .T. ) ;
#5386 = EDGE_CURVE ( 'NONE', #4639, #6234, #760, .T. ) ;
#5387 = AXIS2_PLACEMENT_3D ( 'NONE', #1016, #4525, #5514 ) ;
#5388 = CARTESIAN_POINT ( 'NONE',  ( 0.000000000000000000, 0.000000000000000000, 23.43434452200543205 ) ) ;
#5389 = ORIENTED_EDGE ( 'NONE', *, *, #6520, .T. ) ;
#5390 = EDGE_CURVE ( 'NONE', #5771, #5549, #2794, .T. ) ;
#5391 = CARTESIAN_POINT ( 'NONE',  ( -6.287083550158167888, 17.76999999999999602, 5.837889219441685817 ) ) ;
#5392 = LINE ( 'NONE', #4379, #1941 ) ;
#5393 = AXIS2_PLACEMENT_3D ( 'NONE', #5079, #2564, #5110 ) ;
#5394 = EDGE_CURVE ( 'NONE', #1184, #1368, #3862, .T. ) ;
#5395 = ORIENTED_EDGE ( 'NONE', *, *, #5588, .T. ) ;
#5396 = ORIENTED_EDGE ( 'NONE', *, *, #2387, .T. ) ;
#5397 = AXIS2_PLACEMENT_3D ( 'NONE', #2325, #3379, #5403 ) ;
#5398 = CARTESIAN_POINT ( 'NONE',  ( -9.280464726337173786, 8.250000000000000000, 26.76711071965634403 ) ) ;
#5399 = CARTESIAN_POINT ( 'NONE',  ( -19.69137825829315602, 5.512278550188185910, 27.73876969599392694 ) ) ;
#5400 = AXIS2_PLACEMENT_3D ( 'NONE', #563, #465, #2487 ) ;
#5401 = CARTESIAN_POINT ( 'NONE',  ( -46.63866157316878969, 10.50000000000000000, -0.5000000000000000000 ) ) ;
#5402 = ORIENTED_EDGE ( 'NONE', *, *, #2112, .F. ) ;
#5403 = DIRECTION ( 'NONE',  ( 0.000000000000000000, 0.000000000000000000, 1.000000000000000000 ) ) ;
#5404 = CARTESIAN_POINT ( 'NONE',  ( -32.69603967124039912, 15.76999999999944713, 3.147054229040000095 ) ) ;
#5405 = EDGE_CURVE ( 'NONE', #3274, #2270, #4805, .T. ) ;
#5406 = ORIENTED_EDGE ( 'NONE', *, *, #2906, .F. ) ;
#5407 = VERTEX_POINT ( 'NONE', #1606 ) ;
#5408 = LINE ( 'NONE', #2365, #1669 ) ;
#5409 = CARTESIAN_POINT ( 'NONE',  ( -2.827916956681466587, 10.50000000000000000, 22.43434452200543205 ) ) ;
#5410 = CARTESIAN_POINT ( 'NONE',  ( -53.49344095995156323, 5.875000000000003553, 19.58434452200542708 ) ) ;
#5411 = CARTESIAN_POINT ( 'NONE',  ( -4.258722147691999638, 12.50000000000000000, 25.32705422904000159 ) ) ;
#5412 = ORIENTED_EDGE ( 'NONE', *, *, #2731, .T. ) ;
#5413 = ORIENTED_EDGE ( 'NONE', *, *, #1911, .F. ) ;
#5414 = ORIENTED_EDGE ( 'NONE', *, *, #3601, .T. ) ;
#5415 = CARTESIAN_POINT ( 'NONE',  ( 1.873062941308193619, 8.250000000000000000, 20.35157577574490162 ) ) ;
#5416 = PLANE ( 'NONE',  #4967 ) ;
#5417 = LINE ( 'NONE', #2439, #3229 ) ;
#5418 = EDGE_CURVE ( 'NONE', #4600, #1086, #1731, .T. ) ;
#5419 = CARTESIAN_POINT ( 'NONE',  ( 2.174156397750730996, 5.875000000000003553, 25.73876969599392694 ) ) ;
#5420 = DIRECTION ( 'NONE',  ( 0.000000000000000000, 1.000000000000000000, -2.200000000000000003E-16 ) ) ;
#5421 = EDGE_CURVE ( 'NONE', #539, #1117, #4393, .T. ) ;
#5422 = CARTESIAN_POINT ( 'NONE',  ( -11.99651859791752173, 5.479082202084430975, 26.77397846476551280 ) ) ;
#5423 = EDGE_LOOP ( 'NONE', ( #506, #2484 ) ) ;
#5424 = CARTESIAN_POINT ( 'NONE',  ( -35.89434159670922497, 15.77000000000000313, 23.52705422903999022 ) ) ;
#5425 = VECTOR ( 'NONE', #4857, 1000.000000000000000 ) ;
#5426 = CARTESIAN_POINT ( 'NONE',  ( 3.649204838677381435, 10.50000000000000000, 5.754506341154574045 ) ) ;
#5427 = EDGE_LOOP ( 'NONE', ( #4, #4588, #6389, #2581, #6509, #1631 ) ) ;
#5428 = ORIENTED_EDGE ( 'NONE', *, *, #5885, .T. ) ;
#5429 = EDGE_CURVE ( 'NONE', #6350, #2750, #1224, .T. ) ;
#5430 = EDGE_CURVE ( 'NONE', #5214, #1736, #3942, .T. ) ;
#5431 = CARTESIAN_POINT ( 'NONE',  ( -66.59445670572583253, 4.717998577795753157, -3.761230304006072167 ) ) ;
#5432 = DIRECTION ( 'NONE',  ( -1.000000000000000000, 0.000000000000000000, 0.000000000000000000 ) ) ;
#5433 = CARTESIAN_POINT ( 'NONE',  ( -61.54560449174972803, -3.250000000000000000, 25.73876969599392694 ) ) ;
#5434 = VERTEX_POINT ( 'NONE', #4120 ) ;
#5435 = CARTESIAN_POINT ( 'NONE',  ( -39.25872214768999413, 10.50000000000000000, 17.73705422904000173 ) ) ;
#5436 = FACE_OUTER_BOUND ( 'NONE', #6203, .T. ) ;
#5437 = ORIENTED_EDGE ( 'NONE', *, *, #5386, .F. ) ;
#5438 = ADVANCED_FACE ( 'NONE', ( #3555 ), #1539, .F. ) ;
#5439 = B_SPLINE_CURVE_WITH_KNOTS ( 'NONE', 3,
 ( #4699, #2152, #2716, #6255, #6186, #2253, #3712, #6221, #5726, #1656 ),
 .UNSPECIFIED., .F., .F.,
 ( 4, 2, 2, 2, 4 ),
 ( 0.000000000000000000, 0.2500000000000000000, 0.5000000000000000000, 0.7500000000000000000, 1.000000000000000000 ),
 .UNSPECIFIED. ) ;
#5440 = ORIENTED_EDGE ( 'NONE', *, *, #2542, .F. ) ;
#5441 = FACE_OUTER_BOUND ( 'NONE', #5505, .T. ) ;
#5442 = DIRECTION ( 'NONE',  ( -0.000000000000000000, 0.000000000000000000, -1.000000000000000000 ) ) ;
#5443 = FACE_OUTER_BOUND ( 'NONE', #4261, .T. ) ;
#5444 = DIRECTION ( 'NONE',  ( 0.000000000000000000, 0.000000000000000000, -1.000000000000000000 ) ) ;
#5445 = ORIENTED_EDGE ( 'NONE', *, *, #256, .T. ) ;
#5446 = B_SPLINE_CURVE_WITH_KNOTS ( 'NONE', 3,
 ( #5864, #4752, #3696, #368 ),
 .UNSPECIFIED., .F., .F.,
 ( 4, 4 ),
 ( 0.000000000000000000, 1.000000000000000000 ),
 .UNSPECIFIED. ) ;
#5447 = VERTEX_POINT ( 'NONE', #47 ) ;
#5448 = AXIS2_PLACEMENT_3D ( 'NONE', #3833, #6018, #4501 ) ;
#5449 = EDGE_LOOP ( 'NONE', ( #4843, #395, #2156, #4422 ) ) ;
#5450 = CARTESIAN_POINT ( 'NONE',  ( -42.62105896777516989, 12.50000000000000178, 15.35953354326890619 ) ) ;
#5451 = CIRCLE ( 'NONE', #2706, 4.000000000000003553 ) ;
#5452 = LINE ( 'NONE', #4955, #2538 ) ;
#5453 = CARTESIAN_POINT ( 'NONE',  ( 14.02106672353487227, 0.7130042956954123490, -3.761230304006072167 ) ) ;
#5454 = CARTESIAN_POINT ( 'NONE',  ( -8.258722147691500481, 17.76999999999944890, 23.52705422904000088 ) ) ;
#5455 = AXIS2_PLACEMENT_3D ( 'NONE', #826, #2739, #1230 ) ;
#5456 = CARTESIAN_POINT ( 'NONE',  ( -20.51930953245642897, 12.50000000000000178, 1.147054229039999873 ) ) ;
#5457 = PLANE ( 'NONE',  #2598 ) ;
#5458 = EDGE_LOOP ( 'NONE', ( #3904, #4754, #5876, #2148, #2796, #1806, #206, #411, #6392, #1047 ) ) ;
#5459 = CARTESIAN_POINT ( 'NONE',  ( -37.07116132220667026, 15.77000000000000313, 25.32705422903999803 ) ) ;
#5460 = CARTESIAN_POINT ( 'NONE',  ( -53.49344095995156323, 10.50000000000000000, 3.246820937015809427 ) ) ;
#5461 = ORIENTED_EDGE ( 'NONE', *, *, #219, .F. ) ;
#5462 = ORIENTED_EDGE ( 'NONE', *, *, #5776, .F. ) ;
#5463 = DIRECTION ( 'NONE',  ( 0.000000000000000000, 0.000000000000000000, 1.000000000000000000 ) ) ;
#5464 = VECTOR ( 'NONE', #4531, 1000.000000000000000 ) ;
#5465 = DIRECTION ( 'NONE',  ( 0.000000000000000000, 0.000000000000000000, 1.000000000000000000 ) ) ;
#5466 = DIRECTION ( 'NONE',  ( -0.000000000000000000, -0.000000000000000000, -1.000000000000000000 ) ) ;
#5467 = ORIENTED_EDGE ( 'NONE', *, *, #2532, .T. ) ;
#5468 = LINE ( 'NONE', #941, #2657 ) ;
#5469 = DIRECTION ( 'NONE',  ( 0.000000000000000000, 1.000000000000000000, 0.000000000000000000 ) ) ;
#5470 = ORIENTED_EDGE ( 'NONE', *, *, #1481, .F. ) ;
#5471 = ORIENTED_EDGE ( 'NONE', *, *, #1027, .F. ) ;
#5472 = FACE_BOUND ( 'NONE', #170, .T. ) ;
#5473 = DIRECTION ( 'NONE',  ( 1.000000000000000000, 0.000000000000000000, 0.000000000000000000 ) ) ;
#5474 = VECTOR ( 'NONE', #3015, 1000.000000000000114 ) ;
#5475 = DIRECTION ( 'NONE',  ( -0.000000000000000000, -1.000000000000000000, -0.000000000000000000 ) ) ;
#5476 = CARTESIAN_POINT ( 'NONE',  ( -6.058722147692000348, 15.76999999999999602, 6.508168941543044816 ) ) ;
#5477 = ORIENTED_EDGE ( 'NONE', *, *, #497, .T. ) ;
#5478 = ADVANCED_FACE ( 'NONE', ( #2591 ), #3620, .F. ) ;
#5479 = EDGE_CURVE ( 'NONE', #2943, #701, #1111, .T. ) ;
#5480 = EDGE_CURVE ( 'NONE', #5688, #5927, #4644, .T. ) ;
#5481 = EDGE_CURVE ( 'NONE', #2206, #3512, #6070, .T. ) ;
#5482 = ORIENTED_EDGE ( 'NONE', *, *, #5421, .T. ) ;
#5483 = ORIENTED_EDGE ( 'NONE', *, *, #3322, .T. ) ;
#5484 = CARTESIAN_POINT ( 'NONE',  ( -33.42538881435665843, 12.50000000000000000, 3.147054229040000095 ) ) ;
#5485 = CARTESIAN_POINT ( 'NONE',  ( -7.858722147691999282, 17.10333333333333528, 23.52705422903999732 ) ) ;
#5486 = DIRECTION ( 'NONE',  ( -0.000000000000000000, 1.000000000000000000, 0.000000000000000000 ) ) ;
#5487 = ADVANCED_FACE ( 'NONE', ( #1999 ), #3588, .T. ) ;
#5488 = FACE_OUTER_BOUND ( 'NONE', #5331, .T. ) ;
#5489 = CARTESIAN_POINT ( 'NONE',  ( -39.29572938337270926, 4.966867144221086328, 26.71994397445526204 ) ) ;
#5490 = EDGE_LOOP ( 'NONE', ( #2242, #977, #4976, #2317 ) ) ;
#5491 = CARTESIAN_POINT ( 'NONE',  ( -37.41187296569296450, 15.76999999999999957, 22.19820042088669965 ) ) ;
#5492 = AXIS2_PLACEMENT_3D ( 'NONE', #5321, #4788, #1774 ) ;
#5493 = CARTESIAN_POINT ( 'NONE',  ( -67.07003059873778739, 4.735238934357180796, -3.761230304006072167 ) ) ;
#5494 = VERTEX_POINT ( 'NONE', #1015 ) ;
#5495 = CARTESIAN_POINT ( 'NONE',  ( -50.88856591388922368, 7.983490513531148913, 35.00000000000000000 ) ) ;
#5496 = VECTOR ( 'NONE', #4323, 1000.000000000000000 ) ;
#5497 = CARTESIAN_POINT ( 'NONE',  ( -35.39205548102333410, 17.76999999999999602, 4.947054229039999917 ) ) ;
#5498 = DIRECTION ( 'NONE',  ( 0.000000000000000000, 1.000000000000000000, -2.200000000000000003E-16 ) ) ;
#5499 = CARTESIAN_POINT ( 'NONE',  ( -51.19311627875442383, 8.567453508431418285, 23.43434452200543205 ) ) ;
#5500 = ORIENTED_EDGE ( 'NONE', *, *, #5261, .T. ) ;
#5501 = VECTOR ( 'NONE', #5354, 1000.000000000000000 ) ;
#5502 = CARTESIAN_POINT ( 'NONE',  ( 4.006559040048433218, 8.000000000000000000, 22.93434452200543205 ) ) ;
#5503 = DIRECTION ( 'NONE',  ( 0.000000000000000000, 0.000000000000000000, 1.000000000000000000 ) ) ;
#5504 = VECTOR ( 'NONE', #6463, 1000.000000000000000 ) ;
#5505 = EDGE_LOOP ( 'NONE', ( #4091, #1611, #4684, #5361 ) ) ;
#5506 = ORIENTED_EDGE ( 'NONE', *, *, #4717, .T. ) ;
#5507 = DIRECTION ( 'NONE',  ( 0.000000000000000000, -0.000000000000000000, 1.000000000000000000 ) ) ;
#5508 = VECTOR ( 'NONE', #3959, 1000.000000000000000 ) ;
#5509 = EDGE_CURVE ( 'NONE', #5704, #5865, #4028, .T. ) ;
#5510 = CARTESIAN_POINT ( 'NONE',  ( -37.45872214769000408, 17.77000000000000313, 21.96593951653800403 ) ) ;
#5511 = VECTOR ( 'NONE', #4547, 1000.000000000000000 ) ;
#5512 = DIRECTION ( 'NONE',  ( 0.000000000000000000, 1.000000000000000000, 0.000000000000000000 ) ) ;
#5513 = ADVANCED_FACE ( 'NONE', ( #2530, #1212 ), #3783, .F. ) ;
#5514 = DIRECTION ( 'NONE',  ( -1.000000000000000000, 0.000000000000000000, -0.000000000000000000 ) ) ;
#5515 = VERTEX_POINT ( 'NONE', #3213 ) ;
#5516 = VECTOR ( 'NONE', #5066, 1000.000000000000000 ) ;
#5517 = EDGE_LOOP ( 'NONE', ( #2628, #4999, #5462, #5005 ) ) ;
#5518 = VERTEX_POINT ( 'NONE', #777 ) ;
#5519 = DIRECTION ( 'NONE',  ( 0.000000000000000000, 0.000000000000000000, 1.000000000000000000 ) ) ;
#5520 = EDGE_CURVE ( 'NONE', #2829, #733, #2228, .T. ) ;
#5521 = EDGE_CURVE ( 'NONE', #2618, #5044, #4255, .T. ) ;
#5522 = FACE_OUTER_BOUND ( 'NONE', #791, .T. ) ;
#5523 = DIRECTION ( 'NONE',  ( 1.000000000000000000, -0.000000000000000000, -0.000000000000000000 ) ) ;
#5524 = ADVANCED_FACE ( 'NONE', ( #5698 ), #2495, .T. ) ;
#5525 = CARTESIAN_POINT ( 'NONE',  ( -17.89966379383750805, 12.78225237061120190, 25.32705422903999803 ) ) ;
#5526 = B_SPLINE_CURVE_WITH_KNOTS ( 'NONE', 3,
 ( #1122, #2633, #518, #2044, #3033, #2541, #3131, #617, #6076, #5055 ),
 .UNSPECIFIED., .F., .F.,
 ( 4, 2, 2, 2, 4 ),
 ( 0.000000000000000000, 0.2500000000000000000, 0.5000000000000000000, 0.7500000000000000000, 1.000000000000000000 ),
 .UNSPECIFIED. ) ;
#5527 = CARTESIAN_POINT ( 'NONE',  ( 4.006559040048433218, 12.50000000000000000, 2.354344522005431539 ) ) ;
#5528 = VERTEX_POINT ( 'NONE', #1246 ) ;
#5529 = CARTESIAN_POINT ( 'NONE',  ( -7.390106338983266632, 17.76999999999999957, 4.992934114521643707 ) ) ;
#5530 = CARTESIAN_POINT ( 'NONE',  ( 9.876295877967507408, 8.757473573018954127, -3.761230304006072167 ) ) ;
#5531 = B_SPLINE_CURVE_WITH_KNOTS ( 'NONE', 3,
 ( #10, #3619, #3151, #2659, #5545, #2030 ),
 .UNSPECIFIED., .F., .F.,
 ( 4, 2, 4 ),
 ( 0.000000000000000000, 0.5000000000000000000, 1.000000000000000000 ),
 .UNSPECIFIED. ) ;
#5532 = ORIENTED_EDGE ( 'NONE', *, *, #2832, .F. ) ;
#5533 = ORIENTED_EDGE ( 'NONE', *, *, #4582, .F. ) ;
#5534 = DIRECTION ( 'NONE',  ( -0.000000000000000000, -1.000000000000000000, -0.000000000000000000 ) ) ;
#5535 = CARTESIAN_POINT ( 'NONE',  ( 4.006559040048433218, 8.000000000000000000, 25.35434452200543021 ) ) ;
#5536 = VECTOR ( 'NONE', #3052, 1000.000000000000000 ) ;
#5537 = DIRECTION ( 'NONE',  ( 0.000000000000000000, 0.000000000000000000, 1.000000000000000000 ) ) ;
#5538 = ORIENTED_EDGE ( 'NONE', *, *, #3672, .T. ) ;
#5539 = EDGE_CURVE ( 'NONE', #5968, #5528, #1652, .T. ) ;
#5540 = CARTESIAN_POINT ( 'NONE',  ( -42.75872214769000124, 10.50000000000000000, 14.23705422903999640 ) ) ;
#5541 = PLANE ( 'NONE',  #3003 ) ;
#5542 = EDGE_LOOP ( 'NONE', ( #6328, #2258, #1118, #812, #4210, #2548, #4489, #2789, #1478, #2483, #4529, #4719, #954, #1544, #4466, #2985, #5276, #4975 ) ) ;
#5543 = AXIS2_PLACEMENT_3D ( 'NONE', #2315, #4346, #1333 ) ;
#5544 = ORIENTED_EDGE ( 'NONE', *, *, #2877, .F. ) ;
#5545 = CARTESIAN_POINT ( 'NONE',  ( -40.96754674497921656, 12.50000000000000178, 17.31208407861241483 ) ) ;
#5546 = DIRECTION ( 'NONE',  ( 0.000000000000000000, -0.000000000000000000, -1.000000000000000000 ) ) ;
#5547 = CARTESIAN_POINT ( 'NONE',  ( 0.000000000000000000, 0.000000000000000000, 0.000000000000000000 ) ) ;
#5548 = CARTESIAN_POINT ( 'NONE',  ( -7.390607975241973548, 15.76999999999999602, 4.992726509533230939 ) ) ;
#5549 = VERTEX_POINT ( 'NONE', #2693 ) ;
#5550 = ADVANCED_FACE ( 'NONE', ( #745 ), #1633, .F. ) ;
#5551 = EDGE_LOOP ( 'NONE', ( #4058, #5738, #6270, #4174 ) ) ;
#5552 = VERTEX_POINT ( 'NONE', #711 ) ;
#5553 = DIRECTION ( 'NONE',  ( -0.000000000000000000, -0.000000000000000000, 1.000000000000000000 ) ) ;
#5554 = CARTESIAN_POINT ( 'NONE',  ( -68.67003059873778170, 4.735238934357180796, -3.761230304006072167 ) ) ;
#5555 = DIRECTION ( 'NONE',  ( 0.000000000000000000, 0.000000000000000000, 1.000000000000000000 ) ) ;
#5556 = CARTESIAN_POINT ( 'NONE',  ( -35.75872214768999413, 10.50000000000000000, 14.23705422904000173 ) ) ;
#5557 = AXIS2_PLACEMENT_3D ( 'NONE', #872, #5466, #2420 ) ;
#5558 = CARTESIAN_POINT ( 'NONE',  ( -12.25470719071191184, 14.86880063465035562, 1.147054229039999429 ) ) ;
#5559 = ORIENTED_EDGE ( 'NONE', *, *, #1398, .F. ) ;
#5560 = DIRECTION ( 'NONE',  ( -0.000000000000000000, 1.000000000000000000, -0.000000000000000000 ) ) ;
#5561 = EDGE_CURVE ( 'NONE', #2450, #2809, #4289, .T. ) ;
#5562 = CARTESIAN_POINT ( 'NONE',  ( 0.000000000000000000, 8.750000000000000000, 0.000000000000000000 ) ) ;
#5563 = EDGE_LOOP ( 'NONE', ( #2430, #6413, #3513, #868, #1067, #1017, #6291, #986, #3682, #5907 ) ) ;
#5564 = EDGE_LOOP ( 'NONE', ( #1283, #3377, #5626, #3255 ) ) ;
#5565 = VECTOR ( 'NONE', #1572, 1000.000000000000000 ) ;
#5566 = DIRECTION ( 'NONE',  ( 0.000000000000000000, 0.000000000000000000, 1.000000000000000000 ) ) ;
#5567 = EDGE_CURVE ( 'NONE', #5434, #2470, #6262, .T. ) ;
#5568 = FACE_OUTER_BOUND ( 'NONE', #2790, .T. ) ;
#5569 = ORIENTED_EDGE ( 'NONE', *, *, #6248, .F. ) ;
#5570 = PLANE ( 'NONE',  #1291 ) ;
#5571 = CARTESIAN_POINT ( 'NONE',  ( -53.99344095995156323, 8.000000000000000000, -0.06565547799456880607 ) ) ;
#5572 = VERTEX_POINT ( 'NONE', #4740 ) ;
#5573 = CARTESIAN_POINT ( 'NONE',  ( -39.25872214768999413, 12.50000000000000000, 27.32705422903999803 ) ) ;
#5574 = CARTESIAN_POINT ( 'NONE',  ( -60.04560449174972803, 12.50000000000000000, -3.261230304006072611 ) ) ;
#5575 = CARTESIAN_POINT ( 'NONE',  ( 1.873062941308192730, 5.875000000000003553, 25.51711326826595894 ) ) ;
#5576 = FACE_OUTER_BOUND ( 'NONE', #4178, .T. ) ;
#5577 = PLANE ( 'NONE',  #5387 ) ;
#5578 = EDGE_LOOP ( 'NONE', ( #85, #5471, #5791, #1369 ) ) ;
#5579 = VERTEX_POINT ( 'NONE', #3277 ) ;
#5580 = ORIENTED_EDGE ( 'NONE', *, *, #3546, .F. ) ;
#5581 = CARTESIAN_POINT ( 'NONE',  ( -14.20209766559421105, 13.88773744163673740, 3.147054229040003204 ) ) ;
#5582 = AXIS2_PLACEMENT_3D ( 'NONE', #1760, #4322, #1244 ) ;
#5583 = CARTESIAN_POINT ( 'NONE',  ( 4.006559040048433218, 8.000000000000000000, 22.93434452200543205 ) ) ;
#5584 = DIRECTION ( 'NONE',  ( -0.000000000000000000, -0.000000000000000000, -1.000000000000000000 ) ) ;
#5585 = CARTESIAN_POINT ( 'NONE',  ( -53.99344095995156323, 5.875000000000003553, -0.06565547799456880607 ) ) ;
#5586 = CYLINDRICAL_SURFACE ( 'NONE', #5654, 2.419999999999998597 ) ;
#5587 = CARTESIAN_POINT ( 'NONE',  ( -61.54560449174972803, -3.250000000000000000, -4.761230304006072167 ) ) ;
#5588 = EDGE_CURVE ( 'NONE', #6273, #492, #5908, .T. ) ;
#5589 = DIRECTION ( 'NONE',  ( -0.000000000000000000, -0.000000000000000000, 1.000000000000000000 ) ) ;
#5590 = B_SPLINE_CURVE_WITH_KNOTS ( 'NONE', 3,
 ( #30, #5456, #1525, #3538, #6535, #457, #5558, #1978, #2578, #2937 ),
 .UNSPECIFIED., .F., .F.,
 ( 4, 2, 2, 2, 4 ),
 ( 0.000000000000000000, 0.2500000000000003886, 0.5000000000000007772, 0.7500000000000004441, 1.000000000000000000 ),
 .UNSPECIFIED. ) ;
#5591 = DIRECTION ( 'NONE',  ( 0.000000000000000000, 2.200000000000000003E-16, 1.000000000000000000 ) ) ;
#5592 = EDGE_LOOP ( 'NONE', ( #560, #345, #2417, #4747 ) ) ;
#5593 = ORIENTED_EDGE ( 'NONE', *, *, #4231, .T. ) ;
#5594 = CARTESIAN_POINT ( 'NONE',  ( -53.99344095995156323, 8.000000000000000000, 20.51434452200543035 ) ) ;
#5595 = EDGE_CURVE ( 'NONE', #3875, #1853, #3077, .T. ) ;
#5596 = EDGE_CURVE ( 'NONE', #2814, #2172, #2762, .T. ) ;
#5597 = DIRECTION ( 'NONE',  ( -1.000000000000000000, 0.000000000000000000, 0.000000000000000000 ) ) ;
#5598 = CARTESIAN_POINT ( 'NONE',  ( -53.99344095995156323, 5.875000000000003553, 22.93434452200543205 ) ) ;
#5599 = VERTEX_POINT ( 'NONE', #271 ) ;
#5600 = LINE ( 'NONE', #6189, #4033 ) ;
#5601 = EDGE_CURVE ( 'NONE', #3840, #4811, #4653, .T. ) ;
#5602 = CARTESIAN_POINT ( 'NONE',  ( 16.17660255292402738, 4.735238934357184348, -3.761230304006072167 ) ) ;
#5603 = EDGE_LOOP ( 'NONE', ( #921, #4963, #4714, #4327 ) ) ;
#5604 = CARTESIAN_POINT ( 'NONE',  ( -4.258722147691999638, 15.76999999999999957, 25.32705422904000159 ) ) ;
#5605 = CARTESIAN_POINT ( 'NONE',  ( -40.85805583248637163, 12.50000000000000355, 1.917960789090170870 ) ) ;
#5606 =( NAMED_UNIT ( * ) SI_UNIT ( $, .STERADIAN. ) SOLID_ANGLE_UNIT ( ) );
#5607 = CARTESIAN_POINT ( 'NONE',  ( -67.07003059873778739, 4.735238934357180796, -3.761230304006072167 ) ) ;
#5608 = CARTESIAN_POINT ( 'NONE',  ( -6.286875945169201785, 17.76999999999999602, 22.63609877684429250 ) ) ;
#5609 = ORIENTED_EDGE ( 'NONE', *, *, #1869, .T. ) ;
#5610 = VECTOR ( 'NONE', #3122, 1000.000000000000000 ) ;
#5611 = EDGE_CURVE ( 'NONE', #1441, #662, #2661, .T. ) ;
#5612 = ORIENTED_EDGE ( 'NONE', *, *, #1720, .T. ) ;
#5613 = ORIENTED_EDGE ( 'NONE', *, *, #4027, .F. ) ;
#5614 = DIRECTION ( 'NONE',  ( -1.000000000000000000, 0.000000000000000000, 0.000000000000000000 ) ) ;
#5615 = VECTOR ( 'NONE', #2093, 1000.000000000000000 ) ;
#5616 = CARTESIAN_POINT ( 'NONE',  ( -54.49344095995157033, 5.875000000000003553, 19.62186810699505202 ) ) ;
#5617 = AXIS2_PLACEMENT_3D ( 'NONE', #2616, #1624, #234 ) ;
#5618 = CARTESIAN_POINT ( 'NONE',  ( -8.258722147691500481, 17.76999999999944890, 1.147054229039999873 ) ) ;
#5619 = CARTESIAN_POINT ( 'NONE',  ( -41.25872214768999413, 17.76999999999999957, 17.93372089570666716 ) ) ;
#5620 = CARTESIAN_POINT ( 'NONE',  ( -39.78221791640855542, 12.50000000000000178, 27.27499958237662980 ) ) ;
#5621 = FACE_OUTER_BOUND ( 'NONE', #3393, .T. ) ;
#5622 = DIRECTION ( 'NONE',  ( 0.000000000000000000, 0.000000000000000000, 1.000000000000000000 ) ) ;
#5623 = DIRECTION ( 'NONE',  ( 0.000000000000000000, 0.000000000000000000, 1.000000000000000000 ) ) ;
#5624 = EDGE_CURVE ( 'NONE', #3926, #1031, #1792, .T. ) ;
#5625 = VERTEX_POINT ( 'NONE', #4897 ) ;
#5626 = ORIENTED_EDGE ( 'NONE', *, *, #61, .T. ) ;
#5627 = DIRECTION ( 'NONE',  ( 0.000000000000000000, -0.000000000000000000, 1.000000000000000000 ) ) ;
#5628 = CYLINDRICAL_SURFACE ( 'NONE', #5194, 0.5000000000000004441 ) ;
#5629 = FACE_OUTER_BOUND ( 'NONE', #953, .T. ) ;
#5630 = EDGE_LOOP ( 'NONE', ( #3872, #4297, #5642, #688 ) ) ;
#5631 = LINE ( 'NONE', #5659, #858 ) ;
#5632 = CARTESIAN_POINT ( 'NONE',  ( 6.352138378250272055, 10.50000000000000000, 24.23876969599392694 ) ) ;
#5633 = EDGE_CURVE ( 'NONE', #2612, #3304, #1855, .T. ) ;
#5634 = ORIENTED_EDGE ( 'NONE', *, *, #5567, .T. ) ;
#5635 = CARTESIAN_POINT ( 'NONE',  ( -38.60223981824245953, 8.750000000000000000, 25.73876969599392694 ) ) ;
#5636 = DIRECTION ( 'NONE',  ( 0.000000000000000000, 0.000000000000000000, 1.000000000000000000 ) ) ;
#5637 =( NAMED_UNIT ( * ) SI_UNIT ( $, .STERADIAN. ) SOLID_ANGLE_UNIT ( ) );
#5638 = DIRECTION ( 'NONE',  ( -0.000000000000000000, 1.000000000000000000, 0.000000000000000000 ) ) ;
#5639 = CARTESIAN_POINT ( 'NONE',  ( 4.006559040048433218, 12.50000000000000000, 25.35434452200543021 ) ) ;
#5640 = EDGE_LOOP ( 'NONE', ( #3655, #1534, #2202, #3496 ) ) ;
#5641 = EDGE_CURVE ( 'NONE', #2313, #1903, #974, .T. ) ;
#5642 = ORIENTED_EDGE ( 'NONE', *, *, #416, .F. ) ;
#5643 = ORIENTED_EDGE ( 'NONE', *, *, #3490, .T. ) ;
#5644 = CARTESIAN_POINT ( 'NONE',  ( -37.45872214768999697, 16.43666666666666387, 6.747054229039997963 ) ) ;
#5645 = CARTESIAN_POINT ( 'NONE',  ( -8.258722147691500481, 17.76999999999944890, 23.52705422904000088 ) ) ;
#5646 = DIRECTION ( 'NONE',  ( 0.000000000000000000, -1.000000000000000000, 0.000000000000000000 ) ) ;
#5647 = CARTESIAN_POINT ( 'NONE',  ( -41.25872214768999413, 16.01333333333333542, 25.32705422904000159 ) ) ;
#5648 = CARTESIAN_POINT ( 'NONE',  ( -35.84981777935088587, 10.50000000000000178, 13.32093663378252302 ) ) ;
#5649 = CARTESIAN_POINT ( 'NONE',  ( 18.02106672353487227, 4.757473573018953239, -3.761230304006072167 ) ) ;
#5650 = CARTESIAN_POINT ( 'NONE',  ( 0.6940826250380547346, 8.250000000000000000, 23.43434452200543205 ) ) ;
#5651 = CARTESIAN_POINT ( 'NONE',  ( -8.258722147691500481, 17.76999999999944890, 23.52705422904000088 ) ) ;
#5652 = EDGE_LOOP ( 'NONE', ( #5942, #6423, #6106, #3880 ) ) ;
#5653 = CARTESIAN_POINT ( 'NONE',  ( -35.65872214768999271, 17.76999999999999957, 4.947054229039999917 ) ) ;
#5654 = AXIS2_PLACEMENT_3D ( 'NONE', #3070, #4993, #5025 ) ;
#5655 = LINE ( 'NONE', #1133, #695 ) ;
#5656 = CARTESIAN_POINT ( 'NONE',  ( -6.925388814358666600, 17.77000000000000313, 27.32705422903999803 ) ) ;
#5657 = CYLINDRICAL_SURFACE ( 'NONE', #3554, 3.350000000000002309 ) ;
#5658 = ORIENTED_EDGE ( 'NONE', *, *, #825, .T. ) ;
#5659 = CARTESIAN_POINT ( 'NONE',  ( 9.852138378250273831, -3.250000000000000000, 0.000000000000000000 ) ) ;
#5660 = VERTEX_POINT ( 'NONE', #5859 ) ;
#5661 = DIRECTION ( 'NONE',  ( 0.5044624565692709117, -0.8634336279715404405, 0.000000000000000000 ) ) ;
#5662 = B_SPLINE_CURVE_WITH_KNOTS ( 'NONE', 3,
 ( #4621, #4688, #89, #5645 ),
 .UNSPECIFIED., .F., .F.,
 ( 4, 4 ),
 ( 0.000000000000000000, 1.000000000000000000 ),
 .UNSPECIFIED. ) ;
#5663 = DIRECTION ( 'NONE',  ( 0.000000000000000000, 1.000000000000000000, 0.000000000000000000 ) ) ;
#5664 =( LENGTH_UNIT ( ) NAMED_UNIT ( * ) SI_UNIT ( .MILLI., .METRE. ) );
#5665 = CARTESIAN_POINT ( 'NONE',  ( -35.25872214769005097, 17.76999999999999957, 27.32705422903999803 ) ) ;
#5666 = CARTESIAN_POINT ( 'NONE',  ( -36.56523631235761940, 15.76999999999999957, 5.174238730002334918 ) ) ;
#5667 = ORIENTED_EDGE ( 'NONE', *, *, #319, .T. ) ;
#5668 = ADVANCED_FACE ( 'NONE', ( #1892 ), #1338, .T. ) ;
#5669 = B_SPLINE_CURVE_WITH_KNOTS ( 'NONE', 3,
 ( #3641, #530, #4512, #1532 ),
 .UNSPECIFIED., .F., .F.,
 ( 4, 4 ),
 ( 0.000000000000000000, 1.000000000000000000 ),
 .UNSPECIFIED. ) ;
#5670 = VECTOR ( 'NONE', #3079, 1000.000000000000000 ) ;
#5671 = VERTEX_POINT ( 'NONE', #5895 ) ;
#5672 = ORIENTED_EDGE ( 'NONE', *, *, #2486, .T. ) ;
#5673 = CARTESIAN_POINT ( 'NONE',  ( 4.553332877239093079, 10.50000000000000000, 3.239422186896803169 ) ) ;
#5674 = EDGE_CURVE ( 'NONE', #4813, #5434, #3375, .T. ) ;
#5675 = EDGE_CURVE ( 'NONE', #193, #834, #301, .T. ) ;
#5676 = CIRCLE ( 'NONE', #5780, 3.350000000000002309 ) ;
#5677 = ADVANCED_FACE ( 'NONE', ( #3911, #6384, #332 ), #837, .T. ) ;
#5678 = FACE_OUTER_BOUND ( 'NONE', #598, .T. ) ;
#5679 = ORIENTED_EDGE ( 'NONE', *, *, #4945, .T. ) ;
#5680 = DIRECTION ( 'NONE',  ( 0.000000000000000000, 1.000000000000000000, 0.000000000000000000 ) ) ;
#5681 = EDGE_CURVE ( 'NONE', #5840, #3241, #1794, .T. ) ;
#5682 = CARTESIAN_POINT ( 'NONE',  ( 4.006559040048433218, 10.50000000000000000, -0.06565547799456880607 ) ) ;
#5683 = VECTOR ( 'NONE', #3025, 1000.000000000000000 ) ;
#5684 = CARTESIAN_POINT ( 'NONE',  ( -63.54560449174972803, -3.250000000000000000, 24.23876969599391984 ) ) ;
#5685 = VECTOR ( 'NONE', #2982, 1000.000000000000000 ) ;
#5686 = CARTESIAN_POINT ( 'NONE',  ( -3.735226378973440564, 12.50000000000000178, 1.199108875703368327 ) ) ;
#5687 = DIRECTION ( 'NONE',  ( -1.000000000000000000, 0.000000000000000000, -0.000000000000000000 ) ) ;
#5688 = VERTEX_POINT ( 'NONE', #1823 ) ;
#5689 = DIRECTION ( 'NONE',  ( 0.000000000000000000, 1.000000000000000000, 0.000000000000000000 ) ) ;
#5690 = FACE_OUTER_BOUND ( 'NONE', #5603, .T. ) ;
#5691 = DIRECTION ( 'NONE',  ( 0.000000000000000000, 0.000000000000000000, 1.000000000000000000 ) ) ;
#5692 = CYLINDRICAL_SURFACE ( 'NONE', #2176, 1.500000000000001332 ) ;
#5693 = ORIENTED_EDGE ( 'NONE', *, *, #2644, .F. ) ;
#5694 = CARTESIAN_POINT ( 'NONE',  ( -18.91380884494807901, 4.040444544970647200, 26.77397846476551280 ) ) ;
#5695 = DIRECTION ( 'NONE',  ( -0.000000000000000000, -1.000000000000000000, -0.000000000000000000 ) ) ;
#5696 = VERTEX_POINT ( 'NONE', #4415 ) ;
#5697 = PLANE ( 'NONE',  #3574 ) ;
#5698 = FACE_OUTER_BOUND ( 'NONE', #4779, .T. ) ;
#5699 = CARTESIAN_POINT ( 'NONE',  ( 6.352138378250272055, -3.250000000000000000, -4.761230304006072167 ) ) ;
#5700 = EDGE_LOOP ( 'NONE', ( #6418, #3372, #5891, #6464 ) ) ;
#5701 = CARTESIAN_POINT ( 'NONE',  ( -32.69603967124039912, 15.76999999999944713, 4.947054229039999917 ) ) ;
#5702 = ORIENTED_EDGE ( 'NONE', *, *, #3408, .T. ) ;
#5703 = CIRCLE ( 'NONE', #3267, 2.420000000000002149 ) ;
#5704 = VERTEX_POINT ( 'NONE', #434 ) ;
#5705 = EDGE_CURVE ( 'NONE', #2424, #576, #4448, .T. ) ;
#5706 = VERTEX_POINT ( 'NONE', #6324 ) ;
#5707 = CARTESIAN_POINT ( 'NONE',  ( 3.647571787580841995, 5.875000000000003553, 3.269951672287242594 ) ) ;
#5708 = VECTOR ( 'NONE', #5475, 1000.000000000000000 ) ;
#5709 = CIRCLE ( 'NONE', #4660, 1.600000000000004086 ) ;
#5710 = FACE_OUTER_BOUND ( 'NONE', #5592, .T. ) ;
#5711 = ORIENTED_EDGE ( 'NONE', *, *, #6160, .F. ) ;
#5712 = DIRECTION ( 'NONE',  ( 0.000000000000000000, -1.000000000000000000, 0.000000000000000000 ) ) ;
#5713 = DIRECTION ( 'NONE',  ( 0.000000000000000000, 1.000000000000000000, 0.000000000000000000 ) ) ;
#5714 = ORIENTED_EDGE ( 'NONE', *, *, #6209, .F. ) ;
#5715 = EDGE_CURVE ( 'NONE', #2696, #4387, #6416, .T. ) ;
#5716 = EDGE_CURVE ( 'NONE', #4505, #5029, #3607, .T. ) ;
#5717 = VECTOR ( 'NONE', #5031, 1000.000000000000000 ) ;
#5718 = ADVANCED_FACE ( 'NONE', ( #5931 ), #2321, .F. ) ;
#5719 = CARTESIAN_POINT ( 'NONE',  ( -53.99344095995156323, 10.50000000000000000, 22.93434452200543205 ) ) ;
#5720 = LINE ( 'NONE', #5258, #3910 ) ;
#5721 = DIRECTION ( 'NONE',  ( -0.6540677456111221311, -0.7564359749186869708, -0.000000000000000000 ) ) ;
#5722 = EDGE_CURVE ( 'NONE', #4677, #4639, #5334, .T. ) ;
#5723 = ORIENTED_EDGE ( 'NONE', *, *, #5913, .F. ) ;
#5724 = CARTESIAN_POINT ( 'NONE',  ( -39.25872214769194812, 12.50000000000000000, 3.147054229040265660 ) ) ;
#5725 = CARTESIAN_POINT ( 'NONE',  ( -39.25872214768999413, 12.50000000000000000, 10.73705422903999995 ) ) ;
#5726 = CARTESIAN_POINT ( 'NONE',  ( -3.993315197171400488, 17.76999999999999602, 1.147054229040000317 ) ) ;
#5727 = CARTESIAN_POINT ( 'NONE',  ( -66.59445670572583253, 4.713004295695412793, -3.761230304006072167 ) ) ;
#5728 = VERTEX_POINT ( 'NONE', #4352 ) ;
#5729 = CARTESIAN_POINT ( 'NONE',  ( -53.99344095995156323, 10.50000000000000000, 22.93434452200543205 ) ) ;
#5730 = CARTESIAN_POINT ( 'NONE',  ( 6.352138378250272055, 10.50000000000000000, -4.761230304006072167 ) ) ;
#5731 = ORIENTED_EDGE ( 'NONE', *, *, #487, .T. ) ;
#5732 = CARTESIAN_POINT ( 'NONE',  ( -20.51893967301900190, 12.50000000000000178, 27.32705422903999803 ) ) ;
#5733 = CARTESIAN_POINT ( 'NONE',  ( -50.88856591388922368, 7.483490513531148913, 27.73876969599392694 ) ) ;
#5734 = CARTESIAN_POINT ( 'NONE',  ( -21.75872214769000124, 12.50000000000000000, 1.147054229039999873 ) ) ;
#5735 = CARTESIAN_POINT ( 'NONE',  ( 0.6632224411602795078, 5.875000000000003553, -0.3347076689173388298 ) ) ;
#5736 = ORIENTED_EDGE ( 'NONE', *, *, #6483, .F. ) ;
#5737 = ORIENTED_EDGE ( 'NONE', *, *, #4991, .F. ) ;
#5738 = ORIENTED_EDGE ( 'NONE', *, *, #4880, .T. ) ;
#5739 = DIRECTION ( 'NONE',  ( 0.000000000000000000, -1.000000000000000000, 0.000000000000000000 ) ) ;
#5740 = CARTESIAN_POINT ( 'NONE',  ( -50.38856591388922368, 7.983490513531148913, 26.71994397445526204 ) ) ;
#5741 = ORIENTED_EDGE ( 'NONE', *, *, #3060, .T. ) ;
#5742 = AXIS2_PLACEMENT_3D ( 'NONE', #6349, #2256, #1818 ) ;
#5743 = EDGE_CURVE ( 'NONE', #1309, #432, #4667, .T. ) ;
#5744 = CARTESIAN_POINT ( 'NONE',  ( -21.75872214769000124, 12.50000000000000000, 27.32705422903999803 ) ) ;
#5745 = FACE_OUTER_BOUND ( 'NONE', #1546, .T. ) ;
#5746 = EDGE_LOOP ( 'NONE', ( #5613, #6356, #1831, #6448 ) ) ;
#5747 = B_SPLINE_CURVE_WITH_KNOTS ( 'NONE', 3,
 ( #586, #3036, #1524, #1095 ),
 .UNSPECIFIED., .F., .F.,
 ( 4, 4 ),
 ( 0.000000000000000000, 1.000000000000000000 ),
 .UNSPECIFIED. ) ;
#5748 = CARTESIAN_POINT ( 'NONE',  ( -19.05990109359755635, 4.184876654430928156, 26.77397846476551280 ) ) ;
#5749 = ADVANCED_FACE ( 'NONE', ( #3843 ), #398, .T. ) ;
#5750 = DIRECTION ( 'NONE',  ( 0.000000000000000000, 0.000000000000000000, -1.000000000000000000 ) ) ;
#5751 = CARTESIAN_POINT ( 'NONE',  ( -54.49344095995157033, 5.875000000000003553, 3.284344522005432587 ) ) ;
#5752 = ORIENTED_EDGE ( 'NONE', *, *, #6520, .F. ) ;
#5753 = LINE ( 'NONE', #6152, #2185 ) ;
#5754 = CARTESIAN_POINT ( 'NONE',  ( -10.82140462413961934, 15.76999999999939917, 4.947054229039999917 ) ) ;
#5755 = CARTESIAN_POINT ( 'NONE',  ( -52.16103831765386190, 5.875000000000003553, 25.73876969599392694 ) ) ;
#5756 = ADVANCED_FACE ( 'NONE', ( #3442 ), #38, .F. ) ;
#5757 = CARTESIAN_POINT ( 'NONE',  ( 6.352138378250272055, -3.250000000000000000, 25.73876969599392694 ) ) ;
#5758 = ORIENTED_EDGE ( 'NONE', *, *, #2836, .T. ) ;
#5759 = CARTESIAN_POINT ( 'NONE',  ( -35.75872214768998703, 12.50000000000000178, 14.69520315768851582 ) ) ;
#5760 = CARTESIAN_POINT ( 'NONE',  ( -2.827916956681465699, 10.50000000000000000, 23.43434452200543205 ) ) ;
#5761 = AXIS2_PLACEMENT_3D ( 'NONE', #4516, #2489, #399 ) ;
#5762 = EDGE_CURVE ( 'NONE', #3926, #3947, #3017, .T. ) ;
#5763 = ORIENTED_EDGE ( 'NONE', *, *, #1286, .F. ) ;
#5764 = DIRECTION ( 'NONE',  ( -1.000000000000000000, -1.525498497872751877E-16, 0.000000000000000000 ) ) ;
#5765 = DIRECTION ( 'NONE',  ( 0.000000000000000000, 0.000000000000000000, 1.000000000000000000 ) ) ;
#5766 = APPLICATION_PROTOCOL_DEFINITION ( 'draft international standard', 'automotive_design', 1998, #2405 ) ;
#5767 = AXIS2_PLACEMENT_3D ( 'NONE', #1431, #6075, #3596 ) ;
#5768 = LINE ( 'NONE', #1247, #2492 ) ;
#5769 = ORIENTED_EDGE ( 'NONE', *, *, #2123, .F. ) ;
#5770 = LINE ( 'NONE', #1735, #1593 ) ;
#5771 = VERTEX_POINT ( 'NONE', #4515 ) ;
#5772 = EDGE_CURVE ( 'NONE', #5447, #5407, #1809, .T. ) ;
#5773 = ORIENTED_EDGE ( 'NONE', *, *, #2257, .F. ) ;
#5774 = ORIENTED_EDGE ( 'NONE', *, *, #3210, .F. ) ;
#5775 = DIRECTION ( 'NONE',  ( -0.000000000000000000, 1.000000000000000000, -0.000000000000000000 ) ) ;
#5776 = EDGE_CURVE ( 'NONE', #1031, #2424, #4573, .T. ) ;
#5777 = CARTESIAN_POINT ( 'NONE',  ( -61.54560449174972803, -3.250000000000000000, 25.73876969599392694 ) ) ;
#5778 = ORIENTED_EDGE ( 'NONE', *, *, #1346, .T. ) ;
#5779 = EDGE_LOOP ( 'NONE', ( #1009, #2479, #1414, #3613 ) ) ;
#5780 = AXIS2_PLACEMENT_3D ( 'NONE', #1455, #6312, #887 ) ;
#5781 = CARTESIAN_POINT ( 'NONE',  ( -61.54560449174972803, -3.250000000000000000, 25.73876969599392694 ) ) ;
#5782 = CARTESIAN_POINT ( 'NONE',  ( -9.280464726337173786, -3.250000000000000000, 25.73876969599392339 ) ) ;
#5783 = VECTOR ( 'NONE', #5302, 1000.000000000000000 ) ;
#5784 = DIRECTION ( 'NONE',  ( 0.000000000000000000, 0.8827689897251326245, 0.4698073123948461882 ) ) ;
#5785 = CARTESIAN_POINT ( 'NONE',  ( -39.29572938337270926, 7.983490513531148913, 26.71994397445526204 ) ) ;
#5786 = LINE ( 'NONE', #195, #4630 ) ;
#5787 = CIRCLE ( 'NONE', #3787, 3.350000000000002309 ) ;
#5788 = DIRECTION ( 'NONE',  ( 0.000000000000000000, -1.000000000000000000, 0.000000000000000000 ) ) ;
#5789 = EDGE_CURVE ( 'NONE', #1930, #2862, #3112, .T. ) ;
#5790 = DIRECTION ( 'NONE',  ( -1.000000000000000000, -0.000000000000000000, 0.000000000000000000 ) ) ;
#5791 = ORIENTED_EDGE ( 'NONE', *, *, #3448, .F. ) ;
#5792 = CARTESIAN_POINT ( 'NONE',  ( -6.058722147692000348, 17.76999999999999957, 6.747054229039999740 ) ) ;
#5793 = CARTESIAN_POINT ( 'NONE',  ( -46.63866157316878969, 10.50000000000000000, 0.5000000000000000000 ) ) ;
#5794 = ORIENTED_EDGE ( 'NONE', *, *, #5925, .F. ) ;
#5795 = ADVANCED_FACE ( 'NONE', ( #3083 ), #2090, .T. ) ;
#5796 = ADVANCED_FACE ( 'NONE', ( #1104 ), #6513, .F. ) ;
#5797 = DIRECTION ( 'NONE',  ( -0.000000000000000000, -0.000000000000000000, -1.000000000000000000 ) ) ;
#5798 = CARTESIAN_POINT ( 'NONE',  ( -39.25872214769000124, 13.59000000000000163, 25.32705422904000159 ) ) ;
#5799 = LINE ( 'NONE', #4449, #6496 ) ;
#5800 = EDGE_CURVE ( 'NONE', #5579, #2750, #5100, .T. ) ;
#5801 = CARTESIAN_POINT ( 'NONE',  ( -40.17483974294746929, 10.50000000000000178, 10.82814986070089525 ) ) ;
#5802 = ORIENTED_EDGE ( 'NONE', *, *, #909, .T. ) ;
#5803 = ORIENTED_EDGE ( 'NONE', *, *, #3539, .F. ) ;
#5804 = EDGE_CURVE ( 'NONE', #3952, #3241, #3611, .T. ) ;
#5805 = ORIENTED_EDGE ( 'NONE', *, *, #4362, .T. ) ;
#5806 = DIRECTION ( 'NONE',  ( 1.000000000000000000, 0.000000000000000000, 0.000000000000000000 ) ) ;
#5807 = PRODUCT_DEFINITION_CONTEXT ( 'detailed design', #5024, 'design' ) ;
#5808 = CARTESIAN_POINT ( 'NONE',  ( -54.49344095995157033, 0.000000000000000000, 0.000000000000000000 ) ) ;
#5809 = EDGE_LOOP ( 'NONE', ( #5413, #5143, #1106, #6069 ) ) ;
#5810 = ORIENTED_EDGE ( 'NONE', *, *, #2930, .F. ) ;
#5811 = AXIS2_PLACEMENT_3D ( 'NONE', #2355, #4968, #1307 ) ;
#5812 = VECTOR ( 'NONE', #2074, 1000.000000000000000 ) ;
#5813 = AXIS2_PLACEMENT_3D ( 'NONE', #3668, #1161, #1226 ) ;
#5814 = FACE_OUTER_BOUND ( 'NONE', #2560, .T. ) ;
#5815 = AXIS2_PLACEMENT_3D ( 'NONE', #3791, #4367, #5873 ) ;
#5816 = DIRECTION ( 'NONE',  ( 0.000000000000000000, 0.000000000000000000, -1.000000000000000000 ) ) ;
#5817 = DIRECTION ( 'NONE',  ( 0.000000000000000000, 1.000000000000000000, 0.000000000000000000 ) ) ;
#5818 = LINE ( 'NONE', #3297, #583 ) ;
#5819 = CIRCLE ( 'NONE', #5397, 2.420000000000000373 ) ;
#5820 = DIRECTION ( 'NONE',  ( 1.208718933646689929E-16, 0.000000000000000000, 1.000000000000000000 ) ) ;
#5822 = CARTESIAN_POINT ( 'NONE',  ( -20.19137825829315958, -3.250000000000000000, 27.73876969599392694 ) ) ;
#5821 = B_SPLINE_CURVE_WITH_KNOTS ( 'NONE', 3,
 ( #2344, #5884, #770, #6344 ),
 .UNSPECIFIED., .F., .F.,
 ( 4, 4 ),
 ( 0.000000000000000000, 1.000000000000000000 ),
 .UNSPECIFIED. ) ;
#5823 = ORIENTED_EDGE ( 'NONE', *, *, #5611, .T. ) ;
#5824 = CARTESIAN_POINT ( 'NONE',  ( -66.59445670572583253, 4.713004295695412793, -4.761230304006072167 ) ) ;
#5825 = EDGE_CURVE ( 'NONE', #5901, #5688, #1502, .T. ) ;
#5826 = AXIS2_PLACEMENT_3D ( 'NONE', #1635, #5172, #677 ) ;
#5827 = CARTESIAN_POINT ( 'NONE',  ( -39.25872214768999413, 15.76999999999999957, 3.147054229040000095 ) ) ;
#5828 = EDGE_CURVE ( 'NONE', #1970, #4727, #4046, .T. ) ;
#5829 = EDGE_LOOP ( 'NONE', ( #5072, #2918, #5467, #3456 ) ) ;
#5830 = ORIENTED_EDGE ( 'NONE', *, *, #1286, .T. ) ;
#5831 = CARTESIAN_POINT ( 'NONE',  ( -51.60056723113756760, 5.875000000000003553, 25.27883920486393521 ) ) ;
#5832 = B_SPLINE_CURVE_WITH_KNOTS ( 'NONE', 3,
 ( #4471, #6500, #6051, #1457 ),
 .UNSPECIFIED., .F., .F.,
 ( 4, 4 ),
 ( 0.000000000000000000, 1.000000000000000000 ),
 .UNSPECIFIED. ) ;
#5833 = CARTESIAN_POINT ( 'NONE',  ( -51.60056723113756760, 5.875000000000003553, 25.27883920486393521 ) ) ;
#5834 = CARTESIAN_POINT ( 'NONE',  ( -53.99344095995156323, 5.875000000000003553, 22.93434452200543205 ) ) ;
#5835 = ORIENTED_EDGE ( 'NONE', *, *, #1953, .F. ) ;
#5836 = CARTESIAN_POINT ( 'NONE',  ( -33.42538881435665843, 12.50000000000000000, 1.147054229039999873 ) ) ;
#5837 = ORIENTED_EDGE ( 'NONE', *, *, #1228, .F. ) ;
#5838 = EDGE_CURVE ( 'NONE', #403, #1206, #6122, .T. ) ;
#5839 = EDGE_LOOP ( 'NONE', ( #2516, #4429, #2959, #1897 ) ) ;
#5840 = VERTEX_POINT ( 'NONE', #1467 ) ;
#5841 = DIRECTION ( 'NONE',  ( 0.000000000000000000, 1.000000000000000000, 0.000000000000000000 ) ) ;
#5842 = VECTOR ( 'NONE', #5032, 1000.000000000000000 ) ;
#5843 = CARTESIAN_POINT ( 'NONE',  ( -7.858722147691995730, 17.10333333333333528, 4.947054229039999029 ) ) ;
#5844 = EDGE_LOOP ( 'NONE', ( #5414, #5736, #6038, #6057 ) ) ;
#5845 = ADVANCED_FACE ( 'NONE', ( #6060 ), #5628, .F. ) ;
#5846 = ORIENTED_EDGE ( 'NONE', *, *, #653, .F. ) ;
#5847 = FACE_OUTER_BOUND ( 'NONE', #1114, .T. ) ;
#5848 = DIRECTION ( 'NONE',  ( 0.000000000000000000, -1.000000000000000000, 0.000000000000000000 ) ) ;
#5849 = COLOUR_RGB ( '',0.7921568627450980005, 0.8196078431372548767, 0.9333333333333333481 ) ;
#5850 = DIRECTION ( 'NONE',  ( 0.000000000000000000, -1.000000000000000000, 2.200000000000000003E-16 ) ) ;
#5851 = DIRECTION ( 'NONE',  ( -0.7071067811865473507, -0.7071067811865477948, 0.000000000000000000 ) ) ;
#5852 = FILL_AREA_STYLE_COLOUR ( '', #1749 ) ;
#5853 = EDGE_LOOP ( 'NONE', ( #3859, #5483, #5133, #3319 ) ) ;
#5854 = CARTESIAN_POINT ( 'NONE',  ( -35.75872214768999413, 12.50000000000000000, 14.23705422904000173 ) ) ;
#5855 = LINE ( 'NONE', #3803, #1838 ) ;
#5856 = VERTEX_POINT ( 'NONE', #5131 ) ;
#5857 = EDGE_LOOP ( 'NONE', ( #5823, #5731, #238, #4495 ) ) ;
#5858 = PLANE ( 'NONE',  #4102 ) ;
#5859 = CARTESIAN_POINT ( 'NONE',  ( -50.38856591388922368, 4.466867144221085439, 26.71994397445526204 ) ) ;
#5860 = CARTESIAN_POINT ( 'NONE',  ( -21.75872214769000479, 12.49999999999999289, 1.813720895706670833 ) ) ;
#5861 = VERTEX_POINT ( 'NONE', #3478 ) ;
#5862 = CARTESIAN_POINT ( 'NONE',  ( -42.75872214769000124, 10.50000000000000000, 13.77890530039148231 ) ) ;
#5863 = ORIENTED_EDGE ( 'NONE', *, *, #6174, .T. ) ;
#5864 = CARTESIAN_POINT ( 'NONE',  ( -37.45872214768999697, 17.76999999999999957, 21.72705422903999661 ) ) ;
#5865 = VERTEX_POINT ( 'NONE', #4484 ) ;
#5866 = PRODUCT_DEFINITION_SHAPE ( 'NONE', 'NONE',  #6001 ) ;
#5867 = ORIENTED_EDGE ( 'NONE', *, *, #3360, .T. ) ;
#5868 = LINE ( 'NONE', #443, #3462 ) ;
#5869 = CIRCLE ( 'NONE', #2376, 2.420000000000002149 ) ;
#5870 = UNCERTAINTY_MEASURE_WITH_UNIT (LENGTH_MEASURE( 1.000000000000000082E-05 ), #1135, 'distance_accuracy_value', 'NONE');
#5871 = CARTESIAN_POINT ( 'NONE',  ( 14.02106672353487227, 8.757473573018954127, -6.761230304006072167 ) ) ;
#5872 = EDGE_CURVE ( 'NONE', #3411, #2467, #3580, .T. ) ;
#5873 = DIRECTION ( 'NONE',  ( 0.000000000000000000, 0.000000000000000000, 1.000000000000000000 ) ) ;
#5874 = VERTEX_POINT ( 'NONE', #1072 ) ;
#5875 = CIRCLE ( 'NONE', #4189, 0.5000000000000004441 ) ;
#5876 = ORIENTED_EDGE ( 'NONE', *, *, #2855, .T. ) ;
#5877 = EDGE_LOOP ( 'NONE', ( #4089, #20, #2297, #5112 ) ) ;
#5878 = ADVANCED_FACE ( 'NONE', ( #5568 ), #1955, .T. ) ;
#5879 = ADVANCED_FACE ( 'NONE', ( #4011 ), #1007, .F. ) ;
#5880 = EDGE_CURVE ( 'NONE', #2096, #4912, #4268, .T. ) ;
#5881 = FACE_OUTER_BOUND ( 'NONE', #4601, .T. ) ;
#5882 = CYLINDRICAL_SURFACE ( 'NONE', #3832, 2.000000000000001776 ) ;
#5883 = CARTESIAN_POINT ( 'NONE',  ( -42.75872214769000124, 12.50000000000000000, 14.23705422903999995 ) ) ;
#5884 = CARTESIAN_POINT ( 'NONE',  ( -33.68360049672333645, 15.76999999999999957, 23.52705422904000088 ) ) ;
#5885 = EDGE_CURVE ( 'NONE', #1905, #1799, #5439, .T. ) ;
#5886 = VECTOR ( 'NONE', #2169, 1000.000000000000000 ) ;
#5887 = DIRECTION ( 'NONE',  ( -0.7111357810794346479, 0.7030546926580766298, 0.000000000000000000 ) ) ;
#5888 = ORIENTED_EDGE ( 'NONE', *, *, #1160, .T. ) ;
#5889 = DIRECTION ( 'NONE',  ( 0.000000000000000000, 0.000000000000000000, 1.000000000000000000 ) ) ;
#5890 = CARTESIAN_POINT ( 'NONE',  ( 14.02106672353487227, 0.7130042956954123490, -6.761230304006072167 ) ) ;
#5891 = ORIENTED_EDGE ( 'NONE', *, *, #4433, .F. ) ;
#5892 = VERTEX_POINT ( 'NONE', #632 ) ;
#5893 = CIRCLE ( 'NONE', #6109, 4.000000000000003553 ) ;
#5894 = DIRECTION ( 'NONE',  ( 0.000000000000000000, 1.000000000000000000, 0.000000000000000000 ) ) ;
#5895 = CARTESIAN_POINT ( 'NONE',  ( -48.31535629077411897, 8.567453508431418285, 22.43434452200543205 ) ) ;
#5896 = CARTESIAN_POINT ( 'NONE',  ( -5.592055481025332675, 17.76999999999999602, 1.147054229040000317 ) ) ;
#5897 = EDGE_LOOP ( 'NONE', ( #2904, #4770, #1949, #4229, #3985, #5863, #359, #5506, #5612, #3887, #2928, #3086 ) ) ;
#5898 = CARTESIAN_POINT ( 'NONE',  ( -21.75872214769000124, 12.50000000000000000, 25.32705422904000159 ) ) ;
#5899 = ORIENTED_EDGE ( 'NONE', *, *, #2354, .F. ) ;
#5900 = DIRECTION ( 'NONE',  ( 0.000000000000000000, -2.200000000000000003E-16, -1.000000000000000000 ) ) ;
#5901 = VERTEX_POINT ( 'NONE', #3774 ) ;
#5902 = VERTEX_POINT ( 'NONE', #3677 ) ;
#5903 = CARTESIAN_POINT ( 'NONE',  ( 0.000000000000000000, 8.250000000000000000, 0.000000000000000000 ) ) ;
#5904 = DIRECTION ( 'NONE',  ( -0.000000000000000000, -0.000000000000000000, -1.000000000000000000 ) ) ;
#5905 = CARTESIAN_POINT ( 'NONE',  ( -21.75872214769000124, 12.50000000000000000, 3.147054229040000095 ) ) ;
#5906 = CARTESIAN_POINT ( 'NONE',  ( -35.65872214768999982, 17.10333333333333528, 23.52705422904000088 ) ) ;
#5907 = ORIENTED_EDGE ( 'NONE', *, *, #2406, .T. ) ;
#5908 = B_SPLINE_CURVE_WITH_KNOTS ( 'NONE', 3,
 ( #1761, #1732, #4801, #641 ),
 .UNSPECIFIED., .F., .F.,
 ( 4, 4 ),
 ( 0.000000000000000000, 1.000000000000000000 ),
 .UNSPECIFIED. ) ;
#5909 = EDGE_CURVE ( 'NONE', #3789, #1055, #3204, .T. ) ;
#5910 = VERTEX_POINT ( 'NONE', #3144 ) ;
#5911 = EDGE_CURVE ( 'NONE', #4334, #5494, #1204, .T. ) ;
#5912 = ORIENTED_EDGE ( 'NONE', *, *, #713, .T. ) ;
#5913 = EDGE_CURVE ( 'NONE', #3982, #4445, #596, .T. ) ;
#5914 = CARTESIAN_POINT ( 'NONE',  ( -7.858722147691999282, 17.76999999999999957, 23.52705422904000088 ) ) ;
#5915 = EDGE_CURVE ( 'NONE', #3241, #5840, #4127, .T. ) ;
#5916 = DIRECTION ( 'NONE',  ( 0.000000000000000000, 0.000000000000000000, 1.000000000000000000 ) ) ;
#5917 = CIRCLE ( 'NONE', #4447, 2.419999999999998597 ) ;
#5918 = CARTESIAN_POINT ( 'NONE',  ( -50.69154243331347942, 5.875000000000003553, 0.5000000000000000000 ) ) ;
#5919 = CIRCLE ( 'NONE', #314, 3.499999999999999556 ) ;
#5920 = CARTESIAN_POINT ( 'NONE',  ( -4.258722147691999638, 12.50000000000000000, 25.32705422904000159 ) ) ;
#5921 = VECTOR ( 'NONE', #5973, 1000.000000000000000 ) ;
#5922 = CARTESIAN_POINT ( 'NONE',  ( -35.65872214768999271, 17.76999999999999957, 23.52705422904000088 ) ) ;
#5923 = EDGE_LOOP ( 'NONE', ( #376, #5395, #6320, #3560, #1173, #4860 ) ) ;
#5924 = CARTESIAN_POINT ( 'NONE',  ( -32.69603967124039912, 15.76999999999944713, 25.32705422904000159 ) ) ;
#5925 = EDGE_CURVE ( 'NONE', #5968, #3609, #622, .T. ) ;
#5926 = PLANE ( 'NONE',  #2038 ) ;
#5927 = VERTEX_POINT ( 'NONE', #163 ) ;
#5928 = ORIENTED_EDGE ( 'NONE', *, *, #4814, .T. ) ;
#5929 = CIRCLE ( 'NONE', #121, 3.350000000000002309 ) ;
#5930 = CARTESIAN_POINT ( 'NONE',  ( -53.99344095995156323, 8.000000000000000000, 22.93434452200543205 ) ) ;
#5931 = FACE_OUTER_BOUND ( 'NONE', #346, .T. ) ;
#5932 = DIRECTION ( 'NONE',  ( 0.000000000000000000, -1.000000000000000000, 0.000000000000000000 ) ) ;
#5933 = ORIENTED_EDGE ( 'NONE', *, *, #6049, .F. ) ;
#5934 = CARTESIAN_POINT ( 'NONE',  ( -42.05755609608362988, 10.50000000000000000, 16.38796774895219954 ) ) ;
#5935 = DIRECTION ( 'NONE',  ( 0.000000000000000000, 0.000000000000000000, 1.000000000000000000 ) ) ;
#5936 = ORIENTED_EDGE ( 'NONE', *, *, #5073, .F. ) ;
#5937 = VERTEX_POINT ( 'NONE', #666 ) ;
#5938 = CARTESIAN_POINT ( 'NONE',  ( 6.352138378250272055, -3.250000000000000000, 27.73876969599392694 ) ) ;
#5939 = LINE ( 'NONE', #5971, #4353 ) ;
#5940 = LINE ( 'NONE', #3924, #5708 ) ;
#5941 = CARTESIAN_POINT ( 'NONE',  ( 5.838961682346135440, 5.875000000000003553, 25.73876969599392694 ) ) ;
#5942 = ORIENTED_EDGE ( 'NONE', *, *, #96, .F. ) ;
#5943 = EDGE_LOOP ( 'NONE', ( #5538, #3146, #933, #5482, #747, #2137, #4169, #3173 ) ) ;
#5944 = EDGE_LOOP ( 'NONE', ( #951, #1964, #749, #4315, #6466, #5301 ) ) ;
#5945 = DIRECTION ( 'NONE',  ( 0.000000000000000000, -1.000000000000000000, 2.200000000000000003E-16 ) ) ;
#5946 = EDGE_CURVE ( 'NONE', #5214, #4830, #1182, .T. ) ;
#5947 = AXIS2_PLACEMENT_3D ( 'NONE', #5193, #1129, #661 ) ;
#5948 = FACE_OUTER_BOUND ( 'NONE', #5857, .T. ) ;
#5949 = DIRECTION ( 'NONE',  ( 0.000000000000000000, 0.000000000000000000, 1.000000000000000000 ) ) ;
#5950 = CARTESIAN_POINT ( 'NONE',  ( -37.45872214768999697, 15.76999999999999957, 21.72705422903999661 ) ) ;
#5951 = DIRECTION ( 'NONE',  ( -1.000000000000000000, 5.209522807270858964E-16, -0.000000000000000000 ) ) ;
#5952 = EDGE_CURVE ( 'NONE', #3724, #2844, #1276, .T. ) ;
#5953 = DIRECTION ( 'NONE',  ( 0.000000000000000000, 0.000000000000000000, -1.000000000000000000 ) ) ;
#5954 = ORIENTED_EDGE ( 'NONE', *, *, #3158, .F. ) ;
#5955 = LINE ( 'NONE', #2977, #3503 ) ;
#5956 = DIRECTION ( 'NONE',  ( 0.000000000000000000, 0.000000000000000000, 1.000000000000000000 ) ) ;
#5957 = ORIENTED_EDGE ( 'NONE', *, *, #2191, .F. ) ;
#5958 = ORIENTED_EDGE ( 'NONE', *, *, #3423, .T. ) ;
#5959 = FACE_OUTER_BOUND ( 'NONE', #2016, .T. ) ;
#5960 = ADVANCED_FACE ( 'NONE', ( #4208 ), #196, .F. ) ;
#5961 = EDGE_CURVE ( 'NONE', #830, #522, #710, .T. ) ;
#5962 = ADVANCED_FACE ( 'NONE', ( #1265 ), #4247, .T. ) ;
#5963 = DIRECTION ( 'NONE',  ( 0.000000000000000000, -1.000000000000000000, 2.200000000000000003E-16 ) ) ;
#5964 = CARTESIAN_POINT ( 'NONE',  ( -57.30591737496195037, 5.875000000000003553, 22.43434452200543205 ) ) ;
#5965 = ORIENTED_EDGE ( 'NONE', *, *, #3283, .T. ) ;
#5966 = LINE ( 'NONE', #2986, #5511 ) ;
#5967 = CARTESIAN_POINT ( 'NONE',  ( 3.829467524857924854, 5.875000000000003553, 3.284309960526170524 ) ) ;
#5968 = VERTEX_POINT ( 'NONE', #6285 ) ;
#5969 = EDGE_LOOP ( 'NONE', ( #500, #3792, #3583, #5160, #5803, #5835, #41, #2416, #1355, #2871, #1771, #3528, #2665, #2240, #5249, #6072, #2210, #3976, #5769, #52, #2346, #412, #6465, #6330 ) ) ;
#5970 = DIRECTION ( 'NONE',  ( 0.000000000000000000, -0.8827689897251326245, -0.4698073123948461882 ) ) ;
#5971 = CARTESIAN_POINT ( 'NONE',  ( 0.6940826250380547346, 5.875000000000003553, 22.43434452200543205 ) ) ;
#5972 = DIRECTION ( 'NONE',  ( 0.000000000000000000, 0.000000000000000000, 1.000000000000000000 ) ) ;
#5973 = DIRECTION ( 'NONE',  ( -0.000000000000000000, 1.000000000000000000, -0.000000000000000000 ) ) ;
#5974 = ORIENTED_EDGE ( 'NONE', *, *, #5198, .T. ) ;
#5975 = VERTEX_POINT ( 'NONE', #2122 ) ;
#5976 = VECTOR ( 'NONE', #4670, 1000.000000000000000 ) ;
#5977 = EDGE_CURVE ( 'NONE', #4634, #1368, #4800, .T. ) ;
#5978 = EDGE_LOOP ( 'NONE', ( #437, #930, #3222, #1078 ) ) ;
#5979 = CARTESIAN_POINT ( 'NONE',  ( -42.75872214769000124, 12.50000000000000000, 14.23705422903999995 ) ) ;
#5980 = CIRCLE ( 'NONE', #4812, 1.350000000000000533 ) ;
#5981 = DIRECTION ( 'NONE',  ( 0.000000000000000000, 1.000000000000000000, 0.000000000000000000 ) ) ;
#5982 = DIRECTION ( 'NONE',  ( -1.000000000000000000, -0.000000000000000000, -0.000000000000000000 ) ) ;
#5983 = FACE_OUTER_BOUND ( 'NONE', #479, .T. ) ;
#5984 = CIRCLE ( 'NONE', #3133, 1.500000000000000000 ) ;
#5985 = CARTESIAN_POINT ( 'NONE',  ( -53.99344095995156323, 12.50000000000000000, -0.06565547799456880607 ) ) ;
#5986 = ORIENTED_EDGE ( 'NONE', *, *, #2151, .F. ) ;
#5987 = CARTESIAN_POINT ( 'NONE',  ( -6.058722147692000348, 16.43666666666666387, 21.72705422903999661 ) ) ;
#5988 = EDGE_CURVE ( 'NONE', #1019, #4567, #4145, .T. ) ;
#5989 = FACE_OUTER_BOUND ( 'NONE', #6065, .T. ) ;
#5990 = ORIENTED_EDGE ( 'NONE', *, *, #5281, .F. ) ;
#5991 = FACE_OUTER_BOUND ( 'NONE', #1345, .T. ) ;
#5992 = DIRECTION ( 'NONE',  ( 1.000000000000000000, 0.000000000000000000, 0.000000000000000000 ) ) ;
#5993 = EDGE_CURVE ( 'NONE', #3997, #644, #2990, .T. ) ;
#5994 = VECTOR ( 'NONE', #2571, 1000.000000000000000 ) ;
#5995 = DIRECTION ( 'NONE',  ( -0.000000000000000000, -0.000000000000000000, -1.000000000000000000 ) ) ;
#5996 = B_SPLINE_CURVE_WITH_KNOTS ( 'NONE', 3,
 ( #2656, #1660, #600, #3681 ),
 .UNSPECIFIED., .F., .F.,
 ( 4, 4 ),
 ( 0.000000000000000000, 1.000000000000000000 ),
 .UNSPECIFIED. ) ;
#5997 = DIRECTION ( 'NONE',  ( 0.000000000000000000, 0.000000000000000000, 1.000000000000000000 ) ) ;
#5998 = VERTEX_POINT ( 'NONE', #798 ) ;
#5999 = PLANE ( 'NONE',  #4561 ) ;
#6000 = LINE ( 'NONE', #1412, #3416 ) ;
#6001 = PRODUCT_DEFINITION ( 'UNKNOWN', '', #4858, #3350 ) ;
#6002 = AXIS2_PLACEMENT_3D ( 'NONE', #1663, #3183, #6227 ) ;
#6003 = EDGE_CURVE ( 'NONE', #1712, #3196, #1845, .T. ) ;
#6004 = ORIENTED_EDGE ( 'NONE', *, *, #1092, .F. ) ;
#6005 = VERTEX_POINT ( 'NONE', #6440 ) ;
#6006 = CARTESIAN_POINT ( 'NONE',  ( -53.49344095995156323, 5.875000000000003553, 3.284344522005432587 ) ) ;
#6007 = DIRECTION ( 'NONE',  ( 0.000000000000000000, -0.000000000000000000, 1.000000000000000000 ) ) ;
#6008 = AXIS2_PLACEMENT_3D ( 'NONE', #4636, #5065, #5627 ) ;
#6009 = FACE_OUTER_BOUND ( 'NONE', #5809, .T. ) ;
#6010 = CARTESIAN_POINT ( 'NONE',  ( 4.553332877239093968, 10.50000000000000000, 5.745289892734819048 ) ) ;
#6011 = ORIENTED_EDGE ( 'NONE', *, *, #4629, .F. ) ;
#6012 = ADVANCED_FACE ( 'NONE', ( #5385, #6376 ), #289, .T. ) ;
#6013 = EDGE_LOOP ( 'NONE', ( #449, #4279, #2400, #5278, #3839, #9, #3801, #380 ) ) ;
#6014 = ORIENTED_EDGE ( 'NONE', *, *, #2310, .T. ) ;
#6015 = LINE ( 'NONE', #2435, #2296 ) ;
#6016 = FACE_BOUND ( 'NONE', #1220, .T. ) ;
#6017 = DIRECTION ( 'NONE',  ( -0.000000000000000000, -0.000000000000000000, -1.000000000000000000 ) ) ;
#6018 = DIRECTION ( 'NONE',  ( -1.000000000000000000, 0.000000000000000000, 0.000000000000000000 ) ) ;
#6019 = DIRECTION ( 'NONE',  ( 0.000000000000000000, 0.000000000000000000, -1.000000000000000000 ) ) ;
#6020 = ORIENTED_EDGE ( 'NONE', *, *, #4192, .T. ) ;
#6021 = CARTESIAN_POINT ( 'NONE',  ( -50.38856591388922368, 7.983490513531148913, 27.73876969599392694 ) ) ;
#6022 = VECTOR ( 'NONE', #5589, 1000.000000000000000 ) ;
#6023 = LINE ( 'NONE', #1921, #2349 ) ;
#6024 = VERTEX_POINT ( 'NONE', #1397 ) ;
#6025 = VERTEX_POINT ( 'NONE', #4342 ) ;
#6026 = VECTOR ( 'NONE', #588, 1000.000000000000000 ) ;
#6027 = DIRECTION ( 'NONE',  ( 0.000000000000000000, -1.000000000000000000, 0.000000000000000000 ) ) ;
#6028 = VECTOR ( 'NONE', #4683, 1000.000000000000000 ) ;
#6029 = DIRECTION ( 'NONE',  ( 0.000000000000000000, -1.000000000000000000, 0.000000000000000000 ) ) ;
#6030 = EDGE_CURVE ( 'NONE', #492, #5975, #5821, .T. ) ;
#6031 = DIRECTION ( 'NONE',  ( -1.000000000000000000, -0.000000000000000000, -0.000000000000000000 ) ) ;
#6032 = VERTEX_POINT ( 'NONE', #1813 ) ;
#6033 = CYLINDRICAL_SURFACE ( 'NONE', #4198, 0.5000000000000004441 ) ;
#6034 = DIRECTION ( 'NONE',  ( 0.000000000000000000, 0.000000000000000000, -1.000000000000000000 ) ) ;
#6035 = CARTESIAN_POINT ( 'NONE',  ( 18.02106672353487227, 4.757473573018953239, -3.761230304006072167 ) ) ;
#6036 = CIRCLE ( 'NONE', #4861, 3.350000000000001421 ) ;
#6037 = VERTEX_POINT ( 'NONE', #2411 ) ;
#6038 = ORIENTED_EDGE ( 'NONE', *, *, #6092, .F. ) ;
#6039 = LINE ( 'NONE', #1511, #5683 ) ;
#6040 = VECTOR ( 'NONE', #5904, 1000.000000000000000 ) ;
#6041 = DIRECTION ( 'NONE',  ( 0.000000000000000000, -1.000000000000000000, 0.000000000000000000 ) ) ;
#6042 = DIRECTION ( 'NONE',  ( -0.000000000000000000, 1.000000000000000000, -0.000000000000000000 ) ) ;
#6043 = CARTESIAN_POINT ( 'NONE',  ( -54.49344095995157033, 10.50000000000000000, 16.15947316483460128 ) ) ;
#6044 = ORIENTED_EDGE ( 'NONE', *, *, #1121, .F. ) ;
#6045 = VECTOR ( 'NONE', #5788, 1000.000000000000000 ) ;
#6046 = ORIENTED_EDGE ( 'NONE', *, *, #5394, .F. ) ;
#6047 = ORIENTED_EDGE ( 'NONE', *, *, #2936, .T. ) ;
#6048 = DIRECTION ( 'NONE',  ( -0.000000000000000000, -0.000000000000000000, -1.000000000000000000 ) ) ;
#6049 = EDGE_CURVE ( 'NONE', #6267, #4217, #3399, .T. ) ;
#6050 = LINE ( 'NONE', #1520, #4128 ) ;
#6051 = CARTESIAN_POINT ( 'NONE',  ( -41.25872214768999413, 12.50000000000000000, 22.58781467012966715 ) ) ;
#6052 = CARTESIAN_POINT ( 'NONE',  ( -14.20209766559421105, 13.88773744163674984, 25.32705422904000514 ) ) ;
#6053 = DIRECTION ( 'NONE',  ( -0.000000000000000000, 1.000000000000000000, -0.000000000000000000 ) ) ;
#6054 = ORIENTED_EDGE ( 'NONE', *, *, #3193, .T. ) ;
#6055 = LINE ( 'NONE', #625, #6022 ) ;
#6056 = CARTESIAN_POINT ( 'NONE',  ( 0.000000000000000000, 10.50000000000000000, 25.32705422904026449 ) ) ;
#6057 = ORIENTED_EDGE ( 'NONE', *, *, #794, .T. ) ;
#6058 = CARTESIAN_POINT ( 'NONE',  ( -39.79572938337270926, 7.483490513531148913, 35.00000000000000000 ) ) ;
#6059 = DIRECTION ( 'NONE',  ( -1.000000000000000000, 0.000000000000000000, 0.000000000000000000 ) ) ;
#6060 = FACE_OUTER_BOUND ( 'NONE', #3150, .T. ) ;
#6061 = PRESENTATION_STYLE_ASSIGNMENT (( #6124 ) ) ;
#6062 = ORIENTED_EDGE ( 'NONE', *, *, #4032, .T. ) ;
#6063 = FACE_OUTER_BOUND ( 'NONE', #3096, .T. ) ;
#6064 = PLANE ( 'NONE',  #2998 ) ;
#6065 = EDGE_LOOP ( 'NONE', ( #3793, #5253, #4029, #4395 ) ) ;
#6066 = CARTESIAN_POINT ( 'NONE',  ( -21.75872214769000124, 12.50000000000000000, 1.147054229039999873 ) ) ;
#6067 = CARTESIAN_POINT ( 'NONE',  ( -8.846282973174666608, 15.77000000000000313, 23.52705422904000088 ) ) ;
#6068 = CARTESIAN_POINT ( 'NONE',  ( -27.59205548102333694, 12.50000000000000000, 27.32705422903999803 ) ) ;
#6069 = ORIENTED_EDGE ( 'NONE', *, *, #6194, .T. ) ;
#6070 = B_SPLINE_CURVE_WITH_KNOTS ( 'NONE', 3,
 ( #983, #110, #2993, #5013, #474, #5605, #2499, #542, #4524, #6523 ),
 .UNSPECIFIED., .F., .F.,
 ( 4, 2, 2, 2, 4 ),
 ( 0.000000000000000000, 0.2500000000000000000, 0.5000000000000000000, 0.7500000000000000000, 1.000000000000000000 ),
 .UNSPECIFIED. ) ;
#6071 = ORIENTED_EDGE ( 'NONE', *, *, #5946, .T. ) ;
#6072 = ORIENTED_EDGE ( 'NONE', *, *, #5913, .T. ) ;
#6073 = DIRECTION ( 'NONE',  ( -1.000000000000000000, 0.000000000000000000, 0.000000000000000000 ) ) ;
#6074 = ADVANCED_FACE ( 'NONE', ( #1916 ), #3935, .F. ) ;
#6075 = DIRECTION ( 'NONE',  ( -0.000000000000000000, 1.000000000000000000, 0.000000000000000000 ) ) ;
#6076 = CARTESIAN_POINT ( 'NONE',  ( -6.058722147692000348, 15.77000000000000313, 21.96555834207098101 ) ) ;
#6077 = VECTOR ( 'NONE', #2375, 1000.000000000000000 ) ;
#6078 = CARTESIAN_POINT ( 'NONE',  ( -50.38856591388922368, 7.483490513531148913, 35.00000000000000000 ) ) ;
#6079 = B_SPLINE_CURVE_WITH_KNOTS ( 'NONE', 3,
 ( #4057, #51, #6068, #511 ),
 .UNSPECIFIED., .F., .F.,
 ( 4, 4 ),
 ( 0.000000000000000000, 1.000000000000000000 ),
 .UNSPECIFIED. ) ;
#6080 = EDGE_CURVE ( 'NONE', #117, #3023, #6237, .T. ) ;
#6081 = EDGE_CURVE ( 'NONE', #3957, #3756, #2869, .T. ) ;
#6082 = ADVANCED_FACE ( 'NONE', ( #1883 ), #892, .T. ) ;
#6083 = CARTESIAN_POINT ( 'NONE',  ( -40.26596010843179840, 12.50000000000000178, 27.07462700574851411 ) ) ;
#6084 = LINE ( 'NONE', #997, #3702 ) ;
#6085 = EDGE_CURVE ( 'NONE', #701, #86, #4236, .T. ) ;
#6086 = CARTESIAN_POINT ( 'NONE',  ( -60.04560449174972803, 10.50000000000000000, -3.261230304006072611 ) ) ;
#6087 = FACE_OUTER_BOUND ( 'NONE', #646, .T. ) ;
#6088 = ADVANCED_BREP_SHAPE_REPRESENTATION ( '', ( #2078, #2036, #2754 ), #647 ) ;
#6089 = EDGE_LOOP ( 'NONE', ( #3993, #5711, #5437, #4618 ) ) ;
#6090 = EDGE_LOOP ( 'NONE', ( #2350, #3188, #3495, #5634 ) ) ;
#6091 = DIRECTION ( 'NONE',  ( -0.000000000000000000, -0.000000000000000000, -1.000000000000000000 ) ) ;
#6092 = EDGE_CURVE ( 'NONE', #835, #5371, #4792, .T. ) ;
#6093 = DIRECTION ( 'NONE',  ( -0.000000000000000000, 1.000000000000000000, -0.000000000000000000 ) ) ;
#6094 =( NAMED_UNIT ( * ) PLANE_ANGLE_UNIT ( ) SI_UNIT ( $, .RADIAN. ) );
#6095 = ORIENTED_EDGE ( 'NONE', *, *, #3016, .T. ) ;
#6096 = DIRECTION ( 'NONE',  ( -0.000000000000000000, -0.000000000000000000, 1.000000000000000000 ) ) ;
#6097 = SURFACE_STYLE_USAGE ( .BOTH. , #2222 ) ;
#6098 = VERTEX_POINT ( 'NONE', #4922 ) ;
#6099 = DIRECTION ( 'NONE',  ( -1.000000000000000000, 0.000000000000000000, 0.000000000000000000 ) ) ;
#6100 = DIRECTION ( 'NONE',  ( 0.000000000000000000, 0.000000000000000000, 1.000000000000000000 ) ) ;
#6101 =( NAMED_UNIT ( * ) PLANE_ANGLE_UNIT ( ) SI_UNIT ( $, .RADIAN. ) );
#6102 = CARTESIAN_POINT ( 'NONE',  ( -60.04560449174972803, -3.250000000000000000, -6.761230304006072167 ) ) ;
#6103 = CARTESIAN_POINT ( 'NONE',  ( -35.25872214769005097, 17.76999999999999957, 4.947054229039999917 ) ) ;
#6104 = EDGE_LOOP ( 'NONE', ( #2570, #148, #3269, #4397 ) ) ;
#6105 = CIRCLE ( 'NONE', #3569, 3.500000000000000000 ) ;
#6106 = ORIENTED_EDGE ( 'NONE', *, *, #339, .F. ) ;
#6107 = VERTEX_POINT ( 'NONE', #1430 ) ;
#6108 = CARTESIAN_POINT ( 'NONE',  ( -66.59445670572583253, 0.7130042956954123490, -6.761230304006072167 ) ) ;
#6109 = AXIS2_PLACEMENT_3D ( 'NONE', #5431, #433, #331 ) ;
#6110 = LINE ( 'NONE', #2938, #6294 ) ;
#6111 = EDGE_CURVE ( 'NONE', #1577, #3392, #2377, .T. ) ;
#6112 = LINE ( 'NONE', #6177, #1281 ) ;
#6113 = CARTESIAN_POINT ( 'NONE',  ( -41.25872214768999413, 17.76999999999999957, 25.32705422904000159 ) ) ;
#6114 = FACE_OUTER_BOUND ( 'NONE', #2980, .T. ) ;
#6115 = CARTESIAN_POINT ( 'NONE',  ( -53.99344095995156323, 8.000000000000000000, 2.354344522005431983 ) ) ;
#6116 = ADVANCED_FACE ( 'NONE', ( #4406 ), #5325, .T. ) ;
#6117 = DIRECTION ( 'NONE',  ( 0.000000000000000000, -2.200000000000000003E-16, -1.000000000000000000 ) ) ;
#6118 = CARTESIAN_POINT ( 'NONE',  ( -39.25872214768999413, 12.50000000000000000, 27.32705422903999803 ) ) ;
#6119 = EDGE_LOOP ( 'NONE', ( #2326, #4385, #2461, #2264 ) ) ;
#6120 = CARTESIAN_POINT ( 'NONE',  ( -11.99651859791752173, 7.159555455029352977, 26.77397846476551280 ) ) ;
#6121 = CARTESIAN_POINT ( 'NONE',  ( -2.258722147692000082, 17.76999999999999957, 3.147054229040000095 ) ) ;
#6122 = LINE ( 'NONE', #1533, #4363 ) ;
#6123 = ADVANCED_FACE ( 'NONE', ( #4852 ), #323, .T. ) ;
#6124 = SURFACE_STYLE_USAGE ( .BOTH. , #2653 ) ;
#6125 = ORIENTED_EDGE ( 'NONE', *, *, #5561, .F. ) ;
#6126 = LINE ( 'NONE', #2655, #2128 ) ;
#6127 = LINE ( 'NONE', #1600, #348 ) ;
#6128 = ORIENTED_EDGE ( 'NONE', *, *, #4104, .F. ) ;
#6129 = VECTOR ( 'NONE', #6499, 1000.000000000000000 ) ;
#6130 = DIRECTION ( 'NONE',  ( -1.000000000000000000, -0.000000000000000000, -0.000000000000000000 ) ) ;
#6131 = DIRECTION ( 'NONE',  ( 0.000000000000000000, -0.000000000000000000, 1.000000000000000000 ) ) ;
#6132 = VECTOR ( 'NONE', #605, 1000.000000000000000 ) ;
#6133 = DIRECTION ( 'NONE',  ( 0.000000000000000000, 1.000000000000000000, 0.000000000000000000 ) ) ;
#6134 = CARTESIAN_POINT ( 'NONE',  ( -37.41187296569297160, 15.77000000000000313, 6.275908037193296707 ) ) ;
#6135 = ORIENTED_EDGE ( 'NONE', *, *, #1346, .F. ) ;
#6136 = VECTOR ( 'NONE', #1835, 1000.000000000000000 ) ;
#6137 = B_SPLINE_CURVE_WITH_KNOTS ( 'NONE', 3,
 ( #1308, #838, #2848, #5305 ),
 .UNSPECIFIED., .F., .F.,
 ( 4, 4 ),
 ( 0.000000000000000000, 1.000000000000000000 ),
 .UNSPECIFIED. ) ;
#6138 = B_SPLINE_CURVE_WITH_KNOTS ( 'NONE', 3,
 ( #634, #3048, #597, #5067 ),
 .UNSPECIFIED., .F., .F.,
 ( 4, 4 ),
 ( 0.000000000000000000, 1.000000000000000000 ),
 .UNSPECIFIED. ) ;
#6139 = ORIENTED_EDGE ( 'NONE', *, *, #4143, .T. ) ;
#6140 = EDGE_LOOP ( 'NONE', ( #2823, #2729, #4060, #6421 ) ) ;
#6141 = CARTESIAN_POINT ( 'NONE',  ( -19.82907888305580713, 12.49999999999999112, 3.147054229040003204 ) ) ;
#6142 = CIRCLE ( 'NONE', #6343, 3.350000000000001421 ) ;
#6143 = CARTESIAN_POINT ( 'NONE',  ( 4.006559040048433218, 5.875000000000003553, 22.93434452200543205 ) ) ;
#6144 = VECTOR ( 'NONE', #5995, 1000.000000000000000 ) ;
#6145 = CARTESIAN_POINT ( 'NONE',  ( -53.49344095995156323, 10.50000000000000000, 19.62186810699505202 ) ) ;
#6146 = DIRECTION ( 'NONE',  ( 0.000000000000000000, -1.000000000000000000, 2.200000000000000003E-16 ) ) ;
#6147 = CARTESIAN_POINT ( 'NONE',  ( -61.54560449174972803, 10.50000000000000000, 25.73876969599392694 ) ) ;
#6148 = DIRECTION ( 'NONE',  ( 0.000000000000000000, -0.000000000000000000, 1.000000000000000000 ) ) ;
#6149 = PLANE ( 'NONE',  #5285 ) ;
#6150 = FACE_OUTER_BOUND ( 'NONE', #5517, .T. ) ;
#6151 = VERTEX_POINT ( 'NONE', #557 ) ;
#6152 = CARTESIAN_POINT ( 'NONE',  ( -10.79999054116380997, 8.250000000000000000, 26.77397846476551280 ) ) ;
#6153 = LINE ( 'NONE', #3044, #288 ) ;
#6154 = CARTESIAN_POINT ( 'NONE',  ( -35.25872214769000124, 17.77000000000000313, 26.06038756237333232 ) ) ;
#6155 = CARTESIAN_POINT ( 'NONE',  ( 6.352138378250272055, 10.50000000000000000, 25.73876969599392694 ) ) ;
#6156 = ORIENTED_EDGE ( 'NONE', *, *, #1983, .T. ) ;
#6157 = DIRECTION ( 'NONE',  ( 0.000000000000000000, 1.000000000000000000, 0.000000000000000000 ) ) ;
#6158 = LINE ( 'NONE', #2587, #2680 ) ;
#6159 = VERTEX_POINT ( 'NONE', #6115 ) ;
#6160 = EDGE_CURVE ( 'NONE', #6234, #1055, #3571, .T. ) ;
#6161 = EDGE_CURVE ( 'NONE', #3023, #117, #1695, .T. ) ;
#6162 = EDGE_CURVE ( 'NONE', #4928, #5902, #6084, .T. ) ;
#6163 = PLANE ( 'NONE',  #4831 ) ;
#6164 = CARTESIAN_POINT ( 'NONE',  ( 0.6765129202228187255, 5.875000000000003553, 0.3356941635148227299 ) ) ;
#6165 = CARTESIAN_POINT ( 'NONE',  ( 0.000000000000000000, 0.000000000000000000, 0.000000000000000000 ) ) ;
#6166 = LINE ( 'NONE', #6102, #4468 ) ;
#6167 = EDGE_CURVE ( 'NONE', #3540, #4985, #5027, .T. ) ;
#6168 = CARTESIAN_POINT ( 'NONE',  ( -21.38836543812355373, 8.250000000000000000, 25.73360027965844665 ) ) ;
#6169 = ORIENTED_EDGE ( 'NONE', *, *, #2635, .F. ) ;
#6170 = AXIS2_PLACEMENT_3D ( 'NONE', #1011, #2459, #2526 ) ;
#6171 = ORIENTED_EDGE ( 'NONE', *, *, #6279, .F. ) ;
#6172 = ORIENTED_EDGE ( 'NONE', *, *, #6209, .T. ) ;
#6173 = CARTESIAN_POINT ( 'NONE',  ( -37.45872214768999697, 17.76999999999999957, 6.747054229039999740 ) ) ;
#6174 = EDGE_CURVE ( 'NONE', #2019, #2612, #4971, .T. ) ;
#6175 = DIRECTION ( 'NONE',  ( 0.000000000000000000, 0.000000000000000000, -1.000000000000000000 ) ) ;
#6176 = ORIENTED_EDGE ( 'NONE', *, *, #3896, .T. ) ;
#6177 = CARTESIAN_POINT ( 'NONE',  ( -63.54560449174972803, -3.250000000000000000, 24.23876969599391984 ) ) ;
#6178 = DIRECTION ( 'NONE',  ( 1.000000000000000000, 0.000000000000000000, 0.000000000000000000 ) ) ;
#6179 = DIRECTION ( 'NONE',  ( 0.000000000000000000, 0.000000000000000000, 1.000000000000000000 ) ) ;
#6180 = FACE_OUTER_BOUND ( 'NONE', #6336, .T. ) ;
#6181 = CARTESIAN_POINT ( 'NONE',  ( 0.7046605134103508528, 5.875000000000003553, 0.4999999999999997780 ) ) ;
#6182 = ORIENTED_EDGE ( 'NONE', *, *, #4705, .F. ) ;
#6183 = DIRECTION ( 'NONE',  ( 1.000000000000000000, 0.000000000000000000, 0.000000000000000000 ) ) ;
#6184 = CIRCLE ( 'NONE', #3652, 2.419999999999998597 ) ;
#6185 = CARTESIAN_POINT ( 'NONE',  ( 12.97660255292402454, 4.735238934357184348, -3.761230304006072167 ) ) ;
#6186 = CARTESIAN_POINT ( 'NONE',  ( -2.657282994728500825, 17.76999999999999602, 1.920169259660153394 ) ) ;
#6187 = DIRECTION ( 'NONE',  ( 1.000000000000000000, 0.000000000000000000, 0.000000000000000000 ) ) ;
#6188 = ORIENTED_EDGE ( 'NONE', *, *, #3490, .F. ) ;
#6189 = CARTESIAN_POINT ( 'NONE',  ( -18.70837374726851721, 4.040444544970647200, 27.73876969599392694 ) ) ;
#6190 = ADVANCED_FACE ( 'NONE', ( #3470 ), #6504, .T. ) ;
#6191 = VECTOR ( 'NONE', #5326, 1000.000000000000000 ) ;
#6192 = CARTESIAN_POINT ( 'NONE',  ( 6.352138378250272055, -3.250000000000000000, 24.23876969599392694 ) ) ;
#6193 = VERTEX_POINT ( 'NONE', #5527 ) ;
#6194 = EDGE_CURVE ( 'NONE', #5728, #3996, #5590, .T. ) ;
#6195 = CARTESIAN_POINT ( 'NONE',  ( -35.25872214769005097, 17.76999999999999957, 1.147054229039999873 ) ) ;
#6196 = DIRECTION ( 'NONE',  ( 0.000000000000000000, -0.000000000000000000, 1.000000000000000000 ) ) ;
#6197 = DIRECTION ( 'NONE',  ( 0.000000000000000000, -0.000000000000000000, 1.000000000000000000 ) ) ;
#6198 = ORIENTED_EDGE ( 'NONE', *, *, #792, .T. ) ;
#6199 = CARTESIAN_POINT ( 'NONE',  ( 14.02106672353487227, 4.757473573018953239, -6.761230304006072167 ) ) ;
#6200 = ORIENTED_EDGE ( 'NONE', *, *, #2503, .T. ) ;
#6201 = EDGE_CURVE ( 'NONE', #2270, #3274, #6338, .T. ) ;
#6202 = EDGE_CURVE ( 'NONE', #1610, #5572, #3008, .T. ) ;
#6203 = EDGE_LOOP ( 'NONE', ( #1923, #1860, #2158, #1454 ) ) ;
#6204 = ORIENTED_EDGE ( 'NONE', *, *, #295, .F. ) ;
#6205 = LINE ( 'NONE', #1579, #1976 ) ;
#6206 = VECTOR ( 'NONE', #6219, 1000.000000000000000 ) ;
#6207 = CARTESIAN_POINT ( 'NONE',  ( -57.34344095995156465, 5.875000000000003553, 23.43434452200543205 ) ) ;
#6208 = ORIENTED_EDGE ( 'NONE', *, *, #4265, .F. ) ;
#6209 = EDGE_CURVE ( 'NONE', #6032, #3013, #3072, .T. ) ;
#6210 = CARTESIAN_POINT ( 'NONE',  ( 7.852138378250272943, -3.250000000000000000, 24.23876969599392694 ) ) ;
#6211 = DIRECTION ( 'NONE',  ( -0.000000000000000000, -0.000000000000000000, 1.000000000000000000 ) ) ;
#6212 = EDGE_LOOP ( 'NONE', ( #6004, #4522 ) ) ;
#6213 = AXIS2_PLACEMENT_3D ( 'NONE', #4457, #3418, #1932 ) ;
#6214 = CARTESIAN_POINT ( 'NONE',  ( 4.006559040048433218, 8.250000000000000000, 22.93434452200543205 ) ) ;
#6215 = CARTESIAN_POINT ( 'NONE',  ( -32.69603967124039912, 15.76999999999944713, 3.147054229040000095 ) ) ;
#6216 = CARTESIAN_POINT ( 'NONE',  ( -8.258722147691500481, 17.76999999999944890, 27.32705422903999803 ) ) ;
#6217 = VECTOR ( 'NONE', #3685, 1000.000000000000227 ) ;
#6218 = VERTEX_POINT ( 'NONE', #2514 ) ;
#6219 = DIRECTION ( 'NONE',  ( 0.000000000000000000, -1.000000000000000000, 0.000000000000000000 ) ) ;
#6220 = PLANE ( 'NONE',  #935 ) ;
#6221 = CARTESIAN_POINT ( 'NONE',  ( -3.738192908928001490, 17.76999999999999957, 1.197801207365813081 ) ) ;
#6222 = CARTESIAN_POINT ( 'NONE',  ( -7.858722147691999282, 12.50000000000000000, 23.52705422904000088 ) ) ;
#6223 = ORIENTED_EDGE ( 'NONE', *, *, #2532, .F. ) ;
#6224 = CARTESIAN_POINT ( 'NONE',  ( -6.058722147692000348, 17.76999999999999957, 21.72705422903999661 ) ) ;
#6225 = CARTESIAN_POINT ( 'NONE',  ( -4.258722147692003190, 14.25666666666666771, 1.147054229039999429 ) ) ;
#6226 = ORIENTED_EDGE ( 'NONE', *, *, #6279, .T. ) ;
#6227 = DIRECTION ( 'NONE',  ( 1.000000000000000000, 0.000000000000000000, 0.000000000000000000 ) ) ;
#6228 = EDGE_CURVE ( 'NONE', #3422, #4576, #6472, .T. ) ;
#6229 = CARTESIAN_POINT ( 'NONE',  ( -39.25872214769000124, 14.67999999999999794, 25.32705422904000159 ) ) ;
#6230 = DIRECTION ( 'NONE',  ( -1.000000000000000000, 0.000000000000000000, -0.000000000000000000 ) ) ;
#6231 = CARTESIAN_POINT ( 'NONE',  ( -35.65872214768999271, 15.76999999999999957, 4.947054229039999917 ) ) ;
#6232 = ORIENTED_EDGE ( 'NONE', *, *, #6167, .T. ) ;
#6233 = AXIS2_PLACEMENT_3D ( 'NONE', #1810, #766, #1323 ) ;
#6234 = VERTEX_POINT ( 'NONE', #5489 ) ;
#6235 = VERTEX_POINT ( 'NONE', #3037 ) ;
#6236 = CARTESIAN_POINT ( 'NONE',  ( -20.19137825829315602, 5.512278550188185910, 26.77397846476551280 ) ) ;
#6237 = CIRCLE ( 'NONE', #1801, 2.420000000000000817 ) ;
#6238 = ADVANCED_FACE ( 'NONE', ( #963 ), #4503, .T. ) ;
#6239 = CARTESIAN_POINT ( 'NONE',  ( -21.75872214769000124, 32.42627134724899918, 27.32705422903999803 ) ) ;
#6240 = ORIENTED_EDGE ( 'NONE', *, *, #1788, .T. ) ;
#6241 = CARTESIAN_POINT ( 'NONE',  ( -33.36525588758593130, 16.18182062135989341, 27.32705422904000159 ) ) ;
#6242 = CARTESIAN_POINT ( 'NONE',  ( -20.04290560462219517, 5.156710659648467754, 27.73876969599392694 ) ) ;
#6243 = ORIENTED_EDGE ( 'NONE', *, *, #5314, .F. ) ;
#6244 = AXIS2_PLACEMENT_3D ( 'NONE', #4452, #3915, #3953 ) ;
#6245 = EDGE_CURVE ( 'NONE', #4844, #4874, #5059, .T. ) ;
#6246 = AXIS2_PLACEMENT_3D ( 'NONE', #5399, #871, #2847 ) ;
#6247 = LINE ( 'NONE', #1649, #2648 ) ;
#6248 = EDGE_CURVE ( 'NONE', #4855, #1508, #2546, .T. ) ;
#6249 = DIRECTION ( 'NONE',  ( 0.000000000000000000, 0.000000000000000000, -1.000000000000000000 ) ) ;
#6250 = CARTESIAN_POINT ( 'NONE',  ( -2.310776794355370090, 12.50000000000000178, 25.85054999775855933 ) ) ;
#6251 = EDGE_LOOP ( 'NONE', ( #1997, #3109 ) ) ;
#6252 = LINE ( 'NONE', #3202, #5148 ) ;
#6253 = CARTESIAN_POINT ( 'NONE',  ( 4.006559040048433218, 8.000000000000000000, 24.28434452200542992 ) ) ;
#6254 = B_SPLINE_CURVE_WITH_KNOTS ( 'NONE', 3,
 ( #1756, #4285, #3778, #5792 ),
 .UNSPECIFIED., .F., .F.,
 ( 4, 4 ),
 ( 0.000000000000000000, 1.000000000000000000 ),
 .UNSPECIFIED. ) ;
#6255 = CARTESIAN_POINT ( 'NONE',  ( -2.512249424831466627, 17.76999999999999602, 2.136970179754726917 ) ) ;
#6256 = FACE_OUTER_BOUND ( 'NONE', #4746, .T. ) ;
#6257 = ORIENTED_EDGE ( 'NONE', *, *, #902, .F. ) ;
#6258 = PLANE ( 'NONE',  #4664 ) ;
#6259 = CARTESIAN_POINT ( 'NONE',  ( -6.058722147692000348, 15.76999999999999957, 21.72705422903999661 ) ) ;
#6260 = ORIENTED_EDGE ( 'NONE', *, *, #4273, .T. ) ;
#6261 = CARTESIAN_POINT ( 'NONE',  ( -13.22804947384475760, 4.040444544970648089, 35.00000000000000000 ) ) ;
#6262 = LINE ( 'NONE', #5242, #6453 ) ;
#6263 = APPLICATION_PROTOCOL_DEFINITION ( 'draft international standard', 'automotive_design', 1998, #2195 ) ;
#6264 = CARTESIAN_POINT ( 'NONE',  ( -51.60056723113756760, 8.000000000000000000, 22.57302012765626387 ) ) ;
#6265 = VERTEX_POINT ( 'NONE', #1062 ) ;
#6266 = DIRECTION ( 'NONE',  ( -0.000000000000000000, -1.000000000000000000, -0.000000000000000000 ) ) ;
#6267 = VERTEX_POINT ( 'NONE', #2975 ) ;
#6268 = ORIENTED_EDGE ( 'NONE', *, *, #2042, .T. ) ;
#6269 = AXIS2_PLACEMENT_3D ( 'NONE', #1262, #1775, #5816 ) ;
#6270 = ORIENTED_EDGE ( 'NONE', *, *, #5241, .F. ) ;
#6271 = CARTESIAN_POINT ( 'NONE',  ( -21.38836543812355373, -12.75000000000000000, 25.73360027965844665 ) ) ;
#6272 = LINE ( 'NONE', #684, #426 ) ;
#6273 = VERTEX_POINT ( 'NONE', #3508 ) ;
#6274 = ORIENTED_EDGE ( 'NONE', *, *, #5911, .T. ) ;
#6275 = ADVANCED_FACE ( 'NONE', ( #1717 ), #5156, .F. ) ;
#6276 = PLANE ( 'NONE',  #2749 ) ;
#6277 = PLANE ( 'NONE',  #960 ) ;
#6278 = EDGE_CURVE ( 'NONE', #5552, #6025, #3167, .T. ) ;
#6279 = EDGE_CURVE ( 'NONE', #1074, #3367, #125, .T. ) ;
#6280 = CARTESIAN_POINT ( 'NONE',  ( -3.029628707742170413, 12.50000000000000178, 26.92638791383636132 ) ) ;
#6281 = ORIENTED_EDGE ( 'NONE', *, *, #1509, .F. ) ;
#6282 = CYLINDRICAL_SURFACE ( 'NONE', #4528, 3.350000000000000533 ) ;
#6283 = CARTESIAN_POINT ( 'NONE',  ( -19.69137825829315602, 7.159555455029352977, 26.77397846476551280 ) ) ;
#6284 = ADVANCED_FACE ( 'NONE', ( #3228 ), #1617, .T. ) ;
#6285 = CARTESIAN_POINT ( 'NONE',  ( -39.25872214768999413, 12.50000000000000000, 25.32705422904000159 ) ) ;
#6286 = CARTESIAN_POINT ( 'NONE',  ( 14.02106672353487227, 4.757473573018953239, -3.761230304006072167 ) ) ;
#6287 = ORIENTED_EDGE ( 'NONE', *, *, #5390, .F. ) ;
#6288 = CARTESIAN_POINT ( 'NONE',  ( 4.006559040048433218, 12.50000000000000000, 22.93434452200543205 ) ) ;
#6289 = PLANE ( 'NONE',  #5223 ) ;
#6290 = VECTOR ( 'NONE', #3430, 1000.000000000000000 ) ;
#6291 = ORIENTED_EDGE ( 'NONE', *, *, #619, .F. ) ;
#6292 = CARTESIAN_POINT ( 'NONE',  ( -19.69137825829315602, 7.159555455029352977, 26.77397846476551280 ) ) ;
#6293 = CARTESIAN_POINT ( 'NONE',  ( -7.858722147691999282, 15.76999999999999957, 23.52705422904000088 ) ) ;
#6294 = VECTOR ( 'NONE', #5054, 1000.000000000000000 ) ;
#6295 = CARTESIAN_POINT ( 'NONE',  ( -34.34710314564185296, 16.93030099088181473, 1.147054229039999429 ) ) ;
#6296 = CARTESIAN_POINT ( 'NONE',  ( -53.99344095995156323, 8.000000000000000000, -2.485655477994569651 ) ) ;
#6297 = ORIENTED_EDGE ( 'NONE', *, *, #6081, .F. ) ;
#6298 = B_SPLINE_CURVE_WITH_KNOTS ( 'NONE', 3,
 ( #5454, #3328, #2935, #2444 ),
 .UNSPECIFIED., .F., .F.,
 ( 4, 4 ),
 ( 0.000000000000000000, 1.000000000000000000 ),
 .UNSPECIFIED. ) ;
#6299 = ORIENTED_EDGE ( 'NONE', *, *, #3242, .F. ) ;
#6300 = ORIENTED_EDGE ( 'NONE', *, *, #5429, .F. ) ;
#6301 = CARTESIAN_POINT ( 'NONE',  ( -67.07003059873778739, 4.735238934357180796, -3.761230304006072167 ) ) ;
#6302 = VECTOR ( 'NONE', #4372, 1000.000000000000000 ) ;
#6303 = FACE_OUTER_BOUND ( 'NONE', #3280, .T. ) ;
#6304 = ORIENTED_EDGE ( 'NONE', *, *, #2488, .T. ) ;
#6305 = EDGE_LOOP ( 'NONE', ( #1446, #4430, #1804, #3438, #1021, #147, #5246, #5008 ) ) ;
#6306 = VECTOR ( 'NONE', #2929, 1000.000000000000000 ) ;
#6307 = EDGE_CURVE ( 'NONE', #3814, #108, #3701, .T. ) ;
#6308 = CARTESIAN_POINT ( 'NONE',  ( -40.48781558763982957, 17.76999999999999957, 26.92638791383636132 ) ) ;
#6309 = CARTESIAN_POINT ( 'NONE',  ( -54.49344095995157033, 5.875000000000003553, 2.776420582063964471 ) ) ;
#6310 = VECTOR ( 'NONE', #4351, 1000.000000000000000 ) ;
#6311 = DIRECTION ( 'NONE',  ( -0.000000000000000000, 1.000000000000000000, -0.000000000000000000 ) ) ;
#6312 = DIRECTION ( 'NONE',  ( -0.000000000000000000, 1.000000000000000000, 0.000000000000000000 ) ) ;
#6313 = CARTESIAN_POINT ( 'NONE',  ( -10.82140462413999948, 15.76999999999999602, 3.747054229040000184 ) ) ;
#6314 = ADVANCED_FACE ( 'NONE', ( #5621 ), #2737, .F. ) ;
#6315 = AXIS2_PLACEMENT_3D ( 'NONE', #4045, #4108, #6059 ) ;
#6316 = DIRECTION ( 'NONE',  ( 0.000000000000000000, 1.000000000000000000, 0.000000000000000000 ) ) ;
#6317 = VERTEX_POINT ( 'NONE', #3635 ) ;
#6318 = DIRECTION ( 'NONE',  ( -1.000000000000000000, 0.000000000000000000, 0.000000000000000000 ) ) ;
#6319 = CARTESIAN_POINT ( 'NONE',  ( -66.59445670572583253, 8.717998577795750492, -3.761230304006072167 ) ) ;
#6320 = ORIENTED_EDGE ( 'NONE', *, *, #1742, .F. ) ;
#6321 = VERTEX_POINT ( 'NONE', #5684 ) ;
#6322 = CARTESIAN_POINT ( 'NONE',  ( -12.49651859791752351, 7.159555455029352977, 26.77397846476551280 ) ) ;
#6323 = EDGE_CURVE ( 'NONE', #4445, #1886, #2145, .T. ) ;
#6324 = CARTESIAN_POINT ( 'NONE',  ( 9.852138378250273831, -3.250000000000000000, 24.23876969599391984 ) ) ;
#6325 = ITEM_DEFINED_TRANSFORMATION ( 'NONE', 'NONE', #1492,  #2754 ) ;
#6326 = DIRECTION ( 'NONE',  ( 0.000000000000000000, -0.000000000000000000, 1.000000000000000000 ) ) ;
#6327 = CARTESIAN_POINT ( 'NONE',  ( -6.058722147692000348, 15.76999999999999602, 11.74038756237333381 ) ) ;
#6328 = ORIENTED_EDGE ( 'NONE', *, *, #5520, .F. ) ;
#6329 = ORIENTED_EDGE ( 'NONE', *, *, #4549, .F. ) ;
#6330 = ORIENTED_EDGE ( 'NONE', *, *, #2684, .T. ) ;
#6331 = DIRECTION ( 'NONE',  ( 0.000000000000000000, 1.000000000000000000, 0.000000000000000000 ) ) ;
#6332 = UNCERTAINTY_MEASURE_WITH_UNIT (LENGTH_MEASURE( 1.000000000000000082E-05 ), #2033, 'distance_accuracy_value', 'NONE');
#6333 = CARTESIAN_POINT ( 'NONE',  ( 4.006559040048433218, 5.875000000000003553, 24.28434452200542992 ) ) ;
#6334 = EDGE_LOOP ( 'NONE', ( #3031, #185, #934, #298 ) ) ;
#6335 = AXIS2_PLACEMENT_3D ( 'NONE', #3575, #3541, #2640 ) ;
#6336 = EDGE_LOOP ( 'NONE', ( #5837, #1677, #1927, #179, #920, #2168, #3893, #1653, #2597, #2697 ) ) ;
#6337 = VECTOR ( 'NONE', #4394, 1000.000000000000000 ) ;
#6338 = CIRCLE ( 'NONE', #3489, 2.420000000000002149 ) ;
#6339 = PLANE ( 'NONE',  #6233 ) ;
#6340 = CIRCLE ( 'NONE', #6244, 1.500000000000001332 ) ;
#6341 = CARTESIAN_POINT ( 'NONE',  ( -35.25872214769005097, 17.76999999999999957, 23.52705422904000088 ) ) ;
#6342 = LINE ( 'NONE', #1812, #1123 ) ;
#6343 = AXIS2_PLACEMENT_3D ( 'NONE', #535, #4607, #4675 ) ;
#6344 = CARTESIAN_POINT ( 'NONE',  ( -35.65872214768999271, 15.76999999999999957, 23.52705422904000088 ) ) ;
#6345 = DIRECTION ( 'NONE',  ( -0.000000000000000000, 0.000000000000000000, 1.000000000000000000 ) ) ;
#6346 = ORIENTED_EDGE ( 'NONE', *, *, #5611, .F. ) ;
#6347 = CARTESIAN_POINT ( 'NONE',  ( -2.258722147692000082, 17.76999999999999957, 3.147054229040000095 ) ) ;
#6348 = AXIS2_PLACEMENT_3D ( 'NONE', #2584, #6093, #3515 ) ;
#6349 = CARTESIAN_POINT ( 'NONE',  ( -48.31535629077411897, 8.567453508431418285, 23.43434452200543205 ) ) ;
#6350 = VERTEX_POINT ( 'NONE', #4165 ) ;
#6351 = ORIENTED_EDGE ( 'NONE', *, *, #17, .F. ) ;
#6352 = CARTESIAN_POINT ( 'NONE',  ( -8.258722147691500481, 17.76999999999944890, 4.947054229039999917 ) ) ;
#6353 = EDGE_CURVE ( 'NONE', #1239, #6193, #6247, .T. ) ;
#6354 = DIRECTION ( 'NONE',  ( -0.000000000000000000, -0.000000000000000000, 1.000000000000000000 ) ) ;
#6355 = CARTESIAN_POINT ( 'NONE',  ( -32.69603967124039912, 15.76999999999944713, 23.52705422904000088 ) ) ;
#6356 = ORIENTED_EDGE ( 'NONE', *, *, #5961, .T. ) ;
#6357 = CARTESIAN_POINT ( 'NONE',  ( 9.514416038418653798, 0.7524792909186129863, -4.761230304006072167 ) ) ;
#6358 = ORIENTED_EDGE ( 'NONE', *, *, #2676, .T. ) ;
#6359 = PLANE ( 'NONE',  #312 ) ;
#6360 = ADVANCED_FACE ( 'NONE', ( #730 ), #2638, .F. ) ;
#6361 = EDGE_CURVE ( 'NONE', #5182, #6265, #4693, .T. ) ;
#6362 = EDGE_CURVE ( 'NONE', #873, #3609, #1018, .T. ) ;
#6363 = ORIENTED_EDGE ( 'NONE', *, *, #947, .F. ) ;
#6364 = VERTEX_POINT ( 'NONE', #5649 ) ;
#6365 = DIRECTION ( 'NONE',  ( 0.000000000000000000, -1.000000000000000000, 2.200000000000000003E-16 ) ) ;
#6366 = CARTESIAN_POINT ( 'NONE',  ( -2.258722147692000082, 17.76999999999999957, 25.58885361683915249 ) ) ;
#6367 = ADVANCED_FACE ( 'NONE', ( #225 ), #1127, .F. ) ;
#6368 = DIRECTION ( 'NONE',  ( 1.000000000000000000, 0.000000000000000000, -0.000000000000000000 ) ) ;
#6369 = ORIENTED_EDGE ( 'NONE', *, *, #2592, .F. ) ;
#6370 = ORIENTED_EDGE ( 'NONE', *, *, #1404, .F. ) ;
#6371 = EDGE_CURVE ( 'NONE', #6024, #334, #2324, .T. ) ;
#6372 = DIRECTION ( 'NONE',  ( 0.000000000000000000, 1.000000000000000000, 0.000000000000000000 ) ) ;
#6373 = PLANE ( 'NONE',  #6269 ) ;
#6374 = CIRCLE ( 'NONE', #680, 3.499999999999999556 ) ;
#6375 = DIRECTION ( 'NONE',  ( -2.416395261410157149E-16, 0.000000000000000000, -1.000000000000000000 ) ) ;
#6376 = FACE_BOUND ( 'NONE', #3758, .T. ) ;
#6377 = LINE ( 'NONE', #6443, #3762 ) ;
#6378 = ORIENTED_EDGE ( 'NONE', *, *, #3129, .T. ) ;
#6379 = CARTESIAN_POINT ( 'NONE',  ( -2.258722147692000082, 14.25666666666666771, 3.147054229039999651 ) ) ;
#6380 = CARTESIAN_POINT ( 'NONE',  ( 14.02106672353487227, 4.713004295695412793, -3.761230304006072167 ) ) ;
#6381 = VERTEX_POINT ( 'NONE', #5748 ) ;
#6382 = ORIENTED_EDGE ( 'NONE', *, *, #5909, .F. ) ;
#6383 = DIRECTION ( 'NONE',  ( 1.000000000000000000, 0.000000000000000000, -0.000000000000000000 ) ) ;
#6384 = FACE_BOUND ( 'NONE', #4550, .T. ) ;
#6385 = EDGE_CURVE ( 'NONE', #1577, #4839, #2540, .T. ) ;
#6386 = CARTESIAN_POINT ( 'NONE',  ( -11.99651859791751818, -3.250000000000000000, 27.73876969599392694 ) ) ;
#6387 = ORIENTED_EDGE ( 'NONE', *, *, #2106, .F. ) ;
#6388 = DIRECTION ( 'NONE',  ( -0.000000000000000000, -1.000000000000000000, 0.000000000000000000 ) ) ;
#6389 = ORIENTED_EDGE ( 'NONE', *, *, #5023, .T. ) ;
#6390 = DIRECTION ( 'NONE',  ( 1.000000000000000000, 0.000000000000000000, -0.000000000000000000 ) ) ;
#6391 = EDGE_CURVE ( 'NONE', #2303, #5016, #2211, .T. ) ;
#6392 = ORIENTED_EDGE ( 'NONE', *, *, #707, .T. ) ;
#6393 = EDGE_LOOP ( 'NONE', ( #5362, #2857, #6527, #844, #3562, #5737, #4194, #1169, #6071, #304, #6529, #685 ) ) ;
#6394 = CARTESIAN_POINT ( 'NONE',  ( -39.29572938337270926, 7.983490513531148913, 35.00000000000000000 ) ) ;
#6395 = CARTESIAN_POINT ( 'NONE',  ( -4.258722147691999638, 12.50000000000000000, 3.147054229040000095 ) ) ;
#6396 = EDGE_CURVE ( 'NONE', #873, #839, #2193, .T. ) ;
#6397 = CARTESIAN_POINT ( 'NONE',  ( -61.54560449174972803, 7.983490513531148913, 27.73876969599392694 ) ) ;
#6398 = ORIENTED_EDGE ( 'NONE', *, *, #1789, .F. ) ;
#6399 = VECTOR ( 'NONE', #40, 1000.000000000000000 ) ;
#6400 = EDGE_LOOP ( 'NONE', ( #6020, #1109, #2646, #1603 ) ) ;
#6401 = ORIENTED_EDGE ( 'NONE', *, *, #4192, .F. ) ;
#6402 = EDGE_CURVE ( 'NONE', #1736, #4303, #1099, .T. ) ;
#6403 = CIRCLE ( 'NONE', #2505, 3.499999999999999556 ) ;
#6404 = CARTESIAN_POINT ( 'NONE',  ( -39.25872214769194812, 10.50000000000000000, 3.147054229040265660 ) ) ;
#6405 = CARTESIAN_POINT ( 'NONE',  ( -39.78221791640855542, 17.77000000000000668, 1.199108875703368549 ) ) ;
#6406 = CARTESIAN_POINT ( 'NONE',  ( -42.10122215060022910, 12.49999999999999822, 12.11916319406498310 ) ) ;
#6407 = DIRECTION ( 'NONE',  ( 0.000000000000000000, -0.000000000000000000, -1.000000000000000000 ) ) ;
#6408 = CARTESIAN_POINT ( 'NONE',  ( -35.52538881435666696, 17.77000000000000313, 23.52705422904000088 ) ) ;
#6409 = ORIENTED_EDGE ( 'NONE', *, *, #6162, .F. ) ;
#6410 = DIRECTION ( 'NONE',  ( -1.000000000000000000, -0.000000000000000000, -0.000000000000000000 ) ) ;
#6411 = DIRECTION ( 'NONE',  ( 0.000000000000000000, -1.000000000000000000, 0.000000000000000000 ) ) ;
#6412 = ORIENTED_EDGE ( 'NONE', *, *, #3573, .T. ) ;
#6413 = ORIENTED_EDGE ( 'NONE', *, *, #6371, .F. ) ;
#6414 = VECTOR ( 'NONE', #6130, 1000.000000000000000 ) ;
#6415 = CARTESIAN_POINT ( 'NONE',  ( -35.65872214768999271, 17.76999999999999957, 4.947054229039999917 ) ) ;
#6416 = LINE ( 'NONE', #4833, #2955 ) ;
#6417 = PLANE ( 'NONE',  #907 ) ;
#6418 = ORIENTED_EDGE ( 'NONE', *, *, #4272, .F. ) ;
#6419 = CARTESIAN_POINT ( 'NONE',  ( -42.75872214769000124, 10.49999999999999645, 14.69520315768850693 ) ) ;
#6420 = CYLINDRICAL_SURFACE ( 'NONE', #1523, 3.500000000000000000 ) ;
#6421 = ORIENTED_EDGE ( 'NONE', *, *, #5539, .T. ) ;
#6422 = ADVANCED_FACE ( 'NONE', ( #1901 ), #3891, .T. ) ;
#6423 = ORIENTED_EDGE ( 'NONE', *, *, #4954, .F. ) ;
#6424 = CARTESIAN_POINT ( 'NONE',  ( -10.79999054116380997, 8.250000000000000000, 25.73876969599392694 ) ) ;
#6425 = CARTESIAN_POINT ( 'NONE',  ( -32.69603967124039912, 15.76999999999944713, 3.147054229040000095 ) ) ;
#6426 = DIRECTION ( 'NONE',  ( 0.000000000000000000, 1.000000000000000000, 0.000000000000000000 ) ) ;
#6427 = CARTESIAN_POINT ( 'NONE',  ( -46.63866157316878969, 10.50000000000000000, -0.5000000000000000000 ) ) ;
#6428 = VERTEX_POINT ( 'NONE', #5905 ) ;
#6429 = ORIENTED_EDGE ( 'NONE', *, *, #5073, .T. ) ;
#6430 = EDGE_CURVE ( 'NONE', #4267, #576, #917, .T. ) ;
#6431 = VERTEX_POINT ( 'NONE', #1450 ) ;
#6432 = CARTESIAN_POINT ( 'NONE',  ( -41.71950823699796018, 12.50000000000000000, 16.78848530301411301 ) ) ;
#6433 = CARTESIAN_POINT ( 'NONE',  ( -7.858722147691999282, 16.43666666666666387, 23.52705422903999732 ) ) ;
#6434 = DIRECTION ( 'NONE',  ( 0.000000000000000000, 0.000000000000000000, -1.000000000000000000 ) ) ;
#6435 = ADVANCED_FACE ( 'NONE', ( #6009 ), #4980, .T. ) ;
#6436 = EDGE_CURVE ( 'NONE', #5117, #4381, #5286, .T. ) ;
#6437 = VECTOR ( 'NONE', #4436, 1000.000000000000000 ) ;
#6438 = DIRECTION ( 'NONE',  ( -0.000000000000000000, -0.000000000000000000, -1.000000000000000000 ) ) ;
#6439 = AXIS2_PLACEMENT_3D ( 'NONE', #2889, #4910, #2772 ) ;
#6440 = CARTESIAN_POINT ( 'NONE',  ( -60.04560449174972803, 10.50000000000000178, 0.5000000000000000000 ) ) ;
#6441 = EDGE_CURVE ( 'NONE', #5892, #4480, #5919, .T. ) ;
#6442 = AXIS2_PLACEMENT_3D ( 'NONE', #678, #573, #2595 ) ;
#6443 = CARTESIAN_POINT ( 'NONE',  ( -36.82832474990054550, 21.75138640554862590, 27.73876969599392694 ) ) ;
#6444 = EDGE_LOOP ( 'NONE', ( #4301, #728, #3256, #1003 ) ) ;
#6445 = B_SPLINE_CURVE_WITH_KNOTS ( 'NONE', 3,
 ( #5556, #92, #5648, #2637, #1125, #2109, #5155, #4134, #3634, #3137 ),
 .UNSPECIFIED., .F., .F.,
 ( 4, 2, 2, 2, 4 ),
 ( 0.5000000000000000000, 0.6250000000000000000, 0.7500000000000000000, 0.8750000000000000000, 1.000000000000000000 ),
 .UNSPECIFIED. ) ;
#6446 = CARTESIAN_POINT ( 'NONE',  ( -6.058722147692000348, 17.76999999999999957, 21.72705422903999661 ) ) ;
#6447 = CARTESIAN_POINT ( 'NONE',  ( 0.000000000000000000, 12.50000000000000000, 27.73876969599392694 ) ) ;
#6448 = ORIENTED_EDGE ( 'NONE', *, *, #1006, .F. ) ;
#6449 = VERTEX_POINT ( 'NONE', #2994 ) ;
#6450 = AXIS2_PLACEMENT_3D ( 'NONE', #2558, #4317, #236 ) ;
#6451 = DIRECTION ( 'NONE',  ( -0.000000000000000000, -0.000000000000000000, 1.000000000000000000 ) ) ;
#6452 = DIRECTION ( 'NONE',  ( 0.000000000000000000, -1.000000000000000000, 2.200000000000000003E-16 ) ) ;
#6453 = VECTOR ( 'NONE', #2722, 1000.000000000000114 ) ;
#6454 = LINE ( 'NONE', #5499, #5026 ) ;
#6455 = ORIENTED_EDGE ( 'NONE', *, *, #2674, .T. ) ;
#6456 = CARTESIAN_POINT ( 'NONE',  ( -41.25872214768999413, 12.50000000000000000, 17.10933555230900183 ) ) ;
#6457 = DIRECTION ( 'NONE',  ( 0.000000000000000000, 0.000000000000000000, 1.000000000000000000 ) ) ;
#6458 = VERTEX_POINT ( 'NONE', #882 ) ;
#6459 = ORIENTED_EDGE ( 'NONE', *, *, #5624, .F. ) ;
#6460 = FACE_OUTER_BOUND ( 'NONE', #180, .T. ) ;
#6461 = LINE ( 'NONE', #4908, #4661 ) ;
#6462 = CARTESIAN_POINT ( 'NONE',  ( -39.25872214768999413, 15.76999999999999957, 3.147054229040000095 ) ) ;
#6463 = DIRECTION ( 'NONE',  ( 0.000000000000000000, 0.000000000000000000, 1.000000000000000000 ) ) ;
#6464 = ORIENTED_EDGE ( 'NONE', *, *, #487, .F. ) ;
#6465 = ORIENTED_EDGE ( 'NONE', *, *, #1480, .F. ) ;
#6466 = ORIENTED_EDGE ( 'NONE', *, *, #290, .T. ) ;
#6467 = CYLINDRICAL_SURFACE ( 'NONE', #3346, 2.000000000000000000 ) ;
#6468 = CARTESIAN_POINT ( 'NONE',  ( -53.99344095995156323, 5.875000000000003553, 22.93434452200543205 ) ) ;
#6469 = CARTESIAN_POINT ( 'NONE',  ( -39.29572938337270926, 7.483490513531148913, 26.71994397445526204 ) ) ;
#6470 = EDGE_CURVE ( 'NONE', #1970, #3926, #4850, .T. ) ;
#6471 = LINE ( 'NONE', #5419, #59 ) ;
#6472 = LINE ( 'NONE', #1945, #5287 ) ;
#6473 = ADVANCED_FACE ( 'NONE', ( #4304 ), #949, .F. ) ;
#6474 = ORIENTED_EDGE ( 'NONE', *, *, #825, .F. ) ;
#6475 = ADVANCED_FACE ( 'NONE', ( #1260 ), #6276, .T. ) ;
#6476 = CARTESIAN_POINT ( 'NONE',  ( -50.68096454494118319, 8.750000000000000000, 23.43434452200543205 ) ) ;
#6477 = CARTESIAN_POINT ( 'NONE',  ( -35.65872214768999271, 17.76999999999999957, 23.52705422904000088 ) ) ;
#6478 = ORIENTED_EDGE ( 'NONE', *, *, #3005, .T. ) ;
#6479 = ORIENTED_EDGE ( 'NONE', *, *, #3172, .T. ) ;
#6480 = DIRECTION ( 'NONE',  ( -0.000000000000000000, -0.000000000000000000, -1.000000000000000000 ) ) ;
#6481 = EDGE_CURVE ( 'NONE', #4009, #783, #755, .T. ) ;
#6482 = CARTESIAN_POINT ( 'NONE',  ( 0.000000000000000000, 8.750000000000000000, 23.43434452200543205 ) ) ;
#6483 = EDGE_CURVE ( 'NONE', #5371, #4610, #5940, .T. ) ;
#6484 = DIRECTION ( 'NONE',  ( 0.6545987384327839331, 0.7559765152716106940, 0.000000000000000000 ) ) ;
#6485 = ORIENTED_EDGE ( 'NONE', *, *, #6391, .F. ) ;
#6486 = DIRECTION ( 'NONE',  ( -0.000000000000000000, -1.000000000000000000, -0.000000000000000000 ) ) ;
#6487 = DIRECTION ( 'NONE',  ( 0.000000000000000000, -1.000000000000000000, 2.200000000000000003E-16 ) ) ;
#6488 = VERTEX_POINT ( 'NONE', #1968 ) ;
#6489 = ORIENTED_EDGE ( 'NONE', *, *, #1203, .T. ) ;
#6490 = PLANE ( 'NONE',  #5363 ) ;
#6491 = CARTESIAN_POINT ( 'NONE',  ( 16.17660255292402738, 4.735238934357184348, -3.761230304006072167 ) ) ;
#6492 = CARTESIAN_POINT ( 'NONE',  ( -39.52052153548914504, 17.76999999999999957, 27.32705422903999448 ) ) ;
#6493 = CARTESIAN_POINT ( 'NONE',  ( -61.54560449174972803, -3.250000000000000000, -4.761230304006072167 ) ) ;
#6494 = VERTEX_POINT ( 'NONE', #6462 ) ;
#6495 = ORIENTED_EDGE ( 'NONE', *, *, #209, .T. ) ;
#6496 = VECTOR ( 'NONE', #2455, 1000.000000000000000 ) ;
#6497 = ORIENTED_EDGE ( 'NONE', *, *, #4700, .T. ) ;
#6498 = CARTESIAN_POINT ( 'NONE',  ( -53.49344095995156323, 5.875000000000003553, 3.284344522005432587 ) ) ;
#6499 = DIRECTION ( 'NONE',  ( 0.000000000000000000, 1.000000000000000000, 0.000000000000000000 ) ) ;
#6500 = CARTESIAN_POINT ( 'NONE',  ( -41.25872214768999413, 12.50000000000000000, 19.84857511121933271 ) ) ;
#6501 = ADVANCED_FACE ( 'NONE', ( #1419, #4786, #3420, #5443 ), #2956, .F. ) ;
#6502 = DIRECTION ( 'NONE',  ( 6.186460420561288263E-17, -3.480583175594251401E-32, 1.000000000000000000 ) ) ;
#6503 = VECTOR ( 'NONE', #5784, 1000.000000000000000 ) ;
#6504 = CYLINDRICAL_SURFACE ( 'NONE', #4657, 2.000000000000000000 ) ;
#6505 = EDGE_LOOP ( 'NONE', ( #231, #2138, #1825, #4051 ) ) ;
#6506 = CARTESIAN_POINT ( 'NONE',  ( -53.49344095995156323, 5.875000000000003553, 3.246820937015809427 ) ) ;
#6507 = PLANE ( 'NONE',  #3099 ) ;
#6508 = ORIENTED_EDGE ( 'NONE', *, *, #3623, .F. ) ;
#6509 = ORIENTED_EDGE ( 'NONE', *, *, #1401, .T. ) ;
#6510 = EDGE_CURVE ( 'NONE', #3526, #6024, #1935, .T. ) ;
#6511 = DIRECTION ( 'NONE',  ( 0.000000000000000000, 1.000000000000000000, 0.000000000000000000 ) ) ;
#6512 = VECTOR ( 'NONE', #5553, 1000.000000000000000 ) ;
#6513 = CYLINDRICAL_SURFACE ( 'NONE', #6348, 1.350000000000000533 ) ;
#6514 = CARTESIAN_POINT ( 'NONE',  ( 2.174156397750730996, 10.50000000000000000, 25.73876969599392694 ) ) ;
#6515 = EDGE_LOOP ( 'NONE', ( #6243, #340, #5667, #4915 ) ) ;
#6516 = CARTESIAN_POINT ( 'NONE',  ( -41.25872214768999413, 12.50000000000000000, 13.27962712128366540 ) ) ;
#6517 = CARTESIAN_POINT ( 'NONE',  ( 4.372648506378346234, 12.50000000000000000, 6.828908360124231081 ) ) ;
#6518 = VECTOR ( 'NONE', #4771, 1000.000000000000000 ) ;
#6519 = ORIENTED_EDGE ( 'NONE', *, *, #1153, .F. ) ;
#6520 = EDGE_CURVE ( 'NONE', #4125, #5043, #510, .T. ) ;
#6521 = ORIENTED_EDGE ( 'NONE', *, *, #4231, .F. ) ;
#6522 = CARTESIAN_POINT ( 'NONE',  ( -21.75872214769000479, 12.50000000000000000, 25.99372089570666589 ) ) ;
#6523 = CARTESIAN_POINT ( 'NONE',  ( -41.25872214768999413, 12.50000000000000000, 3.147054229040000095 ) ) ;
#6524 = B_SPLINE_CURVE_WITH_KNOTS ( 'NONE', 3,
 ( #5744, #726, #4871, #876, #5220, #186, #1189, #6241, #337, #2883 ),
 .UNSPECIFIED., .F., .F.,
 ( 4, 2, 2, 2, 4 ),
 ( 0.000000000000000000, 0.2500000000000002776, 0.5000000000000005551, 0.7500000000000001110, 1.000000000000000000 ),
 .UNSPECIFIED. ) ;
#6525 = EDGE_CURVE ( 'NONE', #1271, #471, #2000, .T. ) ;
#6526 = FACE_OUTER_BOUND ( 'NONE', #1939, .T. ) ;
#6527 = ORIENTED_EDGE ( 'NONE', *, *, #916, .T. ) ;
#6528 = ORIENTED_EDGE ( 'NONE', *, *, #4556, .T. ) ;
#6529 = ORIENTED_EDGE ( 'NONE', *, *, #5418, .T. ) ;
#6530 = CARTESIAN_POINT ( 'NONE',  ( -53.49344095995156323, 5.875000000000003553, 3.284344522005432587 ) ) ;
#6531 = B_SPLINE_CURVE_WITH_KNOTS ( 'NONE', 3,
 ( #4404, #4958, #2806, #4373, #4820, #5324 ),
 .UNSPECIFIED., .F., .F.,
 ( 4, 2, 4 ),
 ( 0.000000000000000000, 0.5000000000000000000, 1.000000000000000000 ),
 .UNSPECIFIED. ) ;
#6532 = DIRECTION ( 'NONE',  ( 0.000000000000000000, -0.000000000000000000, 1.000000000000000000 ) ) ;
#6533 = LINE ( 'NONE', #4920, #4405 ) ;
#6534 = CARTESIAN_POINT ( 'NONE',  ( -39.25872214768999413, 12.50000000000000000, 27.32705422903999803 ) ) ;
#6535 = CARTESIAN_POINT ( 'NONE',  ( -15.66704148699919408, 13.41359014195848687, 1.147054229039999651 ) ) ;
#6536 = EDGE_LOOP ( 'NONE', ( #4184, #5763, #5846, #6169 ) ) ;
#6537 = CARTESIAN_POINT ( 'NONE',  ( -6.417354995902298853, 17.76999999999999602, 5.642733982001008286 ) ) ;
#6538 = VECTOR ( 'NONE', #5646, 1000.000000000000000 ) ;
#6539 = CARTESIAN_POINT ( 'NONE',  ( -53.99344095995156323, 5.875000000000003553, -0.06565547799456880607 ) ) ;
#6540 = ORIENTED_EDGE ( 'NONE', *, *, #5988, .T. ) ;
#6541 = DIRECTION ( 'NONE',  ( 0.000000000000000000, 0.000000000000000000, 1.000000000000000000 ) ) ;
#6542 = NEXT_ASSEMBLY_USAGE_OCCURRENCE ( 'NAUO1', ' ', ' ', #1630, #2478, $ ) ;
#6543 = NEXT_ASSEMBLY_USAGE_OCCURRENCE ( 'NAUO2', ' ', ' ', #1630, #6001, $ ) ;
ENDSEC;
END-ISO-10303-21;
