ISO-10303-21;
HEADER;
FILE_DESCRIPTION (( 'STEP AP214' ),
    '1' );
FILE_NAME ('TOP_CASE_291024.STEP',
    '2024-10-29T22:46:31',
    ( '' ),
    ( '' ),
    'SwSTEP 2.0',
    'SolidWorks 2023',
    '' );
FILE_SCHEMA (( 'AUTOMOTIVE_DESIGN' ));
ENDSEC;

DATA;
#1 = LINE ( 'NONE', #5522, #2899 ) ;
#2 = CARTESIAN_POINT ( 'NONE',  ( -39.78221791640855542, 12.50000000000000178, 27.27499958237662980 ) ) ;
#3 = AXIS2_PLACEMENT_3D ( 'NONE', #2147, #5655, #5687 ) ;
#4 = DIRECTION ( 'NONE',  ( 0.000000000000000000, -1.000000000000000000, 2.200000000000000003E-16 ) ) ;
#5 = LINE ( 'NONE', #2025, #1203 ) ;
#6 = CYLINDRICAL_SURFACE ( 'NONE', #5872, 1.350000000000000533 ) ;
#7 = DIRECTION ( 'NONE',  ( 0.000000000000000000, 1.000000000000000000, 0.000000000000000000 ) ) ;
#8 = CARTESIAN_POINT ( 'NONE',  ( -39.61353206872095001, 12.50000000000000178, 17.73705422904000528 ) ) ;
#9 = FACE_BOUND ( 'NONE', #3624, .T. ) ;
#10 = EDGE_LOOP ( 'NONE', ( #2825, #1531, #2532, #5101, #6213, #6434 ) ) ;
#11 = EDGE_CURVE ( 'NONE', #405, #604, #2990, .T. ) ;
#12 = ORIENTED_EDGE ( 'NONE', *, *, #4650, .T. ) ;
#13 = EDGE_LOOP ( 'NONE', ( #6252, #2296, #3814, #4112, #6464, #1049, #2949, #1747 ) ) ;
#14 = CARTESIAN_POINT ( 'NONE',  ( -32.69603967124000121, 15.76999999999999602, 4.347054229040000273 ) ) ;
#15 = DIRECTION ( 'NONE',  ( 0.000000000000000000, 0.000000000000000000, 1.000000000000000000 ) ) ;
#16 = FACE_OUTER_BOUND ( 'NONE', #6440, .T. ) ;
#17 = ORIENTED_EDGE ( 'NONE', *, *, #5320, .F. ) ;
#18 = EDGE_CURVE ( 'NONE', #5011, #3778, #597, .T. ) ;
#19 = ORIENTED_EDGE ( 'NONE', *, *, #1884, .T. ) ;
#20 = ORIENTED_EDGE ( 'NONE', *, *, #906, .F. ) ;
#21 = CARTESIAN_POINT ( 'NONE',  ( -21.75872214769000124, 12.50000000000000000, 3.147054229040000095 ) ) ;
#22 = VERTEX_POINT ( 'NONE', #5578 ) ;
#23 = CARTESIAN_POINT ( 'NONE',  ( -21.38836543812355373, -3.250000000000000000, 26.77397846476551280 ) ) ;
#24 = EDGE_CURVE ( 'NONE', #431, #4680, #1197, .T. ) ;
#25 = DIRECTION ( 'NONE',  ( 0.000000000000000000, 0.000000000000000000, 1.000000000000000000 ) ) ;
#26 = EDGE_LOOP ( 'NONE', ( #5173, #3109 ) ) ;
#27 = CARTESIAN_POINT ( 'NONE',  ( -42.75872214769000124, 10.50000000000000000, 14.23705422903999640 ) ) ;
#28 = EDGE_CURVE ( 'NONE', #5843, #2889, #6535, .T. ) ;
#29 = DIRECTION ( 'NONE',  ( -0.000000000000000000, -0.000000000000000000, -1.000000000000000000 ) ) ;
#30 = CARTESIAN_POINT ( 'NONE',  ( -39.25872214768999413, 12.50000000000000000, 1.147054229039999873 ) ) ;
#31 = CARTESIAN_POINT ( 'NONE',  ( -51.60056723113756760, 8.750000000000000000, 16.72284629709940162 ) ) ;
#32 = CARTESIAN_POINT ( 'NONE',  ( -65.47003059873777886, 4.735238934357180796, -6.761230304006072167 ) ) ;
#33 = DIRECTION ( 'NONE',  ( -0.000000000000000000, 0.000000000000000000, 1.000000000000000000 ) ) ;
#34 = EDGE_CURVE ( 'NONE', #766, #2563, #135, .T. ) ;
#35 = CARTESIAN_POINT ( 'NONE',  ( -12.43438385437424287, 14.71083942124871413, 3.147054229040002316 ) ) ;
#36 = CARTESIAN_POINT ( 'NONE',  ( -39.25872214769194812, 8.500000000000007105, 2.317690357242517596 ) ) ;
#37 = CARTESIAN_POINT ( 'NONE',  ( 1.873062941308192730, 8.250000000000000000, 25.73876969599392339 ) ) ;
#38 = ORIENTED_EDGE ( 'NONE', *, *, #6126, .T. ) ;
#39 = AXIS2_PLACEMENT_3D ( 'NONE', #3533, #5556, #1021 ) ;
#40 = ORIENTED_EDGE ( 'NONE', *, *, #3564, .F. ) ;
#41 = CARTESIAN_POINT ( 'NONE',  ( -37.23036074522384098, 17.77000000000000313, 22.63621923863727403 ) ) ;
#42 = CIRCLE ( 'NONE', #5432, 0.5000000000000004441 ) ;
#43 = FACE_OUTER_BOUND ( 'NONE', #3180, .T. ) ;
#44 = AXIS2_PLACEMENT_3D ( 'NONE', #475, #5049, #3169 ) ;
#45 = CARTESIAN_POINT ( 'NONE',  ( -9.280464726337173786, 8.250000000000000000, 26.76711071965634403 ) ) ;
#46 = SHAPE_REPRESENTATION_RELATIONSHIP ( 'NONE' , 'NONE' ,  #919, #5905 ) ;
#47 = VERTEX_POINT ( 'NONE', #5543 ) ;
#48 = ORIENTED_EDGE ( 'NONE', *, *, #5603, .T. ) ;
#49 = ORIENTED_EDGE ( 'NONE', *, *, #4555, .F. ) ;
#50 = VERTEX_POINT ( 'NONE', #2152 ) ;
#51 = DIRECTION ( 'NONE',  ( -1.000000000000000000, 0.000000000000000000, 0.000000000000000000 ) ) ;
#52 = CIRCLE ( 'NONE', #3424, 2.419999999999998597 ) ;
#53 = EDGE_CURVE ( 'NONE', #963, #1339, #3022, .T. ) ;
#54 = AXIS2_PLACEMENT_3D ( 'NONE', #986, #484, #4030 ) ;
#55 = EDGE_CURVE ( 'NONE', #5241, #4636, #6080, .T. ) ;
#56 = PLANE ( 'NONE',  #3093 ) ;
#57 = ORIENTED_EDGE ( 'NONE', *, *, #6041, .T. ) ;
#58 = EDGE_CURVE ( 'NONE', #1564, #774, #5108, .T. ) ;
#59 = VECTOR ( 'NONE', #4402, 1000.000000000000000 ) ;
#60 = CARTESIAN_POINT ( 'NONE',  ( -42.75872214769000124, 10.49999999999999645, 14.69520315768850693 ) ) ;
#61 = DIRECTION ( 'NONE',  ( 1.000000000000000000, 2.156417553693440290E-16, -0.000000000000000000 ) ) ;
#62 = EDGE_CURVE ( 'NONE', #912, #4996, #5961, .T. ) ;
#63 = FACE_BOUND ( 'NONE', #2828, .T. ) ;
#64 = VECTOR ( 'NONE', #522, 1000.000000000000000 ) ;
#65 = AXIS2_PLACEMENT_3D ( 'NONE', #769, #2449, #5463 ) ;
#66 = FACE_OUTER_BOUND ( 'NONE', #2583, .T. ) ;
#67 = DIRECTION ( 'NONE',  ( -0.000000000000000000, -0.000000000000000000, 1.000000000000000000 ) ) ;
#68 = DIRECTION ( 'NONE',  ( 1.000000000000000000, 0.000000000000000000, -0.000000000000000000 ) ) ;
#69 = CARTESIAN_POINT ( 'NONE',  ( -21.75872214769000124, 12.50000000000000000, 1.147054229039999873 ) ) ;
#70 = ADVANCED_FACE ( 'NONE', ( #1442 ), #4164, .T. ) ;
#71 = CARTESIAN_POINT ( 'NONE',  ( -41.25872214768999413, 12.50000000000000000, 17.10933555230900183 ) ) ;
#72 = ORIENTED_EDGE ( 'NONE', *, *, #494, .T. ) ;
#73 = ORIENTED_EDGE ( 'NONE', *, *, #983, .T. ) ;
#74 = CARTESIAN_POINT ( 'NONE',  ( -32.69603967124039912, 15.76999999999944713, 4.947054229039999917 ) ) ;
#75 = CARTESIAN_POINT ( 'NONE',  ( 9.514416038418653798, 8.757473573018954127, -4.761230304006072167 ) ) ;
#76 = DIRECTION ( 'NONE',  ( 0.000000000000000000, 0.000000000000000000, 1.000000000000000000 ) ) ;
#77 =( LENGTH_UNIT ( ) NAMED_UNIT ( * ) SI_UNIT ( .MILLI., .METRE. ) );
#78 = ORIENTED_EDGE ( 'NONE', *, *, #5392, .T. ) ;
#79 = VERTEX_POINT ( 'NONE', #3988 ) ;
#80 = VERTEX_POINT ( 'NONE', #3491 ) ;
#81 = LINE ( 'NONE', #2102, #3758 ) ;
#82 = VECTOR ( 'NONE', #5322, 1000.000000000000000 ) ;
#83 = DIRECTION ( 'NONE',  ( 0.000000000000000000, 2.200000000000000003E-16, 1.000000000000000000 ) ) ;
#84 = ORIENTED_EDGE ( 'NONE', *, *, #2880, .T. ) ;
#85 = AXIS2_PLACEMENT_3D ( 'NONE', #5418, #886, #2770 ) ;
#86 = ORIENTED_EDGE ( 'NONE', *, *, #2637, .T. ) ;
#87 = FACE_OUTER_BOUND ( 'NONE', #1033, .T. ) ;
#88 = CIRCLE ( 'NONE', #3043, 1.500000000000001332 ) ;
#89 = CARTESIAN_POINT ( 'NONE',  ( -66.59445670572583253, 4.717998577795753157, -3.761230304006072167 ) ) ;
#90 = LINE ( 'NONE', #1744, #5324 ) ;
#91 = EDGE_CURVE ( 'NONE', #1266, #1155, #6196, .T. ) ;
#92 = AXIS2_PLACEMENT_3D ( 'NONE', #1164, #5202, #2691 ) ;
#93 = ORIENTED_EDGE ( 'NONE', *, *, #5987, .T. ) ;
#94 = DIRECTION ( 'NONE',  ( -0.000000000000000000, -1.000000000000000000, -0.000000000000000000 ) ) ;
#95 = CARTESIAN_POINT ( 'NONE',  ( -12.49651859791752351, 5.479082202084430975, 27.73876969599392694 ) ) ;
#96 = CARTESIAN_POINT ( 'NONE',  ( -60.04560449174972803, 12.50000000000000000, -3.261230304006072611 ) ) ;
#97 = CARTESIAN_POINT ( 'NONE',  ( 1.873062941308192730, 8.000000000000000000, 23.27653294632962044 ) ) ;
#98 = CARTESIAN_POINT ( 'NONE',  ( -39.25872214768999413, 12.50000000000000000, 3.147054229040000095 ) ) ;
#99 = AXIS2_PLACEMENT_3D ( 'NONE', #3902, #6427, #2319 ) ;
#100 = PLANE ( 'NONE',  #5815 ) ;
#101 = ORIENTED_EDGE ( 'NONE', *, *, #2261, .T. ) ;
#102 = EDGE_LOOP ( 'NONE', ( #5174, #1304, #3141, #377, #175, #2680, #1160, #5799, #6178 ) ) ;
#103 = AXIS2_PLACEMENT_3D ( 'NONE', #195, #5721, #1649 ) ;
#104 = DIRECTION ( 'NONE',  ( 0.000000000000000000, 0.000000000000000000, 1.000000000000000000 ) ) ;
#105 = EDGE_CURVE ( 'NONE', #3071, #6539, #5017, .T. ) ;
#106 = CARTESIAN_POINT ( 'NONE',  ( 16.17660255292402738, 4.735238934357184348, -3.761230304006072167 ) ) ;
#107 = DIRECTION ( 'NONE',  ( 0.000000000000000000, 0.000000000000000000, 1.000000000000000000 ) ) ;
#108 = ORIENTED_EDGE ( 'NONE', *, *, #28, .F. ) ;
#109 = ORIENTED_EDGE ( 'NONE', *, *, #6533, .F. ) ;
#110 = VERTEX_POINT ( 'NONE', #5692 ) ;
#111 = CARTESIAN_POINT ( 'NONE',  ( -41.25872214768999413, 12.50000000000000000, 17.10933555230900183 ) ) ;
#112 = EDGE_CURVE ( 'NONE', #3216, #1145, #1093, .T. ) ;
#113 = DIRECTION ( 'NONE',  ( 0.000000000000000000, 1.000000000000000000, 0.000000000000000000 ) ) ;
#114 = CARTESIAN_POINT ( 'NONE',  ( -9.914636712995205770, 16.36542789364845163, 4.947054229040001694 ) ) ;
#115 = ORIENTED_EDGE ( 'NONE', *, *, #5266, .F. ) ;
#116 = ORIENTED_EDGE ( 'NONE', *, *, #1142, .T. ) ;
#117 = ORIENTED_EDGE ( 'NONE', *, *, #2264, .T. ) ;
#118 = EDGE_CURVE ( 'NONE', #5732, #5549, #942, .T. ) ;
#119 = DIRECTION ( 'NONE',  ( 0.000000000000000000, 1.000000000000000000, 0.000000000000000000 ) ) ;
#120 = EDGE_CURVE ( 'NONE', #2479, #5508, #2012, .T. ) ;
#121 = DIRECTION ( 'NONE',  ( -0.000000000000000000, 0.000000000000000000, 1.000000000000000000 ) ) ;
#122 = CARTESIAN_POINT ( 'NONE',  ( 3.469226652074590689, 12.50000000000000000, 6.828908360124231081 ) ) ;
#123 = VECTOR ( 'NONE', #4664, 1000.000000000000000 ) ;
#124 = ORIENTED_EDGE ( 'NONE', *, *, #4143, .F. ) ;
#125 = DIRECTION ( 'NONE',  ( -1.000000000000000000, 0.000000000000000000, 0.000000000000000000 ) ) ;
#126 = FACE_OUTER_BOUND ( 'NONE', #3293, .T. ) ;
#127 = CARTESIAN_POINT ( 'NONE',  ( 9.876295877967507408, 8.757473573018954127, -4.761230304006072167 ) ) ;
#128 = CARTESIAN_POINT ( 'NONE',  ( -57.32342535502199610, 10.50000000000000000, -0.5000000000000000000 ) ) ;
#129 = EDGE_CURVE ( 'NONE', #205, #3653, #4471, .T. ) ;
#130 = CARTESIAN_POINT ( 'NONE',  ( -18.91380884494807901, 4.040444544970647200, 35.00000000000000000 ) ) ;
#131 = EDGE_CURVE ( 'NONE', #4675, #2781, #3336, .T. ) ;
#132 = DIRECTION ( 'NONE',  ( -1.000000000000000000, 0.000000000000000000, 1.208718933646689929E-16 ) ) ;
#133 = EDGE_CURVE ( 'NONE', #2488, #5668, #3301, .T. ) ;
#134 = EDGE_LOOP ( 'NONE', ( #1621, #3685, #5993, #4142 ) ) ;
#135 = LINE ( 'NONE', #6514, #4384 ) ;
#136 = ORIENTED_EDGE ( 'NONE', *, *, #3850, .T. ) ;
#137 = LINE ( 'NONE', #6235, #2427 ) ;
#138 = DIRECTION ( 'NONE',  ( 1.000000000000000000, 0.000000000000000000, 0.000000000000000000 ) ) ;
#139 = EDGE_CURVE ( 'NONE', #2823, #1461, #3269, .T. ) ;
#140 = VERTEX_POINT ( 'NONE', #2250 ) ;
#141 = ORIENTED_EDGE ( 'NONE', *, *, #4270, .T. ) ;
#142 = ADVANCED_FACE ( 'NONE', ( #2812 ), #1183, .T. ) ;
#143 = VERTEX_POINT ( 'NONE', #197 ) ;
#144 = DIRECTION ( 'NONE',  ( -2.416395261410157149E-16, 0.000000000000000000, -1.000000000000000000 ) ) ;
#145 = DIRECTION ( 'NONE',  ( 0.000000000000000000, 1.000000000000000000, 0.000000000000000000 ) ) ;
#146 = AXIS2_PLACEMENT_3D ( 'NONE', #2141, #4752, #6251 ) ;
#147 = ORIENTED_EDGE ( 'NONE', *, *, #11, .T. ) ;
#148 = ORIENTED_EDGE ( 'NONE', *, *, #2464, .T. ) ;
#149 = ORIENTED_EDGE ( 'NONE', *, *, #3069, .T. ) ;
#150 = AXIS2_PLACEMENT_3D ( 'NONE', #6332, #760, #5723 ) ;
#151 = CARTESIAN_POINT ( 'NONE',  ( -42.75872214769000124, 10.50000000000000000, 14.23705422903999640 ) ) ;
#152 = LINE ( 'NONE', #2634, #4590 ) ;
#153 = CARTESIAN_POINT ( 'NONE',  ( 4.553332877239093968, 12.50000000000000000, 6.828908360124231081 ) ) ;
#154 = CIRCLE ( 'NONE', #3100, 2.419999999999998597 ) ;
#155 = ORIENTED_EDGE ( 'NONE', *, *, #4900, .T. ) ;
#156 = LINE ( 'NONE', #2177, #1424 ) ;
#157 = LINE ( 'NONE', #5319, #6300 ) ;
#158 = DIRECTION ( 'NONE',  ( 0.000000000000000000, 1.000000000000000000, 0.000000000000000000 ) ) ;
#159 = DIRECTION ( 'NONE',  ( -0.000000000000000000, -0.000000000000000000, -1.000000000000000000 ) ) ;
#160 = CARTESIAN_POINT ( 'NONE',  ( -7.858722147691999282, 15.76999999999999957, 23.52705422904000088 ) ) ;
#161 = CIRCLE ( 'NONE', #6092, 0.5000000000000004441 ) ;
#162 = PLANE ( 'NONE',  #4642 ) ;
#163 = ORIENTED_EDGE ( 'NONE', *, *, #3550, .T. ) ;
#164 = CARTESIAN_POINT ( 'NONE',  ( -6.417354995902298853, 17.76999999999999602, 5.642733982001008286 ) ) ;
#165 = DIRECTION ( 'NONE',  ( 1.000000000000000000, 0.000000000000000000, 0.000000000000000000 ) ) ;
#166 = ORIENTED_EDGE ( 'NONE', *, *, #2174, .T. ) ;
#167 = EDGE_CURVE ( 'NONE', #4968, #6065, #4233, .T. ) ;
#168 = DIRECTION ( 'NONE',  ( 0.000000000000000000, 0.000000000000000000, 1.000000000000000000 ) ) ;
#169 = EDGE_CURVE ( 'NONE', #6263, #1898, #3738, .T. ) ;
#170 = CARTESIAN_POINT ( 'NONE',  ( -35.75872214768999413, 12.50000000000000000, 14.23705422903999995 ) ) ;
#171 = DIRECTION ( 'NONE',  ( 0.000000000000000000, 0.000000000000000000, 1.000000000000000000 ) ) ;
#172 = ORIENTED_EDGE ( 'NONE', *, *, #2167, .T. ) ;
#173 = VERTEX_POINT ( 'NONE', #5291 ) ;
#174 = EDGE_CURVE ( 'NONE', #6406, #1910, #1557, .T. ) ;
#175 = ORIENTED_EDGE ( 'NONE', *, *, #297, .T. ) ;
#176 = CARTESIAN_POINT ( 'NONE',  ( -21.75872214769000124, 12.50000000000000000, 14.23705422903999995 ) ) ;
#177 = PLANE ( 'NONE',  #4951 ) ;
#178 = ORIENTED_EDGE ( 'NONE', *, *, #5449, .F. ) ;
#179 = ORIENTED_EDGE ( 'NONE', *, *, #1401, .F. ) ;
#180 = VERTEX_POINT ( 'NONE', #2221 ) ;
#181 = PRODUCT_DEFINITION_FORMATION_WITH_SPECIFIED_SOURCE ( 'ANY', '', #1354, .NOT_KNOWN. ) ;
#182 = PLANE ( 'NONE',  #4850 ) ;
#183 = CYLINDRICAL_SURFACE ( 'NONE', #2692, 2.419999999999998597 ) ;
#184 = VECTOR ( 'NONE', #4757, 1000.000000000000000 ) ;
#185 = DIRECTION ( 'NONE',  ( 0.000000000000000000, 0.000000000000000000, -1.000000000000000000 ) ) ;
#186 = EDGE_LOOP ( 'NONE', ( #1773, #4806, #2399, #6439 ) ) ;
#187 = FACE_OUTER_BOUND ( 'NONE', #2521, .T. ) ;
#188 = CARTESIAN_POINT ( 'NONE',  ( -20.51930953245642897, 12.50000000000000178, 1.147054229039999873 ) ) ;
#189 = VECTOR ( 'NONE', #5333, 1000.000000000000000 ) ;
#190 = DIRECTION ( 'NONE',  ( 0.000000000000000000, -0.000000000000000000, 1.000000000000000000 ) ) ;
#191 = DIRECTION ( 'NONE',  ( 0.000000000000000000, -1.000000000000000000, 2.200000000000000003E-16 ) ) ;
#192 = CARTESIAN_POINT ( 'NONE',  ( -21.75872214769000479, 12.50000000000000000, 25.99372089570666589 ) ) ;
#193 = CARTESIAN_POINT ( 'NONE',  ( -51.19311627875442383, 8.750000000000000000, 22.43434452200543205 ) ) ;
#194 = AXIS2_PLACEMENT_3D ( 'NONE', #4333, #3926, #3427 ) ;
#195 = CARTESIAN_POINT ( 'NONE',  ( -53.99344095995156323, 8.750000000000000000, 22.13434452200543134 ) ) ;
#196 = VERTEX_POINT ( 'NONE', #4198 ) ;
#197 = CARTESIAN_POINT ( 'NONE',  ( 4.553332877239093968, 10.50000000000000000, 5.745289892734819048 ) ) ;
#198 = CARTESIAN_POINT ( 'NONE',  ( -53.99344095995156323, 5.875000000000003553, -0.8656554779945688782 ) ) ;
#199 = EDGE_CURVE ( 'NONE', #467, #774, #5365, .T. ) ;
#200 = ORIENTED_EDGE ( 'NONE', *, *, #3492, .F. ) ;
#201 = AXIS2_PLACEMENT_3D ( 'NONE', #6135, #2033, #4042 ) ;
#202 = DIRECTION ( 'NONE',  ( -0.000000000000000000, -0.000000000000000000, 1.000000000000000000 ) ) ;
#203 = CARTESIAN_POINT ( 'NONE',  ( -38.60223981824245953, -3.250000000000000000, 26.71994397445526204 ) ) ;
#204 = ADVANCED_FACE ( 'NONE', ( #4301 ), #3702, .F. ) ;
#205 = VERTEX_POINT ( 'NONE', #4835 ) ;
#206 = ORIENTED_EDGE ( 'NONE', *, *, #305, .T. ) ;
#207 = ORIENTED_EDGE ( 'NONE', *, *, #4115, .F. ) ;
#208 = FACE_OUTER_BOUND ( 'NONE', #3208, .T. ) ;
#209 = CARTESIAN_POINT ( 'NONE',  ( 14.02106672353487227, 8.757473573018954127, -4.761230304006072167 ) ) ;
#210 = EDGE_CURVE ( 'NONE', #5400, #2355, #4235, .T. ) ;
#211 = DIRECTION ( 'NONE',  ( -1.000000000000000000, 0.000000000000000000, 0.000000000000000000 ) ) ;
#212 = ORIENTED_EDGE ( 'NONE', *, *, #5558, .F. ) ;
#213 = ORIENTED_EDGE ( 'NONE', *, *, #6480, .T. ) ;
#214 = EDGE_LOOP ( 'NONE', ( #1090, #5970, #3479, #4482 ) ) ;
#215 = DIRECTION ( 'NONE',  ( -1.000000000000000000, -0.000000000000000000, -0.000000000000000000 ) ) ;
#216 = EDGE_CURVE ( 'NONE', #904, #5165, #1721, .T. ) ;
#217 = FACE_OUTER_BOUND ( 'NONE', #3352, .T. ) ;
#218 = DIRECTION ( 'NONE',  ( -0.000000000000000000, -0.000000000000000000, -1.000000000000000000 ) ) ;
#219 = ORIENTED_EDGE ( 'NONE', *, *, #980, .F. ) ;
#220 = LINE ( 'NONE', #2278, #1101 ) ;
#221 = DIRECTION ( 'NONE',  ( -1.000000000000000000, 0.000000000000000000, 0.000000000000000000 ) ) ;
#222 = ADVANCED_FACE ( 'NONE', ( #4763 ), #6296, .T. ) ;
#223 = CARTESIAN_POINT ( 'NONE',  ( -36.12721749460675369, 17.76999999999999957, 4.992726509533230939 ) ) ;
#224 = CARTESIAN_POINT ( 'NONE',  ( 0.000000000000000000, 0.000000000000000000, 22.43434452200543205 ) ) ;
#225 = CARTESIAN_POINT ( 'NONE',  ( -39.29572938337270926, 7.983490513531148913, 35.00000000000000000 ) ) ;
#226 = DIRECTION ( 'NONE',  ( 0.000000000000000000, -2.200000000000000003E-16, -1.000000000000000000 ) ) ;
#227 = DIRECTION ( 'NONE',  ( -1.000000000000000000, 0.000000000000000000, -0.000000000000000000 ) ) ;
#228 = ORIENTED_EDGE ( 'NONE', *, *, #5384, .T. ) ;
#229 = CARTESIAN_POINT ( 'NONE',  ( -10.09205548102466743, 12.50000000000000000, 25.32705422904000159 ) ) ;
#230 = CARTESIAN_POINT ( 'NONE',  ( 6.352138378250272943, -3.250000000000000000, -3.261230304006072611 ) ) ;
#231 = VERTEX_POINT ( 'NONE', #1862 ) ;
#232 = LINE ( 'NONE', #5795, #1791 ) ;
#233 = LINE ( 'NONE', #2253, #1286 ) ;
#234 = ORIENTED_EDGE ( 'NONE', *, *, #5090, .F. ) ;
#235 = ORIENTED_EDGE ( 'NONE', *, *, #1351, .F. ) ;
#236 = ORIENTED_EDGE ( 'NONE', *, *, #348, .T. ) ;
#237 = CARTESIAN_POINT ( 'NONE',  ( 0.6700189159078570045, 10.50000000000000000, 22.43434452200543205 ) ) ;
#238 = CARTESIAN_POINT ( 'NONE',  ( -6.286875945169201785, 17.76999999999999602, 22.63609877684429250 ) ) ;
#239 = DIRECTION ( 'NONE',  ( -0.000000000000000000, -1.000000000000000000, -0.000000000000000000 ) ) ;
#240 = ORIENTED_EDGE ( 'NONE', *, *, #4437, .T. ) ;
#241 = ORIENTED_EDGE ( 'NONE', *, *, #28, .T. ) ;
#242 = ORIENTED_EDGE ( 'NONE', *, *, #3042, .T. ) ;
#243 = EDGE_CURVE ( 'NONE', #437, #2334, #5338, .T. ) ;
#244 = CIRCLE ( 'NONE', #671, 3.350000000000001421 ) ;
#245 = LINE ( 'NONE', #2139, #5061 ) ;
#246 = ADVANCED_FACE ( 'NONE', ( #5893 ), #4373, .T. ) ;
#247 = CARTESIAN_POINT ( 'NONE',  ( -4.258722147691989868, 13.59000000000000163, 3.147054229039999651 ) ) ;
#248 = VECTOR ( 'NONE', #4672, 1000.000000000000000 ) ;
#249 = CARTESIAN_POINT ( 'NONE',  ( -8.258722147691500481, 17.76999999999944890, 27.32705422903999803 ) ) ;
#250 = AXIS2_PLACEMENT_3D ( 'NONE', #4341, #3807, #5827 ) ;
#251 = VERTEX_POINT ( 'NONE', #5491 ) ;
#252 = CYLINDRICAL_SURFACE ( 'NONE', #791, 4.000000000000000000 ) ;
#253 = LINE ( 'NONE', #3762, #6016 ) ;
#254 = FACE_OUTER_BOUND ( 'NONE', #2362, .T. ) ;
#255 = CARTESIAN_POINT ( 'NONE',  ( -41.25872214768999413, 12.50000000000000000, 17.10933555230900183 ) ) ;
#256 = CIRCLE ( 'NONE', #2428, 3.350000000000000533 ) ;
#257 = DIRECTION ( 'NONE',  ( -0.000000000000000000, 1.000000000000000000, -0.000000000000000000 ) ) ;
#258 = CIRCLE ( 'NONE', #5019, 3.350000000000001421 ) ;
#259 = DIRECTION ( 'NONE',  ( -0.000000000000000000, -0.000000000000000000, -1.000000000000000000 ) ) ;
#260 = CARTESIAN_POINT ( 'NONE',  ( -35.25872214769005097, 17.76999999999999957, 4.947054229039999917 ) ) ;
#261 = CARTESIAN_POINT ( 'NONE',  ( -63.50970610688748508, -3.250000000000000000, -3.761230304006072167 ) ) ;
#262 = DIRECTION ( 'NONE',  ( 0.6545987384327839331, 0.7559765152716106940, 0.000000000000000000 ) ) ;
#263 = ORIENTED_EDGE ( 'NONE', *, *, #91, .F. ) ;
#264 = VECTOR ( 'NONE', #685, 1000.000000000000000 ) ;
#265 = VECTOR ( 'NONE', #3372, 1000.000000000000000 ) ;
#266 = LINE ( 'NONE', #3739, #1051 ) ;
#267 = CARTESIAN_POINT ( 'NONE',  ( -39.25872214768999413, 12.50000000000000000, 1.147054229039999873 ) ) ;
#268 = EDGE_LOOP ( 'NONE', ( #2948, #5199, #4768, #1168 ) ) ;
#269 = EDGE_LOOP ( 'NONE', ( #3108, #4569, #4549, #4242 ) ) ;
#270 = VERTEX_POINT ( 'NONE', #2477 ) ;
#271 = VECTOR ( 'NONE', #4982, 1000.000000000000000 ) ;
#272 = DIRECTION ( 'NONE',  ( -0.000000000000000000, -1.000000000000000000, -0.000000000000000000 ) ) ;
#273 = CARTESIAN_POINT ( 'NONE',  ( -6.058722147691998572, 17.76999999999999957, 21.96555834207097746 ) ) ;
#274 = CARTESIAN_POINT ( 'NONE',  ( -35.25872214769005097, 17.76999999999999957, 4.947054229039999917 ) ) ;
#275 = ORIENTED_EDGE ( 'NONE', *, *, #55, .F. ) ;
#276 = ORIENTED_EDGE ( 'NONE', *, *, #6301, .T. ) ;
#277 = ORIENTED_EDGE ( 'NONE', *, *, #4220, .F. ) ;
#278 = FACE_OUTER_BOUND ( 'NONE', #2234, .T. ) ;
#279 = ORIENTED_EDGE ( 'NONE', *, *, #5881, .F. ) ;
#280 = CARTESIAN_POINT ( 'NONE',  ( -53.49344095995156323, 5.875000000000003553, 19.58434452200542708 ) ) ;
#281 = DIRECTION ( 'NONE',  ( 0.000000000000000000, -1.000000000000000000, 0.000000000000000000 ) ) ;
#282 = DIRECTION ( 'NONE',  ( 1.000000000000000000, 0.000000000000000000, 0.000000000000000000 ) ) ;
#283 = EDGE_CURVE ( 'NONE', #344, #4769, #998, .T. ) ;
#284 = ORIENTED_EDGE ( 'NONE', *, *, #3172, .T. ) ;
#285 = DIRECTION ( 'NONE',  ( 0.000000000000000000, 0.000000000000000000, 1.000000000000000000 ) ) ;
#286 = LINE ( 'NONE', #3161, #5908 ) ;
#287 = CARTESIAN_POINT ( 'NONE',  ( -36.76304239472954549, 17.76999999999999602, 5.305687077250854422 ) ) ;
#288 = CARTESIAN_POINT ( 'NONE',  ( -32.69603967124074018, 15.76999999999884672, 24.12705422904000230 ) ) ;
#289 = LINE ( 'NONE', #1858, #5439 ) ;
#290 = VECTOR ( 'NONE', #4890, 1000.000000000000000 ) ;
#291 = DIRECTION ( 'NONE',  ( 0.000000000000000000, 0.000000000000000000, 1.000000000000000000 ) ) ;
#292 = EDGE_CURVE ( 'NONE', #6351, #2333, #1390, .T. ) ;
#293 = DIRECTION ( 'NONE',  ( 0.000000000000000000, 0.000000000000000000, 1.000000000000000000 ) ) ;
#294 = CARTESIAN_POINT ( 'NONE',  ( -6.754504887210099895, 17.76999999999999602, 5.305790063807434898 ) ) ;
#295 = LINE ( 'NONE', #5328, #2487 ) ;
#296 = VERTEX_POINT ( 'NONE', #3875 ) ;
#297 = EDGE_CURVE ( 'NONE', #1105, #5281, #3371, .T. ) ;
#298 = DIRECTION ( 'NONE',  ( -1.000000000000000000, 0.000000000000000000, 0.000000000000000000 ) ) ;
#299 = AXIS2_PLACEMENT_3D ( 'NONE', #1316, #3327, #4889 ) ;
#300 = B_SPLINE_CURVE_WITH_KNOTS ( 'NONE', 3,
 ( #1299, #3310, #5339, #809 ),
 .UNSPECIFIED., .F., .F.,
 ( 4, 4 ),
 ( 0.000000000000000000, 1.000000000000000000 ),
 .UNSPECIFIED. ) ;
#301 = DIRECTION ( 'NONE',  ( 0.000000000000000000, 0.000000000000000000, 1.000000000000000000 ) ) ;
#302 = ORIENTED_EDGE ( 'NONE', *, *, #508, .F. ) ;
#303 = VERTEX_POINT ( 'NONE', #3402 ) ;
#304 = ORIENTED_EDGE ( 'NONE', *, *, #4090, .T. ) ;
#305 = EDGE_CURVE ( 'NONE', #6030, #5343, #4783, .T. ) ;
#306 = DIRECTION ( 'NONE',  ( 0.000000000000000000, 0.000000000000000000, -1.000000000000000000 ) ) ;
#307 = AXIS2_PLACEMENT_3D ( 'NONE', #6062, #1458, #556 ) ;
#308 = CARTESIAN_POINT ( 'NONE',  ( 14.57660255292402773, 4.735238934357184348, -6.761230304006072167 ) ) ;
#309 = ORIENTED_EDGE ( 'NONE', *, *, #5409, .T. ) ;
#310 = ORIENTED_EDGE ( 'NONE', *, *, #423, .F. ) ;
#311 = ORIENTED_EDGE ( 'NONE', *, *, #2878, .F. ) ;
#312 = EDGE_CURVE ( 'NONE', #4738, #3309, #2973, .T. ) ;
#313 = DIRECTION ( 'NONE',  ( 0.000000000000000000, 0.000000000000000000, 1.000000000000000000 ) ) ;
#314 = ORIENTED_EDGE ( 'NONE', *, *, #5950, .T. ) ;
#315 = FACE_OUTER_BOUND ( 'NONE', #3303, .T. ) ;
#316 = DIRECTION ( 'NONE',  ( 0.000000000000000000, 1.000000000000000000, 0.000000000000000000 ) ) ;
#317 = CARTESIAN_POINT ( 'NONE',  ( -37.45872214769000408, 15.76999999999999957, 21.96267367805922888 ) ) ;
#318 = ADVANCED_FACE ( 'NONE', ( #6432, #927, #6462, #6528, #1926, #4465 ), #4994, .T. ) ;
#319 = FACE_BOUND ( 'NONE', #6141, .T. ) ;
#320 = CARTESIAN_POINT ( 'NONE',  ( -40.26596010843179130, 17.76999999999999602, 27.07462700574850700 ) ) ;
#321 = DIRECTION ( 'NONE',  ( 1.000000000000000000, 0.000000000000000000, 0.000000000000000000 ) ) ;
#322 = DIRECTION ( 'NONE',  ( -0.000000000000000000, -1.000000000000000000, -0.000000000000000000 ) ) ;
#323 = CARTESIAN_POINT ( 'NONE',  ( -39.25872214768999413, 10.50000000000000000, 14.23705422903999995 ) ) ;
#324 = CARTESIAN_POINT ( 'NONE',  ( -20.19137825829315958, 5.512278550188185910, 27.73876969599392694 ) ) ;
#325 = DIRECTION ( 'NONE',  ( 1.000000000000000000, 0.000000000000000000, 0.000000000000000000 ) ) ;
#326 = CARTESIAN_POINT ( 'NONE',  ( -9.280464726337173786, 8.250000000000000000, 17.31907693046060714 ) ) ;
#327 = FACE_OUTER_BOUND ( 'NONE', #5233, .T. ) ;
#328 = EDGE_LOOP ( 'NONE', ( #4908, #3675, #4406, #3349 ) ) ;
#329 = EDGE_CURVE ( 'NONE', #4769, #344, #1853, .T. ) ;
#330 = ADVANCED_FACE ( 'NONE', ( #2446 ), #3906, .F. ) ;
#331 = DIRECTION ( 'NONE',  ( 0.000000000000000000, 0.000000000000000000, 1.000000000000000000 ) ) ;
#332 = ADVANCED_FACE ( 'NONE', ( #4404 ), #1896, .F. ) ;
#333 = CARTESIAN_POINT ( 'NONE',  ( -33.42538881435665843, 12.50000000000000000, 1.147054229039999873 ) ) ;
#334 = ORIENTED_EDGE ( 'NONE', *, *, #129, .F. ) ;
#335 = ORIENTED_EDGE ( 'NONE', *, *, #4166, .F. ) ;
#336 = ORIENTED_EDGE ( 'NONE', *, *, #1110, .F. ) ;
#337 =( NAMED_UNIT ( * ) SI_UNIT ( $, .STERADIAN. ) SOLID_ANGLE_UNIT ( ) );
#338 = B_SPLINE_CURVE_WITH_KNOTS ( 'NONE', 3,
 ( #255, #1788, #2903, #2244 ),
 .UNSPECIFIED., .F., .F.,
 ( 4, 4 ),
 ( 0.000000000000000000, 1.000000000000000000 ),
 .UNSPECIFIED. ) ;
#339 = EDGE_CURVE ( 'NONE', #6147, #2498, #3471, .T. ) ;
#340 = DIRECTION ( 'NONE',  ( -0.000000000000000000, 1.000000000000000000, -0.000000000000000000 ) ) ;
#341 = VERTEX_POINT ( 'NONE', #3505 ) ;
#342 = EDGE_CURVE ( 'NONE', #2107, #173, #5735, .T. ) ;
#343 = VERTEX_POINT ( 'NONE', #2844 ) ;
#344 = VERTEX_POINT ( 'NONE', #4932 ) ;
#345 = CARTESIAN_POINT ( 'NONE',  ( -54.49344095995157033, 5.875000000000003553, 2.446820937015809605 ) ) ;
#346 = CARTESIAN_POINT ( 'NONE',  ( -21.75872214769000124, 12.50000000000000000, 27.32705422903999803 ) ) ;
#347 = FACE_OUTER_BOUND ( 'NONE', #1230, .T. ) ;
#348 = EDGE_CURVE ( 'NONE', #5301, #2313, #6094, .T. ) ;
#349 = LINE ( 'NONE', #1852, #2371 ) ;
#350 = CIRCLE ( 'NONE', #3629, 4.000000000000003553 ) ;
#351 = PLANE ( 'NONE',  #5437 ) ;
#352 = DIRECTION ( 'NONE',  ( 0.000000000000000000, -1.000000000000000000, 0.000000000000000000 ) ) ;
#353 = CARTESIAN_POINT ( 'NONE',  ( -4.258722147691999638, 15.76999999999999957, 3.147054229040000095 ) ) ;
#354 = LINE ( 'NONE', #4259, #5152 ) ;
#355 = CARTESIAN_POINT ( 'NONE',  ( 4.006559040048433218, 8.000000000000000000, 22.13434452200543134 ) ) ;
#356 = CIRCLE ( 'NONE', #4057, 1.350000000000000533 ) ;
#357 = CARTESIAN_POINT ( 'NONE',  ( -8.633843798657332869, 15.76999999999999602, 3.147054229040000539 ) ) ;
#358 = LINE ( 'NONE', #5364, #5560 ) ;
#359 = CARTESIAN_POINT ( 'NONE',  ( -10.82140462413999948, 15.76999999999999602, 3.747054229040000184 ) ) ;
#360 = DIRECTION ( 'NONE',  ( -0.7111357810794345369, 0.7030546926580765188, 0.000000000000000000 ) ) ;
#361 = ORIENTED_EDGE ( 'NONE', *, *, #3767, .T. ) ;
#362 = VECTOR ( 'NONE', #5452, 1000.000000000000000 ) ;
#363 = DIRECTION ( 'NONE',  ( 0.000000000000000000, -0.000000000000000000, -1.000000000000000000 ) ) ;
#364 = DIRECTION ( 'NONE',  ( 0.5044624565692709117, -0.8634336279715404405, -0.000000000000000000 ) ) ;
#365 = AXIS2_PLACEMENT_3D ( 'NONE', #781, #819, #1820 ) ;
#366 = EDGE_CURVE ( 'NONE', #4237, #5529, #4799, .T. ) ;
#367 = VERTEX_POINT ( 'NONE', #3660 ) ;
#368 = EDGE_LOOP ( 'NONE', ( #3237, #1292, #5870, #3168 ) ) ;
#369 = ORIENTED_EDGE ( 'NONE', *, *, #2490, .F. ) ;
#370 = DIRECTION ( 'NONE',  ( 1.000000000000000000, 0.000000000000000000, -0.000000000000000000 ) ) ;
#371 = LINE ( 'NONE', #811, #2301 ) ;
#372 = ORIENTED_EDGE ( 'NONE', *, *, #2805, .T. ) ;
#373 = ADVANCED_FACE ( 'NONE', ( #3536 ), #4033, .T. ) ;
#374 = AXIS2_PLACEMENT_3D ( 'NONE', #6072, #4513, #76 ) ;
#375 = VECTOR ( 'NONE', #1129, 1000.000000000000000 ) ;
#376 = ORIENTED_EDGE ( 'NONE', *, *, #5710, .T. ) ;
#377 = ORIENTED_EDGE ( 'NONE', *, *, #4251, .T. ) ;
#378 = DIRECTION ( 'NONE',  ( 0.000000000000000000, -1.000000000000000000, 0.000000000000000000 ) ) ;
#379 = CARTESIAN_POINT ( 'NONE',  ( -61.54560449174972803, 7.983490513531148913, 27.73876969599392694 ) ) ;
#380 = FACE_OUTER_BOUND ( 'NONE', #1771, .T. ) ;
#381 = CARTESIAN_POINT ( 'NONE',  ( -37.45872214768999697, 15.76999999999999957, 21.72705422903999661 ) ) ;
#382 = CARTESIAN_POINT ( 'NONE',  ( -39.25872214769194812, 12.50000000000000000, 2.317690357242517596 ) ) ;
#383 = CARTESIAN_POINT ( 'NONE',  ( -2.800420255819354942, 10.50000000000000000, -0.3333333333333334259 ) ) ;
#384 = CARTESIAN_POINT ( 'NONE',  ( -6.058722147692000348, 15.76999999999999957, 21.72705422903999661 ) ) ;
#385 = DIRECTION ( 'NONE',  ( 0.000000000000000000, 1.000000000000000000, 0.000000000000000000 ) ) ;
#386 = LINE ( 'NONE', #1923, #2328 ) ;
#387 = AXIS2_PLACEMENT_3D ( 'NONE', #6043, #5937, #1504 ) ;
#388 = CARTESIAN_POINT ( 'NONE',  ( -61.54560449174972803, -3.250000000000000000, 25.73876969599392694 ) ) ;
#389 = CARTESIAN_POINT ( 'NONE',  ( -54.49344095995157033, 10.50000000000000000, 16.15947316483460128 ) ) ;
#390 = CARTESIAN_POINT ( 'NONE',  ( -7.858722147691999282, 17.76999999999999957, 23.52705422904000088 ) ) ;
#391 = CARTESIAN_POINT ( 'NONE',  ( 3.506559040048433218, 0.000000000000000000, 0.000000000000000000 ) ) ;
#392 = ORIENTED_EDGE ( 'NONE', *, *, #1187, .T. ) ;
#393 = VECTOR ( 'NONE', #4129, 1000.000000000000000 ) ;
#394 = CARTESIAN_POINT ( 'NONE',  ( -50.88856591388922368, 7.983490513531148913, 26.71994397445526204 ) ) ;
#395 = CARTESIAN_POINT ( 'NONE',  ( -41.25872214768999413, 14.25666666666666771, 25.32705422904000159 ) ) ;
#396 = AXIS2_PLACEMENT_3D ( 'NONE', #3330, #322, #1857 ) ;
#397 = CARTESIAN_POINT ( 'NONE',  ( -3.996922759892851840, 17.76999999999999957, 27.32705422903999803 ) ) ;
#398 = EDGE_CURVE ( 'NONE', #1191, #1374, #5650, .T. ) ;
#399 = EDGE_LOOP ( 'NONE', ( #3558, #817, #6399, #1392 ) ) ;
#400 = ORIENTED_EDGE ( 'NONE', *, *, #3655, .T. ) ;
#401 = VERTEX_POINT ( 'NONE', #4098 ) ;
#402 = EDGE_CURVE ( 'NONE', #2367, #1652, #4323, .T. ) ;
#403 = CARTESIAN_POINT ( 'NONE',  ( -63.54560449174972803, -3.250000000000000000, -3.261230304006073055 ) ) ;
#404 = LINE ( 'NONE', #1037, #5675 ) ;
#405 = VERTEX_POINT ( 'NONE', #5030 ) ;
#406 = ORIENTED_EDGE ( 'NONE', *, *, #5027, .T. ) ;
#407 = ORIENTED_EDGE ( 'NONE', *, *, #5690, .F. ) ;
#408 = DIRECTION ( 'NONE',  ( -1.000000000000000000, 0.000000000000000000, 0.000000000000000000 ) ) ;
#409 = CARTESIAN_POINT ( 'NONE',  ( -27.59205548102333694, 12.50000000000000000, 27.32705422903999803 ) ) ;
#410 = AXIS2_PLACEMENT_3D ( 'NONE', #1724, #3638, #1156 ) ;
#411 = VECTOR ( 'NONE', #1340, 1000.000000000000000 ) ;
#412 = B_SPLINE_CURVE_WITH_KNOTS ( 'NONE', 3,
 ( #3672, #1157, #5195, #3742 ),
 .UNSPECIFIED., .F., .F.,
 ( 4, 4 ),
 ( 0.000000000000000000, 1.000000000000000000 ),
 .UNSPECIFIED. ) ;
#413 = CARTESIAN_POINT ( 'NONE',  ( -12.25451407406838200, 14.86884058169452416, 27.32705422903999803 ) ) ;
#414 = CIRCLE ( 'NONE', #4971, 2.420000000000000817 ) ;
#415 = CARTESIAN_POINT ( 'NONE',  ( -61.54560449174972803, -3.250000000000000000, -6.761230304006072167 ) ) ;
#416 = CARTESIAN_POINT ( 'NONE',  ( 1.179925590834720817, 5.181250000000004796, 0.1685913784145771643 ) ) ;
#417 = DIRECTION ( 'NONE',  ( -0.000000000000000000, -1.000000000000000000, 0.000000000000000000 ) ) ;
#418 = DIRECTION ( 'NONE',  ( 0.000000000000000000, -0.000000000000000000, 1.000000000000000000 ) ) ;
#419 = CARTESIAN_POINT ( 'NONE',  ( -11.99651859791752173, 6.659555455029353865, 26.77397846476551280 ) ) ;
#420 = ADVANCED_FACE ( 'NONE', ( #489 ), #1056, .F. ) ;
#421 = PLANE ( 'NONE',  #1411 ) ;
#422 = PLANE ( 'NONE',  #3442 ) ;
#423 = EDGE_CURVE ( 'NONE', #3411, #2432, #4558, .T. ) ;
#424 = DIRECTION ( 'NONE',  ( 0.000000000000000000, -1.000000000000000000, 0.000000000000000000 ) ) ;
#425 = CARTESIAN_POINT ( 'NONE',  ( -61.54560449174972803, 10.50000000000000000, 25.73876969599392694 ) ) ;
#426 = EDGE_LOOP ( 'NONE', ( #5172, #1366, #2125, #5577 ) ) ;
#427 = DIRECTION ( 'NONE',  ( 0.000000000000000000, 0.8827689897251326245, 0.4698073123948461882 ) ) ;
#428 = LINE ( 'NONE', #1560, #5164 ) ;
#429 = FACE_OUTER_BOUND ( 'NONE', #10, .T. ) ;
#430 = EDGE_LOOP ( 'NONE', ( #2776, #5467, #392, #3779, #3612, #1838 ) ) ;
#431 = VERTEX_POINT ( 'NONE', #32 ) ;
#432 = ORIENTED_EDGE ( 'NONE', *, *, #5782, .F. ) ;
#433 = ORIENTED_EDGE ( 'NONE', *, *, #3359, .F. ) ;
#434 = PRESENTATION_STYLE_ASSIGNMENT (( #1402 ) ) ;
#435 = VECTOR ( 'NONE', #138, 1000.000000000000000 ) ;
#436 = CARTESIAN_POINT ( 'NONE',  ( -38.60223981824245953, 8.750000000000000000, 26.71994397445526204 ) ) ;
#437 = VERTEX_POINT ( 'NONE', #6186 ) ;
#438 = VERTEX_POINT ( 'NONE', #1644 ) ;
#439 = ORIENTED_EDGE ( 'NONE', *, *, #1074, .T. ) ;
#440 = DIRECTION ( 'NONE',  ( 0.000000000000000000, -0.000000000000000000, -1.000000000000000000 ) ) ;
#441 = CARTESIAN_POINT ( 'NONE',  ( -6.058722147692000348, 17.76999999999999957, 6.747054229039999740 ) ) ;
#442 = CARTESIAN_POINT ( 'NONE',  ( 4.506559040048433218, 8.005696803542699413, 19.52937570921329069 ) ) ;
#443 = PRODUCT_DEFINITION ( 'UNKNOWN', '', #181, #6519 ) ;
#444 = B_SPLINE_CURVE_WITH_KNOTS ( 'NONE', 3,
 ( #1371, #2856, #3312, #6347 ),
 .UNSPECIFIED., .F., .F.,
 ( 4, 4 ),
 ( 0.000000000000000000, 1.000000000000000000 ),
 .UNSPECIFIED. ) ;
#445 = EDGE_CURVE ( 'NONE', #2305, #5212, #5, .T. ) ;
#446 = DIRECTION ( 'NONE',  ( 0.000000000000000000, 0.000000000000000000, 1.000000000000000000 ) ) ;
#447 = CARTESIAN_POINT ( 'NONE',  ( -2.800420255819354942, 10.50000000000000000, -1.580058882067988613 ) ) ;
#448 = CARTESIAN_POINT ( 'NONE',  ( -11.99651859791751818, 5.479082202084431863, 27.73876969599392694 ) ) ;
#449 = FACE_OUTER_BOUND ( 'NONE', #1600, .T. ) ;
#450 = CARTESIAN_POINT ( 'NONE',  ( 14.57660255292402773, 4.735238934357184348, -3.761230304006072167 ) ) ;
#451 = EDGE_CURVE ( 'NONE', #6075, #3717, #2793, .T. ) ;
#452 = B_SPLINE_CURVE_WITH_KNOTS ( 'NONE', 3,
 ( #6363, #5826, #1254, #3401 ),
 .UNSPECIFIED., .F., .F.,
 ( 4, 4 ),
 ( 0.000000000000000000, 1.000000000000000000 ),
 .UNSPECIFIED. ) ;
#453 = CARTESIAN_POINT ( 'NONE',  ( -53.99344095995156323, 8.000000000000000000, 20.78434452200543348 ) ) ;
#454 = CARTESIAN_POINT ( 'NONE',  ( -41.25872214768999413, 12.50000000000000000, 11.36477290577099986 ) ) ;
#455 = ADVANCED_FACE ( 'NONE', ( #523 ), #2545, .T. ) ;
#456 = ADVANCED_FACE ( 'NONE', ( #66 ), #5594, .F. ) ;
#457 = DIRECTION ( 'NONE',  ( 0.6545987384327838221, 0.7559765152716106940, 0.000000000000000000 ) ) ;
#458 = LINE ( 'NONE', #4500, #5555 ) ;
#459 = ORIENTED_EDGE ( 'NONE', *, *, #3730, .F. ) ;
#460 = LINE ( 'NONE', #6310, #2308 ) ;
#461 = CIRCLE ( 'NONE', #4154, 2.420000000000000373 ) ;
#462 = CARTESIAN_POINT ( 'NONE',  ( -2.800420255819354942, 10.50000000000000000, -0.5000000000000000000 ) ) ;
#463 = DIRECTION ( 'NONE',  ( 0.000000000000000000, 0.000000000000000000, -1.000000000000000000 ) ) ;
#464 = ORIENTED_EDGE ( 'NONE', *, *, #2595, .T. ) ;
#465 = ORIENTED_EDGE ( 'NONE', *, *, #3578, .T. ) ;
#466 = ORIENTED_EDGE ( 'NONE', *, *, #6190, .T. ) ;
#467 = VERTEX_POINT ( 'NONE', #2118 ) ;
#468 = CARTESIAN_POINT ( 'NONE',  ( -37.41304986719677572, 17.77000000000000313, 22.19554957595705957 ) ) ;
#469 = VECTOR ( 'NONE', #3155, 1000.000000000000000 ) ;
#470 = FACE_OUTER_BOUND ( 'NONE', #702, .T. ) ;
#471 = CARTESIAN_POINT ( 'NONE',  ( -13.43515625503130551, 4.540444544970648089, 35.00000000000000000 ) ) ;
#472 = ORIENTED_EDGE ( 'NONE', *, *, #2115, .F. ) ;
#473 = ORIENTED_EDGE ( 'NONE', *, *, #2206, .T. ) ;
#474 = ORIENTED_EDGE ( 'NONE', *, *, #5892, .F. ) ;
#475 = CARTESIAN_POINT ( 'NONE',  ( -53.99344095995156323, 8.000000000000000000, 22.13434452200543134 ) ) ;
#476 = ORIENTED_EDGE ( 'NONE', *, *, #2365, .F. ) ;
#477 = LINE ( 'NONE', #2959, #691 ) ;
#478 = CIRCLE ( 'NONE', #1544, 1.500000000000000000 ) ;
#479 = STYLED_ITEM ( 'NONE', ( #552 ), #1702 ) ;
#480 = CARTESIAN_POINT ( 'NONE',  ( -15.66701661011471103, 13.41352641556332337, 27.32705422904000514 ) ) ;
#481 = PLANE ( 'NONE',  #4624 ) ;
#482 = CYLINDRICAL_SURFACE ( 'NONE', #6545, 2.419999999999998597 ) ;
#483 = CARTESIAN_POINT ( 'NONE',  ( -40.85805583248637163, 12.50000000000000355, 1.917960789090170870 ) ) ;
#484 = DIRECTION ( 'NONE',  ( -0.000000000000000000, -0.000000000000000000, 1.000000000000000000 ) ) ;
#485 = CARTESIAN_POINT ( 'NONE',  ( -39.52052153548914504, 12.50000000000000178, 27.32705422903999803 ) ) ;
#486 = EDGE_CURVE ( 'NONE', #6444, #1817, #2504, .T. ) ;
#487 = FACE_OUTER_BOUND ( 'NONE', #5740, .T. ) ;
#488 = B_SPLINE_CURVE_WITH_KNOTS ( 'NONE', 3,
 ( #6061, #1524, #3538, #5564 ),
 .UNSPECIFIED., .F., .F.,
 ( 4, 4 ),
 ( 0.000000000000000000, 1.000000000000000000 ),
 .UNSPECIFIED. ) ;
#489 = FACE_OUTER_BOUND ( 'NONE', #3446, .T. ) ;
#490 = DIRECTION ( 'NONE',  ( -1.000000000000000000, 0.000000000000000000, -0.000000000000000000 ) ) ;
#491 = EDGE_LOOP ( 'NONE', ( #3709, #6239, #5627, #2651 ) ) ;
#492 = CARTESIAN_POINT ( 'NONE',  ( 7.852138378250272943, -3.250000000000000000, 24.23876969599391984 ) ) ;
#493 = DIRECTION ( 'NONE',  ( 0.000000000000000000, 1.000000000000000000, 0.000000000000000000 ) ) ;
#494 = EDGE_CURVE ( 'NONE', #3645, #1539, #6154, .T. ) ;
#495 = LINE ( 'NONE', #5465, #6441 ) ;
#496 = AXIS2_PLACEMENT_3D ( 'NONE', #1006, #1972, #2458 ) ;
#497 = EDGE_LOOP ( 'NONE', ( #3051, #711, #1939, #5569 ) ) ;
#498 = VERTEX_POINT ( 'NONE', #787 ) ;
#499 = ORIENTED_EDGE ( 'NONE', *, *, #53, .F. ) ;
#500 = EDGE_CURVE ( 'NONE', #1737, #1572, #5282, .T. ) ;
#501 = CARTESIAN_POINT ( 'NONE',  ( -15.92538881435733344, 12.50000000000000000, 27.32705422903999803 ) ) ;
#502 = CIRCLE ( 'NONE', #2199, 3.500000000000000000 ) ;
#503 = CARTESIAN_POINT ( 'NONE',  ( -39.25872214768999413, 10.50000000000000000, 17.73705422904000173 ) ) ;
#504 = DIRECTION ( 'NONE',  ( 0.000000000000000000, -1.000000000000000000, 2.200000000000000003E-16 ) ) ;
#505 = VERTEX_POINT ( 'NONE', #2213 ) ;
#506 = ORIENTED_EDGE ( 'NONE', *, *, #2330, .F. ) ;
#507 = ORIENTED_EDGE ( 'NONE', *, *, #5304, .F. ) ;
#508 = EDGE_CURVE ( 'NONE', #270, #3021, #1676, .T. ) ;
#509 = CARTESIAN_POINT ( 'NONE',  ( -53.99344095995156323, 5.875000000000003553, -0.8656554779945688782 ) ) ;
#510 = ORIENTED_EDGE ( 'NONE', *, *, #5000, .T. ) ;
#511 = CIRCLE ( 'NONE', #5058, 1.350000000000000533 ) ;
#512 = CARTESIAN_POINT ( 'NONE',  ( -67.07003059873778739, 4.735238934357180796, -3.761230304006072167 ) ) ;
#513 = AXIS2_PLACEMENT_3D ( 'NONE', #1608, #2469, #2078 ) ;
#514 = CARTESIAN_POINT ( 'NONE',  ( -16.85401966627606640, 13.07336532011733254, 27.32705422903999803 ) ) ;
#515 = ORIENTED_EDGE ( 'NONE', *, *, #5611, .F. ) ;
#516 = EDGE_CURVE ( 'NONE', #4475, #1266, #220, .T. ) ;
#517 = CARTESIAN_POINT ( 'NONE',  ( -33.60482852562063272, 16.36675494322675561, 4.947054229039999029 ) ) ;
#518 = CIRCLE ( 'NONE', #1581, 2.420000000000002149 ) ;
#519 = DIRECTION ( 'NONE',  ( 0.000000000000000000, 0.000000000000000000, -1.000000000000000000 ) ) ;
#520 = FACE_OUTER_BOUND ( 'NONE', #4268, .T. ) ;
#521 = CIRCLE ( 'NONE', #4219, 3.500000000000000000 ) ;
#522 = DIRECTION ( 'NONE',  ( -2.416395261410157149E-16, 0.000000000000000000, -1.000000000000000000 ) ) ;
#523 = FACE_OUTER_BOUND ( 'NONE', #4319, .T. ) ;
#524 = DIRECTION ( 'NONE',  ( 0.6545987384327839331, 0.7559765152716106940, 0.000000000000000000 ) ) ;
#525 = CARTESIAN_POINT ( 'NONE',  ( -61.54560449174972803, 8.750000000000000000, 25.73876969599392694 ) ) ;
#526 = CARTESIAN_POINT ( 'NONE',  ( -53.49344095995156323, 10.50000000000000000, 5.745757241660123249 ) ) ;
#527 = B_SPLINE_CURVE_WITH_KNOTS ( 'NONE', 3,
 ( #3337, #6029, #2419, #4933 ),
 .UNSPECIFIED., .F., .F.,
 ( 4, 4 ),
 ( 0.000000000000000000, 1.000000000000000000 ),
 .UNSPECIFIED. ) ;
#528 = DIRECTION ( 'NONE',  ( 0.000000000000000000, -0.000000000000000000, 1.000000000000000000 ) ) ;
#529 = ADVANCED_FACE ( 'NONE', ( #2241 ), #3260, .F. ) ;
#530 = EDGE_LOOP ( 'NONE', ( #667, #1772, #78, #4712 ) ) ;
#531 = ORIENTED_EDGE ( 'NONE', *, *, #1305, .T. ) ;
#532 = ADVANCED_FACE ( 'NONE', ( #4827 ), #3724, .F. ) ;
#533 = CARTESIAN_POINT ( 'NONE',  ( -37.49605571639184376, 10.50000000000000000, 17.29530658827990308 ) ) ;
#534 = EDGE_CURVE ( 'NONE', #1182, #5434, #3160, .T. ) ;
#535 = LINE ( 'NONE', #5097, #5654 ) ;
#536 = B_SPLINE_CURVE_WITH_KNOTS ( 'NONE', 3,
 ( #4506, #3039, #1061, #6497 ),
 .UNSPECIFIED., .F., .F.,
 ( 4, 4 ),
 ( 0.000000000000000000, 1.000000000000000000 ),
 .UNSPECIFIED. ) ;
#537 = CARTESIAN_POINT ( 'NONE',  ( -53.99344095995156323, 12.50000000000000000, -3.285655477994569473 ) ) ;
#538 = PLANE ( 'NONE',  #5466 ) ;
#539 = VERTEX_POINT ( 'NONE', #2314 ) ;
#540 = ORIENTED_EDGE ( 'NONE', *, *, #4687, .T. ) ;
#541 = ORIENTED_EDGE ( 'NONE', *, *, #6216, .T. ) ;
#542 = DIRECTION ( 'NONE',  ( 0.000000000000000000, 0.000000000000000000, -1.000000000000000000 ) ) ;
#543 = ORIENTED_EDGE ( 'NONE', *, *, #1843, .T. ) ;
#544 = CARTESIAN_POINT ( 'NONE',  ( -2.800420255819354942, 10.50000000000000000, -0.5000000000000000000 ) ) ;
#545 = EDGE_CURVE ( 'NONE', #558, #3040, #4332, .T. ) ;
#546 = CARTESIAN_POINT ( 'NONE',  ( -13.43515625503130551, 4.040444544970648089, 26.77397846476551280 ) ) ;
#547 = ORIENTED_EDGE ( 'NONE', *, *, #2044, .F. ) ;
#548 = FACE_OUTER_BOUND ( 'NONE', #4628, .T. ) ;
#549 = EDGE_CURVE ( 'NONE', #5192, #4738, #5965, .T. ) ;
#550 = CARTESIAN_POINT ( 'NONE',  ( -50.38856591388922368, 7.483490513531148913, 26.71994397445526204 ) ) ;
#551 = CARTESIAN_POINT ( 'NONE',  ( -39.25872214769194812, 12.50000000000000000, 2.317690357242517596 ) ) ;
#552 = PRESENTATION_STYLE_ASSIGNMENT (( #3031 ) ) ;
#553 = DIRECTION ( 'NONE',  ( 0.000000000000000000, 1.000000000000000000, 0.000000000000000000 ) ) ;
#554 = CARTESIAN_POINT ( 'NONE',  ( -60.04560449174972803, 10.50000000000000178, -0.5000000000000000000 ) ) ;
#555 = FACE_OUTER_BOUND ( 'NONE', #4667, .T. ) ;
#556 = DIRECTION ( 'NONE',  ( 0.000000000000000000, 0.000000000000000000, 1.000000000000000000 ) ) ;
#557 = LINE ( 'NONE', #5600, #4732 ) ;
#558 = VERTEX_POINT ( 'NONE', #1822 ) ;
#559 = AXIS2_PLACEMENT_3D ( 'NONE', #2375, #2312, #4326 ) ;
#560 = VERTEX_POINT ( 'NONE', #5715 ) ;
#561 = DIRECTION ( 'NONE',  ( 0.000000000000000000, -2.200000000000000003E-16, -1.000000000000000000 ) ) ;
#562 = VECTOR ( 'NONE', #1104, 1000.000000000000000 ) ;
#563 = DIRECTION ( 'NONE',  ( -1.000000000000000000, -1.525498497872751877E-16, 0.000000000000000000 ) ) ;
#564 = EDGE_CURVE ( 'NONE', #50, #3557, #6145, .T. ) ;
#565 = CARTESIAN_POINT ( 'NONE',  ( -19.69137825829315602, 6.659555455029353865, 27.73876969599392694 ) ) ;
#566 = CARTESIAN_POINT ( 'NONE',  ( 1.873062941308192730, 8.250000000000000000, 17.31907693046060714 ) ) ;
#567 = VERTEX_POINT ( 'NONE', #650 ) ;
#568 = VERTEX_POINT ( 'NONE', #1146 ) ;
#569 = VERTEX_POINT ( 'NONE', #2667 ) ;
#570 = DIRECTION ( 'NONE',  ( 0.000000000000000000, -0.000000000000000000, 1.000000000000000000 ) ) ;
#571 = VECTOR ( 'NONE', #1348, 1000.000000000000000 ) ;
#572 = AXIS2_PLACEMENT_3D ( 'NONE', #2602, #5112, #2140 ) ;
#573 = ADVANCED_FACE ( 'NONE', ( #5820 ), #2766, .F. ) ;
#574 = CARTESIAN_POINT ( 'NONE',  ( -10.82140462413961934, 15.76999999999939917, 4.947054229039999917 ) ) ;
#575 = ORIENTED_EDGE ( 'NONE', *, *, #5999, .F. ) ;
#576 = ORIENTED_EDGE ( 'NONE', *, *, #1084, .T. ) ;
#577 = AXIS2_PLACEMENT_3D ( 'NONE', #1892, #5825, #3903 ) ;
#578 = VECTOR ( 'NONE', #2242, 1000.000000000000000 ) ;
#579 = CARTESIAN_POINT ( 'NONE',  ( -60.04560449174972803, 10.50000000000000178, -0.5000000000000000000 ) ) ;
#580 = DIRECTION ( 'NONE',  ( 0.000000000000000000, 0.000000000000000000, 1.000000000000000000 ) ) ;
#581 = DIRECTION ( 'NONE',  ( -0.000000000000000000, 0.000000000000000000, 1.000000000000000000 ) ) ;
#582 = EDGE_LOOP ( 'NONE', ( #1669, #3070, #6550, #276 ) ) ;
#583 = CIRCLE ( 'NONE', #1439, 0.5000000000000004441 ) ;
#584 = AXIS2_PLACEMENT_3D ( 'NONE', #512, #4521, #4485 ) ;
#585 = CARTESIAN_POINT ( 'NONE',  ( 4.193217250673007435, 5.874999999999344524, 3.283790529398293856 ) ) ;
#586 = CARTESIAN_POINT ( 'NONE',  ( 6.352138378250272943, -3.250000000000000000, -3.261230304006072611 ) ) ;
#587 = EDGE_CURVE ( 'NONE', #3948, #5659, #156, .T. ) ;
#588 = DIRECTION ( 'NONE',  ( 1.000000000000000000, 0.000000000000000000, 0.000000000000000000 ) ) ;
#589 = CARTESIAN_POINT ( 'NONE',  ( -39.78221791640855542, 17.77000000000000668, 1.199108875703368549 ) ) ;
#590 = LINE ( 'NONE', #5719, #3375 ) ;
#591 = DIRECTION ( 'NONE',  ( 0.000000000000000000, 1.000000000000000000, 0.000000000000000000 ) ) ;
#592 = EDGE_CURVE ( 'NONE', #976, #904, #4719, .T. ) ;
#593 = ORIENTED_EDGE ( 'NONE', *, *, #5978, .T. ) ;
#594 = ORIENTED_EDGE ( 'NONE', *, *, #1684, .T. ) ;
#595 = B_SPLINE_CURVE_WITH_KNOTS ( 'NONE', 3,
 ( #5244, #3152, #645, #1703 ),
 .UNSPECIFIED., .F., .F.,
 ( 4, 4 ),
 ( 0.000000000000000000, 1.000000000000000000 ),
 .UNSPECIFIED. ) ;
#596 = CARTESIAN_POINT ( 'NONE',  ( -35.75872214768999413, 10.50000000000000000, 14.23705422904000173 ) ) ;
#597 = B_SPLINE_CURVE_WITH_KNOTS ( 'NONE', 3,
 ( #3454, #1508, #6477, #661 ),
 .UNSPECIFIED., .F., .F.,
 ( 4, 4 ),
 ( 0.000000000000000000, 1.000000000000000000 ),
 .UNSPECIFIED. ) ;
#598 = ADVANCED_FACE ( 'NONE', ( #187 ), #252, .T. ) ;
#599 = AXIS2_PLACEMENT_3D ( 'NONE', #436, #4547, #4449 ) ;
#600 = CARTESIAN_POINT ( 'NONE',  ( -39.25872214768999413, 10.50000000000000000, 10.73705422903999995 ) ) ;
#601 = DIRECTION ( 'NONE',  ( 0.000000000000000000, -0.000000000000000000, 1.000000000000000000 ) ) ;
#602 = EDGE_CURVE ( 'NONE', #6295, #5197, #1959, .T. ) ;
#603 = EDGE_LOOP ( 'NONE', ( #6068, #6169, #4576, #5299 ) ) ;
#604 = VERTEX_POINT ( 'NONE', #720 ) ;
#605 = VERTEX_POINT ( 'NONE', #1247 ) ;
#606 = PLANE ( 'NONE',  #1546 ) ;
#607 = CARTESIAN_POINT ( 'NONE',  ( -10.79999054116380997, -12.75000000000000000, 25.73360027965844665 ) ) ;
#608 = AXIS2_PLACEMENT_3D ( 'NONE', #2576, #7, #3162 ) ;
#609 = DIRECTION ( 'NONE',  ( -0.000000000000000000, -0.5898336942704522912, 0.8075247445764560661 ) ) ;
#610 = EDGE_LOOP ( 'NONE', ( #5576, #1694, #4701, #4604, #1475, #212, #1541, #1501 ) ) ;
#611 = CIRCLE ( 'NONE', #1459, 3.350000000000002309 ) ;
#612 = ORIENTED_EDGE ( 'NONE', *, *, #4299, .T. ) ;
#613 = ADVANCED_FACE ( 'NONE', ( #5318 ), #5919, .F. ) ;
#614 = DIRECTION ( 'NONE',  ( -1.000000000000000000, 0.000000000000000000, 0.000000000000000000 ) ) ;
#615 = AXIS2_PLACEMENT_3D ( 'NONE', #1677, #5784, #5283 ) ;
#616 = DIRECTION ( 'NONE',  ( 0.000000000000000000, 0.000000000000000000, 1.000000000000000000 ) ) ;
#617 = B_SPLINE_CURVE_WITH_KNOTS ( 'NONE', 3,
 ( #4536, #8, #3475, #3036, #3009, #5496 ),
 .UNSPECIFIED., .F., .F.,
 ( 4, 2, 4 ),
 ( 0.000000000000000000, 0.5000000000000000000, 1.000000000000000000 ),
 .UNSPECIFIED. ) ;
#618 = ADVANCED_FACE ( 'NONE', ( #2438, #319 ), #351, .T. ) ;
#619 = CARTESIAN_POINT ( 'NONE',  ( -27.85040280836399873, 13.41359014194774169, 27.32705422903999803 ) ) ;
#620 = ORIENTED_EDGE ( 'NONE', *, *, #4742, .T. ) ;
#621 = CARTESIAN_POINT ( 'NONE',  ( -39.25872214768999413, 15.76999999999999957, 25.32705422904000159 ) ) ;
#622 = DIRECTION ( 'NONE',  ( -1.000000000000000000, -0.000000000000000000, -0.000000000000000000 ) ) ;
#623 = DIRECTION ( 'NONE',  ( -0.000000000000000000, -1.000000000000000000, -0.000000000000000000 ) ) ;
#624 = CARTESIAN_POINT ( 'NONE',  ( -8.258722147691500481, 17.76999999999944890, 27.32705422903999803 ) ) ;
#625 = CARTESIAN_POINT ( 'NONE',  ( 4.006559040048433218, 8.000000000000000000, -3.285655477994569029 ) ) ;
#626 = EDGE_CURVE ( 'NONE', #270, #4046, #5482, .T. ) ;
#627 = VECTOR ( 'NONE', #2707, 1000.000000000000000 ) ;
#628 = ADVANCED_FACE ( 'NONE', ( #883 ), #2900, .T. ) ;
#629 = LINE ( 'NONE', #2645, #2116 ) ;
#630 = VERTEX_POINT ( 'NONE', #2410 ) ;
#631 = ORIENTED_EDGE ( 'NONE', *, *, #2356, .F. ) ;
#632 = VECTOR ( 'NONE', #6330, 1000.000000000000000 ) ;
#633 = LINE ( 'NONE', #6302, #4213 ) ;
#634 = CARTESIAN_POINT ( 'NONE',  ( -60.04560449174972803, 10.50000000000000000, 23.43434452200543205 ) ) ;
#635 = CARTESIAN_POINT ( 'NONE',  ( 15.59462909302572697, -3.805708568474071463, -6.472894873419154926 ) ) ;
#636 = EDGE_LOOP ( 'NONE', ( #4849, #5614, #310 ) ) ;
#637 = EDGE_LOOP ( 'NONE', ( #2030, #1038, #746, #675 ) ) ;
#638 = ORIENTED_EDGE ( 'NONE', *, *, #4312, .F. ) ;
#639 = LINE ( 'NONE', #5636, #3112 ) ;
#640 = CARTESIAN_POINT ( 'NONE',  ( -53.99344095995156323, 10.50000000000000000, 22.13434452200543134 ) ) ;
#641 = CARTESIAN_POINT ( 'NONE',  ( -20.04290560462219517, 5.156710659648467754, 27.73876969599392694 ) ) ;
#642 = EDGE_LOOP ( 'NONE', ( #1499, #5275, #3285, #3584, #1637, #1956, #1731, #936 ) ) ;
#643 = ORIENTED_EDGE ( 'NONE', *, *, #139, .F. ) ;
#644 = ORIENTED_EDGE ( 'NONE', *, *, #3937, .F. ) ;
#645 = CARTESIAN_POINT ( 'NONE',  ( -8.633843798657332869, 15.77000000000000313, 25.32705422903999803 ) ) ;
#646 = CARTESIAN_POINT ( 'NONE',  ( -60.04560449174972803, -3.250000000000000000, -3.261230304006072611 ) ) ;
#647 = DIRECTION ( 'NONE',  ( 0.000000000000000000, 0.000000000000000000, 1.000000000000000000 ) ) ;
#648 = EDGE_CURVE ( 'NONE', #2355, #6111, #4909, .T. ) ;
#649 = VERTEX_POINT ( 'NONE', #920 ) ;
#650 = CARTESIAN_POINT ( 'NONE',  ( -53.49344095995156323, 6.904660110310268273, 18.82186810699505486 ) ) ;
#651 = FACE_OUTER_BOUND ( 'NONE', #368, .T. ) ;
#652 = CARTESIAN_POINT ( 'NONE',  ( 4.006559040048433218, 10.50000000000000000, 25.48434452200543276 ) ) ;
#653 = LINE ( 'NONE', #128, #901 ) ;
#654 = EDGE_CURVE ( 'NONE', #2882, #3411, #1322, .T. ) ;
#655 = PRODUCT_DEFINITION_SHAPE ( 'NONE', 'NONE',  #443 ) ;
#656 = PLANE ( 'NONE',  #6238 ) ;
#657 = EDGE_CURVE ( 'NONE', #5126, #3797, #5980, .T. ) ;
#658 = EDGE_CURVE ( 'NONE', #6147, #1062, #52, .T. ) ;
#659 = DIRECTION ( 'NONE',  ( 0.000000000000000000, 0.000000000000000000, 1.000000000000000000 ) ) ;
#660 = ORIENTED_EDGE ( 'NONE', *, *, #780, .T. ) ;
#661 = CARTESIAN_POINT ( 'NONE',  ( -35.25872214769005097, 17.76999999999999957, 23.52705422904000088 ) ) ;
#662 = DIRECTION ( 'NONE',  ( 0.000000000000000000, 0.000000000000000000, 1.000000000000000000 ) ) ;
#663 = ORIENTED_EDGE ( 'NONE', *, *, #4840, .T. ) ;
#664 = CYLINDRICAL_SURFACE ( 'NONE', #2626, 1.349999999999998757 ) ;
#665 = CARTESIAN_POINT ( 'NONE',  ( -2.258722147691999638, 12.50000000000000178, 2.885254841240854073 ) ) ;
#666 = EDGE_LOOP ( 'NONE', ( #1470, #1993, #4661, #850 ) ) ;
#667 = ORIENTED_EDGE ( 'NONE', *, *, #4838, .F. ) ;
#668 = VERTEX_POINT ( 'NONE', #1412 ) ;
#669 = CARTESIAN_POINT ( 'NONE',  ( -38.34260455243252608, 10.50000000000000000, 10.82814986070089525 ) ) ;
#670 = CARTESIAN_POINT ( 'NONE',  ( -37.92538881435666553, 17.76999999999999957, 1.147054229039998763 ) ) ;
#671 = AXIS2_PLACEMENT_3D ( 'NONE', #5489, #2969, #4991 ) ;
#672 = SURFACE_SIDE_STYLE ('',( #1072 ) ) ;
#673 = ORIENTED_EDGE ( 'NONE', *, *, #105, .T. ) ;
#674 = ORIENTED_EDGE ( 'NONE', *, *, #1622, .T. ) ;
#675 = ORIENTED_EDGE ( 'NONE', *, *, #6537, .F. ) ;
#676 = AXIS2_PLACEMENT_3D ( 'NONE', #1453, #5460, #5927 ) ;
#677 = CARTESIAN_POINT ( 'NONE',  ( 6.352138378250272055, 8.757473573018954127, -6.761230304006072167 ) ) ;
#678 = CARTESIAN_POINT ( 'NONE',  ( -60.04560449174972803, 10.50000000000000000, 22.43434452200543205 ) ) ;
#679 = LINE ( 'NONE', #5713, #3845 ) ;
#680 = VECTOR ( 'NONE', #5458, 1000.000000000000000 ) ;
#681 = VERTEX_POINT ( 'NONE', #3925 ) ;
#682 = CARTESIAN_POINT ( 'NONE',  ( -4.258722147691999638, 12.50000000000000000, 3.147054229040000095 ) ) ;
#683 = DIRECTION ( 'NONE',  ( 1.000000000000000000, 0.000000000000000000, 3.110824955691249205E-17 ) ) ;
#684 = CARTESIAN_POINT ( 'NONE',  ( -37.41284226220845710, 17.76999999999999602, 6.278438420331372782 ) ) ;
#685 = DIRECTION ( 'NONE',  ( -0.000000000000000000, 1.000000000000000000, -0.000000000000000000 ) ) ;
#686 = CARTESIAN_POINT ( 'NONE',  ( -6.058722147692000348, 15.77000000000000313, 21.96555834207098101 ) ) ;
#687 = VECTOR ( 'NONE', #1831, 1000.000000000000000 ) ;
#688 = EDGE_CURVE ( 'NONE', #180, #4542, #4860, .T. ) ;
#689 = B_SPLINE_CURVE_WITH_KNOTS ( 'NONE', 3,
 ( #2351, #357, #1860, #1790 ),
 .UNSPECIFIED., .F., .F.,
 ( 4, 4 ),
 ( 0.000000000000000000, 1.000000000000000000 ),
 .UNSPECIFIED. ) ;
#690 = AXIS2_PLACEMENT_3D ( 'NONE', #3302, #2813, #1687 ) ;
#691 = VECTOR ( 'NONE', #2535, 1000.000000000000000 ) ;
#692 = LINE ( 'NONE', #2247, #6134 ) ;
#693 = VERTEX_POINT ( 'NONE', #3360 ) ;
#694 = DIRECTION ( 'NONE',  ( -0.000000000000000000, 1.000000000000000000, -0.000000000000000000 ) ) ;
#695 = LINE ( 'NONE', #4764, #2074 ) ;
#696 = ORIENTED_EDGE ( 'NONE', *, *, #5558, .T. ) ;
#697 = EDGE_CURVE ( 'NONE', #3308, #5407, #954, .T. ) ;
#698 = DIRECTION ( 'NONE',  ( -1.000000000000000000, 0.000000000000000000, 0.000000000000000000 ) ) ;
#699 = LINE ( 'NONE', #170, #1827 ) ;
#700 = EDGE_CURVE ( 'NONE', #1167, #505, #256, .T. ) ;
#701 = ORIENTED_EDGE ( 'NONE', *, *, #2261, .F. ) ;
#702 = EDGE_LOOP ( 'NONE', ( #1650, #86, #1063, #3451 ) ) ;
#703 = VERTEX_POINT ( 'NONE', #2867 ) ;
#704 = CARTESIAN_POINT ( 'NONE',  ( 14.02106672353487227, 4.713004295695412793, -3.761230304006072167 ) ) ;
#705 = DIRECTION ( 'NONE',  ( 0.000000000000000000, 0.000000000000000000, 1.000000000000000000 ) ) ;
#706 = CIRCLE ( 'NONE', #6319, 2.419999999999998597 ) ;
#707 = FACE_OUTER_BOUND ( 'NONE', #5810, .T. ) ;
#708 = EDGE_LOOP ( 'NONE', ( #6161, #3816, #872, #4906 ) ) ;
#709 = ADVANCED_FACE ( 'NONE', ( #1446, #6423, #4955 ), #3462, .T. ) ;
#710 = ORIENTED_EDGE ( 'NONE', *, *, #1629, .T. ) ;
#711 = ORIENTED_EDGE ( 'NONE', *, *, #2361, .T. ) ;
#712 = PRODUCT_DEFINITION_SHAPE ( 'NONE', 'NONE',  #1341 ) ;
#713 = VECTOR ( 'NONE', #4442, 1000.000000000000000 ) ;
#714 = LINE ( 'NONE', #6180, #2003 ) ;
#715 = CARTESIAN_POINT ( 'NONE',  ( -35.25872214769005097, 17.76999999999999957, 27.32705422903999803 ) ) ;
#716 = ADVANCED_FACE ( 'NONE', ( #4429 ), #5945, .T. ) ;
#717 = AXIS2_PLACEMENT_3D ( 'NONE', #5637, #2133, #4461 ) ;
#718 = CARTESIAN_POINT ( 'NONE',  ( -26.66325552295590029, 13.07326386611337554, 27.32705422903999803 ) ) ;
#719 = ORIENTED_EDGE ( 'NONE', *, *, #1969, .F. ) ;
#720 = CARTESIAN_POINT ( 'NONE',  ( -60.04560449174972803, 10.50000000000000178, 0.5000000000000000000 ) ) ;
#721 = CARTESIAN_POINT ( 'NONE',  ( -42.75872214769000124, 12.50000000000000000, 14.23705422903999995 ) ) ;
#722 = VECTOR ( 'NONE', #5997, 1000.000000000000000 ) ;
#723 = CARTESIAN_POINT ( 'NONE',  ( 0.000000000000000000, 10.50000000000000000, 0.000000000000000000 ) ) ;
#724 = LINE ( 'NONE', #2739, #3103 ) ;
#725 = FACE_OUTER_BOUND ( 'NONE', #5095, .T. ) ;
#726 = DIRECTION ( 'NONE',  ( 0.000000000000000000, -1.000000000000000000, 0.000000000000000000 ) ) ;
#727 = DIRECTION ( 'NONE',  ( -0.000000000000000000, 1.000000000000000000, -0.000000000000000000 ) ) ;
#728 = ORIENTED_EDGE ( 'NONE', *, *, #1521, .T. ) ;
#729 = DIRECTION ( 'NONE',  ( -0.000000000000000000, 0.000000000000000000, 1.000000000000000000 ) ) ;
#730 = DIRECTION ( 'NONE',  ( 0.000000000000000000, 1.000000000000000000, -2.400000000000000048E-16 ) ) ;
#731 = ORIENTED_EDGE ( 'NONE', *, *, #4417, .T. ) ;
#732 = CIRCLE ( 'NONE', #2210, 1.600000000000004086 ) ;
#733 = DIRECTION ( 'NONE',  ( -1.000000000000000000, 0.000000000000000000, 0.000000000000000000 ) ) ;
#734 = EDGE_CURVE ( 'NONE', #5134, #143, #6349, .T. ) ;
#735 = DIRECTION ( 'NONE',  ( 0.000000000000000000, 1.000000000000000000, -2.200000000000000003E-16 ) ) ;
#736 = EDGE_CURVE ( 'NONE', #3754, #2160, #5518, .T. ) ;
#737 = ORIENTED_EDGE ( 'NONE', *, *, #2374, .F. ) ;
#738 = ORIENTED_EDGE ( 'NONE', *, *, #5239, .F. ) ;
#739 = ORIENTED_EDGE ( 'NONE', *, *, #4232, .F. ) ;
#740 = DIRECTION ( 'NONE',  ( 1.000000000000000000, 0.000000000000000000, 0.000000000000000000 ) ) ;
#741 = EDGE_CURVE ( 'NONE', #3098, #1307, #3498, .T. ) ;
#742 = CARTESIAN_POINT ( 'NONE',  ( -36.59205548102332273, 17.76999999999999957, 1.147054229039998763 ) ) ;
#743 = CARTESIAN_POINT ( 'NONE',  ( 4.006559040048433218, 5.875000000000003553, -0.8656554779945688782 ) ) ;
#744 = ORIENTED_EDGE ( 'NONE', *, *, #4270, .F. ) ;
#745 = VECTOR ( 'NONE', #408, 1000.000000000000000 ) ;
#746 = ORIENTED_EDGE ( 'NONE', *, *, #3578, .F. ) ;
#747 = VERTEX_POINT ( 'NONE', #3857 ) ;
#748 = DIRECTION ( 'NONE',  ( 1.000000000000000000, 0.000000000000000000, 0.000000000000000000 ) ) ;
#749 = CARTESIAN_POINT ( 'NONE',  ( -4.258722147691999638, 15.76999999999999957, 3.147054229040000095 ) ) ;
#750 = CARTESIAN_POINT ( 'NONE',  ( 6.352138378250272055, 12.50000000000000000, 27.73876969599392694 ) ) ;
#751 = ORIENTED_EDGE ( 'NONE', *, *, #734, .T. ) ;
#752 = EDGE_CURVE ( 'NONE', #6444, #1709, #3919, .T. ) ;
#753 = DIRECTION ( 'NONE',  ( 0.000000000000000000, 0.000000000000000000, 1.000000000000000000 ) ) ;
#754 = CARTESIAN_POINT ( 'NONE',  ( -3.321960232225681153, 11.19375000000000142, 0.3329792088061097610 ) ) ;
#755 = CARTESIAN_POINT ( 'NONE',  ( -37.45872214768999697, 17.76999999999999957, 6.747054229039999740 ) ) ;
#756 = CARTESIAN_POINT ( 'NONE',  ( -50.64344095995156891, 5.875000000000003553, 0.5000000000000000000 ) ) ;
#757 = LINE ( 'NONE', #3836, #4488 ) ;
#758 = CARTESIAN_POINT ( 'NONE',  ( -7.858722147691999282, 15.76999999999999957, 23.52705422904000088 ) ) ;
#759 = DIRECTION ( 'NONE',  ( 0.000000000000000000, 1.000000000000000000, 0.000000000000000000 ) ) ;
#760 = DIRECTION ( 'NONE',  ( -0.000000000000000000, 0.000000000000000000, 1.000000000000000000 ) ) ;
#761 = FACE_OUTER_BOUND ( 'NONE', #708, .T. ) ;
#762 = VERTEX_POINT ( 'NONE', #3824 ) ;
#763 = DIRECTION ( 'NONE',  ( 0.000000000000000000, 1.000000000000000000, 0.000000000000000000 ) ) ;
#764 = PLANE ( 'NONE',  #1667 ) ;
#765 = DIRECTION ( 'NONE',  ( 0.000000000000000000, 0.000000000000000000, 1.000000000000000000 ) ) ;
#766 = VERTEX_POINT ( 'NONE', #1878 ) ;
#767 = ORIENTED_EDGE ( 'NONE', *, *, #2192, .F. ) ;
#768 = ORIENTED_EDGE ( 'NONE', *, *, #1291, .F. ) ;
#769 = CARTESIAN_POINT ( 'NONE',  ( 4.006559040048433218, 5.875000000000003553, 22.13434452200543134 ) ) ;
#770 = CARTESIAN_POINT ( 'NONE',  ( -33.36506277091412187, 16.18178067430129730, 1.147054229039999207 ) ) ;
#771 = B_SPLINE_CURVE_WITH_KNOTS ( 'NONE', 3,
 ( #3910, #4306, #4377, #4803 ),
 .UNSPECIFIED., .F., .F.,
 ( 4, 4 ),
 ( 0.000000000000000000, 1.000000000000000000 ),
 .UNSPECIFIED. ) ;
#772 = ADVANCED_FACE ( 'NONE', ( #2341 ), #3418, .T. ) ;
#773 = DIRECTION ( 'NONE',  ( 0.000000000000000000, 0.000000000000000000, 1.000000000000000000 ) ) ;
#774 = VERTEX_POINT ( 'NONE', #4422 ) ;
#775 = B_SPLINE_CURVE_WITH_KNOTS ( 'NONE', 3,
 ( #3590, #5103, #1071, #441 ),
 .UNSPECIFIED., .F., .F.,
 ( 4, 4 ),
 ( 0.000000000000000000, 1.000000000000000000 ),
 .UNSPECIFIED. ) ;
#776 = ORIENTED_EDGE ( 'NONE', *, *, #4108, .F. ) ;
#777 = EDGE_LOOP ( 'NONE', ( #3078, #2342, #2695, #1933 ) ) ;
#778 = FACE_OUTER_BOUND ( 'NONE', #2863, .T. ) ;
#779 = DIRECTION ( 'NONE',  ( 0.000000000000000000, 0.000000000000000000, 1.000000000000000000 ) ) ;
#780 = EDGE_CURVE ( 'NONE', #5773, #2678, #1583, .T. ) ;
#781 = CARTESIAN_POINT ( 'NONE',  ( -39.25872214768999413, 12.50000000000000000, 14.23705422903999995 ) ) ;
#782 = VECTOR ( 'NONE', #5140, 1000.000000000000000 ) ;
#783 = CARTESIAN_POINT ( 'NONE',  ( -46.64434067419821162, 10.50000000000000000, 23.43434452200543205 ) ) ;
#784 = VECTOR ( 'NONE', #5758, 1000.000000000000000 ) ;
#785 = EDGE_CURVE ( 'NONE', #4165, #3754, #5311, .T. ) ;
#786 = ORIENTED_EDGE ( 'NONE', *, *, #4090, .F. ) ;
#787 = CARTESIAN_POINT ( 'NONE',  ( -41.25872214768999413, 12.50000000000000000, 17.10933555230900183 ) ) ;
#788 = CARTESIAN_POINT ( 'NONE',  ( -10.15218840779477461, 16.18182062135944221, 1.147054229039999207 ) ) ;
#789 = PLANE ( 'NONE',  #6218 ) ;
#790 = DIRECTION ( 'NONE',  ( -1.000000000000000000, 0.000000000000000000, -0.000000000000000000 ) ) ;
#791 = AXIS2_PLACEMENT_3D ( 'NONE', #1280, #3294, #4188 ) ;
#792 = CARTESIAN_POINT ( 'NONE',  ( -61.54560449174972803, -3.250000000000000000, -4.761230304006072167 ) ) ;
#793 = AXIS2_PLACEMENT_3D ( 'NONE', #2079, #2443, #3502 ) ;
#794 = PLANE ( 'NONE',  #1745 ) ;
#795 = CARTESIAN_POINT ( 'NONE',  ( -53.49344095995156323, 5.875000000000003553, 3.284344522005432587 ) ) ;
#796 = EDGE_CURVE ( 'NONE', #2814, #2195, #4361, .T. ) ;
#797 = CARTESIAN_POINT ( 'NONE',  ( -55.68735568109402578, 6.425691701260461741, 19.17655030918843195 ) ) ;
#798 = DIRECTION ( 'NONE',  ( -1.000000000000000000, 0.000000000000000000, 0.000000000000000000 ) ) ;
#799 = ORIENTED_EDGE ( 'NONE', *, *, #1022, .T. ) ;
#800 = VECTOR ( 'NONE', #1753, 1000.000000000000000 ) ;
#801 = CIRCLE ( 'NONE', #2698, 0.5000000000000004441 ) ;
#802 = DIRECTION ( 'NONE',  ( 0.000000000000000000, 0.000000000000000000, -1.000000000000000000 ) ) ;
#803 = ADVANCED_FACE ( 'NONE', ( #4321 ), #3790, .F. ) ;
#804 = CARTESIAN_POINT ( 'NONE',  ( 4.006559040048433218, 5.875000000000003553, 22.13434452200543134 ) ) ;
#805 = ORIENTED_EDGE ( 'NONE', *, *, #4733, .T. ) ;
#806 = ORIENTED_EDGE ( 'NONE', *, *, #4694, .T. ) ;
#807 = VERTEX_POINT ( 'NONE', #3888 ) ;
#808 = CIRCLE ( 'NONE', #6309, 3.350000000000001421 ) ;
#809 = CARTESIAN_POINT ( 'NONE',  ( -39.25872214768999413, 17.76999999999999957, 27.32705422903999803 ) ) ;
#810 = ADVANCED_FACE ( 'NONE', ( #778 ), #4853, .T. ) ;
#811 = CARTESIAN_POINT ( 'NONE',  ( 3.469226652074589801, 10.50000000000000000, -4.193319939474274181E-16 ) ) ;
#812 = EDGE_LOOP ( 'NONE', ( #1565, #4020, #3616 ) ) ;
#813 = B_SPLINE_CURVE_WITH_KNOTS ( 'NONE', 3,
 ( #384, #1414, #2902, #1984 ),
 .UNSPECIFIED., .F., .F.,
 ( 4, 4 ),
 ( 0.000000000000000000, 1.000000000000000000 ),
 .UNSPECIFIED. ) ;
#814 = VERTEX_POINT ( 'NONE', #2862 ) ;
#815 = ORIENTED_EDGE ( 'NONE', *, *, #5201, .F. ) ;
#816 = DIRECTION ( 'NONE',  ( -1.208718933646689929E-16, 0.000000000000000000, -1.000000000000000000 ) ) ;
#817 = ORIENTED_EDGE ( 'NONE', *, *, #4025, .T. ) ;
#818 = DIRECTION ( 'NONE',  ( 0.000000000000000000, -0.000000000000000000, 1.000000000000000000 ) ) ;
#819 = DIRECTION ( 'NONE',  ( 0.000000000000000000, 1.000000000000000000, -1.700000000000000014E-16 ) ) ;
#820 = CARTESIAN_POINT ( 'NONE',  ( -51.60056723113756760, 5.875000000000003553, 24.47883920486393805 ) ) ;
#821 = AXIS2_PLACEMENT_3D ( 'NONE', #635, #4139, #1096 ) ;
#822 = EDGE_CURVE ( 'NONE', #2448, #270, #3351, .T. ) ;
#823 = EDGE_CURVE ( 'NONE', #4360, #668, #6431, .T. ) ;
#824 = DIRECTION ( 'NONE',  ( 0.000000000000000000, 0.000000000000000000, -1.000000000000000000 ) ) ;
#825 = DIRECTION ( 'NONE',  ( -0.000000000000000000, -0.000000000000000000, -1.000000000000000000 ) ) ;
#826 = DIRECTION ( 'NONE',  ( 0.000000000000000000, 0.000000000000000000, 1.000000000000000000 ) ) ;
#827 = LINE ( 'NONE', #1384, #3135 ) ;
#828 = ADVANCED_FACE ( 'NONE', ( #3287 ), #5346, .F. ) ;
#829 = DIRECTION ( 'NONE',  ( 0.000000000000000000, 1.000000000000000000, 0.000000000000000000 ) ) ;
#830 = VECTOR ( 'NONE', #417, 1000.000000000000000 ) ;
#831 = LINE ( 'NONE', #5325, #5104 ) ;
#832 = CARTESIAN_POINT ( 'NONE',  ( 9.876295877967509185, 2.129741779671930742E-15, -4.761230304006072167 ) ) ;
#833 = DIRECTION ( 'NONE',  ( 0.000000000000000000, -1.000000000000000000, 0.000000000000000000 ) ) ;
#834 = CARTESIAN_POINT ( 'NONE',  ( -8.846282973174666608, 15.77000000000000313, 23.52705422904000088 ) ) ;
#835 = EDGE_LOOP ( 'NONE', ( #3917, #3985, #1337, #1493 ) ) ;
#836 = EDGE_CURVE ( 'NONE', #4905, #6010, #4916, .T. ) ;
#837 = CARTESIAN_POINT ( 'NONE',  ( -39.25872214768999413, 12.50000000000000000, 10.73705422903999995 ) ) ;
#838 = VECTOR ( 'NONE', #1580, 1000.000000000000114 ) ;
#839 = EDGE_CURVE ( 'NONE', #1542, #2160, #5380, .T. ) ;
#840 = DIRECTION ( 'NONE',  ( 0.000000000000000000, -0.000000000000000000, 1.000000000000000000 ) ) ;
#841 = VERTEX_POINT ( 'NONE', #2792 ) ;
#842 = ORIENTED_EDGE ( 'NONE', *, *, #339, .T. ) ;
#843 = ORIENTED_EDGE ( 'NONE', *, *, #836, .T. ) ;
#844 = VECTOR ( 'NONE', #1467, 1000.000000000000000 ) ;
#845 = ADVANCED_FACE ( 'NONE', ( #278 ), #5848, .T. ) ;
#846 = PLANE ( 'NONE',  #2009 ) ;
#847 = VECTOR ( 'NONE', #1995, 1000.000000000000000 ) ;
#848 = LINE ( 'NONE', #3852, #4903 ) ;
#849 = ORIENTED_EDGE ( 'NONE', *, *, #1305, .F. ) ;
#850 = ORIENTED_EDGE ( 'NONE', *, *, #1843, .F. ) ;
#851 = ORIENTED_EDGE ( 'NONE', *, *, #1512, .F. ) ;
#852 = CARTESIAN_POINT ( 'NONE',  ( -53.99344095995156323, 8.000000000000000000, 22.13434452200543134 ) ) ;
#853 = CARTESIAN_POINT ( 'NONE',  ( 6.352138378250272055, -3.250000000000000000, 24.23876969599392694 ) ) ;
#854 = DIRECTION ( 'NONE',  ( -0.000000000000000000, -0.000000000000000000, 1.000000000000000000 ) ) ;
#855 = DIRECTION ( 'NONE',  ( 0.000000000000000000, 0.000000000000000000, -1.000000000000000000 ) ) ;
#856 = CARTESIAN_POINT ( 'NONE',  ( 4.006559040048433218, 10.50000000000000000, -0.8656554779945688782 ) ) ;
#857 = CARTESIAN_POINT ( 'NONE',  ( 1.449232335330653321, 5.181250000000004796, -2.104725162383469961 ) ) ;
#858 = CARTESIAN_POINT ( 'NONE',  ( -41.03204925528254421, -23.76355523646716250, 27.73876969599392694 ) ) ;
#859 = CARTESIAN_POINT ( 'NONE',  ( -32.69603967124039912, 15.76999999999944713, 23.52705422904000088 ) ) ;
#860 = DIRECTION ( 'NONE',  ( 0.000000000000000000, 0.000000000000000000, -1.000000000000000000 ) ) ;
#861 = EDGE_CURVE ( 'NONE', #6133, #2646, #1053, .T. ) ;
#862 = CYLINDRICAL_SURFACE ( 'NONE', #4899, 1.349999999999996980 ) ;
#863 = CARTESIAN_POINT ( 'NONE',  ( -39.25872214768999413, 12.50000000000000000, 3.147054229040000095 ) ) ;
#864 = CARTESIAN_POINT ( 'NONE',  ( 0.000000000000000000, 12.50000000000000000, 0.000000000000000000 ) ) ;
#865 = LINE ( 'NONE', #6491, #3963 ) ;
#866 = EDGE_LOOP ( 'NONE', ( #5933, #2267, #4730, #6206 ) ) ;
#867 = FACE_OUTER_BOUND ( 'NONE', #399, .T. ) ;
#868 = EDGE_CURVE ( 'NONE', #4329, #2751, #3966, .T. ) ;
#869 = DIRECTION ( 'NONE',  ( 1.000000000000000000, -0.000000000000000000, -0.000000000000000000 ) ) ;
#870 = ORIENTED_EDGE ( 'NONE', *, *, #402, .F. ) ;
#871 = ORIENTED_EDGE ( 'NONE', *, *, #2960, .F. ) ;
#872 = ORIENTED_EDGE ( 'NONE', *, *, #1990, .T. ) ;
#873 = CARTESIAN_POINT ( 'NONE',  ( -35.65872214768999271, 16.43666666666666387, 4.947054229039998141 ) ) ;
#874 = DIRECTION ( 'NONE',  ( -0.000000000000000000, -0.000000000000000000, -1.000000000000000000 ) ) ;
#875 = ORIENTED_EDGE ( 'NONE', *, *, #4625, .F. ) ;
#876 = EDGE_LOOP ( 'NONE', ( #5535, #3315, #1966, #5847, #3823, #731, #3243, #5836 ) ) ;
#877 = VERTEX_POINT ( 'NONE', #1125 ) ;
#878 = DIRECTION ( 'NONE',  ( -1.000000000000000000, 0.000000000000000000, 0.000000000000000000 ) ) ;
#879 = CARTESIAN_POINT ( 'NONE',  ( -2.827916956681465699, 10.50000000000000000, 23.43434452200543205 ) ) ;
#880 = CARTESIAN_POINT ( 'NONE',  ( -7.858722147691995730, 16.43666666666666387, 4.947054229039999029 ) ) ;
#881 = LINE ( 'NONE', #2345, #5638 ) ;
#882 = CIRCLE ( 'NONE', #2571, 1.350000000000000533 ) ;
#883 = FACE_OUTER_BOUND ( 'NONE', #5076, .T. ) ;
#884 = CARTESIAN_POINT ( 'NONE',  ( -39.78221791640856253, 17.77000000000000313, 27.27499958237663336 ) ) ;
#885 = DIRECTION ( 'NONE',  ( -1.000000000000000000, 0.000000000000000000, 0.000000000000000000 ) ) ;
#886 = DIRECTION ( 'NONE',  ( -0.000000000000000000, 1.000000000000000000, 0.000000000000000000 ) ) ;
#887 = DIRECTION ( 'NONE',  ( 0.000000000000000000, -1.700000000000000014E-16, -1.000000000000000000 ) ) ;
#888 = CIRCLE ( 'NONE', #1417, 0.5000000000000004441 ) ;
#889 = EDGE_CURVE ( 'NONE', #4680, #431, #5284, .T. ) ;
#890 = VECTOR ( 'NONE', #4796, 1000.000000000000000 ) ;
#891 = CARTESIAN_POINT ( 'NONE',  ( 9.514416038418653798, 0.7524792909186129863, -4.761230304006072167 ) ) ;
#892 = CARTESIAN_POINT ( 'NONE',  ( -41.25872214768999413, 17.76999999999999957, 3.147054229040000095 ) ) ;
#893 = DIRECTION ( 'NONE',  ( 1.000000000000000000, -0.000000000000000000, -0.000000000000000000 ) ) ;
#894 = CARTESIAN_POINT ( 'NONE',  ( -3.738192908928001490, 17.76999999999999957, 1.197801207365813081 ) ) ;
#895 = EDGE_LOOP ( 'NONE', ( #2789, #3747, #3380, #6470, #1538, #2424, #314 ) ) ;
#896 = LINE ( 'NONE', #394, #713 ) ;
#897 = ADVANCED_FACE ( 'NONE', ( #3642 ), #1762, .T. ) ;
#898 = AXIS2_PLACEMENT_3D ( 'NONE', #6217, #5209, #1672 ) ;
#899 = CARTESIAN_POINT ( 'NONE',  ( -51.60056723113756760, 8.750000000000000000, 26.71994397445526204 ) ) ;
#900 = CARTESIAN_POINT ( 'NONE',  ( -32.69603967124039912, 15.76999999999944713, 3.147054229040000095 ) ) ;
#901 = VECTOR ( 'NONE', #2670, 1000.000000000000000 ) ;
#902 = ORIENTED_EDGE ( 'NONE', *, *, #4873, .F. ) ;
#903 = EDGE_LOOP ( 'NONE', ( #673, #4509, #4557, #6438 ) ) ;
#904 = VERTEX_POINT ( 'NONE', #203 ) ;
#905 = CARTESIAN_POINT ( 'NONE',  ( 0.6805272488406796105, 5.875000000000003553, -0.4656398234567175054 ) ) ;
#906 = EDGE_CURVE ( 'NONE', #1334, #762, #3241, .T. ) ;
#907 = DIRECTION ( 'NONE',  ( 0.000000000000000000, 0.000000000000000000, 1.000000000000000000 ) ) ;
#908 = ORIENTED_EDGE ( 'NONE', *, *, #3156, .T. ) ;
#909 = VECTOR ( 'NONE', #1971, 1000.000000000000000 ) ;
#910 = AXIS2_PLACEMENT_3D ( 'NONE', #3748, #2132, #5702 ) ;
#911 = ORIENTED_EDGE ( 'NONE', *, *, #6543, .F. ) ;
#912 = VERTEX_POINT ( 'NONE', #5263 ) ;
#913 = DIRECTION ( 'NONE',  ( 0.000000000000000000, 0.000000000000000000, 1.000000000000000000 ) ) ;
#914 = CARTESIAN_POINT ( 'NONE',  ( -37.09812246400672819, 15.76999999999999957, 5.640870133085152283 ) ) ;
#915 = EDGE_CURVE ( 'NONE', #2814, #3026, #6152, .T. ) ;
#916 = CARTESIAN_POINT ( 'NONE',  ( -39.25872214769194812, 10.50000000000000000, 2.317690357242517596 ) ) ;
#917 = EDGE_CURVE ( 'NONE', #5336, #5964, #2650, .T. ) ;
#918 = DIRECTION ( 'NONE',  ( -0.000000000000000000, -0.000000000000000000, -1.000000000000000000 ) ) ;
#919 = SHAPE_REPRESENTATION ( 'New-radiator-holder-20240412.step', ( #5143 ), #3664 ) ;
#920 = CARTESIAN_POINT ( 'NONE',  ( -66.59445670572583253, 0.7130042956954119049, -3.761230304006072167 ) ) ;
#921 = CARTESIAN_POINT ( 'NONE',  ( -48.31535629077411897, 8.567453508431418285, 23.43434452200543205 ) ) ;
#922 = LINE ( 'NONE', #4988, #4726 ) ;
#923 = CARTESIAN_POINT ( 'NONE',  ( -50.88856591388922368, 7.983490513531148913, 26.71994397445526204 ) ) ;
#924 = CARTESIAN_POINT ( 'NONE',  ( -7.858722147691999282, 17.76999999999999957, 4.947054229039999917 ) ) ;
#925 = CARTESIAN_POINT ( 'NONE',  ( -10.79999054116380997, 8.250000000000000000, 26.77397846476551280 ) ) ;
#926 = CARTESIAN_POINT ( 'NONE',  ( -48.31535629077411897, 8.567453508431418285, 23.43434452200543205 ) ) ;
#927 = FACE_BOUND ( 'NONE', #4978, .T. ) ;
#928 = DIRECTION ( 'NONE',  ( -0.000000000000000000, -1.000000000000000000, -0.000000000000000000 ) ) ;
#929 = EDGE_LOOP ( 'NONE', ( #541, #1836, #12, #5077, #4577, #3848, #19, #1904, #3733, #473, #163, #1073 ) ) ;
#930 = AXIS2_PLACEMENT_3D ( 'NONE', #4891, #2349, #4336 ) ;
#931 = CARTESIAN_POINT ( 'NONE',  ( -53.49344095995156323, 5.875000000000003553, 3.284344522005432587 ) ) ;
#932 = DIRECTION ( 'NONE',  ( -0.000000000000000000, -1.000000000000000000, -0.000000000000000000 ) ) ;
#933 = VECTOR ( 'NONE', #5922, 1000.000000000000000 ) ;
#934 = LINE ( 'NONE', #5036, #3894 ) ;
#935 = VERTEX_POINT ( 'NONE', #5162 ) ;
#936 = ORIENTED_EDGE ( 'NONE', *, *, #1236, .F. ) ;
#937 = ORIENTED_EDGE ( 'NONE', *, *, #1214, .F. ) ;
#938 = AXIS2_PLACEMENT_3D ( 'NONE', #921, #2929, #6117 ) ;
#939 = EDGE_CURVE ( 'NONE', #4318, #2432, #699, .T. ) ;
#940 = EDGE_CURVE ( 'NONE', #2940, #4748, #233, .T. ) ;
#941 = CARTESIAN_POINT ( 'NONE',  ( 3.469226652095421137, 5.875000000000003553, 3.240970280215258903 ) ) ;
#942 =( BOUNDED_CURVE ( )  B_SPLINE_CURVE ( 3, ( #4022, #6231, #797, #1255 ),
 .UNSPECIFIED., .F., .T. ) 
 B_SPLINE_CURVE_WITH_KNOTS ( ( 4, 4 ),
 ( 0.1498135073559420938, 0.7056440465982339871 ),
 .UNSPECIFIED. ) 
 CURVE ( )  GEOMETRIC_REPRESENTATION_ITEM ( )  RATIONAL_B_SPLINE_CURVE ( ( 1.000000000000000000, 0.9744196509921716487, 0.9744196509921716487, 1.000000000000000000 ) ) 
 REPRESENTATION_ITEM ( '' )  );
#943 = ORIENTED_EDGE ( 'NONE', *, *, #6386, .F. ) ;
#944 = AXIS2_PLACEMENT_3D ( 'NONE', #6335, #1866, #298 ) ;
#945 = ORIENTED_EDGE ( 'NONE', *, *, #5779, .F. ) ;
#946 = ORIENTED_EDGE ( 'NONE', *, *, #1629, .F. ) ;
#947 = ORIENTED_EDGE ( 'NONE', *, *, #445, .F. ) ;
#948 = CARTESIAN_POINT ( 'NONE',  ( 6.352138378250272055, 0.7524792909186129863, -6.761230304006072167 ) ) ;
#949 = CIRCLE ( 'NONE', #5385, 3.350000000000002309 ) ;
#950 = AXIS2_PLACEMENT_3D ( 'NONE', #1816, #3390, #878 ) ;
#951 = CYLINDRICAL_SURFACE ( 'NONE', #2892, 1.600000000000004086 ) ;
#952 = UNCERTAINTY_MEASURE_WITH_UNIT (LENGTH_MEASURE( 1.000000000000000082E-05 ), #5375, 'distance_accuracy_value', 'NONE');
#953 = AXIS2_PLACEMENT_3D ( 'NONE', #2674, #5624, #227 ) ;
#954 = LINE ( 'NONE', #3958, #2269 ) ;
#955 = CARTESIAN_POINT ( 'NONE',  ( -3.354722767708484987, 11.19375000000000142, -2.122092213630484281 ) ) ;
#956 = CARTESIAN_POINT ( 'NONE',  ( -4.258722147691999638, 15.76999999999999957, 25.32705422904000159 ) ) ;
#957 = CARTESIAN_POINT ( 'NONE',  ( -53.99344095995156323, 8.000000000000000000, 22.13434452200543134 ) ) ;
#958 = LINE ( 'NONE', #419, #680 ) ;
#959 = CARTESIAN_POINT ( 'NONE',  ( -39.25872214768999413, 12.50000000000000000, 27.32705422903999803 ) ) ;
#960 = DIRECTION ( 'NONE',  ( 0.000000000000000000, 0.000000000000000000, 1.000000000000000000 ) ) ;
#961 = CARTESIAN_POINT ( 'NONE',  ( -10.82140462413961934, 15.76999999999944713, 25.32705422904000159 ) ) ;
#962 = CARTESIAN_POINT ( 'NONE',  ( -61.54560449174972803, 4.466867144221085439, 27.73876969599392694 ) ) ;
#963 = VERTEX_POINT ( 'NONE', #5297 ) ;
#964 = CARTESIAN_POINT ( 'NONE',  ( 4.506559040048433218, 8.522475794581160002, 18.82186810699505486 ) ) ;
#965 = DIRECTION ( 'NONE',  ( 0.000000000000000000, 0.000000000000000000, 1.000000000000000000 ) ) ;
#966 = PLANE ( 'NONE',  #3356 ) ;
#967 = ORIENTED_EDGE ( 'NONE', *, *, #1194, .T. ) ;
#968 = ORIENTED_EDGE ( 'NONE', *, *, #2932, .F. ) ;
#969 = ORIENTED_EDGE ( 'NONE', *, *, #1221, .T. ) ;
#970 = ORIENTED_EDGE ( 'NONE', *, *, #3172, .F. ) ;
#971 = CARTESIAN_POINT ( 'NONE',  ( -36.12733795639724121, 17.77000000000000668, 23.48117434355951261 ) ) ;
#972 = CARTESIAN_POINT ( 'NONE',  ( 3.469226652074591133, 5.875000000000003553, 2.440970280211873789 ) ) ;
#973 = PLANE ( 'NONE',  #599 ) ;
#974 = ORIENTED_EDGE ( 'NONE', *, *, #4134, .T. ) ;
#975 = ORIENTED_EDGE ( 'NONE', *, *, #1040, .F. ) ;
#976 = VERTEX_POINT ( 'NONE', #2127 ) ;
#977 = DIRECTION ( 'NONE',  ( 1.156482317317870344E-15, 0.000000000000000000, 1.000000000000000000 ) ) ;
#978 = VERTEX_POINT ( 'NONE', #4239 ) ;
#979 = DIRECTION ( 'NONE',  ( 1.000000000000000000, -0.000000000000000000, 3.110824955691248589E-17 ) ) ;
#980 = EDGE_CURVE ( 'NONE', #6378, #3683, #4272, .T. ) ;
#981 = FACE_OUTER_BOUND ( 'NONE', #1088, .T. ) ;
#982 = CARTESIAN_POINT ( 'NONE',  ( -39.79572938337270926, 4.966867144221086328, 27.73876969599392694 ) ) ;
#983 = EDGE_CURVE ( 'NONE', #569, #3488, #3777, .T. ) ;
#984 = DIRECTION ( 'NONE',  ( -0.000000000000000000, 1.000000000000000000, -0.000000000000000000 ) ) ;
#985 = CYLINDRICAL_SURFACE ( 'NONE', #2724, 4.000000000000003553 ) ;
#986 = CARTESIAN_POINT ( 'NONE',  ( -19.69137825829315602, 6.659555455029353865, 26.77397846476551280 ) ) ;
#987 = PLANE ( 'NONE',  #5957 ) ;
#988 = EDGE_CURVE ( 'NONE', #5204, #2666, #4734, .T. ) ;
#989 = CARTESIAN_POINT ( 'NONE',  ( -42.75872214769000124, 12.50000000000000178, 13.67556629277393299 ) ) ;
#990 = CARTESIAN_POINT ( 'NONE',  ( -57.34344095995156465, 5.875000000000003553, 23.43434452200543205 ) ) ;
#991 = CARTESIAN_POINT ( 'NONE',  ( -3.996922759892850952, 12.50000000000000178, 27.32705422903999448 ) ) ;
#992 = ORIENTED_EDGE ( 'NONE', *, *, #5930, .F. ) ;
#993 = DIRECTION ( 'NONE',  ( 0.000000000000000000, -0.4698073123948461882, 0.8827689897251326245 ) ) ;
#994 = VECTOR ( 'NONE', #4589, 1000.000000000000000 ) ;
#995 = CARTESIAN_POINT ( 'NONE',  ( -8.258722147691500481, 17.76999999999944890, 27.32705422903999803 ) ) ;
#996 = ADVANCED_FACE ( 'NONE', ( #6236, #6304 ), #4204, .F. ) ;
#997 = CARTESIAN_POINT ( 'NONE',  ( -53.49344095995156323, 5.875000000000003553, 2.446820937015809605 ) ) ;
#998 = CIRCLE ( 'NONE', #676, 2.420000000000000817 ) ;
#999 = ORIENTED_EDGE ( 'NONE', *, *, #5794, .F. ) ;
#1000 = ORIENTED_EDGE ( 'NONE', *, *, #1300, .F. ) ;
#1001 = ORIENTED_EDGE ( 'NONE', *, *, #3530, .F. ) ;
#1002 = DIRECTION ( 'NONE',  ( -0.000000000000000000, -1.000000000000000000, -0.000000000000000000 ) ) ;
#1003 = EDGE_CURVE ( 'NONE', #5165, #4748, #2619, .T. ) ;
#1004 = VECTOR ( 'NONE', #6087, 1000.000000000000000 ) ;
#1005 = DIRECTION ( 'NONE',  ( -0.000000000000000000, 1.000000000000000000, -0.000000000000000000 ) ) ;
#1006 = CARTESIAN_POINT ( 'NONE',  ( -18.70837374726851721, 4.540444544970647200, 35.00000000000000000 ) ) ;
#1007 = EDGE_LOOP ( 'NONE', ( #5874, #2136, #2117, #1069 ) ) ;
#1008 = ORIENTED_EDGE ( 'NONE', *, *, #3892, .T. ) ;
#1009 = ORIENTED_EDGE ( 'NONE', *, *, #6190, .F. ) ;
#1010 = DIRECTION ( 'NONE',  ( 0.000000000000000000, 0.000000000000000000, 1.000000000000000000 ) ) ;
#1011 = ORIENTED_EDGE ( 'NONE', *, *, #1428, .T. ) ;
#1012 = LINE ( 'NONE', #3493, #3222 ) ;
#1013 = AXIS2_PLACEMENT_3D ( 'NONE', #391, #2908, #5492 ) ;
#1014 = VECTOR ( 'NONE', #1597, 1000.000000000000000 ) ;
#1015 = CARTESIAN_POINT ( 'NONE',  ( -2.258722147692000082, 12.50000000000000000, 3.147054229040000095 ) ) ;
#1016 = ORIENTED_EDGE ( 'NONE', *, *, #5186, .T. ) ;
#1017 = LINE ( 'NONE', #6521, #4739 ) ;
#1018 = DIRECTION ( 'NONE',  ( 0.000000000000000000, -0.000000000000000000, 1.000000000000000000 ) ) ;
#1019 = B_SPLINE_CURVE_WITH_KNOTS ( 'NONE', 3,
 ( #69, #4469, #1960, #4998 ),
 .UNSPECIFIED., .F., .F.,
 ( 4, 4 ),
 ( 0.000000000000000000, 1.000000000000000000 ),
 .UNSPECIFIED. ) ;
#1020 = EDGE_CURVE ( 'NONE', #1182, #2433, #4633, .T. ) ;
#1021 = DIRECTION ( 'NONE',  ( 0.000000000000000000, 0.000000000000000000, 1.000000000000000000 ) ) ;
#1022 = EDGE_CURVE ( 'NONE', #5378, #438, #412, .T. ) ;
#1023 = SURFACE_SIDE_STYLE ('',( #3063 ) ) ;
#1024 = CARTESIAN_POINT ( 'NONE',  ( -38.34260455243251187, 12.50000000000000178, 10.82814986070089525 ) ) ;
#1025 = DIRECTION ( 'NONE',  ( -0.000000000000000000, 1.000000000000000000, -0.000000000000000000 ) ) ;
#1026 = EDGE_CURVE ( 'NONE', #6108, #2652, #6112, .T. ) ;
#1027 = CARTESIAN_POINT ( 'NONE',  ( 9.876295877967509185, 0.7524792909186129863, -4.761230304006072167 ) ) ;
#1028 = CARTESIAN_POINT ( 'NONE',  ( -20.19137825829315958, -3.250000000000000000, 27.73876969599392694 ) ) ;
#1029 = CARTESIAN_POINT ( 'NONE',  ( 0.000000000000000000, 0.000000000000000000, 23.43434452200543205 ) ) ;
#1030 = ORIENTED_EDGE ( 'NONE', *, *, #1997, .F. ) ;
#1031 = EDGE_CURVE ( 'NONE', #4413, #2883, #4283, .T. ) ;
#1032 = ORIENTED_EDGE ( 'NONE', *, *, #2932, .T. ) ;
#1033 = EDGE_LOOP ( 'NONE', ( #4520, #3054, #506 ) ) ;
#1034 = CARTESIAN_POINT ( 'NONE',  ( -61.54560449174972803, 10.50000000000000000, -3.261230304006073055 ) ) ;
#1035 = CARTESIAN_POINT ( 'NONE',  ( -11.99651859791752173, 7.159555455029352977, 35.00000000000000000 ) ) ;
#1036 = CARTESIAN_POINT ( 'NONE',  ( -10.79999054116380997, 8.250000000000000000, 25.73876969599392694 ) ) ;
#1037 = CARTESIAN_POINT ( 'NONE',  ( -54.49344095995157033, 10.50000000000000000, 5.745757241660123249 ) ) ;
#1038 = ORIENTED_EDGE ( 'NONE', *, *, #3003, .T. ) ;
#1040 = EDGE_CURVE ( 'NONE', #2558, #3596, #3541, .T. ) ;
#1039 = VERTEX_POINT ( 'NONE', #5899 ) ;
#1041 = ORIENTED_EDGE ( 'NONE', *, *, #3767, .F. ) ;
#1042 = DIRECTION ( 'NONE',  ( 1.000000000000000000, 0.000000000000000000, 0.000000000000000000 ) ) ;
#1043 = ORIENTED_EDGE ( 'NONE', *, *, #917, .F. ) ;
#1044 = VECTOR ( 'NONE', #5001, 1000.000000000000000 ) ;
#1045 = LINE ( 'NONE', #3055, #5662 ) ;
#1046 = VECTOR ( 'NONE', #5920, 1000.000000000000000 ) ;
#1047 = B_SPLINE_CURVE_WITH_KNOTS ( 'NONE', 3,
 ( #1825, #3297, #288, #859 ),
 .UNSPECIFIED., .F., .F.,
 ( 4, 4 ),
 ( 0.000000000000000000, 1.000000000000000000 ),
 .UNSPECIFIED. ) ;
#1048 = CYLINDRICAL_SURFACE ( 'NONE', #5744, 1.600000000000002531 ) ;
#1049 = ORIENTED_EDGE ( 'NONE', *, *, #4710, .F. ) ;
#1050 = CARTESIAN_POINT ( 'NONE',  ( -53.49344095995156323, 0.000000000000000000, 0.000000000000000000 ) ) ;
#1051 = VECTOR ( 'NONE', #6164, 1000.000000000000000 ) ;
#1052 = CARTESIAN_POINT ( 'NONE',  ( -51.60056723113756760, 5.875000000000003553, 19.78984983914692819 ) ) ;
#1053 = B_SPLINE_CURVE_WITH_KNOTS ( 'NONE', 3,
 ( #2306, #1847, #6418, #1306 ),
 .UNSPECIFIED., .F., .F.,
 ( 4, 4 ),
 ( 0.000000000000000000, 1.000000000000000000 ),
 .UNSPECIFIED. ) ;
#1054 = LINE ( 'NONE', #551, #4791 ) ;
#1055 = CARTESIAN_POINT ( 'NONE',  ( -39.25872214768999413, 12.50000000000000000, 3.147054229040000095 ) ) ;
#1056 = CYLINDRICAL_SURFACE ( 'NONE', #3741, 1.800000000000002931 ) ;
#1057 = DIRECTION ( 'NONE',  ( 0.000000000000000000, 0.000000000000000000, 1.000000000000000000 ) ) ;
#1058 = DIRECTION ( 'NONE',  ( 0.000000000000000000, 0.000000000000000000, 1.000000000000000000 ) ) ;
#1059 = EDGE_CURVE ( 'NONE', #2889, #5672, #4411, .T. ) ;
#1060 = CARTESIAN_POINT ( 'NONE',  ( -60.04560449174972803, 12.50000000000000000, -6.761230304006072167 ) ) ;
#1061 = CARTESIAN_POINT ( 'NONE',  ( -7.992055481025332142, 17.76999999999999602, 4.947054229039999917 ) ) ;
#1062 = VERTEX_POINT ( 'NONE', #2358 ) ;
#1063 = ORIENTED_EDGE ( 'NONE', *, *, #4226, .T. ) ;
#1064 = EDGE_CURVE ( 'NONE', #2488, #4206, #4638, .T. ) ;
#1065 = CARTESIAN_POINT ( 'NONE',  ( -36.76293940817240724, 17.77000000000000313, 23.16831839427247175 ) ) ;
#1066 = CARTESIAN_POINT ( 'NONE',  ( -50.88856591388922368, 7.483490513531148913, 26.71994397445526204 ) ) ;
#1067 = PLANE ( 'NONE',  #3221 ) ;
#1068 = ORIENTED_EDGE ( 'NONE', *, *, #6493, .F. ) ;
#1069 = ORIENTED_EDGE ( 'NONE', *, *, #3156, .F. ) ;
#1070 = ORIENTED_EDGE ( 'NONE', *, *, #2113, .T. ) ;
#1071 = CARTESIAN_POINT ( 'NONE',  ( -6.058722147692000348, 17.10333333333333528, 6.747054229040002404 ) ) ;
#1072 = SURFACE_STYLE_FILL_AREA ( #1697 ) ;
#1073 = ORIENTED_EDGE ( 'NONE', *, *, #1981, .T. ) ;
#1074 = EDGE_CURVE ( 'NONE', #6162, #5126, #1931, .T. ) ;
#1075 = DIRECTION ( 'NONE',  ( 0.5044624565692709117, -0.8634336279715404405, 0.000000000000000000 ) ) ;
#1076 = B_SPLINE_CURVE_WITH_KNOTS ( 'NONE', 3,
 ( #2109, #517, #2019, #1109 ),
 .UNSPECIFIED., .F., .F.,
 ( 4, 4 ),
 ( 0.000000000000000000, 1.000000000000000000 ),
 .UNSPECIFIED. ) ;
#1077 = CARTESIAN_POINT ( 'NONE',  ( -32.69603967124039912, 15.76999999999944713, 23.52705422904000088 ) ) ;
#1078 = DIRECTION ( 'NONE',  ( 0.000000000000000000, 0.000000000000000000, 1.000000000000000000 ) ) ;
#1079 = ORIENTED_EDGE ( 'NONE', *, *, #1622, .F. ) ;
#1080 = DIRECTION ( 'NONE',  ( 0.000000000000000000, 0.000000000000000000, 1.000000000000000000 ) ) ;
#1081 = CARTESIAN_POINT ( 'NONE',  ( 12.97660255292402454, 4.735238934357184348, -6.761230304006072167 ) ) ;
#1082 = LINE ( 'NONE', #6096, #2716 ) ;
#1083 = CARTESIAN_POINT ( 'NONE',  ( -39.52052153548914504, 17.76999999999999957, 1.147054229039998985 ) ) ;
#1084 = EDGE_CURVE ( 'NONE', #2751, #4172, #5913, .T. ) ;
#1085 = LINE ( 'NONE', #5035, #4014 ) ;
#1086 = EDGE_CURVE ( 'NONE', #2433, #341, #2423, .T. ) ;
#1087 = PLANE ( 'NONE',  #1263 ) ;
#1088 = EDGE_LOOP ( 'NONE', ( #4747, #116, #2101, #2987, #594, #149 ) ) ;
#1089 = AXIS2_PLACEMENT_3D ( 'NONE', #4290, #4365, #3830 ) ;
#1090 = ORIENTED_EDGE ( 'NONE', *, *, #1463, .T. ) ;
#1091 = CARTESIAN_POINT ( 'NONE',  ( -6.058722147692000348, 15.76999999999999957, 6.747054229039999740 ) ) ;
#1092 = CARTESIAN_POINT ( 'NONE',  ( -61.54560449174972803, -3.250000000000000000, -3.261230304006073055 ) ) ;
#1093 = CIRCLE ( 'NONE', #2376, 1.350000000000000533 ) ;
#1094 = EDGE_CURVE ( 'NONE', #303, #1182, #4843, .T. ) ;
#1095 = FACE_BOUND ( 'NONE', #5206, .T. ) ;
#1096 = DIRECTION ( 'NONE',  ( 1.000000000000000000, 0.000000000000000000, 0.000000000000000000 ) ) ;
#1097 = VERTEX_POINT ( 'NONE', #1430 ) ;
#1098 = ORIENTED_EDGE ( 'NONE', *, *, #5782, .T. ) ;
#1099 = ORIENTED_EDGE ( 'NONE', *, *, #2021, .T. ) ;
#1100 = FACE_OUTER_BOUND ( 'NONE', #5475, .T. ) ;
#1101 = VECTOR ( 'NONE', #4224, 1000.000000000000000 ) ;
#1102 = FACE_OUTER_BOUND ( 'NONE', #5575, .T. ) ;
#1103 = AXIS2_PLACEMENT_3D ( 'NONE', #3922, #5943, #1409 ) ;
#1104 = DIRECTION ( 'NONE',  ( -0.000000000000000000, 1.000000000000000000, -0.000000000000000000 ) ) ;
#1105 = VERTEX_POINT ( 'NONE', #1902 ) ;
#1106 = ORIENTED_EDGE ( 'NONE', *, *, #2861, .T. ) ;
#1107 = VECTOR ( 'NONE', #3229, 1000.000000000000000 ) ;
#1108 = CIRCLE ( 'NONE', #1328, 3.350000000000000533 ) ;
#1109 = CARTESIAN_POINT ( 'NONE',  ( -35.25872214769005097, 17.76999999999999957, 4.947054229039999917 ) ) ;
#1110 = EDGE_CURVE ( 'NONE', #2652, #1239, #771, .T. ) ;
#1111 = EDGE_CURVE ( 'NONE', #47, #774, #6402, .T. ) ;
#1112 = CARTESIAN_POINT ( 'NONE',  ( -8.258722147691500481, 17.76999999999944890, 23.52705422904000088 ) ) ;
#1113 = DIRECTION ( 'NONE',  ( 1.000000000000000000, 0.000000000000000000, 0.000000000000000000 ) ) ;
#1114 = ORIENTED_EDGE ( 'NONE', *, *, #4658, .T. ) ;
#1115 = CARTESIAN_POINT ( 'NONE',  ( -37.07116132220667026, 15.77000000000000313, 25.32705422903999803 ) ) ;
#1116 = CARTESIAN_POINT ( 'NONE',  ( -7.858722147691999282, 17.76999999999999957, 23.52705422904000088 ) ) ;
#1117 = CARTESIAN_POINT ( 'NONE',  ( 4.006559040048433218, 8.000000000000000000, -2.215655477994569189 ) ) ;
#1118 = CARTESIAN_POINT ( 'NONE',  ( -5.592055481025332675, 17.77000000000000313, 27.32705422903999803 ) ) ;
#1119 = DIRECTION ( 'NONE',  ( -0.000000000000000000, -0.000000000000000000, -1.000000000000000000 ) ) ;
#1120 = CYLINDRICAL_SURFACE ( 'NONE', #2636, 1.800000000000002931 ) ;
#1121 = ORIENTED_EDGE ( 'NONE', *, *, #2655, .T. ) ;
#1122 = ORIENTED_EDGE ( 'NONE', *, *, #3195, .F. ) ;
#1123 = CARTESIAN_POINT ( 'NONE',  ( -56.80620536528137876, 5.875000000000003553, 22.43434452200543205 ) ) ;
#1124 = VECTOR ( 'NONE', #3283, 1000.000000000000000 ) ;
#1125 = CARTESIAN_POINT ( 'NONE',  ( 9.852138378250273831, -3.250000000000000000, -3.261230304006073055 ) ) ;
#1126 = ORIENTED_EDGE ( 'NONE', *, *, #6533, .T. ) ;
#1127 = ORIENTED_EDGE ( 'NONE', *, *, #5266, .T. ) ;
#1128 = ORIENTED_EDGE ( 'NONE', *, *, #2848, .F. ) ;
#1129 = DIRECTION ( 'NONE',  ( 1.000000000000000000, 0.000000000000000000, 0.000000000000000000 ) ) ;
#1130 = DIRECTION ( 'NONE',  ( 0.000000000000000000, 0.000000000000000000, 1.000000000000000000 ) ) ;
#1131 = AXIS2_PLACEMENT_3D ( 'NONE', #5947, #1485, #321 ) ;
#1132 = ADVANCED_FACE ( 'NONE', ( #3444 ), #764, .T. ) ;
#1133 = LINE ( 'NONE', #3147, #2786 ) ;
#1134 = ORIENTED_EDGE ( 'NONE', *, *, #4035, .T. ) ;
#1135 = CIRCLE ( 'NONE', #6013, 3.350000000000002309 ) ;
#1136 = EDGE_LOOP ( 'NONE', ( #1685, #4871, #543, #806, #4441, #3579 ) ) ;
#1137 = VERTEX_POINT ( 'NONE', #2816 ) ;
#1138 = ADVANCED_FACE ( 'NONE', ( #6338 ), #1295, .T. ) ;
#1139 = DIRECTION ( 'NONE',  ( 0.000000000000000000, 0.000000000000000000, 1.000000000000000000 ) ) ;
#1140 = EDGE_CURVE ( 'NONE', #2781, #5205, #511, .T. ) ;
#1141 = AXIS2_PLACEMENT_3D ( 'NONE', #5814, #119, #1139 ) ;
#1142 = EDGE_CURVE ( 'NONE', #498, #1540, #3212, .T. ) ;
#1143 = DIRECTION ( 'NONE',  ( 0.000000000000000000, 0.000000000000000000, -1.000000000000000000 ) ) ;
#1144 = CARTESIAN_POINT ( 'NONE',  ( -21.75872214769000124, 12.50000000000000000, 3.147054229040000095 ) ) ;
#1145 = VERTEX_POINT ( 'NONE', #3068 ) ;
#1146 = CARTESIAN_POINT ( 'NONE',  ( 9.876295877967507408, 0.7524792909186129863, -4.761230304006072167 ) ) ;
#1147 = DIRECTION ( 'NONE',  ( 0.000000000000000000, 0.000000000000000000, 1.000000000000000000 ) ) ;
#1148 = CARTESIAN_POINT ( 'NONE',  ( 6.352138378250272055, -3.250000000000000000, 25.73876969599392694 ) ) ;
#1149 = LINE ( 'NONE', #5154, #2066 ) ;
#1150 = FACE_OUTER_BOUND ( 'NONE', #835, .T. ) ;
#1151 = VECTOR ( 'NONE', #1119, 1000.000000000000000 ) ;
#1152 = CARTESIAN_POINT ( 'NONE',  ( 16.17660255292402738, 4.735238934357184348, -3.761230304006072167 ) ) ;
#1153 = EDGE_LOOP ( 'NONE', ( #4275, #575, #1635, #3555, #5714, #5929, #4876, #911 ) ) ;
#1154 = CARTESIAN_POINT ( 'NONE',  ( 4.006559040048433218, 8.000000000000000000, -0.8656554779945688782 ) ) ;
#1155 = VERTEX_POINT ( 'NONE', #997 ) ;
#1156 = DIRECTION ( 'NONE',  ( -1.000000000000000000, 0.000000000000000000, 0.000000000000000000 ) ) ;
#1157 = CARTESIAN_POINT ( 'NONE',  ( -6.058722147692000348, 16.43666666666666387, 21.72705422903999661 ) ) ;
#1158 = CARTESIAN_POINT ( 'NONE',  ( 6.352138378250272055, -3.250000000000000000, 25.73876969599392694 ) ) ;
#1159 = ORIENTED_EDGE ( 'NONE', *, *, #6090, .T. ) ;
#1160 = ORIENTED_EDGE ( 'NONE', *, *, #915, .T. ) ;
#1161 = ORIENTED_EDGE ( 'NONE', *, *, #486, .T. ) ;
#1162 = CYLINDRICAL_SURFACE ( 'NONE', #910, 0.5000000000000004441 ) ;
#1163 = B_SPLINE_CURVE_WITH_KNOTS ( 'NONE', 3,
 ( #905, #2363, #2821, #1436, #1872, #2395 ),
 .UNSPECIFIED., .F., .F.,
 ( 4, 2, 4 ),
 ( 0.001045998224940052502, 0.001513377461690791279, 0.002015514392036448377 ),
 .UNSPECIFIED. ) ;
#1164 = CARTESIAN_POINT ( 'NONE',  ( 7.852138378250272943, -3.250000000000000000, -4.761230304006072167 ) ) ;
#1165 = CARTESIAN_POINT ( 'NONE',  ( -53.49344095995156323, 5.875000000000003553, 3.284344522005432587 ) ) ;
#1166 = VERTEX_POINT ( 'NONE', #4596 ) ;
#1167 = VERTEX_POINT ( 'NONE', #4568 ) ;
#1168 = ORIENTED_EDGE ( 'NONE', *, *, #3003, .F. ) ;
#1169 = CARTESIAN_POINT ( 'NONE',  ( -4.258722147691999638, 12.50000000000000000, 1.147054229039999873 ) ) ;
#1170 = ADVANCED_FACE ( 'NONE', ( #4038 ), #4972, .T. ) ;
#1171 = CARTESIAN_POINT ( 'NONE',  ( -34.67116132220667168, 15.76999999999999957, 23.52705422904000088 ) ) ;
#1172 = CARTESIAN_POINT ( 'NONE',  ( 4.006559040048433218, 5.875000000000003553, 22.13434452200543134 ) ) ;
#1173 = EDGE_CURVE ( 'NONE', #1869, #2252, #495, .T. ) ;
#1174 = ORIENTED_EDGE ( 'NONE', *, *, #4943, .F. ) ;
#1175 = CARTESIAN_POINT ( 'NONE',  ( -10.09205548102465677, 12.50000000000000000, 3.147054229040000095 ) ) ;
#1176 = CARTESIAN_POINT ( 'NONE',  ( -2.800420255819354942, 10.50000000000000000, 0.3333333333333332038 ) ) ;
#1177 = DIRECTION ( 'NONE',  ( 0.000000000000000000, 0.000000000000000000, 1.000000000000000000 ) ) ;
#1178 = LINE ( 'NONE', #4722, #5121 ) ;
#1179 = LINE ( 'NONE', #2610, #627 ) ;
#1180 = ADVANCED_FACE ( 'NONE', ( #3543 ), #6536, .F. ) ;
#1181 = PLANE ( 'NONE',  #953 ) ;
#1182 = VERTEX_POINT ( 'NONE', #3511 ) ;
#1183 = CYLINDRICAL_SURFACE ( 'NONE', #250, 3.500000000000003109 ) ;
#1184 = CARTESIAN_POINT ( 'NONE',  ( -19.82907888305581068, 12.50000000000000355, 25.32705422904000514 ) ) ;
#1185 = ORIENTED_EDGE ( 'NONE', *, *, #1401, .T. ) ;
#1186 = DIRECTION ( 'NONE',  ( -1.000000000000000000, 0.000000000000000000, 0.000000000000000000 ) ) ;
#1187 = EDGE_CURVE ( 'NONE', #2666, #5402, #3975, .T. ) ;
#1188 = CARTESIAN_POINT ( 'NONE',  ( -2.258722147692000082, 17.76999999999999957, 3.147054229040000095 ) ) ;
#1189 = AXIS2_PLACEMENT_3D ( 'NONE', #4371, #4339, #2415 ) ;
#1190 = VERTEX_POINT ( 'NONE', #4538 ) ;
#1191 = VERTEX_POINT ( 'NONE', #2550 ) ;
#1192 = VERTEX_POINT ( 'NONE', #37 ) ;
#1193 = CARTESIAN_POINT ( 'NONE',  ( -21.75872214769000124, 32.42627134724899918, 27.32705422903999803 ) ) ;
#1194 = EDGE_CURVE ( 'NONE', #6111, #1039, #934, .T. ) ;
#1195 = LINE ( 'NONE', #209, #3368 ) ;
#1196 = VECTOR ( 'NONE', #4281, 1000.000000000000000 ) ;
#1197 = CIRCLE ( 'NONE', #2473, 1.600000000000004086 ) ;
#1198 = PRESENTATION_STYLE_ASSIGNMENT (( #3714 ) ) ;
#1199 = VERTEX_POINT ( 'NONE', #5532 ) ;
#1200 = B_SPLINE_CURVE_WITH_KNOTS ( 'NONE', 3,
 ( #755, #5215, #684, #6288, #2243, #287, #3190, #223, #3263, #2317 ),
 .UNSPECIFIED., .F., .F.,
 ( 4, 2, 2, 2, 4 ),
 ( 0.000000000000000000, 0.2500000000000000000, 0.5000000000000000000, 0.7500000000000000000, 1.000000000000000000 ),
 .UNSPECIFIED. ) ;
#1201 = VERTEX_POINT ( 'NONE', #5092 ) ;
#1202 = ORIENTED_EDGE ( 'NONE', *, *, #2596, .T. ) ;
#1203 = VECTOR ( 'NONE', #2083, 1000.000000000000000 ) ;
#1204 = CARTESIAN_POINT ( 'NONE',  ( -4.258722147691999638, 12.50000000000000000, 3.147054229040000095 ) ) ;
#1205 = VECTOR ( 'NONE', #5816, 1000.000000000000000 ) ;
#1206 = DIRECTION ( 'NONE',  ( -0.000000000000000000, 1.000000000000000000, -0.000000000000000000 ) ) ;
#1207 = CARTESIAN_POINT ( 'NONE',  ( 4.193217250673007435, 5.875000000000003553, 3.283790529398646463 ) ) ;
#1208 = AXIS2_PLACEMENT_3D ( 'NONE', #5184, #3727, #5752 ) ;
#1209 = ORIENTED_EDGE ( 'NONE', *, *, #3534, .F. ) ;
#1210 = DIRECTION ( 'NONE',  ( -0.8131104624267522230, 0.5821094191749117686, 0.000000000000000000 ) ) ;
#1211 = DIRECTION ( 'NONE',  ( 0.000000000000000000, 0.000000000000000000, 1.000000000000000000 ) ) ;
#1212 = FACE_BOUND ( 'NONE', #2522, .T. ) ;
#1213 = CARTESIAN_POINT ( 'NONE',  ( -6.058722147692000348, 15.76999999999999957, 21.72705422903999661 ) ) ;
#1214 = EDGE_CURVE ( 'NONE', #3099, #2333, #557, .T. ) ;
#1215 = CARTESIAN_POINT ( 'NONE',  ( -36.82832474990054550, 21.75138640554862590, 27.73876969599392694 ) ) ;
#1216 = ADVANCED_FACE ( 'NONE', ( #429, #9 ), #6131, .T. ) ;
#1217 = CARTESIAN_POINT ( 'NONE',  ( -4.258722147691999638, 17.76999999999999957, 27.32705422903999803 ) ) ;
#1218 = AXIS2_PLACEMENT_3D ( 'NONE', #1055, #5060, #4 ) ;
#1219 = VECTOR ( 'NONE', #5015, 1000.000000000000000 ) ;
#1220 = FACE_OUTER_BOUND ( 'NONE', #6000, .T. ) ;
#1221 = EDGE_CURVE ( 'NONE', #539, #649, #6224, .T. ) ;
#1222 = ORIENTED_EDGE ( 'NONE', *, *, #6502, .T. ) ;
#1223 = CARTESIAN_POINT ( 'NONE',  ( -53.49344095995156323, 10.50000000000000000, 16.15947316483460128 ) ) ;
#1224 = CARTESIAN_POINT ( 'NONE',  ( -12.43438385437424287, 14.71083942124871768, 25.32705422904000159 ) ) ;
#1225 = EDGE_LOOP ( 'NONE', ( #20, #6002, #5801, #4447 ) ) ;
#1226 = DIRECTION ( 'NONE',  ( 0.000000000000000000, 0.000000000000000000, 1.000000000000000000 ) ) ;
#1227 = DIRECTION ( 'NONE',  ( 1.000000000000000000, 0.000000000000000000, 0.000000000000000000 ) ) ;
#1228 = CONTEXT_DEPENDENT_SHAPE_REPRESENTATION ( #4348, #5728 ) ;
#1229 = EDGE_CURVE ( 'NONE', #6366, #4968, #536, .T. ) ;
#1230 = EDGE_LOOP ( 'NONE', ( #2801, #4915, #6270, #4852, #3611, #4975, #234, #459, #3772, #1630 ) ) ;
#1231 = ORIENTED_EDGE ( 'NONE', *, *, #3587, .T. ) ;
#1232 = ORIENTED_EDGE ( 'NONE', *, *, #6051, .F. ) ;
#1233 = CARTESIAN_POINT ( 'NONE',  ( -39.25872214768999413, 10.50000000000000000, 10.73705422903999995 ) ) ;
#1234 = CARTESIAN_POINT ( 'NONE',  ( -22.99850462234779869, 12.50000000000000178, 1.147054229039999873 ) ) ;
#1235 = CIRCLE ( 'NONE', #387, 0.5000000000000004441 ) ;
#1236 = EDGE_CURVE ( 'NONE', #3286, #467, #2029, .T. ) ;
#1237 = CARTESIAN_POINT ( 'NONE',  ( -39.25872214768999413, 12.50000000000000000, 22.79705422904000045 ) ) ;
#1238 = EDGE_LOOP ( 'NONE', ( #3057, #1222, #1030, #1274 ) ) ;
#1239 = VERTEX_POINT ( 'NONE', #1460 ) ;
#1240 = ORIENTED_EDGE ( 'NONE', *, *, #1549, .F. ) ;
#1241 = VECTOR ( 'NONE', #1888, 1000.000000000000000 ) ;
#1242 = DIRECTION ( 'NONE',  ( 0.000000000000000000, 0.000000000000000000, 1.000000000000000000 ) ) ;
#1243 = DIRECTION ( 'NONE',  ( 0.000000000000000000, 0.000000000000000000, 1.000000000000000000 ) ) ;
#1244 = AXIS2_PLACEMENT_3D ( 'NONE', #4641, #113, #4146 ) ;
#1245 = DIRECTION ( 'NONE',  ( 0.000000000000000000, 0.000000000000000000, 1.000000000000000000 ) ) ;
#1246 = ORIENTED_EDGE ( 'NONE', *, *, #4794, .T. ) ;
#1247 = CARTESIAN_POINT ( 'NONE',  ( -51.60056723113756760, 8.750000000000000000, 25.73876969599392694 ) ) ;
#1248 = DIRECTION ( 'NONE',  ( -0.000000000000000000, -0.8036448296316399675, 0.5951092234256939451 ) ) ;
#1249 = FACE_BOUND ( 'NONE', #3786, .T. ) ;
#1250 = CARTESIAN_POINT ( 'NONE',  ( -10.79999054116380997, -3.249999999999999556, 26.77397846476551280 ) ) ;
#1251 = DIRECTION ( 'NONE',  ( -1.000000000000000000, 0.000000000000000000, -0.000000000000000000 ) ) ;
#1252 = CARTESIAN_POINT ( 'NONE',  ( -20.04290560462219517, 5.156710659648467754, 26.77397846476551280 ) ) ;
#1253 = AXIS2_PLACEMENT_3D ( 'NONE', #3376, #5331, #331 ) ;
#1254 = CARTESIAN_POINT ( 'NONE',  ( -6.058722147692000348, 17.76999999999999957, 16.73372089570666432 ) ) ;
#1255 = CARTESIAN_POINT ( 'NONE',  ( -56.16599705819160704, 5.875000000000003553, 19.58434452200542708 ) ) ;
#1256 = CARTESIAN_POINT ( 'NONE',  ( 0.000000000000000000, 8.250000000000000000, 23.43434452200543205 ) ) ;
#1257 = ORIENTED_EDGE ( 'NONE', *, *, #5892, .T. ) ;
#1258 = CIRCLE ( 'NONE', #4744, 2.420000000000000373 ) ;
#1259 = CARTESIAN_POINT ( 'NONE',  ( -67.07003059873778739, 4.735238934357180796, -3.761230304006072167 ) ) ;
#1260 = AXIS2_PLACEMENT_3D ( 'NONE', #4950, #5812, #4819 ) ;
#1261 = DIRECTION ( 'NONE',  ( -0.000000000000000000, 1.000000000000000000, 0.000000000000000000 ) ) ;
#1262 = APPLICATION_PROTOCOL_DEFINITION ( 'draft international standard', 'automotive_design', 1998, #1761 ) ;
#1264 = VERTEX_POINT ( 'NONE', #3477 ) ;
#1263 = AXIS2_PLACEMENT_3D ( 'NONE', #6259, #3096, #3634 ) ;
#1265 = ORIENTED_EDGE ( 'NONE', *, *, #4694, .F. ) ;
#1266 = VERTEX_POINT ( 'NONE', #1562 ) ;
#1267 = CARTESIAN_POINT ( 'NONE',  ( -60.04560449174972803, -3.250000000000000000, 24.23876969599392694 ) ) ;
#1268 = CARTESIAN_POINT ( 'NONE',  ( -6.754401900651227031, 17.77000000000000313, 23.16842138082865787 ) ) ;
#1269 = CARTESIAN_POINT ( 'NONE',  ( 4.006559040048433218, 5.875000000000003553, -0.8656554779945688782 ) ) ;
#1270 = ORIENTED_EDGE ( 'NONE', *, *, #1031, .F. ) ;
#1271 = ORIENTED_EDGE ( 'NONE', *, *, #1684, .F. ) ;
#1272 = EDGE_LOOP ( 'NONE', ( #1876, #5232, #115, #3976 ) ) ;
#1273 = CARTESIAN_POINT ( 'NONE',  ( 0.3149604477991956308, 8.250000000000000000, 23.43434452200543205 ) ) ;
#1274 = ORIENTED_EDGE ( 'NONE', *, *, #4051, .F. ) ;
#1275 = CARTESIAN_POINT ( 'NONE',  ( -8.258722147691500481, 17.76999999999944890, 4.947054229039999917 ) ) ;
#1276 = CARTESIAN_POINT ( 'NONE',  ( -21.75872214769000124, 15.76999999999999957, 14.23705422903999995 ) ) ;
#1277 = ADVANCED_FACE ( 'NONE', ( #2979, #5498 ), #966, .F. ) ;
#1278 = CARTESIAN_POINT ( 'NONE',  ( -53.99344095995156323, 5.875000000000003553, 22.13434452200543134 ) ) ;
#1279 = ORIENTED_EDGE ( 'NONE', *, *, #4096, .F. ) ;
#1280 = CARTESIAN_POINT ( 'NONE',  ( 14.02106672353487227, 4.757473573018953239, -4.761230304006072167 ) ) ;
#1281 = CARTESIAN_POINT ( 'NONE',  ( -19.28987357562444060, 12.61477451803472682, 1.147054229039999873 ) ) ;
#1282 = CARTESIAN_POINT ( 'NONE',  ( -50.88856591388922368, 4.966867144221086328, 27.73876969599392694 ) ) ;
#1283 = CARTESIAN_POINT ( 'NONE',  ( -4.258722147691941906, 12.50000000000000000, 24.49769035724251509 ) ) ;
#1284 = ADVANCED_FACE ( 'NONE', ( #6034 ), #1497, .F. ) ;
#1285 = PLANE ( 'NONE',  #99 ) ;
#1286 = VECTOR ( 'NONE', #5797, 1000.000000000000000 ) ;
#1287 = CARTESIAN_POINT ( 'NONE',  ( -41.25872214768999413, 12.50000000000000178, 25.58885361683914184 ) ) ;
#1288 = CARTESIAN_POINT ( 'NONE',  ( -35.65872214768999271, 17.76999999999999957, 4.947054229039999917 ) ) ;
#1289 = CARTESIAN_POINT ( 'NONE',  ( -21.75872214769000124, 12.50000000000000000, 25.32705422904000159 ) ) ;
#1290 = DIRECTION ( 'NONE',  ( 1.000000000000000000, 0.000000000000000000, -0.000000000000000000 ) ) ;
#1291 = EDGE_CURVE ( 'NONE', #3098, #1264, #1574, .T. ) ;
#1292 = ORIENTED_EDGE ( 'NONE', *, *, #5805, .T. ) ;
#1293 = CARTESIAN_POINT ( 'NONE',  ( -39.25872214768999413, 12.50000000000000000, 15.40372089570666780 ) ) ;
#1294 = EDGE_CURVE ( 'NONE', #3286, #2666, #1359, .T. ) ;
#1295 = CYLINDRICAL_SURFACE ( 'NONE', #1895, 3.350000000000002309 ) ;
#1296 = ORIENTED_EDGE ( 'NONE', *, *, #2396, .T. ) ;
#1297 = EDGE_LOOP ( 'NONE', ( #2621, #5533, #2368, #1877, #999, #5406 ) ) ;
#1298 = ORIENTED_EDGE ( 'NONE', *, *, #139, .T. ) ;
#1299 = CARTESIAN_POINT ( 'NONE',  ( -35.25872214769005097, 17.76999999999999957, 27.32705422903999803 ) ) ;
#1300 = EDGE_CURVE ( 'NONE', #4475, #6035, #2219, .T. ) ;
#1301 = CARTESIAN_POINT ( 'NONE',  ( -39.25872214768999413, 17.76999999999999957, 27.32705422903999803 ) ) ;
#1302 = VERTEX_POINT ( 'NONE', #5188 ) ;
#1303 = EDGE_LOOP ( 'NONE', ( #2620, #3245, #4746, #4087, #2982 ) ) ;
#1304 = ORIENTED_EDGE ( 'NONE', *, *, #4544, .T. ) ;
#1305 = EDGE_CURVE ( 'NONE', #1763, #4854, #414, .T. ) ;
#1306 = CARTESIAN_POINT ( 'NONE',  ( -35.65872214768999271, 17.76999999999999957, 23.52705422904000088 ) ) ;
#1307 = VERTEX_POINT ( 'NONE', #6194 ) ;
#1308 = VECTOR ( 'NONE', #3497, 1000.000000000000000 ) ;
#1309 = DIRECTION ( 'NONE',  ( 0.000000000000000000, 0.000000000000000000, 1.000000000000000000 ) ) ;
#1310 = PLANE ( 'NONE',  #365 ) ;
#1311 = LINE ( 'NONE', #3322, #3413 ) ;
#1312 = CLOSED_SHELL ( 'NONE', ( #6103, #6121, #5591, #3630, #5070, #1813, #5111, #828, #4291, #3074, #2232, #1138, #4456, #2685, #3436, #3898, #5720, #1602, #6375, #3815, #1487, #716, #5586, #5179, #628, #4659, #772, #4736, #5514, #4330, #4773, #5310, #3358, #5356, #2158, #332, #6081, #5559, #3154, #6215, #709, #5727, #318, #2720, #3151, #4603, #1344, #3944, #1916, #1774, #3458, #5515, #4327, #1350, #4656, #2397, #3431, #2794, #1277, #996, #4123, #1725, #3810, #618, #5218, #4715, #5047, #3867, #3192, #3407, #6244, #1801, #803, #4409, #4249, #5428, #5684, #2148, #2886, #4911, #1216, #5598, #6422, #4874, #3819, #2525, #4907, #598, #845, #3835, #897, #6328, #246, #1625, #573, #2017, #4378, #6417, #5110, #529, #2768, #204, #5094, #4573, #2946, #6430, #6456, #5712, #5917, #2331, #2275, #5834, #1314, #3052, #222, #6005, #6505, #2519, #5016, #1284, #4262, #2002, #3656, #455, #4011, #1977, #5708, #2465, #6049, #3124, #2081, #2440, #1917, #70, #2402, #1170, #532, #373, #2548, #4355, #1180, #3166, #330, #5065, #1346, #1706 ) ) ;
#1313 = B_SPLINE_CURVE_WITH_KNOTS ( 'NONE', 3,
 ( #574, #114, #4118, #4214 ),
 .UNSPECIFIED., .F., .F.,
 ( 4, 4 ),
 ( 0.000000000000000000, 1.000000000000000000 ),
 .UNSPECIFIED. ) ;
#1314 = ADVANCED_FACE ( 'NONE', ( #2742 ), #100, .T. ) ;
#1315 = DIRECTION ( 'NONE',  ( 0.000000000000000000, -1.000000000000000000, 2.200000000000000003E-16 ) ) ;
#1316 = CARTESIAN_POINT ( 'NONE',  ( -53.99344095995156323, 10.50000000000000000, 22.13434452200543134 ) ) ;
#1317 = EDGE_CURVE ( 'NONE', #2195, #1199, #2297, .T. ) ;
#1318 = FACE_OUTER_BOUND ( 'NONE', #895, .T. ) ;
#1319 = CARTESIAN_POINT ( 'NONE',  ( -54.49344095995157033, 5.875000000000003553, 2.446820937015809605 ) ) ;
#1320 = DIRECTION ( 'NONE',  ( 0.000000000000000000, -0.000000000000000000, 1.000000000000000000 ) ) ;
#1321 = AXIS2_PLACEMENT_3D ( 'NONE', #3803, #5288, #4370 ) ;
#1322 = B_SPLINE_CURVE_WITH_KNOTS ( 'NONE', 3,
 ( #3831, #5354, #4922, #5415, #6482, #1885 ),
 .UNSPECIFIED., .F., .F.,
 ( 4, 2, 4 ),
 ( 0.000000000000000000, 0.5000000000000000000, 1.000000000000000000 ),
 .UNSPECIFIED. ) ;
#1323 = DIRECTION ( 'NONE',  ( 0.000000000000000000, 0.000000000000000000, 1.000000000000000000 ) ) ;
#1324 = CARTESIAN_POINT ( 'NONE',  ( 0.6700189159078570045, 10.50000000000000000, 22.43434452200543205 ) ) ;
#1325 = CARTESIAN_POINT ( 'NONE',  ( 14.02106672353487227, 4.757473573018953239, -3.761230304006072167 ) ) ;
#1326 = DIRECTION ( 'NONE',  ( -0.000000000000000000, 1.000000000000000000, 0.000000000000000000 ) ) ;
#1327 = ORIENTED_EDGE ( 'NONE', *, *, #118, .F. ) ;
#1328 = AXIS2_PLACEMENT_3D ( 'NONE', #3506, #2054, #1057 ) ;
#1329 = DIRECTION ( 'NONE',  ( 0.000000000000000000, -1.000000000000000000, 0.000000000000000000 ) ) ;
#1330 = VECTOR ( 'NONE', #6546, 1000.000000000000227 ) ;
#1331 = CARTESIAN_POINT ( 'NONE',  ( -3.251484186950202027, 17.76999999999999957, 27.07462700574852121 ) ) ;
#1332 = ORIENTED_EDGE ( 'NONE', *, *, #5041, .T. ) ;
#1333 = VERTEX_POINT ( 'NONE', #4626 ) ;
#1334 = VERTEX_POINT ( 'NONE', #1152 ) ;
#1335 = SURFACE_STYLE_FILL_AREA ( #3345 ) ;
#1336 = LINE ( 'NONE', #2398, #1124 ) ;
#1337 = ORIENTED_EDGE ( 'NONE', *, *, #1425, .T. ) ;
#1338 = ORIENTED_EDGE ( 'NONE', *, *, #3340, .T. ) ;
#1339 = VERTEX_POINT ( 'NONE', #4231 ) ;
#1340 = DIRECTION ( 'NONE',  ( 0.000000000000000000, -1.000000000000000000, 0.000000000000000000 ) ) ;
#1341 = PRODUCT_DEFINITION ( 'UNKNOWN', '', #3883, #2662 ) ;
#1342 = ORIENTED_EDGE ( 'NONE', *, *, #5526, .T. ) ;
#1343 = CARTESIAN_POINT ( 'NONE',  ( -35.52538881435666696, 17.77000000000000313, 23.52705422904000088 ) ) ;
#1344 = ADVANCED_FACE ( 'NONE', ( #5689 ), #1181, .F. ) ;
#1345 = CARTESIAN_POINT ( 'NONE',  ( -38.60223981824245953, -3.250000000000000000, 25.73876969599392694 ) ) ;
#1346 = ADVANCED_FACE ( 'NONE', ( #1220 ), #162, .F. ) ;
#1347 = FACE_OUTER_BOUND ( 'NONE', #186, .T. ) ;
#1348 = DIRECTION ( 'NONE',  ( -1.000000000000000000, 0.000000000000000000, 0.000000000000000000 ) ) ;
#1349 = CARTESIAN_POINT ( 'NONE',  ( -9.280464726337173786, -3.250000000000000000, 25.73876969599392694 ) ) ;
#1350 = ADVANCED_FACE ( 'NONE', ( #5124 ), #1683, .T. ) ;
#1351 = EDGE_CURVE ( 'NONE', #3547, #3885, #692, .T. ) ;
#1352 = CARTESIAN_POINT ( 'NONE',  ( -4.258722147691999638, 12.50000000000000000, 3.147054229040000095 ) ) ;
#1353 = CARTESIAN_POINT ( 'NONE',  ( -21.75872214769000124, 12.50000000000000000, 25.32705422904000159 ) ) ;
#1354 = PRODUCT ( 'New-radiator-holder-20240412.step', 'New-radiator-holder-20240412.step', '', ( #4735 ) ) ;
#1355 = CARTESIAN_POINT ( 'NONE',  ( -19.05990109359755635, 4.184876654430928156, 26.77397846476551280 ) ) ;
#1356 = AXIS2_PLACEMENT_3D ( 'NONE', #3007, #5034, #2482 ) ;
#1357 = CARTESIAN_POINT ( 'NONE',  ( 4.006559040048433218, 8.000000000000000000, 24.55434452200542950 ) ) ;
#1358 = CARTESIAN_POINT ( 'NONE',  ( -60.04560449174972803, -3.250000000000000000, -3.261230304006072611 ) ) ;
#1359 = CIRCLE ( 'NONE', #103, 3.350000000000002309 ) ;
#1360 = CARTESIAN_POINT ( 'NONE',  ( -46.64434067419821162, 10.50000000000000000, 22.43434452200543205 ) ) ;
#1361 = DIRECTION ( 'NONE',  ( -1.000000000000000000, 0.000000000000000000, 0.000000000000000000 ) ) ;
#1362 = ORIENTED_EDGE ( 'NONE', *, *, #2941, .F. ) ;
#1363 = DIRECTION ( 'NONE',  ( 1.000000000000000000, 0.000000000000000000, 0.000000000000000000 ) ) ;
#1364 = AXIS2_PLACEMENT_3D ( 'NONE', #982, #3027, #4526 ) ;
#1365 = CARTESIAN_POINT ( 'NONE',  ( -4.258722147691941906, 8.500000000000007105, 2.317690357242517596 ) ) ;
#1366 = ORIENTED_EDGE ( 'NONE', *, *, #3621, .T. ) ;
#1367 = ORIENTED_EDGE ( 'NONE', *, *, #3765, .T. ) ;
#1368 = ORIENTED_EDGE ( 'NONE', *, *, #2324, .F. ) ;
#1369 = VECTOR ( 'NONE', #1186, 1000.000000000000000 ) ;
#1370 = CARTESIAN_POINT ( 'NONE',  ( 0.6700189159078570045, 8.250000000000000000, 22.43434452200543205 ) ) ;
#1371 = CARTESIAN_POINT ( 'NONE',  ( -2.258722147692000082, 17.76999999999999957, 25.32705422904000159 ) ) ;
#1372 = VERTEX_POINT ( 'NONE', #5221 ) ;
#1373 = ORIENTED_EDGE ( 'NONE', *, *, #3550, .F. ) ;
#1374 = VERTEX_POINT ( 'NONE', #4133 ) ;
#1375 = CARTESIAN_POINT ( 'NONE',  ( -13.22804947384475760, 4.040444544970648089, 35.00000000000000000 ) ) ;
#1376 = CARTESIAN_POINT ( 'NONE',  ( 4.006559040048433218, 8.000000000000000000, 23.48434452200543276 ) ) ;
#1377 = EDGE_CURVE ( 'NONE', #3313, #4474, #5497, .T. ) ;
#1378 = CARTESIAN_POINT ( 'NONE',  ( -50.90596626369897848, 10.50000000000000000, 23.43434452200543205 ) ) ;
#1379 = FACE_OUTER_BOUND ( 'NONE', #6036, .T. ) ;
#1380 = ADVANCED_FACE ( 'NONE', ( #3602 ), #1087, .F. ) ;
#1381 = CARTESIAN_POINT ( 'NONE',  ( 3.649204838677381435, 10.50000000000000000, 5.754506341154574045 ) ) ;
#1382 = LINE ( 'NONE', #2964, #3899 ) ;
#1383 = LINE ( 'NONE', #3500, #830 ) ;
#1384 = CARTESIAN_POINT ( 'NONE',  ( -54.49344095995157033, 10.50000000000000000, 16.15947316483460128 ) ) ;
#1385 = DIRECTION ( 'NONE',  ( -0.000000000000000000, -0.000000000000000000, -1.000000000000000000 ) ) ;
#1386 = APPLICATION_CONTEXT ( 'automotive_design' ) ;
#1387 = DIRECTION ( 'NONE',  ( 0.000000000000000000, 0.000000000000000000, 1.000000000000000000 ) ) ;
#1388 = ADVANCED_FACE ( 'NONE', ( #5657 ), #1120, .F. ) ;
#1389 = DIRECTION ( 'NONE',  ( 0.000000000000000000, -0.000000000000000000, 1.000000000000000000 ) ) ;
#1390 = LINE ( 'NONE', #1360, #4685 ) ;
#1391 = DIRECTION ( 'NONE',  ( 1.000000000000000000, 0.000000000000000000, 0.000000000000000000 ) ) ;
#1392 = ORIENTED_EDGE ( 'NONE', *, *, #3106, .T. ) ;
#1393 = FACE_BOUND ( 'NONE', #929, .T. ) ;
#1394 = EDGE_CURVE ( 'NONE', #2194, #1062, #629, .T. ) ;
#1395 = CARTESIAN_POINT ( 'NONE',  ( -41.25872214768999413, 12.50000000000000000, 25.32705422904000159 ) ) ;
#1396 = B_SPLINE_CURVE_WITH_KNOTS ( 'NONE', 3,
 ( #6452, #2925, #2608, #2642 ),
 .UNSPECIFIED., .F., .F.,
 ( 4, 4 ),
 ( 0.000000000000000000, 1.000000000000000000 ),
 .UNSPECIFIED. ) ;
#1397 = CARTESIAN_POINT ( 'NONE',  ( -2.258722147692000082, 17.76999999999999957, 25.58885361683915249 ) ) ;
#1398 = VERTEX_POINT ( 'NONE', #892 ) ;
#1399 = ORIENTED_EDGE ( 'NONE', *, *, #5279, .T. ) ;
#1400 = ORIENTED_EDGE ( 'NONE', *, *, #1835, .F. ) ;
#1401 = EDGE_CURVE ( 'NONE', #405, #341, #5860, .T. ) ;
#1402 = SURFACE_STYLE_USAGE ( .BOTH. , #6374 ) ;
#1403 = DIRECTION ( 'NONE',  ( -0.000000000000000000, -0.000000000000000000, 1.000000000000000000 ) ) ;
#1404 = ORIENTED_EDGE ( 'NONE', *, *, #3874, .F. ) ;
#1405 = ORIENTED_EDGE ( 'NONE', *, *, #1074, .F. ) ;
#1406 = ORIENTED_EDGE ( 'NONE', *, *, #1425, .F. ) ;
#1407 = CARTESIAN_POINT ( 'NONE',  ( -51.60056723113756760, 5.875000000000003553, 22.93434452200543205 ) ) ;
#1408 = FACE_OUTER_BOUND ( 'NONE', #2211, .T. ) ;
#1409 = DIRECTION ( 'NONE',  ( 0.000000000000000000, 0.000000000000000000, 1.000000000000000000 ) ) ;
#1410 = LINE ( 'NONE', #2273, #3622 ) ;
#1411 = AXIS2_PLACEMENT_3D ( 'NONE', #2840, #2444, #5363 ) ;
#1412 = CARTESIAN_POINT ( 'NONE',  ( -39.25872214768999413, 12.50000000000000000, 25.32705422904000159 ) ) ;
#1413 = CARTESIAN_POINT ( 'NONE',  ( 0.7548671860309038584, 5.875000000000003553, -1.035576350970657922 ) ) ;
#1414 = CARTESIAN_POINT ( 'NONE',  ( -6.058722147692000348, 15.77000000000000313, 16.73372089570666432 ) ) ;
#1415 = CARTESIAN_POINT ( 'NONE',  ( -61.54560449174972803, -3.250000000000000000, 25.73876969599392694 ) ) ;
#1416 = LINE ( 'NONE', #2022, #3539 ) ;
#1417 = AXIS2_PLACEMENT_3D ( 'NONE', #4054, #3460, #5583 ) ;
#1418 = VECTOR ( 'NONE', #1491, 1000.000000000000000 ) ;
#1419 = DIRECTION ( 'NONE',  ( 0.000000000000000000, -1.700000000000000014E-16, -1.000000000000000000 ) ) ;
#1420 = CARTESIAN_POINT ( 'NONE',  ( -41.25872214768999413, 17.76999999999999957, 3.147054229040000095 ) ) ;
#1421 = CARTESIAN_POINT ( 'NONE',  ( -10.82140462413961934, 15.76999999999939917, 4.947054229039999917 ) ) ;
#1422 = CARTESIAN_POINT ( 'NONE',  ( 7.852138378250272943, 10.50000000000000000, -3.261230304006073055 ) ) ;
#1423 = VERTEX_POINT ( 'NONE', #1861 ) ;
#1424 = VECTOR ( 'NONE', #3226, 1000.000000000000000 ) ;
#1425 = EDGE_CURVE ( 'NONE', #4080, #5610, #2323, .T. ) ;
#1426 = CARTESIAN_POINT ( 'NONE',  ( 6.352138378250272055, -3.250000000000000000, -4.761230304006072167 ) ) ;
#1427 = CIRCLE ( 'NONE', #1958, 4.000000000000003553 ) ;
#1428 = EDGE_CURVE ( 'NONE', #6065, #438, #452, .T. ) ;
#1429 = FACE_OUTER_BOUND ( 'NONE', #5048, .T. ) ;
#1430 = CARTESIAN_POINT ( 'NONE',  ( -53.99344095995156323, 8.000000000000000000, -2.215655477994567413 ) ) ;
#1431 = AXIS2_PLACEMENT_3D ( 'NONE', #4684, #2180, #5718 ) ;
#1432 = VECTOR ( 'NONE', #2478, 1000.000000000000000 ) ;
#1433 = ORIENTED_EDGE ( 'NONE', *, *, #697, .F. ) ;
#1434 = ORIENTED_EDGE ( 'NONE', *, *, #688, .F. ) ;
#1435 = ORIENTED_EDGE ( 'NONE', *, *, #1173, .F. ) ;
#1436 = CARTESIAN_POINT ( 'NONE',  ( 0.6607500456189721039, 5.875000000000003553, 0.1683403290561540089 ) ) ;
#1437 = DIRECTION ( 'NONE',  ( 0.000000000000000000, 1.000000000000000000, 0.000000000000000000 ) ) ;
#1438 = ORIENTED_EDGE ( 'NONE', *, *, #3937, .T. ) ;
#1439 = AXIS2_PLACEMENT_3D ( 'NONE', #3369, #4403, #325 ) ;
#1440 = ORIENTED_EDGE ( 'NONE', *, *, #4943, .T. ) ;
#1441 = ORIENTED_EDGE ( 'NONE', *, *, #2611, .F. ) ;
#1442 = FACE_OUTER_BOUND ( 'NONE', #4005, .T. ) ;
#1443 = CARTESIAN_POINT ( 'NONE',  ( 18.02106672353487227, 8.757473573018954127, -6.761230304006072167 ) ) ;
#1444 = EDGE_CURVE ( 'NONE', #912, #1097, #2352, .T. ) ;
#1445 = CARTESIAN_POINT ( 'NONE',  ( -60.04560449174972803, -3.250000000000000000, -6.761230304006072167 ) ) ;
#1446 = FACE_OUTER_BOUND ( 'NONE', #2492, .T. ) ;
#1447 = CARTESIAN_POINT ( 'NONE',  ( 0.6848358673255949824, 5.875000000000003553, -0.5000000000000012212 ) ) ;
#1448 = CARTESIAN_POINT ( 'NONE',  ( -53.99344095995156323, 5.875000000000003553, 25.48434452200543276 ) ) ;
#1449 = CARTESIAN_POINT ( 'NONE',  ( -60.04560449174972803, -3.250000000000000000, 24.23876969599392694 ) ) ;
#1450 = CARTESIAN_POINT ( 'NONE',  ( -51.60056723113756760, 5.875000000000003553, 24.47883920486393805 ) ) ;
#1451 = CARTESIAN_POINT ( 'NONE',  ( -54.49344095995157033, 6.904660110310268273, 18.82186810699505486 ) ) ;
#1452 = CARTESIAN_POINT ( 'NONE',  ( -39.25872214768999413, 15.76999999999999957, 25.32705422904000159 ) ) ;
#1453 = CARTESIAN_POINT ( 'NONE',  ( -53.99344095995156323, 8.000000000000000000, -0.8656554779945688782 ) ) ;
#1454 = DIRECTION ( 'NONE',  ( -1.000000000000000000, 0.000000000000000000, 0.000000000000000000 ) ) ;
#1455 = ORIENTED_EDGE ( 'NONE', *, *, #6167, .T. ) ;
#1456 = VECTOR ( 'NONE', #885, 1000.000000000000000 ) ;
#1457 = DIRECTION ( 'NONE',  ( -0.000000000000000000, -0.000000000000000000, 1.000000000000000000 ) ) ;
#1458 = DIRECTION ( 'NONE',  ( -0.000000000000000000, 1.000000000000000000, -0.000000000000000000 ) ) ;
#1459 = AXIS2_PLACEMENT_3D ( 'NONE', #640, #145, #2163 ) ;
#1460 = CARTESIAN_POINT ( 'NONE',  ( -21.75872214769000124, 12.50000000000000000, 1.147054229039999873 ) ) ;
#1461 = VERTEX_POINT ( 'NONE', #389 ) ;
#1462 = ORIENTED_EDGE ( 'NONE', *, *, #3249, .T. ) ;
#1463 = EDGE_CURVE ( 'NONE', #4265, #4200, #4834, .T. ) ;
#1464 = ORIENTED_EDGE ( 'NONE', *, *, #2655, .F. ) ;
#1465 = ORIENTED_EDGE ( 'NONE', *, *, #3340, .F. ) ;
#1466 = CIRCLE ( 'NONE', #2316, 1.600000000000000755 ) ;
#1467 = DIRECTION ( 'NONE',  ( 0.000000000000000000, 0.000000000000000000, -1.000000000000000000 ) ) ;
#1468 = CARTESIAN_POINT ( 'NONE',  ( 3.469226652074590689, 12.50000000000000000, 6.828908360124231081 ) ) ;
#1469 = CYLINDRICAL_SURFACE ( 'NONE', #4717, 0.5000000000000004441 ) ;
#1470 = ORIENTED_EDGE ( 'NONE', *, *, #2596, .F. ) ;
#1471 = EDGE_CURVE ( 'NONE', #6170, #1473, #3804, .T. ) ;
#1472 = VECTOR ( 'NONE', #306, 1000.000000000000000 ) ;
#1473 = VERTEX_POINT ( 'NONE', #2843 ) ;
#1474 = ORIENTED_EDGE ( 'NONE', *, *, #4212, .T. ) ;
#1475 = ORIENTED_EDGE ( 'NONE', *, *, #545, .T. ) ;
#1476 = CARTESIAN_POINT ( 'NONE',  ( -32.69603967124039912, 15.76999999999944713, 3.147054229040000095 ) ) ;
#1477 = AXIS2_PLACEMENT_3D ( 'NONE', #2350, #6459, #1320 ) ;
#1478 = EDGE_CURVE ( 'NONE', #3411, #1739, #4091, .T. ) ;
#1479 = AXIS2_PLACEMENT_3D ( 'NONE', #1375, #2403, #2827 ) ;
#1480 = CARTESIAN_POINT ( 'NONE',  ( -41.25872214768999413, 12.50000000000000000, 25.32705422904000159 ) ) ;
#1481 = UNCERTAINTY_MEASURE_WITH_UNIT (LENGTH_MEASURE( 1.000000000000000082E-05 ), #6122, 'distance_accuracy_value', 'NONE');
#1482 = VECTOR ( 'NONE', #5393, 1000.000000000000000 ) ;
#1483 = CARTESIAN_POINT ( 'NONE',  ( -54.49344095995157033, 5.875000000000003553, 2.776420582063964471 ) ) ;
#1484 = CARTESIAN_POINT ( 'NONE',  ( -57.34344095995156465, 5.875000000000003553, 0.5000000000000000000 ) ) ;
#1485 = DIRECTION ( 'NONE',  ( 0.000000000000000000, 2.200000000000000003E-16, 1.000000000000000000 ) ) ;
#1486 = CARTESIAN_POINT ( 'NONE',  ( -39.52052153548914504, 12.50000000000000178, 1.147054229040000539 ) ) ;
#1487 = ADVANCED_FACE ( 'NONE', ( #6429 ), #3769, .T. ) ;
#1488 = DIRECTION ( 'NONE',  ( -1.000000000000000000, 0.000000000000000000, 0.000000000000000000 ) ) ;
#1489 = CARTESIAN_POINT ( 'NONE',  ( -11.99651859791751818, -3.250000000000000000, 27.73876969599392694 ) ) ;
#1490 = CARTESIAN_POINT ( 'NONE',  ( -10.79999054116380997, -3.250000000000000000, 25.73876969599392694 ) ) ;
#1491 = DIRECTION ( 'NONE',  ( -0.000000000000000000, 1.000000000000000000, -0.000000000000000000 ) ) ;
#1492 = DIRECTION ( 'NONE',  ( 0.000000000000000000, -0.000000000000000000, 1.000000000000000000 ) ) ;
#1493 = ORIENTED_EDGE ( 'NONE', *, *, #2649, .F. ) ;
#1494 = EDGE_CURVE ( 'NONE', #4785, #6045, #2811, .T. ) ;
#1495 = LINE ( 'NONE', #3474, #6228 ) ;
#1496 = FACE_OUTER_BOUND ( 'NONE', #2360, .T. ) ;
#1497 = PLANE ( 'NONE',  #5903 ) ;
#1498 = EDGE_CURVE ( 'NONE', #3026, #4046, #1829, .T. ) ;
#1499 = ORIENTED_EDGE ( 'NONE', *, *, #4928, .T. ) ;
#1500 = ORIENTED_EDGE ( 'NONE', *, *, #6071, .F. ) ;
#1501 = ORIENTED_EDGE ( 'NONE', *, *, #5041, .F. ) ;
#1502 = CARTESIAN_POINT ( 'NONE',  ( -6.287291345107466789, 15.76999999999999602, 5.837387991293876865 ) ) ;
#1503 = CARTESIAN_POINT ( 'NONE',  ( -53.99344095995156323, 8.000000000000000000, 22.13434452200543134 ) ) ;
#1504 = DIRECTION ( 'NONE',  ( 1.000000000000000000, 0.000000000000000000, 0.000000000000000000 ) ) ;
#1505 = EDGE_LOOP ( 'NONE', ( #4878, #40, #5542, #6549 ) ) ;
#1506 = ORIENTED_EDGE ( 'NONE', *, *, #3274, .F. ) ;
#1507 = EDGE_LOOP ( 'NONE', ( #6260, #1079, #3279, #4844 ) ) ;
#1508 = CARTESIAN_POINT ( 'NONE',  ( -35.25872214769000124, 17.77000000000000313, 26.06038756237333232 ) ) ;
#1509 = ORIENTED_EDGE ( 'NONE', *, *, #24, .F. ) ;
#1510 = DIRECTION ( 'NONE',  ( -1.000000000000000000, -0.000000000000000000, -0.000000000000000000 ) ) ;
#1511 = EDGE_CURVE ( 'NONE', #4223, #5005, #358, .T. ) ;
#1512 = EDGE_CURVE ( 'NONE', #568, #3308, #1792, .T. ) ;
#1513 = DIRECTION ( 'NONE',  ( -1.000000000000000000, 0.000000000000000000, 0.000000000000000000 ) ) ;
#1514 = EDGE_CURVE ( 'NONE', #1201, #6268, #6555, .T. ) ;
#1515 = FACE_OUTER_BOUND ( 'NONE', #2161, .T. ) ;
#1516 = CARTESIAN_POINT ( 'NONE',  ( 4.006559040048433218, 8.000000000000000000, 22.13434452200543134 ) ) ;
#1517 = CARTESIAN_POINT ( 'NONE',  ( -51.60056723113756760, -3.250000000000000000, 25.73876969599392694 ) ) ;
#1518 = EDGE_CURVE ( 'NONE', #3556, #6240, #583, .T. ) ;
#1519 = CYLINDRICAL_SURFACE ( 'NONE', #5427, 0.5000000000000004441 ) ;
#1520 = CARTESIAN_POINT ( 'NONE',  ( 4.553332877239092191, 10.50000000000000000, -1.100265198818361804E-15 ) ) ;
#1521 = EDGE_CURVE ( 'NONE', #5529, #5773, #3905, .T. ) ;
#1522 = DIRECTION ( 'NONE',  ( 2.156417553693440290E-16, -1.000000000000000000, 0.000000000000000000 ) ) ;
#1523 = CARTESIAN_POINT ( 'NONE',  ( -51.19311627875442383, 8.567453508431418285, 22.43434452200543205 ) ) ;
#1524 = CARTESIAN_POINT ( 'NONE',  ( -37.45872214768999697, 17.76999999999999957, 16.73372089570666432 ) ) ;
#1525 = VECTOR ( 'NONE', #4716, 1000.000000000000000 ) ;
#1526 = FACE_OUTER_BOUND ( 'NONE', #5234, .T. ) ;
#1527 = EDGE_CURVE ( 'NONE', #976, #4303, #2286, .T. ) ;
#1528 = CARTESIAN_POINT ( 'NONE',  ( -41.25872214768999413, 12.50000000000000000, 22.58781467012966715 ) ) ;
#1529 = AXIS2_PLACEMENT_3D ( 'NONE', #1954, #1991, #4966 ) ;
#1530 = ORIENTED_EDGE ( 'NONE', *, *, #3494, .F. ) ;
#1531 = ORIENTED_EDGE ( 'NONE', *, *, #2951, .T. ) ;
#1532 = ORIENTED_EDGE ( 'NONE', *, *, #2523, .T. ) ;
#1533 = LINE ( 'NONE', #3548, #3258 ) ;
#1534 = CARTESIAN_POINT ( 'NONE',  ( -51.19311627875442383, 8.750000000000000000, 23.43434452200543205 ) ) ;
#1535 = CIRCLE ( 'NONE', #793, 1.349999999999996980 ) ;
#1536 = LINE ( 'NONE', #4043, #909 ) ;
#1537 = DIRECTION ( 'NONE',  ( -1.000000000000000000, 0.000000000000000000, 0.000000000000000000 ) ) ;
#1538 = ORIENTED_EDGE ( 'NONE', *, *, #752, .T. ) ;
#1539 = VERTEX_POINT ( 'NONE', #2416 ) ;
#1540 = VERTEX_POINT ( 'NONE', #4436 ) ;
#1541 = ORIENTED_EDGE ( 'NONE', *, *, #3320, .T. ) ;
#1542 = VERTEX_POINT ( 'NONE', #795 ) ;
#1543 = DIRECTION ( 'NONE',  ( -0.000000000000000000, 1.000000000000000000, 0.000000000000000000 ) ) ;
#1544 = AXIS2_PLACEMENT_3D ( 'NONE', #3438, #928, #4967 ) ;
#1545 = CIRCLE ( 'NONE', #4397, 3.350000000000002309 ) ;
#1546 = AXIS2_PLACEMENT_3D ( 'NONE', #2654, #6207, #144 ) ;
#1547 = CARTESIAN_POINT ( 'NONE',  ( -4.258722147691941906, 10.50000000000000000, 0.000000000000000000 ) ) ;
#1548 = VERTEX_POINT ( 'NONE', #5891 ) ;
#1549 = EDGE_CURVE ( 'NONE', #5469, #3986, #5454, .T. ) ;
#1550 = UNCERTAINTY_MEASURE_WITH_UNIT (LENGTH_MEASURE( 1.000000000000000082E-05 ), #4643, 'distance_accuracy_value', 'NONE');
#1551 = CARTESIAN_POINT ( 'NONE',  ( -41.40963566760219550, 10.49999999999999822, 17.03588817743361972 ) ) ;
#1552 = CARTESIAN_POINT ( 'NONE',  ( -53.99344095995156323, 12.50000000000000000, 1.554344522005431939 ) ) ;
#1553 = FACE_OUTER_BOUND ( 'NONE', #5940, .T. ) ;
#1554 = CARTESIAN_POINT ( 'NONE',  ( -7.858722147691999282, 12.50000000000000000, 23.52705422904000088 ) ) ;
#1555 = DIRECTION ( 'NONE',  ( 0.000000000000000000, 0.5898336942704522912, -0.8075247445764560661 ) ) ;
#1556 = LINE ( 'NONE', #3570, #4696 ) ;
#1557 = B_SPLINE_CURVE_WITH_KNOTS ( 'NONE', 3,
 ( #5224, #1686, #5257, #2184 ),
 .UNSPECIFIED., .F., .F.,
 ( 4, 4 ),
 ( 0.000000000000000000, 3.628260898526424421E-05 ),
 .UNSPECIFIED. ) ;
#1558 = DIRECTION ( 'NONE',  ( 0.000000000000000000, 0.000000000000000000, 1.000000000000000000 ) ) ;
#1559 = VECTOR ( 'NONE', #5196, 1000.000000000000000 ) ;
#1560 = CARTESIAN_POINT ( 'NONE',  ( -53.99344095995156323, 8.000000000000000000, -3.285655477994569473 ) ) ;
#1561 = B_SPLINE_CURVE_WITH_KNOTS ( 'NONE', 3,
 ( #4622, #192, #4229, #6257 ),
 .UNSPECIFIED., .F., .F.,
 ( 4, 4 ),
 ( 0.000000000000000000, 1.000000000000000000 ),
 .UNSPECIFIED. ) ;
#1562 = CARTESIAN_POINT ( 'NONE',  ( -53.49344095995156323, 10.50000000000000000, 2.446820937015809161 ) ) ;
#1563 = CIRCLE ( 'NONE', #3992, 3.350000000000002309 ) ;
#1564 = VERTEX_POINT ( 'NONE', #4002 ) ;
#1565 = ORIENTED_EDGE ( 'NONE', *, *, #4251, .F. ) ;
#1566 = CARTESIAN_POINT ( 'NONE',  ( -7.858722147691999282, 15.76999999999999957, 4.947054229039999917 ) ) ;
#1567 = AXIS2_PLACEMENT_3D ( 'NONE', #5888, #4789, #6324 ) ;
#1568 = LINE ( 'NONE', #3075, #6516 ) ;
#1569 = CYLINDRICAL_SURFACE ( 'NONE', #374, 1.500000000000001332 ) ;
#1570 = VERTEX_POINT ( 'NONE', #1925 ) ;
#1571 = VERTEX_POINT ( 'NONE', #4065 ) ;
#1572 = VERTEX_POINT ( 'NONE', #1490 ) ;
#1573 = ORIENTED_EDGE ( 'NONE', *, *, #2493, .T. ) ;
#1574 = CIRCLE ( 'NONE', #4202, 3.350000000000000533 ) ;
#1575 = DIRECTION ( 'NONE',  ( 0.000000000000000000, -1.000000000000000000, 0.000000000000000000 ) ) ;
#1576 = B_SPLINE_CURVE_WITH_KNOTS ( 'NONE', 3,
 ( #837, #3878, #1293, #2422 ),
 .UNSPECIFIED., .F., .F.,
 ( 4, 4 ),
 ( 0.000000000000000000, 1.000000000000000000 ),
 .UNSPECIFIED. ) ;
#1577 = DIRECTION ( 'NONE',  ( 0.000000000000000000, -1.000000000000000000, -0.000000000000000000 ) ) ;
#1578 = EDGE_LOOP ( 'NONE', ( #5608, #2169, #2461, #6248 ) ) ;
#1579 = EDGE_CURVE ( 'NONE', #3099, #3668, #3504, .T. ) ;
#1580 = DIRECTION ( 'NONE',  ( 0.6039992308427329926, -0.7969848989418725216, -3.736617335658028398E-17 ) ) ;
#1581 = AXIS2_PLACEMENT_3D ( 'NONE', #2715, #763, #4731 ) ;
#1582 = CARTESIAN_POINT ( 'NONE',  ( 4.006559040048433218, 8.000000000000000000, 22.13434452200543134 ) ) ;
#1583 = CIRCLE ( 'NONE', #5274, 1.349999999999996980 ) ;
#1584 = DIRECTION ( 'NONE',  ( 1.000000000000000000, 0.000000000000000000, 0.000000000000000000 ) ) ;
#1585 = EDGE_LOOP ( 'NONE', ( #3809, #842, #1126, #3023, #2765, #2975, #2957, #3379 ) ) ;
#1586 = DIRECTION ( 'NONE',  ( 7.767418549149877508E-16, 0.000000000000000000, 1.000000000000000000 ) ) ;
#1587 = CARTESIAN_POINT ( 'NONE',  ( 3.506559040048433218, 8.522475794581160002, 18.82186810699505486 ) ) ;
#1588 = DIRECTION ( 'NONE',  ( 0.000000000000000000, 0.000000000000000000, 1.000000000000000000 ) ) ;
#1589 = CARTESIAN_POINT ( 'NONE',  ( -40.48781558763982957, 17.77000000000000313, 1.547720544243638807 ) ) ;
#1590 = CARTESIAN_POINT ( 'NONE',  ( 1.873062941308192730, 5.875000000000003553, 19.55157577574490446 ) ) ;
#1591 = AXIS2_PLACEMENT_3D ( 'NONE', #4884, #2370, #4390 ) ;
#1592 = DIRECTION ( 'NONE',  ( 1.000000000000000000, 0.000000000000000000, -0.000000000000000000 ) ) ;
#1593 = EDGE_LOOP ( 'NONE', ( #207, #6548, #4515, #871 ) ) ;
#1594 = ORIENTED_EDGE ( 'NONE', *, *, #3690, .F. ) ;
#1595 = CARTESIAN_POINT ( 'NONE',  ( 1.873062941308192730, 8.000000000000000000, 23.27653294632962044 ) ) ;
#1596 = CARTESIAN_POINT ( 'NONE',  ( -42.31697450692989548, 10.50000000000000000, 12.47438779774184603 ) ) ;
#1597 = DIRECTION ( 'NONE',  ( 0.000000000000000000, -0.000000000000000000, 1.000000000000000000 ) ) ;
#1598 =( NAMED_UNIT ( * ) PLANE_ANGLE_UNIT ( ) SI_UNIT ( $, .RADIAN. ) );
#1599 = EDGE_CURVE ( 'NONE', #2229, #2882, #1819, .T. ) ;
#1600 = EDGE_LOOP ( 'NONE', ( #6313, #4883, #3448, #902 ) ) ;
#1601 = ORIENTED_EDGE ( 'NONE', *, *, #4140, .T. ) ;
#1602 = ADVANCED_FACE ( 'NONE', ( #487 ), #2476, .T. ) ;
#1603 = ORIENTED_EDGE ( 'NONE', *, *, #1521, .F. ) ;
#1604 = DIRECTION ( 'NONE',  ( 1.000000000000000000, 0.000000000000000000, 0.000000000000000000 ) ) ;
#1605 = PLANE ( 'NONE',  #1244 ) ;
#1606 = EDGE_LOOP ( 'NONE', ( #3254, #1232, #2138, #2615 ) ) ;
#1607 = ORIENTED_EDGE ( 'NONE', *, *, #2044, .T. ) ;
#1608 = CARTESIAN_POINT ( 'NONE',  ( -54.49344095995157033, 0.000000000000000000, 0.000000000000000000 ) ) ;
#1609 = DIRECTION ( 'NONE',  ( 0.000000000000000000, 0.000000000000000000, 1.000000000000000000 ) ) ;
#1610 = DIRECTION ( 'NONE',  ( 0.000000000000000000, -1.000000000000000000, 2.200000000000000003E-16 ) ) ;
#1611 = ORIENTED_EDGE ( 'NONE', *, *, #6303, .F. ) ;
#1612 = CARTESIAN_POINT ( 'NONE',  ( -10.79999054116380997, -12.75000000000000000, 26.77397846476551280 ) ) ;
#1613 = DIRECTION ( 'NONE',  ( -0.000000000000000000, 0.000000000000000000, -1.000000000000000000 ) ) ;
#1614 = LINE ( 'NONE', #1148, #4724 ) ;
#1615 = CARTESIAN_POINT ( 'NONE',  ( -66.59445670572583253, 0.7130042956954123490, -6.761230304006072167 ) ) ;
#1616 = DIRECTION ( 'NONE',  ( 0.000000000000000000, -2.200000000000000003E-16, -1.000000000000000000 ) ) ;
#1617 = DIRECTION ( 'NONE',  ( 0.000000000000000000, -0.000000000000000000, 1.000000000000000000 ) ) ;
#1618 = PRODUCT_DEFINITION ( 'UNKNOWN', '', #2188, #5451 ) ;
#1619 = ORIENTED_EDGE ( 'NONE', *, *, #4983, .F. ) ;
#1620 = VECTOR ( 'NONE', #2175, 1000.000000000000000 ) ;
#1621 = ORIENTED_EDGE ( 'NONE', *, *, #5971, .T. ) ;
#1622 = EDGE_CURVE ( 'NONE', #569, #3652, #2510, .T. ) ;
#1623 = CARTESIAN_POINT ( 'NONE',  ( -46.63866157316878969, 10.50000000000000000, 0.5000000000000000000 ) ) ;
#1624 = AXIS2_PLACEMENT_3D ( 'NONE', #5842, #4356, #5906 ) ;
#1625 = ADVANCED_FACE ( 'NONE', ( #3435 ), #422, .F. ) ;
#1626 = CARTESIAN_POINT ( 'NONE',  ( -2.258722147692000082, 17.76999999999999957, 10.54038756237333274 ) ) ;
#1627 = ORIENTED_EDGE ( 'NONE', *, *, #6543, .T. ) ;
#1628 = ORIENTED_EDGE ( 'NONE', *, *, #2565, .T. ) ;
#1629 = EDGE_CURVE ( 'NONE', #1875, #2305, #2936, .T. ) ;
#1630 = ORIENTED_EDGE ( 'NONE', *, *, #3740, .T. ) ;
#1631 = CARTESIAN_POINT ( 'NONE',  ( -37.49605571639185797, 10.50000000000000000, 11.17880186980009505 ) ) ;
#1632 = AXIS2_PLACEMENT_3D ( 'NONE', #5386, #6454, #1944 ) ;
#1633 = CARTESIAN_POINT ( 'NONE',  ( -41.25872214768999413, 12.50000000000000178, 2.885254841240850965 ) ) ;
#1634 = AXIS2_PLACEMENT_3D ( 'NONE', #4124, #1143, #5177 ) ;
#1635 = ORIENTED_EDGE ( 'NONE', *, *, #4625, .T. ) ;
#1636 = ORIENTED_EDGE ( 'NONE', *, *, #4205, .T. ) ;
#1637 = ORIENTED_EDGE ( 'NONE', *, *, #6410, .F. ) ;
#1638 = CIRCLE ( 'NONE', #2274, 0.5000000000000004441 ) ;
#1639 = CARTESIAN_POINT ( 'NONE',  ( -67.07003059873778739, 4.735238934357180796, -3.761230304006072167 ) ) ;
#1640 = CARTESIAN_POINT ( 'NONE',  ( -10.82140462413961934, 15.76999999999944713, 23.52705422904000088 ) ) ;
#1641 = CARTESIAN_POINT ( 'NONE',  ( 0.6765746449780051242, 5.875000000000003553, -0.4999999999999998890 ) ) ;
#1642 = ORIENTED_EDGE ( 'NONE', *, *, #2688, .T. ) ;
#1643 = AXIS2_PLACEMENT_3D ( 'NONE', #6014, #5545, #51 ) ;
#1644 = CARTESIAN_POINT ( 'NONE',  ( -6.058722147692000348, 17.76999999999999957, 21.72705422903999661 ) ) ;
#1645 = CARTESIAN_POINT ( 'NONE',  ( 9.852138378250273831, 12.50000000000000000, -3.261230304006073055 ) ) ;
#1646 = LINE ( 'NONE', #4654, #5898 ) ;
#1647 = CARTESIAN_POINT ( 'NONE',  ( -41.25872214768999413, 17.76999999999999957, 3.147054229040000095 ) ) ;
#1648 = CARTESIAN_POINT ( 'NONE',  ( -6.104394428185232258, 15.77000000000000313, 22.19516840149003301 ) ) ;
#1649 = DIRECTION ( 'NONE',  ( 0.000000000000000000, 0.000000000000000000, -1.000000000000000000 ) ) ;
#1650 = ORIENTED_EDGE ( 'NONE', *, *, #2877, .F. ) ;
#1651 = DIRECTION ( 'NONE',  ( 0.000000000000000000, -1.000000000000000000, 0.000000000000000000 ) ) ;
#1652 = VERTEX_POINT ( 'NONE', #1452 ) ;
#1653 = CYLINDRICAL_SURFACE ( 'NONE', #410, 2.000000000000000000 ) ;
#1654 = VECTOR ( 'NONE', #874, 1000.000000000000000 ) ;
#1655 = CARTESIAN_POINT ( 'NONE',  ( -2.258722147692000082, 12.50000000000000000, 3.147054229040000095 ) ) ;
#1656 =( NAMED_UNIT ( * ) SI_UNIT ( $, .STERADIAN. ) SOLID_ANGLE_UNIT ( ) );
#1657 = EDGE_CURVE ( 'NONE', #3514, #3592, #1545, .T. ) ;
#1658 = ORIENTED_EDGE ( 'NONE', *, *, #4699, .T. ) ;
#1659 = VERTEX_POINT ( 'NONE', #4963 ) ;
#1660 = EDGE_LOOP ( 'NONE', ( #6471, #2599, #6212, #1509 ) ) ;
#1661 = LINE ( 'NONE', #5530, #4925 ) ;
#1662 = CARTESIAN_POINT ( 'NONE',  ( -6.417457982461172605, 17.77000000000000313, 22.83127148952291563 ) ) ;
#1663 = VECTOR ( 'NONE', #1856, 1000.000000000000000 ) ;
#1664 = EDGE_CURVE ( 'NONE', #5142, #4206, #1953, .T. ) ;
#1665 = CARTESIAN_POINT ( 'NONE',  ( 4.006559040048433218, 5.875000000000003553, 22.13434452200543134 ) ) ;
#1666 = ORIENTED_EDGE ( 'NONE', *, *, #2212, .F. ) ;
#1667 = AXIS2_PLACEMENT_3D ( 'NONE', #267, #2332, #2293 ) ;
#1668 = ORIENTED_EDGE ( 'NONE', *, *, #1084, .F. ) ;
#1669 = ORIENTED_EDGE ( 'NONE', *, *, #1549, .T. ) ;
#1670 = CARTESIAN_POINT ( 'NONE',  ( -8.258722147691999638, 17.76999999999999602, 3.680387562373333310 ) ) ;
#1671 = ADVANCED_FACE ( 'NONE', ( #5086 ), #2445, .F. ) ;
#1672 = DIRECTION ( 'NONE',  ( 0.000000000000000000, 0.000000000000000000, 1.000000000000000000 ) ) ;
#1673 = CARTESIAN_POINT ( 'NONE',  ( -35.25872214769005097, 17.76999999999999957, 27.32705422903999803 ) ) ;
#1674 = VECTOR ( 'NONE', #1002, 1000.000000000000000 ) ;
#1675 = ORIENTED_EDGE ( 'NONE', *, *, #4893, .T. ) ;
#1676 = LINE ( 'NONE', #2802, #2481 ) ;
#1677 = CARTESIAN_POINT ( 'NONE',  ( -53.99344095995156323, 8.000000000000000000, -0.8656554779945688782 ) ) ;
#1678 = ADVANCED_FACE ( 'NONE', ( #2573 ), #4464, .F. ) ;
#1679 = CYLINDRICAL_SURFACE ( 'NONE', #6006, 3.500000000000000000 ) ;
#1680 = CARTESIAN_POINT ( 'NONE',  ( -4.258722147691999638, 17.76999999999999957, 27.32705422903999803 ) ) ;
#1681 = LINE ( 'NONE', #1215, #4543 ) ;
#1682 = VECTOR ( 'NONE', #2977, 1000.000000000000000 ) ;
#1683 = PLANE ( 'NONE',  #1803 ) ;
#1684 = EDGE_CURVE ( 'NONE', #1398, #296, #5362, .T. ) ;
#1685 = ORIENTED_EDGE ( 'NONE', *, *, #5105, .F. ) ;
#1686 = CARTESIAN_POINT ( 'NONE',  ( 0.6778330551729239151, 5.882309047950088576, -0.4885397961637018560 ) ) ;
#1687 = DIRECTION ( 'NONE',  ( 0.000000000000000000, -1.000000000000000000, 2.200000000000000003E-16 ) ) ;
#1688 = ORIENTED_EDGE ( 'NONE', *, *, #4544, .F. ) ;
#1689 = CARTESIAN_POINT ( 'NONE',  ( 0.6565590400484316858, 8.005448038964223301, 23.43434452200543205 ) ) ;
#1690 = AXIS2_PLACEMENT_3D ( 'NONE', #2157, #1261, #4170 ) ;
#1691 = CARTESIAN_POINT ( 'NONE',  ( -57.34344095995156465, 5.875000000000003553, -0.5000000000000000000 ) ) ;
#1692 = ORIENTED_EDGE ( 'NONE', *, *, #216, .T. ) ;
#1693 = ORIENTED_EDGE ( 'NONE', *, *, #654, .F. ) ;
#1694 = ORIENTED_EDGE ( 'NONE', *, *, #1294, .F. ) ;
#1695 = DIRECTION ( 'NONE',  ( -0.000000000000000000, 0.000000000000000000, 1.000000000000000000 ) ) ;
#1696 = CARTESIAN_POINT ( 'NONE',  ( -39.29572938337270926, 4.966867144221086328, 27.73876969599392694 ) ) ;
#1697 = FILL_AREA_STYLE ('',( #2598 ) ) ;
#1698 = ORIENTED_EDGE ( 'NONE', *, *, #2841, .F. ) ;
#1699 = VERTEX_POINT ( 'NONE', #3568 ) ;
#1700 = ORIENTED_EDGE ( 'NONE', *, *, #1810, .F. ) ;
#1701 = EDGE_CURVE ( 'NONE', #143, #3098, #5989, .T. ) ;
#1702 = MANIFOLD_SOLID_BREP ( 'New-radiator-holder-20240412.step<1>[1]', #1950 ) ;
#1703 = CARTESIAN_POINT ( 'NONE',  ( -10.82140462413961934, 15.76999999999944713, 25.32705422904000159 ) ) ;
#1704 = EDGE_CURVE ( 'NONE', #5134, #6444, #2527, .T. ) ;
#1705 = DIRECTION ( 'NONE',  ( -0.000000000000000000, -1.000000000000000000, -0.000000000000000000 ) ) ;
#1706 = ADVANCED_FACE ( 'NONE', ( #5557 ), #1067, .F. ) ;
#1707 = CARTESIAN_POINT ( 'NONE',  ( 4.372648506378346234, 12.50000000000000000, 6.828908360124231081 ) ) ;
#1708 = B_SPLINE_CURVE_WITH_KNOTS ( 'NONE', 3,
 ( #6421, #2832, #5413, #3895, #2897, #4858, #1780, #4921, #317, #381 ),
 .UNSPECIFIED., .F., .F.,
 ( 4, 2, 2, 2, 4 ),
 ( 0.000000000000000000, 0.2500000000000000000, 0.5000000000000000000, 0.7500000000000000000, 1.000000000000000000 ),
 .UNSPECIFIED. ) ;
#1709 = VERTEX_POINT ( 'NONE', #972 ) ;
#1710 = CARTESIAN_POINT ( 'NONE',  ( -39.25872214769000124, 16.01333333333333542, 27.32705422903999803 ) ) ;
#1711 = DIRECTION ( 'NONE',  ( 0.000000000000000000, 1.000000000000000000, 0.000000000000000000 ) ) ;
#1712 = FACE_OUTER_BOUND ( 'NONE', #6307, .T. ) ;
#1713 = FACE_OUTER_BOUND ( 'NONE', #13, .T. ) ;
#1714 = PRODUCT ( 'TOP_CASE_291024', 'TOP_CASE_291024', '', ( #4804 ) ) ;
#1715 = CARTESIAN_POINT ( 'NONE',  ( -2.258722147692000082, 12.50000000000000000, 17.93372089570666361 ) ) ;
#1716 = EDGE_CURVE ( 'NONE', #2168, #747, #161, .T. ) ;
#1717 = CARTESIAN_POINT ( 'NONE',  ( -41.02138857898813740, 10.50000000000000000, 11.17880186980008972 ) ) ;
#1718 = CARTESIAN_POINT ( 'NONE',  ( 3.839110653457399103, 8.549883839852032708, 18.78434452200542992 ) ) ;
#1719 = B_SPLINE_CURVE_WITH_KNOTS ( 'NONE', 3,
 ( #1395, #395, #2329, #3304 ),
 .UNSPECIFIED., .F., .F.,
 ( 4, 4 ),
 ( 0.000000000000000000, 1.000000000000000000 ),
 .UNSPECIFIED. ) ;
#1720 = ORIENTED_EDGE ( 'NONE', *, *, #4071, .T. ) ;
#1721 = LINE ( 'NONE', #3735, #784 ) ;
#1722 = CARTESIAN_POINT ( 'NONE',  ( -10.82140462413961934, 15.76999999999944713, 25.32705422904000159 ) ) ;
#1723 = ORIENTED_EDGE ( 'NONE', *, *, #2968, .F. ) ;
#1724 = CARTESIAN_POINT ( 'NONE',  ( -4.258722147691999638, 12.50000000000000000, 25.32705422904000159 ) ) ;
#1725 = ADVANCED_FACE ( 'NONE', ( #5631, #1095 ), #6007, .T. ) ;
#1726 = DIRECTION ( 'NONE',  ( 1.000000000000000000, 0.000000000000000000, 0.000000000000000000 ) ) ;
#1727 = AXIS2_PLACEMENT_3D ( 'NONE', #1278, #4887, #2407 ) ;
#1728 = ITEM_DEFINED_TRANSFORMATION ( 'NONE', 'NONE', #3990,  #5143 ) ;
#1729 = VERTEX_POINT ( 'NONE', #3076 ) ;
#1730 = ORIENTED_EDGE ( 'NONE', *, *, #5397, .T. ) ;
#1731 = ORIENTED_EDGE ( 'NONE', *, *, #199, .F. ) ;
#1732 = CARTESIAN_POINT ( 'NONE',  ( -41.71950823699796018, 12.50000000000000000, 16.78848530301411301 ) ) ;
#1733 = CARTESIAN_POINT ( 'NONE',  ( -4.258722147691999638, 12.50000000000000000, 3.147054229040000095 ) ) ;
#1734 = VECTOR ( 'NONE', #2165, 1000.000000000000000 ) ;
#1735 = VECTOR ( 'NONE', #729, 1000.000000000000000 ) ;
#1736 = CARTESIAN_POINT ( 'NONE',  ( 0.6765746449780049021, 5.885962796422301579, -0.5000000000000012212 ) ) ;
#1737 = VERTEX_POINT ( 'NONE', #1036 ) ;
#1738 = VERTEX_POINT ( 'NONE', #4079 ) ;
#1739 = VERTEX_POINT ( 'NONE', #6106 ) ;
#1740 = VECTOR ( 'NONE', #4786, 1000.000000000000000 ) ;
#1741 = CARTESIAN_POINT ( 'NONE',  ( -21.75872214769000124, 12.50000000000000000, 25.32705422904000159 ) ) ;
#1742 = VECTOR ( 'NONE', #4093, 1000.000000000000000 ) ;
#1743 = LINE ( 'NONE', #5915, #4069 ) ;
#1744 = CARTESIAN_POINT ( 'NONE',  ( -70.59445670572583253, 4.717998577795753157, -3.761230304006072167 ) ) ;
#1745 = AXIS2_PLACEMENT_3D ( 'NONE', #3332, #3434, #1419 ) ;
#1746 = ADVANCED_FACE ( 'NONE', ( #2036 ), #3046, .F. ) ;
#1747 = ORIENTED_EDGE ( 'NONE', *, *, #2197, .F. ) ;
#1748 = CARTESIAN_POINT ( 'NONE',  ( -51.60056723113756760, 8.750000000000000000, 16.72284629709940162 ) ) ;
#1749 = CARTESIAN_POINT ( 'NONE',  ( -13.35823595866639657, 14.31480597356984141, 1.147054229039999651 ) ) ;
#1750 = DIRECTION ( 'NONE',  ( -0.000000000000000000, 1.000000000000000000, -0.000000000000000000 ) ) ;
#1751 = CARTESIAN_POINT ( 'NONE',  ( 18.02106672353487227, 4.713004295695412793, -6.761230304006072167 ) ) ;
#1752 = LINE ( 'NONE', #3665, #1151 ) ;
#1753 = DIRECTION ( 'NONE',  ( 0.000000000000000000, 1.000000000000000000, 0.000000000000000000 ) ) ;
#1754 = COLOUR_RGB ( '',0.7921568627450980005, 0.8196078431372548767, 0.9333333333333333481 ) ;
#1755 = CIRCLE ( 'NONE', #2075, 2.420000000000002149 ) ;
#1756 = CARTESIAN_POINT ( 'NONE',  ( -57.05244163262612744, 10.50000000000000000, 0.5000000000000000000 ) ) ;
#1757 = CARTESIAN_POINT ( 'NONE',  ( -50.64344095995156891, 5.875000000000003553, -0.5000000000000000000 ) ) ;
#1758 = CARTESIAN_POINT ( 'NONE',  ( -50.64344095995156891, 5.875000000000003553, -0.5000000000000000000 ) ) ;
#1759 = ORIENTED_EDGE ( 'NONE', *, *, #4868, .T. ) ;
#1760 = DIRECTION ( 'NONE',  ( 1.000000000000000000, 0.000000000000000000, 0.000000000000000000 ) ) ;
#1761 = APPLICATION_CONTEXT ( 'automotive_design' ) ;
#1762 = PLANE ( 'NONE',  #3273 ) ;
#1763 = VERTEX_POINT ( 'NONE', #537 ) ;
#1764 = ORIENTED_EDGE ( 'NONE', *, *, #34, .T. ) ;
#1765 = VERTEX_POINT ( 'NONE', #503 ) ;
#1766 = LINE ( 'NONE', #3971, #5055 ) ;
#1767 = EDGE_CURVE ( 'NONE', #3373, #1190, #2006, .T. ) ;
#1768 = CARTESIAN_POINT ( 'NONE',  ( -53.99344095995156323, 5.875000000000003553, 22.13434452200543134 ) ) ;
#1769 = AXIS2_PLACEMENT_3D ( 'NONE', #308, #1770, #3884 ) ;
#1770 = DIRECTION ( 'NONE',  ( 0.000000000000000000, 0.000000000000000000, 1.000000000000000000 ) ) ;
#1771 = EDGE_LOOP ( 'NONE', ( #4516, #4381, #3415, #304 ) ) ;
#1772 = ORIENTED_EDGE ( 'NONE', *, *, #91, .T. ) ;
#1773 = ORIENTED_EDGE ( 'NONE', *, *, #4560, .F. ) ;
#1774 = ADVANCED_FACE ( 'NONE', ( #2556 ), #1569, .F. ) ;
#1775 = CARTESIAN_POINT ( 'NONE',  ( 3.506559040048433218, 5.875000000000003553, 18.82186810699505486 ) ) ;
#1776 = VECTOR ( 'NONE', #4958, 1000.000000000000000 ) ;
#1777 = DIRECTION ( 'NONE',  ( -1.000000000000000000, 0.000000000000000000, -0.000000000000000000 ) ) ;
#1778 = CARTESIAN_POINT ( 'NONE',  ( -20.19137825829315602, 6.659555455029353865, 27.73876969599392694 ) ) ;
#1779 = AXIS2_PLACEMENT_3D ( 'NONE', #1449, #5457, #3614 ) ;
#1780 = CARTESIAN_POINT ( 'NONE',  ( -37.23153764672765220, 15.76999999999999957, 22.63356839370761264 ) ) ;
#1781 = EDGE_CURVE ( 'NONE', #5407, #3979, #2912, .T. ) ;
#1782 = EDGE_LOOP ( 'NONE', ( #975, #1400, #3140, #3013 ) ) ;
#1783 = EDGE_CURVE ( 'NONE', #2678, #5773, #5029, .T. ) ;
#1784 = CARTESIAN_POINT ( 'NONE',  ( -38.60223981824245953, 8.750000000000000000, 16.72284629709940162 ) ) ;
#1785 = DIRECTION ( 'NONE',  ( 0.000000000000000000, -2.200000000000000003E-16, -1.000000000000000000 ) ) ;
#1786 = AXIS2_PLACEMENT_3D ( 'NONE', #1639, #4647, #748 ) ;
#1787 = CARTESIAN_POINT ( 'NONE',  ( -34.45905601777043614, 17.03342160989377874, 23.52705422904000088 ) ) ;
#1788 = CARTESIAN_POINT ( 'NONE',  ( -41.25872214768999413, 12.50000000000000000, 15.19448133679633273 ) ) ;
#1789 = LINE ( 'NONE', #2771, #6026 ) ;
#1790 = CARTESIAN_POINT ( 'NONE',  ( -4.258722147691999638, 15.76999999999999957, 3.147054229040000095 ) ) ;
#1791 = VECTOR ( 'NONE', #5295, 1000.000000000000000 ) ;
#1792 = LINE ( 'NONE', #832, #5235 ) ;
#1793 = CARTESIAN_POINT ( 'NONE',  ( -6.058722147692000348, 17.76999999999999957, 6.747054229039999740 ) ) ;
#1794 = CARTESIAN_POINT ( 'NONE',  ( -61.54560449174972803, 7.159555455029353865, 27.73876969599392694 ) ) ;
#1795 = EDGE_LOOP ( 'NONE', ( #870, #2653, #2460, #141 ) ) ;
#1796 = EDGE_CURVE ( 'NONE', #1572, #630, #1536, .T. ) ;
#1797 = VECTOR ( 'NONE', #5066, 1000.000000000000114 ) ;
#1798 = CARTESIAN_POINT ( 'NONE',  ( -35.75872214768999413, 10.50000000000000000, 14.23705422904000173 ) ) ;
#1799 = B_SPLINE_CURVE_WITH_KNOTS ( 'NONE', 3,
 ( #98, #4723, #4864, #4892 ),
 .UNSPECIFIED., .F., .F.,
 ( 4, 4 ),
 ( 0.000000000000000000, 1.000000000000000000 ),
 .UNSPECIFIED. ) ;
#1800 = AXIS2_PLACEMENT_3D ( 'NONE', #415, #824, #2834 ) ;
#1801 = ADVANCED_FACE ( 'NONE', ( #2067 ), #3552, .F. ) ;
#1802 = CARTESIAN_POINT ( 'NONE',  ( -3.996922759892853616, 12.50000000000000178, 1.147054229039999429 ) ) ;
#1804 = ORIENTED_EDGE ( 'NONE', *, *, #3084, .F. ) ;
#1803 = AXIS2_PLACEMENT_3D ( 'NONE', #3196, #3233, #1617 ) ;
#1805 = ORIENTED_EDGE ( 'NONE', *, *, #62, .T. ) ;
#1806 = ORIENTED_EDGE ( 'NONE', *, *, #4750, .T. ) ;
#1807 = B_SPLINE_CURVE_WITH_KNOTS ( 'NONE', 3,
 ( #6127, #6188, #3125, #3627, #35, #3035 ),
 .UNSPECIFIED., .F., .F.,
 ( 4, 2, 4 ),
 ( 0.000000000000000000, 0.5000000000000000000, 1.000000000000000000 ),
 .UNSPECIFIED. ) ;
#1808 = CYLINDRICAL_SURFACE ( 'NONE', #1356, 3.499999999999999556 ) ;
#1809 = CARTESIAN_POINT ( 'NONE',  ( -21.75872214769000124, 17.76999999999999957, 14.23705422903999995 ) ) ;
#1810 = EDGE_CURVE ( 'NONE', #3082, #3343, #4016, .T. ) ;
#1811 = CARTESIAN_POINT ( 'NONE',  ( -10.79999054116380997, -12.75000000000000000, 26.77397846476551280 ) ) ;
#1812 = ORIENTED_EDGE ( 'NONE', *, *, #1478, .T. ) ;
#1813 = ADVANCED_FACE ( 'NONE', ( #470 ), #2495, .F. ) ;
#1814 = ORIENTED_EDGE ( 'NONE', *, *, #3856, .T. ) ;
#1815 = ORIENTED_EDGE ( 'NONE', *, *, #5239, .T. ) ;
#1816 = CARTESIAN_POINT ( 'NONE',  ( -39.25872214768999413, 12.50000000000000000, 3.147054229040000095 ) ) ;
#1817 = VERTEX_POINT ( 'NONE', #5043 ) ;
#1818 = DIRECTION ( 'NONE',  ( -1.000000000000000000, 0.000000000000000000, 0.000000000000000000 ) ) ;
#1819 = B_SPLINE_CURVE_WITH_KNOTS ( 'NONE', 3,
 ( #5592, #989, #3002, #5525, #5028, #454 ),
 .UNSPECIFIED., .F., .F.,
 ( 4, 2, 4 ),
 ( 0.5000000000000000000, 0.7500000000000000000, 1.000000000000000000 ),
 .UNSPECIFIED. ) ;
#1820 = DIRECTION ( 'NONE',  ( 0.000000000000000000, -1.700000000000000014E-16, -1.000000000000000000 ) ) ;
#1821 = CARTESIAN_POINT ( 'NONE',  ( -51.60056723113756760, -3.250000000000000000, 26.71994397445526204 ) ) ;
#1822 = CARTESIAN_POINT ( 'NONE',  ( -51.60056723113756760, 8.750000000000000000, 21.77302012765626316 ) ) ;
#1823 = CARTESIAN_POINT ( 'NONE',  ( 0.8949298234415217213, 5.875000000000003553, -2.106729052911971767 ) ) ;
#1824 = DIRECTION ( 'NONE',  ( 0.000000000000000000, 0.000000000000000000, 1.000000000000000000 ) ) ;
#1825 = CARTESIAN_POINT ( 'NONE',  ( -32.69603967124039912, 15.76999999999944713, 25.32705422904000159 ) ) ;
#1826 = CARTESIAN_POINT ( 'NONE',  ( 3.506559040048433218, 10.50000000000000000, 16.11449525870471433 ) ) ;
#1827 = VECTOR ( 'NONE', #735, 1000.000000000000000 ) ;
#1828 = FACE_OUTER_BOUND ( 'NONE', #3019, .T. ) ;
#1829 = LINE ( 'NONE', #1324, #3158 ) ;
#1830 = CARTESIAN_POINT ( 'NONE',  ( -4.258722147691999638, 12.50000000000000000, 25.32705422904000159 ) ) ;
#1831 = DIRECTION ( 'NONE',  ( 1.000000000000000000, -0.000000000000000000, 0.000000000000000000 ) ) ;
#1832 = ORIENTED_EDGE ( 'NONE', *, *, #5671, .T. ) ;
#1833 = DIRECTION ( 'NONE',  ( 0.000000000000000000, 1.000000000000000000, 0.000000000000000000 ) ) ;
#1834 = CARTESIAN_POINT ( 'NONE',  ( -39.25872214768999413, 12.50000000000000000, 1.147054229039999873 ) ) ;
#1835 = EDGE_CURVE ( 'NONE', #2652, #2558, #3687, .T. ) ;
#1836 = ORIENTED_EDGE ( 'NONE', *, *, #2356, .T. ) ;
#1837 = ORIENTED_EDGE ( 'NONE', *, *, #6408, .F. ) ;
#1838 = ORIENTED_EDGE ( 'NONE', *, *, #1579, .F. ) ;
#1839 = DIRECTION ( 'NONE',  ( 0.000000000000000000, 0.000000000000000000, -1.000000000000000000 ) ) ;
#1840 = EDGE_CURVE ( 'NONE', #1372, #2981, #695, .T. ) ;
#1841 = CARTESIAN_POINT ( 'NONE',  ( -50.65690083581098691, 10.50000000000000000, 22.43434452200543205 ) ) ;
#1842 = ORIENTED_EDGE ( 'NONE', *, *, #2005, .F. ) ;
#1843 = EDGE_CURVE ( 'NONE', #6030, #3653, #2104, .T. ) ;
#1844 = ADVANCED_FACE ( 'NONE', ( #4342 ), #6365, .F. ) ;
#1845 = ORIENTED_EDGE ( 'NONE', *, *, #2197, .T. ) ;
#1846 = ORIENTED_EDGE ( 'NONE', *, *, #697, .T. ) ;
#1847 = CARTESIAN_POINT ( 'NONE',  ( -35.65872214768999982, 16.43666666666666387, 23.52705422904000088 ) ) ;
#1848 = VERTEX_POINT ( 'NONE', #2288 ) ;
#1849 = AXIS2_PLACEMENT_3D ( 'NONE', #3759, #5778, #1245 ) ;
#1850 = DIRECTION ( 'NONE',  ( -0.000000000000000000, 1.000000000000000000, -0.000000000000000000 ) ) ;
#1851 = DIRECTION ( 'NONE',  ( -0.000000000000000000, -0.000000000000000000, 1.000000000000000000 ) ) ;
#1852 = CARTESIAN_POINT ( 'NONE',  ( 18.02106672353487227, 4.757473573018953239, -3.761230304006072167 ) ) ;
#1853 = CIRCLE ( 'NONE', #1529, 2.420000000000000817 ) ;
#1854 = DIRECTION ( 'NONE',  ( 1.000000000000000000, 0.000000000000000000, 0.000000000000000000 ) ) ;
#1855 = CARTESIAN_POINT ( 'NONE',  ( -41.25872214768999413, 17.76999999999999957, 25.58885361683914894 ) ) ;
#1856 = DIRECTION ( 'NONE',  ( 0.000000000000000000, 0.000000000000000000, -1.000000000000000000 ) ) ;
#1857 = DIRECTION ( 'NONE',  ( -7.767418549149877508E-16, 0.000000000000000000, 1.000000000000000000 ) ) ;
#1858 = CARTESIAN_POINT ( 'NONE',  ( -51.60056723113756760, 5.875000000000003553, 19.78984983914692819 ) ) ;
#1859 = CIRCLE ( 'NONE', #4064, 3.500000000000000000 ) ;
#1860 = CARTESIAN_POINT ( 'NONE',  ( -6.446282973174667141, 15.76999999999999602, 3.147054229040000539 ) ) ;
#1861 = CARTESIAN_POINT ( 'NONE',  ( -60.04560449174972803, -3.250000000000000000, 25.73876969599392694 ) ) ;
#1862 = CARTESIAN_POINT ( 'NONE',  ( -21.38836543812355373, 8.250000000000000000, 25.73876969599392694 ) ) ;
#1863 = PLANE ( 'NONE',  #4394 ) ;
#1864 = ORIENTED_EDGE ( 'NONE', *, *, #423, .T. ) ;
#1865 = AXIS2_PLACEMENT_3D ( 'NONE', #3261, #6322, #1785 ) ;
#1866 = DIRECTION ( 'NONE',  ( 0.000000000000000000, -1.000000000000000000, 2.200000000000000003E-16 ) ) ;
#1867 = VECTOR ( 'NONE', #3300, 1000.000000000000000 ) ;
#1868 = CARTESIAN_POINT ( 'NONE',  ( -3.735226378973440564, 12.50000000000000178, 1.199108875703368327 ) ) ;
#1869 = VERTEX_POINT ( 'NONE', #3771 ) ;
#1870 = ORIENTED_EDGE ( 'NONE', *, *, #3542, .F. ) ;
#1871 = EDGE_LOOP ( 'NONE', ( #2369, #1759, #4150, #4282, #5649, #38, #2687, #376 ) ) ;
#1872 = CARTESIAN_POINT ( 'NONE',  ( 0.6765129202228187255, 5.875000000000003553, 0.3356941635148227299 ) ) ;
#1873 = EDGE_CURVE ( 'NONE', #2647, #2229, #3703, .T. ) ;
#1874 = DIRECTION ( 'NONE',  ( -0.000000000000000000, 1.000000000000000000, 0.000000000000000000 ) ) ;
#1875 = VERTEX_POINT ( 'NONE', #4836 ) ;
#1876 = ORIENTED_EDGE ( 'NONE', *, *, #2951, .F. ) ;
#1877 = ORIENTED_EDGE ( 'NONE', *, *, #18, .F. ) ;
#1878 = CARTESIAN_POINT ( 'NONE',  ( -57.34344095995156465, 5.875000000000003553, 23.43434452200543205 ) ) ;
#1879 = LINE ( 'NONE', #3891, #2810 ) ;
#1880 = AXIS2_PLACEMENT_3D ( 'NONE', #4880, #340, #6411 ) ;
#1881 = EDGE_CURVE ( 'NONE', #1699, #5371, #295, .T. ) ;
#1882 = FACE_OUTER_BOUND ( 'NONE', #636, .T. ) ;
#1883 = LINE ( 'NONE', #783, #6173 ) ;
#1884 = EDGE_CURVE ( 'NONE', #747, #3313, #4236, .T. ) ;
#1885 = CARTESIAN_POINT ( 'NONE',  ( -39.25872214768999413, 12.50000000000000000, 10.73705422903999995 ) ) ;
#1886 = CARTESIAN_POINT ( 'NONE',  ( -3.319966660366299838, 11.19375000000000142, -0.3331271829957326291 ) ) ;
#1887 = B_SPLINE_CURVE_WITH_KNOTS ( 'NONE', 3,
 ( #4779, #5175, #3755, #1741 ),
 .UNSPECIFIED., .F., .F.,
 ( 4, 4 ),
 ( 0.000000000000000000, 1.000000000000000000 ),
 .UNSPECIFIED. ) ;
#1888 = DIRECTION ( 'NONE',  ( 0.5044624565692709117, -0.8634336279715404405, -0.000000000000000000 ) ) ;
#1889 = DIRECTION ( 'NONE',  ( 0.000000000000000000, 0.000000000000000000, 1.000000000000000000 ) ) ;
#1890 = FACE_OUTER_BOUND ( 'NONE', #2071, .T. ) ;
#1891 = CIRCLE ( 'NONE', #5581, 3.350000000000002309 ) ;
#1892 = CARTESIAN_POINT ( 'NONE',  ( -60.04560449174972803, -3.250000000000000000, -3.261230304006072611 ) ) ;
#1893 = DIRECTION ( 'NONE',  ( -0.000000000000000000, 1.000000000000000000, -0.000000000000000000 ) ) ;
#1894 = EDGE_CURVE ( 'NONE', #2448, #3717, #3736, .T. ) ;
#1895 = AXIS2_PLACEMENT_3D ( 'NONE', #804, #3341, #301 ) ;
#1896 = CYLINDRICAL_SURFACE ( 'NONE', #5643, 1.350000000000000533 ) ;
#1897 = CARTESIAN_POINT ( 'NONE',  ( -2.512249424831466627, 17.76999999999999602, 2.136970179754726917 ) ) ;
#1898 = VERTEX_POINT ( 'NONE', #5724 ) ;
#1899 = CARTESIAN_POINT ( 'NONE',  ( 4.006559040048433218, 12.50000000000000000, -0.8656554779945688782 ) ) ;
#1900 = CIRCLE ( 'NONE', #194, 0.5000000000000004441 ) ;
#1901 = ADVANCED_FACE ( 'NONE', ( #2745 ), #3840, .F. ) ;
#1902 = CARTESIAN_POINT ( 'NONE',  ( 4.506559040048433218, 10.50000000000000000, 16.11449525870471433 ) ) ;
#1903 = EDGE_LOOP ( 'NONE', ( #2501, #510, #3207, #5879 ) ) ;
#1904 = ORIENTED_EDGE ( 'NONE', *, *, #1377, .T. ) ;
#1905 = ORIENTED_EDGE ( 'NONE', *, *, #3564, .T. ) ;
#1906 = PRESENTATION_LAYER_ASSIGNMENT (  '', '', ( #3904 ) ) ;
#1907 = CARTESIAN_POINT ( 'NONE',  ( -35.65872214768999271, 17.76999999999999957, 4.947054229039999917 ) ) ;
#1908 = PLANE ( 'NONE',  #3238 ) ;
#1909 = ORIENTED_EDGE ( 'NONE', *, *, #3765, .F. ) ;
#1910 = VERTEX_POINT ( 'NONE', #2222 ) ;
#1911 = ORIENTED_EDGE ( 'NONE', *, *, #3829, .F. ) ;
#1912 = CARTESIAN_POINT ( 'NONE',  ( -27.59205548102333694, 12.50000000000000000, 25.32705422904000159 ) ) ;
#1913 = CARTESIAN_POINT ( 'NONE',  ( -23.68836541232418824, 12.49999999999999467, 3.147054229040003204 ) ) ;
#1914 = CARTESIAN_POINT ( 'NONE',  ( -37.45872214768999697, 17.76999999999999957, 6.747054229039999740 ) ) ;
#1915 = DIRECTION ( 'NONE',  ( -1.000000000000000000, -0.000000000000000000, -0.000000000000000000 ) ) ;
#1916 = ADVANCED_FACE ( 'NONE', ( #5862 ), #6297, .F. ) ;
#1917 = ADVANCED_FACE ( 'NONE', ( #6232 ), #2679, .T. ) ;
#1918 = CARTESIAN_POINT ( 'NONE',  ( 4.006559040048433218, 8.000000000000000000, 22.13434452200543134 ) ) ;
#1919 = CARTESIAN_POINT ( 'NONE',  ( -2.800420255819354942, 10.50000000000000000, -0.1666666666666668239 ) ) ;
#1920 = CARTESIAN_POINT ( 'NONE',  ( -57.08091565620415508, 5.875000000000003553, 23.43434452200543205 ) ) ;
#1921 = CARTESIAN_POINT ( 'NONE',  ( -6.058722147692000348, 17.76999999999999957, 21.72705422903999661 ) ) ;
#1922 = EDGE_CURVE ( 'NONE', #2638, #4265, #5225, .T. ) ;
#1923 = CARTESIAN_POINT ( 'NONE',  ( -12.14296520732424867, 5.125528811491157910, 26.77397846476551280 ) ) ;
#1924 = LINE ( 'NONE', #5925, #59 ) ;
#1925 = CARTESIAN_POINT ( 'NONE',  ( 18.02106672353487227, 4.757473573018953239, -6.761230304006072167 ) ) ;
#1926 = FACE_BOUND ( 'NONE', #2183, .T. ) ;
#1927 = CARTESIAN_POINT ( 'NONE',  ( -2.309676740507335513, 17.76999999999999957, 2.626404548864913036 ) ) ;
#1928 = ORIENTED_EDGE ( 'NONE', *, *, #2174, .F. ) ;
#1929 = FACE_OUTER_BOUND ( 'NONE', #4627, .T. ) ;
#1930 = CARTESIAN_POINT ( 'NONE',  ( -4.258722147691941906, 10.50000000000000000, 24.49769035724251509 ) ) ;
#1931 = LINE ( 'NONE', #1365, #189 ) ;
#1932 = ORIENTED_EDGE ( 'NONE', *, *, #1527, .T. ) ;
#1933 = ORIENTED_EDGE ( 'NONE', *, *, #1704, .F. ) ;
#1934 = VERTEX_POINT ( 'NONE', #4729 ) ;
#1935 = EDGE_CURVE ( 'NONE', #4996, #912, #5229, .T. ) ;
#1936 = FACE_OUTER_BOUND ( 'NONE', #812, .T. ) ;
#1937 = DIRECTION ( 'NONE',  ( 1.000000000000000000, 0.000000000000000000, -0.000000000000000000 ) ) ;
#1938 = ORIENTED_EDGE ( 'NONE', *, *, #4131, .F. ) ;
#1939 = ORIENTED_EDGE ( 'NONE', *, *, #3382, .F. ) ;
#1940 = EDGE_LOOP ( 'NONE', ( #2268, #166, #6447, #1628, #1068, #2228, #2032, #4386, #2176, #2068, #4412, #2791 ) ) ;
#1941 = DIRECTION ( 'NONE',  ( 0.000000000000000000, 0.000000000000000000, 1.000000000000000000 ) ) ;
#1942 = CARTESIAN_POINT ( 'NONE',  ( -36.12986833953669219, 15.76999999999999957, 4.993903411037028839 ) ) ;
#1943 = CARTESIAN_POINT ( 'NONE',  ( -39.79572938337270926, 4.966867144221086328, 26.71994397445526204 ) ) ;
#1944 = DIRECTION ( 'NONE',  ( 0.000000000000000000, 0.000000000000000000, -1.000000000000000000 ) ) ;
#1945 = CARTESIAN_POINT ( 'NONE',  ( 1.288160302308442695, 5.181250000000004796, -1.034908387461157542 ) ) ;
#1946 = CARTESIAN_POINT ( 'NONE',  ( -32.69603967124039912, 15.76999999999944713, 23.52705422904000088 ) ) ;
#1947 = CARTESIAN_POINT ( 'NONE',  ( -12.14296520732424867, 5.125528811491157910, 26.77397846476551280 ) ) ;
#1948 = CARTESIAN_POINT ( 'NONE',  ( -53.99344095995156323, 10.50000000000000000, -0.8656554779945688782 ) ) ;
#1949 = AXIS2_PLACEMENT_3D ( 'NONE', #2725, #211, #3081 ) ;
#1950 = CLOSED_SHELL ( 'NONE', ( #6467, #4754, #142, #4611, #5523, #3000, #5145, #1678, #4457, #6119, #810, #5296, #4056, #6221, #2962, #1746, #5194, #3924, #4383, #1844, #1388, #1901, #420, #613 ) ) ;
#1951 = CARTESIAN_POINT ( 'NONE',  ( 4.553332877239092191, 5.875000000000003553, -0.8656554779945689893 ) ) ;
#1952 = ADVANCED_FACE ( 'NONE', ( #5759 ), #3236, .F. ) ;
#1953 = LINE ( 'NONE', #6527, #2389 ) ;
#1954 = CARTESIAN_POINT ( 'NONE',  ( -53.99344095995156323, 8.000000000000000000, -0.8656554779945688782 ) ) ;
#1955 = CARTESIAN_POINT ( 'NONE',  ( -10.82140462413961934, 15.76999999999944713, 23.52705422904000088 ) ) ;
#1956 = ORIENTED_EDGE ( 'NONE', *, *, #1111, .T. ) ;
#1957 = DIRECTION ( 'NONE',  ( 0.000000000000000000, 0.000000000000000000, 1.000000000000000000 ) ) ;
#1958 = AXIS2_PLACEMENT_3D ( 'NONE', #89, #121, #3085 ) ;
#1959 = B_SPLINE_CURVE_WITH_KNOTS ( 'NONE', 3,
 ( #6222, #1710, #5249, #5783 ),
 .UNSPECIFIED., .F., .F.,
 ( 4, 4 ),
 ( 0.000000000000000000, 1.000000000000000000 ),
 .UNSPECIFIED. ) ;
#1960 = CARTESIAN_POINT ( 'NONE',  ( -21.75872214769000479, 12.49999999999999289, 2.480387562373336685 ) ) ;
#1961 = ADVANCED_FACE ( 'NONE', ( #761 ), #2775, .T. ) ;
#1962 = CARTESIAN_POINT ( 'NONE',  ( -51.60056723113756760, 8.750000000000000000, 16.72284629709940162 ) ) ;
#1963 = AXIS2_PLACEMENT_3D ( 'NONE', #2065, #226, #6136 ) ;
#1964 = VECTOR ( 'NONE', #360, 1000.000000000000114 ) ;
#1965 = ORIENTED_EDGE ( 'NONE', *, *, #1478, .F. ) ;
#1966 = ORIENTED_EDGE ( 'NONE', *, *, #688, .T. ) ;
#1967 = ORIENTED_EDGE ( 'NONE', *, *, #5499, .F. ) ;
#1968 = ORIENTED_EDGE ( 'NONE', *, *, #18, .T. ) ;
#1969 = EDGE_CURVE ( 'NONE', #807, #4445, #4374, .T. ) ;
#1970 = LINE ( 'NONE', #6102, #844 ) ;
#1971 = DIRECTION ( 'NONE',  ( 1.000000000000000000, 0.000000000000000000, 0.000000000000000000 ) ) ;
#1972 = DIRECTION ( 'NONE',  ( 0.000000000000000000, -0.000000000000000000, 1.000000000000000000 ) ) ;
#1973 = ORIENTED_EDGE ( 'NONE', *, *, #5473, .T. ) ;
#1974 = VECTOR ( 'NONE', #1457, 1000.000000000000000 ) ;
#1975 = EDGE_LOOP ( 'NONE', ( #3941, #407, #6541, #2434 ) ) ;
#1976 = ORIENTED_EDGE ( 'NONE', *, *, #5222, .F. ) ;
#1977 = ADVANCED_FACE ( 'NONE', ( #2447 ), #3403, .F. ) ;
#1978 = CARTESIAN_POINT ( 'NONE',  ( -51.19311627875442383, 8.567453508431418285, 23.43434452200543205 ) ) ;
#1979 = CYLINDRICAL_SURFACE ( 'NONE', #1643, 1.799999999999999600 ) ;
#1980 = CARTESIAN_POINT ( 'NONE',  ( -2.800420255819354942, 10.50000000000000000, 0.5000000000000000000 ) ) ;
#1981 = EDGE_CURVE ( 'NONE', #3715, #196, #801, .T. ) ;
#1982 = DIRECTION ( 'NONE',  ( 0.000000000000000000, 0.000000000000000000, 1.000000000000000000 ) ) ;
#1983 = CARTESIAN_POINT ( 'NONE',  ( 4.006559040048433218, 12.50000000000000000, 19.71434452200543319 ) ) ;
#1984 = CARTESIAN_POINT ( 'NONE',  ( -6.058722147692000348, 15.76999999999999957, 6.747054229039999740 ) ) ;
#1985 = DIRECTION ( 'NONE',  ( -0.000000000000000000, -0.000000000000000000, -1.000000000000000000 ) ) ;
#1986 = DIRECTION ( 'NONE',  ( 1.000000000000000000, 0.000000000000000000, 0.000000000000000000 ) ) ;
#1987 = EDGE_CURVE ( 'NONE', #1302, #4765, #5992, .T. ) ;
#1988 = CARTESIAN_POINT ( 'NONE',  ( -27.59205548102332628, 12.50000000000000000, 3.147054229040000095 ) ) ;
#1989 = CARTESIAN_POINT ( 'NONE',  ( -41.25872214768999413, 14.25666666666666771, 3.147054229040001871 ) ) ;
#1990 = EDGE_CURVE ( 'NONE', #6108, #4329, #527, .T. ) ;
#1991 = DIRECTION ( 'NONE',  ( 0.000000000000000000, 1.000000000000000000, 0.000000000000000000 ) ) ;
#1992 = DIRECTION ( 'NONE',  ( -0.000000000000000000, -0.000000000000000000, -1.000000000000000000 ) ) ;
#1993 = ORIENTED_EDGE ( 'NONE', *, *, #2417, .F. ) ;
#1994 = AXIS2_PLACEMENT_3D ( 'NONE', #931, #993, #2299 ) ;
#1995 = DIRECTION ( 'NONE',  ( 0.000000000000000000, -1.000000000000000000, 0.000000000000000000 ) ) ;
#1996 = CARTESIAN_POINT ( 'NONE',  ( -41.25872214768999413, 12.50000000000000000, 25.32705422904000159 ) ) ;
#1997 = EDGE_CURVE ( 'NONE', #2479, #3177, #458, .T. ) ;
#1998 = VERTEX_POINT ( 'NONE', #4466 ) ;
#1999 = ORIENTED_EDGE ( 'NONE', *, *, #4814, .T. ) ;
#2000 = ORIENTED_EDGE ( 'NONE', *, *, #55, .T. ) ;
#2001 = ORIENTED_EDGE ( 'NONE', *, *, #5007, .T. ) ;
#2002 = ADVANCED_FACE ( 'NONE', ( #327 ), #2974, .F. ) ;
#2003 = VECTOR ( 'NONE', #2663, 1000.000000000000000 ) ;
#2004 = CARTESIAN_POINT ( 'NONE',  ( -37.45872214768999697, 17.76999999999999957, 21.72705422903999661 ) ) ;
#2005 = EDGE_CURVE ( 'NONE', #5343, #5503, #4081, .T. ) ;
#2006 = LINE ( 'NONE', #5008, #1014 ) ;
#2007 = CARTESIAN_POINT ( 'NONE',  ( 14.02106672353487227, 4.757473573018953239, -6.761230304006072167 ) ) ;
#2008 = VERTEX_POINT ( 'NONE', #6529 ) ;
#2009 = AXIS2_PLACEMENT_3D ( 'NONE', #4847, #370, #6407 ) ;
#2010 = ORIENTED_EDGE ( 'NONE', *, *, #5923, .T. ) ;
#2011 = ORIENTED_EDGE ( 'NONE', *, *, #4212, .F. ) ;
#2012 = LINE ( 'NONE', #261, #2056 ) ;
#2013 = EDGE_LOOP ( 'NONE', ( #1174, #1842, #2235, #3745 ) ) ;
#2014 = LINE ( 'NONE', #4553, #1219 ) ;
#2015 = EDGE_CURVE ( 'NONE', #3417, #2355, #6463, .T. ) ;
#2016 = AXIS2_PLACEMENT_3D ( 'NONE', #3164, #5155, #6290 ) ;
#2017 = ADVANCED_FACE ( 'NONE', ( #4440 ), #1863, .F. ) ;
#2018 = DIRECTION ( 'NONE',  ( -1.000000000000000000, 0.000000000000000000, 0.000000000000000000 ) ) ;
#2019 = CARTESIAN_POINT ( 'NONE',  ( -34.45905601777040772, 17.03342160989377874, 4.947054229039999029 ) ) ;
#2020 = CARTESIAN_POINT ( 'NONE',  ( -53.99344095995156323, 10.50000000000000000, 22.13434452200543134 ) ) ;
#2021 = EDGE_CURVE ( 'NONE', #4609, #5212, #865, .T. ) ;
#2022 = CARTESIAN_POINT ( 'NONE',  ( -51.19311627875442383, 10.50000000000000000, 22.43434452200543205 ) ) ;
#2023 = CARTESIAN_POINT ( 'NONE',  ( -11.99651859791752173, 5.479082202084430975, 26.77397846476551280 ) ) ;
#2024 = DIRECTION ( 'NONE',  ( 1.000000000000000000, 0.000000000000000000, 0.000000000000000000 ) ) ;
#2025 = CARTESIAN_POINT ( 'NONE',  ( -9.280464726337173786, -3.250000000000000000, 26.76711071965634403 ) ) ;
#2026 = CARTESIAN_POINT ( 'NONE',  ( -39.25872214769194812, 10.50000000000000000, 0.000000000000000000 ) ) ;
#2027 = CARTESIAN_POINT ( 'NONE',  ( -35.65872214768999271, 15.76999999999999957, 4.947054229039999917 ) ) ;
#2028 = CARTESIAN_POINT ( 'NONE',  ( -60.04560449174972803, 12.50000000000000000, 24.23876969599392694 ) ) ;
#2029 = LINE ( 'NONE', #1962, #722 ) ;
#2030 = ORIENTED_EDGE ( 'NONE', *, *, #1351, .T. ) ;
#2031 = ORIENTED_EDGE ( 'NONE', *, *, #1026, .T. ) ;
#2032 = ORIENTED_EDGE ( 'NONE', *, *, #133, .F. ) ;
#2033 = DIRECTION ( 'NONE',  ( 0.000000000000000000, 1.000000000000000000, 0.000000000000000000 ) ) ;
#2034 = PRODUCT_RELATED_PRODUCT_CATEGORY ( 'part', '', ( #1714 ) ) ;
#2035 = EDGE_CURVE ( 'NONE', #22, #5468, #2939, .T. ) ;
#2036 = FACE_OUTER_BOUND ( 'NONE', #2042, .T. ) ;
#2037 = CARTESIAN_POINT ( 'NONE',  ( -11.99651859791752173, 5.271975420897883957, 26.77397846476551280 ) ) ;
#2038 = ORIENTED_EDGE ( 'NONE', *, *, #1527, .F. ) ;
#2039 = ORIENTED_EDGE ( 'NONE', *, *, #5027, .F. ) ;
#2040 = VERTEX_POINT ( 'NONE', #2386 ) ;
#2041 = CARTESIAN_POINT ( 'NONE',  ( -21.75872214769000479, 12.49999999999999289, 1.813720895706670833 ) ) ;
#2042 = EDGE_LOOP ( 'NONE', ( #3159, #241, #6197, #3447, #5032, #1279 ) ) ;
#2043 = LINE ( 'NONE', #6552, #3333 ) ;
#2044 = EDGE_CURVE ( 'NONE', #4329, #2558, #5414, .T. ) ;
#2045 = CARTESIAN_POINT ( 'NONE',  ( -66.59445670572583253, 4.717998577795753157, -6.761230304006072167 ) ) ;
#2046 = ORIENTED_EDGE ( 'NONE', *, *, #3686, .T. ) ;
#2047 = CARTESIAN_POINT ( 'NONE',  ( -63.50970610688748508, 8.717998577795750492, -3.761230304006072167 ) ) ;
#2048 = DIRECTION ( 'NONE',  ( 0.000000000000000000, -1.000000000000000000, 0.000000000000000000 ) ) ;
#2049 = B_SPLINE_CURVE_WITH_KNOTS ( 'NONE', 3,
 ( #4855, #3391, #1343, #4322 ),
 .UNSPECIFIED., .F., .F.,
 ( 4, 4 ),
 ( 0.000000000000000000, 1.000000000000000000 ),
 .UNSPECIFIED. ) ;
#2050 = CIRCLE ( 'NONE', #6278, 3.350000000000000533 ) ;
#2051 = CARTESIAN_POINT ( 'NONE',  ( 9.514416038418653798, -3.250000000000000000, -4.761230304006072167 ) ) ;
#2052 = DIRECTION ( 'NONE',  ( 0.000000000000000000, 0.000000000000000000, 1.000000000000000000 ) ) ;
#2053 = CARTESIAN_POINT ( 'NONE',  ( 4.506559040048433218, 8.005696803542699413, 19.52937570921329069 ) ) ;
#2054 = DIRECTION ( 'NONE',  ( -0.000000000000000000, 1.000000000000000000, 0.000000000000000000 ) ) ;
#2055 = DIRECTION ( 'NONE',  ( -0.000000000000000000, -0.000000000000000000, 1.000000000000000000 ) ) ;
#2056 = VECTOR ( 'NONE', #2774, 1000.000000000000000 ) ;
#2057 = CARTESIAN_POINT ( 'NONE',  ( -8.258722147691999638, 17.77000000000000313, 26.06038756237333232 ) ) ;
#2058 = CARTESIAN_POINT ( 'NONE',  ( 0.000000000000000000, 0.000000000000000000, 0.5000000000000000000 ) ) ;
#2059 = VECTOR ( 'NONE', #3695, 1000.000000000000000 ) ;
#2060 = VERTEX_POINT ( 'NONE', #1422 ) ;
#2061 = EDGE_LOOP ( 'NONE', ( #4635, #4740, #2038, #4183 ) ) ;
#2062 = AXIS2_PLACEMENT_3D ( 'NONE', #3256, #4252, #6281 ) ;
#2063 = CARTESIAN_POINT ( 'NONE',  ( -35.25872214769005097, 17.76999999999999957, 1.147054229039999873 ) ) ;
#2064 = EDGE_CURVE ( 'NONE', #3077, #1659, #478, .T. ) ;
#2065 = CARTESIAN_POINT ( 'NONE',  ( -39.25872214768999413, 12.50000000000000000, 3.147054229040000095 ) ) ;
#2066 = VECTOR ( 'NONE', #4228, 1000.000000000000000 ) ;
#2067 = FACE_OUTER_BOUND ( 'NONE', #5811, .T. ) ;
#2068 = ORIENTED_EDGE ( 'NONE', *, *, #4992, .T. ) ;
#2069 = ORIENTED_EDGE ( 'NONE', *, *, #4140, .F. ) ;
#2070 = VERTEX_POINT ( 'NONE', #5595 ) ;
#2071 = EDGE_LOOP ( 'NONE', ( #1373, #3677, #2257, #5300 ) ) ;
#2072 = CARTESIAN_POINT ( 'NONE',  ( 0.9190843437958448048, 10.50000000000000000, 23.43434452200543205 ) ) ;
#2073 = EDGE_CURVE ( 'NONE', #4200, #2070, #2119, .T. ) ;
#2074 = VECTOR ( 'NONE', #165, 1000.000000000000000 ) ;
#2075 = AXIS2_PLACEMENT_3D ( 'NONE', #5302, #4935, #2976 ) ;
#2076 = FACE_OUTER_BOUND ( 'NONE', #4551, .T. ) ;
#2077 = ORIENTED_EDGE ( 'NONE', *, *, #3231, .T. ) ;
#2078 = DIRECTION ( 'NONE',  ( -0.000000000000000000, 0.000000000000000000, 1.000000000000000000 ) ) ;
#2079 = CARTESIAN_POINT ( 'NONE',  ( -53.99344095995156323, 5.875000000000003553, 22.13434452200543134 ) ) ;
#2080 = CARTESIAN_POINT ( 'NONE',  ( 4.006559040048433218, 5.875000000000003553, -0.8656554779945688782 ) ) ;
#2081 = ADVANCED_FACE ( 'NONE', ( #126 ), #5651, .F. ) ;
#2082 =( NAMED_UNIT ( * ) PLANE_ANGLE_UNIT ( ) SI_UNIT ( $, .RADIAN. ) );
#2083 = DIRECTION ( 'NONE',  ( -1.000000000000000000, -0.000000000000000000, -0.000000000000000000 ) ) ;
#2084 = DIRECTION ( 'NONE',  ( -1.000000000000000000, 5.209522807270858964E-16, -0.000000000000000000 ) ) ;
#2085 = LINE ( 'NONE', #5089, #3353 ) ;
#2086 = CARTESIAN_POINT ( 'NONE',  ( -41.00629492439851020, 17.76999999999999602, 2.139816268298200264 ) ) ;
#2087 = DIRECTION ( 'NONE',  ( 0.000000000000000000, -1.000000000000000000, 0.000000000000000000 ) ) ;
#2088 = LINE ( 'NONE', #4037, #1797 ) ;
#2089 = EDGE_CURVE ( 'NONE', #401, #4737, #4159, .T. ) ;
#2090 = EDGE_CURVE ( 'NONE', #1307, #1910, #1108, .T. ) ;
#2091 = CARTESIAN_POINT ( 'NONE',  ( 0.000000000000000000, 8.250000000000000000, 0.000000000000000000 ) ) ;
#2092 = AXIS2_PLACEMENT_3D ( 'NONE', #1267, #272, #4997 ) ;
#2093 = ORIENTED_EDGE ( 'NONE', *, *, #5628, .T. ) ;
#2094 = VERTEX_POINT ( 'NONE', #4099 ) ;
#2095 = DIRECTION ( 'NONE',  ( 0.000000000000000000, 1.000000000000000000, -2.200000000000000003E-16 ) ) ;
#2096 = AXIS2_PLACEMENT_3D ( 'NONE', #4296, #6289, #1889 ) ;
#2097 = CARTESIAN_POINT ( 'NONE',  ( -42.75872214769000124, 10.50000000000000000, 13.77890530039148231 ) ) ;
#2098 = DIRECTION ( 'NONE',  ( 0.000000000000000000, 0.000000000000000000, 1.000000000000000000 ) ) ;
#2099 = ORIENTED_EDGE ( 'NONE', *, *, #210, .T. ) ;
#2100 = EDGE_LOOP ( 'NONE', ( #2497, #57, #1601, #2534 ) ) ;
#2101 = ORIENTED_EDGE ( 'NONE', *, *, #4345, .T. ) ;
#2102 = CARTESIAN_POINT ( 'NONE',  ( -70.59445670572583253, 8.717998577795750492, -6.761230304006072167 ) ) ;
#2103 = FACE_OUTER_BOUND ( 'NONE', #2593, .T. ) ;
#2104 = B_SPLINE_CURVE_WITH_KNOTS ( 'NONE', 3,
 ( #1722, #1224, #2326, #2185, #1184, #5258 ),
 .UNSPECIFIED., .F., .F.,
 ( 4, 2, 4 ),
 ( 0.000000000000000000, 0.5000000000000000000, 1.000000000000000000 ),
 .UNSPECIFIED. ) ;
#2105 = CIRCLE ( 'NONE', #201, 2.420000000000000817 ) ;
#2106 = DIRECTION ( 'NONE',  ( 0.000000000000000000, -1.000000000000000000, 2.200000000000000003E-16 ) ) ;
#2107 = VERTEX_POINT ( 'NONE', #1116 ) ;
#2108 = ORIENTED_EDGE ( 'NONE', *, *, #2381, .T. ) ;
#2109 = CARTESIAN_POINT ( 'NONE',  ( -32.69603967124039912, 15.76999999999944713, 4.947054229039999917 ) ) ;
#2110 = AXIS2_PLACEMENT_3D ( 'NONE', #355, #829, #5857 ) ;
#2111 = B_SPLINE_CURVE_WITH_KNOTS ( 'NONE', 3,
 ( #1640, #4613, #5645, #1112 ),
 .UNSPECIFIED., .F., .F.,
 ( 4, 4 ),
 ( 0.000000000000000000, 1.000000000000000000 ),
 .UNSPECIFIED. ) ;
#2112 = DIRECTION ( 'NONE',  ( 0.000000000000000000, 0.000000000000000000, -1.000000000000000000 ) ) ;
#2113 = EDGE_CURVE ( 'NONE', #5276, #3547, #5528, .T. ) ;
#2114 = PLANE ( 'NONE',  #2467 ) ;
#2115 = EDGE_CURVE ( 'NONE', #4818, #5659, #3537, .T. ) ;
#2116 = VECTOR ( 'NONE', #4300, 1000.000000000000000 ) ;
#2117 = ORIENTED_EDGE ( 'NONE', *, *, #3648, .F. ) ;
#2118 = CARTESIAN_POINT ( 'NONE',  ( -51.60056723113756760, 8.750000000000000000, 22.49566891635459953 ) ) ;
#2119 = LINE ( 'NONE', #5620, #5656 ) ;
#2120 = CARTESIAN_POINT ( 'NONE',  ( 0.000000000000000000, 8.750000000000000000, 22.43434452200543205 ) ) ;
#2121 = FACE_OUTER_BOUND ( 'NONE', #5424, .T. ) ;
#2122 = CARTESIAN_POINT ( 'NONE',  ( 1.873062941308192730, 5.875000000000003553, 24.71711326826596178 ) ) ;
#2123 = CARTESIAN_POINT ( 'NONE',  ( 0.000000000000000000, 8.250000000000000000, 0.000000000000000000 ) ) ;
#2124 = ORIENTED_EDGE ( 'NONE', *, *, #5690, .T. ) ;
#2125 = ORIENTED_EDGE ( 'NONE', *, *, #980, .T. ) ;
#2126 = LINE ( 'NONE', #4545, #1674 ) ;
#2127 = CARTESIAN_POINT ( 'NONE',  ( -38.60223981824245953, 8.750000000000000000, 26.71994397445526204 ) ) ;
#2128 = LINE ( 'NONE', #4575, #4089 ) ;
#2129 = ORIENTED_EDGE ( 'NONE', *, *, #2661, .F. ) ;
#2130 = ORIENTED_EDGE ( 'NONE', *, *, #500, .F. ) ;
#2131 = ORIENTED_EDGE ( 'NONE', *, *, #3942, .F. ) ;
#2132 = DIRECTION ( 'NONE',  ( 0.000000000000000000, 0.000000000000000000, 1.000000000000000000 ) ) ;
#2133 = DIRECTION ( 'NONE',  ( -0.000000000000000000, 1.000000000000000000, -0.000000000000000000 ) ) ;
#2134 = AXIS2_PLACEMENT_3D ( 'NONE', #5663, #6165, #5697 ) ;
#2135 = CARTESIAN_POINT ( 'NONE',  ( -4.258722147691941906, 10.50000000000000000, 2.317690357242517596 ) ) ;
#2136 = ORIENTED_EDGE ( 'NONE', *, *, #1444, .T. ) ;
#2137 = ORIENTED_EDGE ( 'NONE', *, *, #4226, .F. ) ;
#2138 = ORIENTED_EDGE ( 'NONE', *, *, #6372, .T. ) ;
#2139 = CARTESIAN_POINT ( 'NONE',  ( -53.99344095995156323, 8.000000000000000000, 19.71434452200542964 ) ) ;
#2140 = DIRECTION ( 'NONE',  ( 1.000000000000000000, 0.000000000000000000, 0.000000000000000000 ) ) ;
#2141 = CARTESIAN_POINT ( 'NONE',  ( 14.57660255292402773, 4.735238934357184348, -6.761230304006072167 ) ) ;
#2142 = ORIENTED_EDGE ( 'NONE', *, *, #4205, .F. ) ;
#2143 = CARTESIAN_POINT ( 'NONE',  ( -36.20046978845008567, 12.50000000000000178, 12.47438779774185491 ) ) ;
#2144 = PLANE ( 'NONE',  #2170 ) ;
#2145 = CARTESIAN_POINT ( 'NONE',  ( 1.873062941308192730, 8.250000000000000000, 17.31907693046060714 ) ) ;
#2146 = CARTESIAN_POINT ( 'NONE',  ( -6.925388814358666600, 17.77000000000000313, 27.32705422903999803 ) ) ;
#2147 = CARTESIAN_POINT ( 'NONE',  ( -12.49651859791752351, 6.659555455029353865, 35.00000000000000000 ) ) ;
#2148 = ADVANCED_FACE ( 'NONE', ( #3598 ), #2144, .F. ) ;
#2149 = DIRECTION ( 'NONE',  ( -1.000000000000000000, 0.000000000000000000, 0.000000000000000000 ) ) ;
#2150 = ORIENTED_EDGE ( 'NONE', *, *, #4344, .T. ) ;
#2151 = VECTOR ( 'NONE', #3025, 1000.000000000000000 ) ;
#2152 = CARTESIAN_POINT ( 'NONE',  ( -21.75872214769000124, 12.50000000000000000, 3.147054229040000095 ) ) ;
#2153 = VERTEX_POINT ( 'NONE', #1081 ) ;
#2154 = EDGE_CURVE ( 'NONE', #251, #3908, #3673, .T. ) ;
#2155 = CARTESIAN_POINT ( 'NONE',  ( -39.25872214769000124, 14.67999999999999794, 25.32705422904000159 ) ) ;
#2156 = B_SPLINE_CURVE_WITH_KNOTS ( 'NONE', 3,
 ( #353, #5456, #3396, #956 ),
 .UNSPECIFIED., .F., .F.,
 ( 4, 4 ),
 ( 0.000000000000000000, 1.000000000000000000 ),
 .UNSPECIFIED. ) ;
#2157 = CARTESIAN_POINT ( 'NONE',  ( -53.99344095995156323, 5.875000000000003553, 22.93434452200543205 ) ) ;
#2158 = ADVANCED_FACE ( 'NONE', ( #3005 ), #6, .F. ) ;
#2159 = ORIENTED_EDGE ( 'NONE', *, *, #243, .F. ) ;
#2160 = VERTEX_POINT ( 'NONE', #4592 ) ;
#2161 = EDGE_LOOP ( 'NONE', ( #5116, #6001, #2538, #4352 ) ) ;
#2162 = CARTESIAN_POINT ( 'NONE',  ( -51.60056723113756760, 8.750000000000000000, 19.78984983914692819 ) ) ;
#2163 = DIRECTION ( 'NONE',  ( 0.000000000000000000, 0.000000000000000000, 1.000000000000000000 ) ) ;
#2164 = AXIS2_PLACEMENT_3D ( 'NONE', #2238, #4185, #6118 ) ;
#2165 = DIRECTION ( 'NONE',  ( 0.000000000000000000, 0.8827689897251326245, 0.4698073123948461882 ) ) ;
#2166 = ORIENTED_EDGE ( 'NONE', *, *, #4794, .F. ) ;
#2167 = EDGE_CURVE ( 'NONE', #1167, #1998, #1556, .T. ) ;
#2168 = VERTEX_POINT ( 'NONE', #3033 ) ;
#2169 = ORIENTED_EDGE ( 'NONE', *, *, #2523, .F. ) ;
#2170 = AXIS2_PLACEMENT_3D ( 'NONE', #4034, #6060, #1613 ) ;
#2171 = LINE ( 'NONE', #4184, #2207 ) ;
#2172 = FACE_OUTER_BOUND ( 'NONE', #4248, .T. ) ;
#2173 = AXIS2_PLACEMENT_3D ( 'NONE', #5606, #3105, #5098 ) ;
#2174 = EDGE_CURVE ( 'NONE', #22, #3182, #6088, .T. ) ;
#2175 = DIRECTION ( 'NONE',  ( -0.000000000000000000, -0.000000000000000000, 1.000000000000000000 ) ) ;
#2176 = ORIENTED_EDGE ( 'NONE', *, *, #1664, .F. ) ;
#2177 = CARTESIAN_POINT ( 'NONE',  ( -51.19311627875442383, 8.567453508431418285, 23.43434452200543205 ) ) ;
#2178 = CARTESIAN_POINT ( 'NONE',  ( -16.85418877245364300, 13.07326386610606583, 1.147054229039999873 ) ) ;
#2179 = LINE ( 'NONE', #4190, #184 ) ;
#2180 = DIRECTION ( 'NONE',  ( -0.000000000000000000, 1.000000000000000000, 0.000000000000000000 ) ) ;
#2181 = CARTESIAN_POINT ( 'NONE',  ( -6.287083550158167888, 15.77000000000000313, 22.63660041310428639 ) ) ;
#2182 = CARTESIAN_POINT ( 'NONE',  ( -53.99344095995156323, 12.50000000000000000, -0.8656554779945688782 ) ) ;
#2183 = EDGE_LOOP ( 'NONE', ( #786, #849 ) ) ;
#2184 = CARTESIAN_POINT ( 'NONE',  ( 0.6805272488406796105, 5.875000000000003553, -0.4656398234567175054 ) ) ;
#2185 = CARTESIAN_POINT ( 'NONE',  ( -17.89966379383750805, 12.78225237061120190, 25.32705422903999803 ) ) ;
#2186 = ORIENTED_EDGE ( 'NONE', *, *, #940, .T. ) ;
#2187 = CARTESIAN_POINT ( 'NONE',  ( -53.49344095995156323, 6.904660110310268273, 18.82186810699505486 ) ) ;
#2188 = PRODUCT_DEFINITION_FORMATION_WITH_SPECIFIED_SOURCE ( 'ANY', '', #1714, .NOT_KNOWN. ) ;
#2189 = EDGE_CURVE ( 'NONE', #3683, #4200, #5063, .T. ) ;
#2190 = DIRECTION ( 'NONE',  ( 0.000000000000000000, 0.000000000000000000, 1.000000000000000000 ) ) ;
#2191 = DIRECTION ( 'NONE',  ( -0.000000000000000000, -0.000000000000000000, 1.000000000000000000 ) ) ;
#2192 = EDGE_CURVE ( 'NONE', #935, #303, #3065, .T. ) ;
#2193 = ORIENTED_EDGE ( 'NONE', *, *, #1987, .F. ) ;
#2194 = VERTEX_POINT ( 'NONE', #6125 ) ;
#2195 = VERTEX_POINT ( 'NONE', #1587 ) ;
#2196 = CARTESIAN_POINT ( 'NONE',  ( -38.80057321904148893, 10.50000000000000000, 10.73705422904000173 ) ) ;
#2197 = EDGE_CURVE ( 'NONE', #5707, #877, #2589, .T. ) ;
#2198 = CYLINDRICAL_SURFACE ( 'NONE', #4314, 2.000000000000000000 ) ;
#2199 = AXIS2_PLACEMENT_3D ( 'NONE', #96, #3599, #1058 ) ;
#2200 = LINE ( 'NONE', #6146, #3734 ) ;
#2201 = ORIENTED_EDGE ( 'NONE', *, *, #5987, .F. ) ;
#2202 = VECTOR ( 'NONE', #840, 1000.000000000000000 ) ;
#2203 = ORIENTED_EDGE ( 'NONE', *, *, #5222, .T. ) ;
#2204 = EDGE_LOOP ( 'NONE', ( #768, #6501, #4308, #5968, #1098 ) ) ;
#2205 = LINE ( 'NONE', #677, #6337 ) ;
#2206 = EDGE_CURVE ( 'NONE', #3513, #1571, #3011, .T. ) ;
#2207 = VECTOR ( 'NONE', #5709, 1000.000000000000000 ) ;
#2208 = FACE_OUTER_BOUND ( 'NONE', #5909, .T. ) ;
#2209 = CARTESIAN_POINT ( 'NONE',  ( -50.64344095995156891, 5.875000000000003553, -0.5000000000000000000 ) ) ;
#2210 = AXIS2_PLACEMENT_3D ( 'NONE', #1259, #168, #1760 ) ;
#2211 = EDGE_LOOP ( 'NONE', ( #4467, #2124, #5265, #1909, #4644, #4273, #6276, #2425 ) ) ;
#2212 = EDGE_CURVE ( 'NONE', #904, #6003, #157, .T. ) ;
#2213 = CARTESIAN_POINT ( 'NONE',  ( 3.469226652074590245, 10.50000000000000000, 2.440970280211873344 ) ) ;
#2214 = CARTESIAN_POINT ( 'NONE',  ( 0.6765129202228187255, 5.875000000000003553, 0.3356941635148227299 ) ) ;
#2215 = CARTESIAN_POINT ( 'NONE',  ( -61.54560449174972803, 8.250000000000000000, 25.73876969599392694 ) ) ;
#2216 = CARTESIAN_POINT ( 'NONE',  ( 0.000000000000000000, 0.000000000000000000, -4.761230304006072167 ) ) ;
#2217 = CARTESIAN_POINT ( 'NONE',  ( -2.258722147692000082, 12.50000000000000000, 10.54038756237333274 ) ) ;
#2218 = CARTESIAN_POINT ( 'NONE',  ( 6.352138378250272055, -3.250000000000000000, -6.761230304006072167 ) ) ;
#2219 = LINE ( 'NONE', #3700, #3266 ) ;
#2220 = ORIENTED_EDGE ( 'NONE', *, *, #700, .T. ) ;
#2221 = CARTESIAN_POINT ( 'NONE',  ( 6.352138378250272055, 12.50000000000000000, -6.761230304006072167 ) ) ;
#2222 = CARTESIAN_POINT ( 'NONE',  ( 0.6805272488406796105, 5.875000000000003553, -0.4656398234567175054 ) ) ;
#2223 = ORIENTED_EDGE ( 'NONE', *, *, #3136, .T. ) ;
#2224 = PLANE ( 'NONE',  #6343 ) ;
#2225 = CARTESIAN_POINT ( 'NONE',  ( -2.258722147692000082, 17.76999999999999957, 25.32705422904000159 ) ) ;
#2226 = APPLICATION_PROTOCOL_DEFINITION ( 'draft international standard', 'automotive_design', 1998, #3791 ) ;
#2227 = ORIENTED_EDGE ( 'NONE', *, *, #4437, .F. ) ;
#2228 = ORIENTED_EDGE ( 'NONE', *, *, #5139, .T. ) ;
#2229 = VERTEX_POINT ( 'NONE', #721 ) ;
#2230 = CYLINDRICAL_SURFACE ( 'NONE', #4823, 19.92627134724899918 ) ;
#2231 = CARTESIAN_POINT ( 'NONE',  ( -35.75872214768999413, 12.50000000000000000, 14.23705422904000173 ) ) ;
#2232 = ADVANCED_FACE ( 'NONE', ( #651 ), #6187, .F. ) ;
#2233 = LINE ( 'NONE', #4245, #782 ) ;
#2234 = EDGE_LOOP ( 'NONE', ( #4357, #3586, #5699, #1032 ) ) ;
#2235 = ORIENTED_EDGE ( 'NONE', *, *, #5105, .T. ) ;
#2236 = ORIENTED_EDGE ( 'NONE', *, *, #2457, .F. ) ;
#2237 = PLANE ( 'NONE',  #5796 ) ;
#2238 = CARTESIAN_POINT ( 'NONE',  ( 1.873062941308192730, 8.250000000000000000, 17.31907693046060714 ) ) ;
#2239 = LINE ( 'NONE', #6283, #2677 ) ;
#2240 = ORIENTED_EDGE ( 'NONE', *, *, #4312, .T. ) ;
#2241 = FACE_OUTER_BOUND ( 'NONE', #4541, .T. ) ;
#2242 = DIRECTION ( 'NONE',  ( -0.000000000000000000, 1.000000000000000000, -0.000000000000000000 ) ) ;
#2243 = CARTESIAN_POINT ( 'NONE',  ( -37.09998631292206284, 17.76999999999999602, 5.642836968557588762 ) ) ;
#2244 = CARTESIAN_POINT ( 'NONE',  ( -41.25872214768999413, 12.50000000000000000, 11.36477290577099986 ) ) ;
#2245 = DIRECTION ( 'NONE',  ( -0.000000000000000000, 0.000000000000000000, 1.000000000000000000 ) ) ;
#2246 = CARTESIAN_POINT ( 'NONE',  ( -62.05134326581678295, 0.7130042956954123490, -3.761230304006072167 ) ) ;
#2247 = CARTESIAN_POINT ( 'NONE',  ( -39.25872214769194812, 8.500000000000007105, 24.49769035724251509 ) ) ;
#2248 = ADVANCED_FACE ( 'NONE', ( #2737 ), #4828, .F. ) ;
#2249 = ORIENTED_EDGE ( 'NONE', *, *, #3335, .T. ) ;
#2250 = CARTESIAN_POINT ( 'NONE',  ( -53.99344095995156323, 8.000000000000000000, 0.4843445220054299338 ) ) ;
#2251 = DIRECTION ( 'NONE',  ( -0.000000000000000000, 0.000000000000000000, 1.000000000000000000 ) ) ;
#2252 = VERTEX_POINT ( 'NONE', #1645 ) ;
#2253 = CARTESIAN_POINT ( 'NONE',  ( -21.38836543812355373, -3.250000000000000000, 0.000000000000000000 ) ) ;
#2254 = AXIS2_PLACEMENT_3D ( 'NONE', #6395, #5859, #1323 ) ;
#2255 = ORIENTED_EDGE ( 'NONE', *, *, #2324, .T. ) ;
#2256 = EDGE_LOOP ( 'NONE', ( #5700, #638 ) ) ;
#2257 = ORIENTED_EDGE ( 'NONE', *, *, #6493, .T. ) ;
#2258 = CARTESIAN_POINT ( 'NONE',  ( -66.59445670572583253, 4.713004295695412793, -6.761230304006072167 ) ) ;
#2259 = CARTESIAN_POINT ( 'NONE',  ( -6.949557138094371034, 17.77000000000000313, 23.29869282657386975 ) ) ;
#2260 =( GEOMETRIC_REPRESENTATION_CONTEXT ( 3 ) GLOBAL_UNCERTAINTY_ASSIGNED_CONTEXT ( ( #1550 ) ) GLOBAL_UNIT_ASSIGNED_CONTEXT ( ( #4643, #5171, #4147 ) ) REPRESENTATION_CONTEXT ( 'NONE', 'WORKASPACE' ) );
#2261 = EDGE_CURVE ( 'NONE', #4636, #3409, #5214, .T. ) ;
#2262 = VECTOR ( 'NONE', #6047, 1000.000000000000000 ) ;
#2263 = B_SPLINE_CURVE_WITH_KNOTS ( 'NONE', 3,
 ( #249, #3795, #3056, #413, #5081, #480, #514, #6082, #3525, #2566 ),
 .UNSPECIFIED., .F., .F.,
 ( 4, 2, 2, 2, 4 ),
 ( 0.000000000000000000, 0.2499999999999996669, 0.4999999999999993339, 0.7499999999999996669, 1.000000000000000000 ),
 .UNSPECIFIED. ) ;
#2264 = EDGE_CURVE ( 'NONE', #5165, #978, #5750, .T. ) ;
#2265 = DIRECTION ( 'NONE',  ( -1.000000000000000000, 0.000000000000000000, -0.000000000000000000 ) ) ;
#2266 = ORIENTED_EDGE ( 'NONE', *, *, #3980, .F. ) ;
#2267 = ORIENTED_EDGE ( 'NONE', *, *, #592, .F. ) ;
#2268 = ORIENTED_EDGE ( 'NONE', *, *, #2035, .F. ) ;
#2269 = VECTOR ( 'NONE', #4458, 1000.000000000000000 ) ;
#2270 = DIRECTION ( 'NONE',  ( -0.000000000000000000, -0.000000000000000000, 1.000000000000000000 ) ) ;
#2271 = AXIS2_PLACEMENT_3D ( 'NONE', #2895, #6420, #3392 ) ;
#2272 = CARTESIAN_POINT ( 'NONE',  ( -37.45872214768999697, 16.43666666666666387, 6.747054229039997963 ) ) ;
#2273 = CARTESIAN_POINT ( 'NONE',  ( -61.54560449174972803, 10.50000000000000000, -4.761230304006072167 ) ) ;
#2274 = AXIS2_PLACEMENT_3D ( 'NONE', #6157, #159, #3628 ) ;
#2275 = ADVANCED_FACE ( 'NONE', ( #5821 ), #4257, .T. ) ;
#2276 = AXIS2_PLACEMENT_3D ( 'NONE', #230, #1326, #662 ) ;
#2277 = ORIENTED_EDGE ( 'NONE', *, *, #4387, .F. ) ;
#2278 = CARTESIAN_POINT ( 'NONE',  ( -53.49344095995156323, 10.50000000000000000, 5.745757241660123249 ) ) ;
#2279 = CARTESIAN_POINT ( 'NONE',  ( -60.04560449174972803, 0.7130042956954123490, -6.761230304006072167 ) ) ;
#2280 = LINE ( 'NONE', #3296, #2927 ) ;
#2281 = CARTESIAN_POINT ( 'NONE',  ( -23.68836541232418114, 12.50000000000000000, 25.32705422904000159 ) ) ;
#2282 = LINE ( 'NONE', #6393, #6508 ) ;
#2283 = CARTESIAN_POINT ( 'NONE',  ( -63.50970610688748508, 0.7130042956954115718, -3.761230304006072167 ) ) ;
#2284 = VECTOR ( 'NONE', #4498, 1000.000000000000000 ) ;
#2285 = AXIS2_PLACEMENT_3D ( 'NONE', #176, #4178, #5168 ) ;
#2286 = LINE ( 'NONE', #2773, #1867 ) ;
#2287 = CARTESIAN_POINT ( 'NONE',  ( -51.60056723113756760, 8.000000000000000000, 22.49566891635459953 ) ) ;
#2288 = CARTESIAN_POINT ( 'NONE',  ( -41.25872214768999413, 17.76999999999999957, 25.32705422904000159 ) ) ;
#2289 = ORIENTED_EDGE ( 'NONE', *, *, #3084, .T. ) ;
#2290 = EDGE_CURVE ( 'NONE', #5241, #3969, #253, .T. ) ;
#2291 = CARTESIAN_POINT ( 'NONE',  ( -21.75872214769000124, 32.42627134724899918, 27.32705422903999803 ) ) ;
#2292 = EDGE_CURVE ( 'NONE', #1239, #3596, #4707, .T. ) ;
#2293 = DIRECTION ( 'NONE',  ( 0.000000000000000000, -1.000000000000000000, 2.200000000000000003E-16 ) ) ;
#2294 = DIRECTION ( 'NONE',  ( 1.000000000000000000, 0.000000000000000000, 0.000000000000000000 ) ) ;
#2295 = ORIENTED_EDGE ( 'NONE', *, *, #5220, .T. ) ;
#2296 = ORIENTED_EDGE ( 'NONE', *, *, #6208, .T. ) ;
#2297 =( BOUNDED_CURVE ( )  B_SPLINE_CURVE ( 3, ( #4688, #3666, #1718, #6160 ),
 .UNSPECIFIED., .F., .T. ) 
 B_SPLINE_CURVE_WITH_KNOTS ( ( 4, 4 ),
 ( 6.133371799823644110, 6.283185307179586232 ),
 .UNSPECIFIED. ) 
 CURVE ( )  GEOMETRIC_REPRESENTATION_ITEM ( )  RATIONAL_B_SPLINE_CURVE ( ( 1.000000000000000000, 0.9981305337977295356, 0.9981305337977295356, 1.000000000000000000 ) ) 
 REPRESENTATION_ITEM ( '' )  );
#2298 = ORIENTED_EDGE ( 'NONE', *, *, #5881, .T. ) ;
#2299 = DIRECTION ( 'NONE',  ( 0.000000000000000000, -0.8827689897251326245, -0.4698073123948461882 ) ) ;
#2300 = CARTESIAN_POINT ( 'NONE',  ( -21.75872214769000124, 12.50000000000000000, 1.147054229039999873 ) ) ;
#2301 = VECTOR ( 'NONE', #4385, 1000.000000000000000 ) ;
#2302 = DIRECTION ( 'NONE',  ( 0.000000000000000000, 0.000000000000000000, 1.000000000000000000 ) ) ;
#2303 = VERTEX_POINT ( 'NONE', #3661 ) ;
#2304 = EDGE_LOOP ( 'NONE', ( #5335, #3934, #2335, #466 ) ) ;
#2305 = VERTEX_POINT ( 'NONE', #5683 ) ;
#2306 = CARTESIAN_POINT ( 'NONE',  ( -35.65872214768999271, 15.76999999999999957, 23.52705422904000088 ) ) ;
#2307 = EDGE_LOOP ( 'NONE', ( #3723, #1327, #1506, #643, #5401, #5079 ) ) ;
#2308 = VECTOR ( 'NONE', #4311, 1000.000000000000000 ) ;
#2309 = DIRECTION ( 'NONE',  ( 1.000000000000000000, 0.000000000000000000, 0.000000000000000000 ) ) ;
#2310 = CARTESIAN_POINT ( 'NONE',  ( 3.469226652074590689, 10.50000000000000000, 5.745757241660123249 ) ) ;
#2311 = VECTOR ( 'NONE', #418, 1000.000000000000000 ) ;
#2312 = DIRECTION ( 'NONE',  ( 0.000000000000000000, 0.000000000000000000, 1.000000000000000000 ) ) ;
#2313 = VERTEX_POINT ( 'NONE', #2279 ) ;
#2314 = CARTESIAN_POINT ( 'NONE',  ( -70.59445670572583253, 4.713004295695412793, -3.761230304006072167 ) ) ;
#2315 = CARTESIAN_POINT ( 'NONE',  ( 4.006559040048433218, 5.875000000000003553, -0.8656554779945688782 ) ) ;
#2316 = AXIS2_PLACEMENT_3D ( 'NONE', #4749, #1242, #2309 ) ;
#2317 = CARTESIAN_POINT ( 'NONE',  ( -35.65872214768999271, 17.76999999999999957, 4.947054229039999917 ) ) ;
#2318 = CARTESIAN_POINT ( 'NONE',  ( -39.25872214768999413, 15.76999999999999957, 25.32705422904000159 ) ) ;
#2319 = DIRECTION ( 'NONE',  ( -0.7071067811865473507, -0.7071067811865477948, 0.000000000000000000 ) ) ;
#2320 = EDGE_CURVE ( 'NONE', #4445, #5379, #88, .T. ) ;
#2321 = LINE ( 'NONE', #4961, #2588 ) ;
#2322 = AXIS2_PLACEMENT_3D ( 'NONE', #4211, #2723, #3749 ) ;
#2323 = LINE ( 'NONE', #4340, #632 ) ;
#2324 = EDGE_CURVE ( 'NONE', #1097, #140, #3142, .T. ) ;
#2325 = CARTESIAN_POINT ( 'NONE',  ( -11.99651859791752173, 7.159555455029352977, 26.77397846476551280 ) ) ;
#2326 = CARTESIAN_POINT ( 'NONE',  ( -14.20209766559421105, 13.88773744163674984, 25.32705422904000514 ) ) ;
#2327 = ORIENTED_EDGE ( 'NONE', *, *, #1471, .T. ) ;
#2328 = VECTOR ( 'NONE', #3929, 1000.000000000000000 ) ;
#2329 = CARTESIAN_POINT ( 'NONE',  ( -41.25872214768999413, 16.01333333333333542, 25.32705422904000159 ) ) ;
#2330 = EDGE_CURVE ( 'NONE', #2823, #567, #286, .T. ) ;
#2331 = ADVANCED_FACE ( 'NONE', ( #5182 ), #4778, .T. ) ;
#2332 = DIRECTION ( 'NONE',  ( 0.000000000000000000, -2.200000000000000003E-16, -1.000000000000000000 ) ) ;
#2333 = VERTEX_POINT ( 'NONE', #4396 ) ;
#2334 = VERTEX_POINT ( 'NONE', #3832 ) ;
#2335 = ORIENTED_EDGE ( 'NONE', *, *, #839, .F. ) ;
#2336 = DIRECTION ( 'NONE',  ( -0.000000000000000000, -1.000000000000000000, 0.000000000000000000 ) ) ;
#2337 = PLANE ( 'NONE',  #1624 ) ;
#2338 = EDGE_LOOP ( 'NONE', ( #4149, #968, #3350, #2186 ) ) ;
#2339 = ORIENTED_EDGE ( 'NONE', *, *, #3690, .T. ) ;
#2340 = EDGE_LOOP ( 'NONE', ( #5135, #3253, #5658, #2277 ) ) ;
#2341 = FACE_OUTER_BOUND ( 'NONE', #491, .T. ) ;
#2342 = ORIENTED_EDGE ( 'NONE', *, *, #2764, .F. ) ;
#2343 = CARTESIAN_POINT ( 'NONE',  ( -37.45872214768999697, 15.77000000000000313, 6.511434780020763924 ) ) ;
#2344 = CARTESIAN_POINT ( 'NONE',  ( -4.258722147691941906, 12.50000000000000000, 2.317690357242517596 ) ) ;
#2345 = CARTESIAN_POINT ( 'NONE',  ( -61.54560449174972803, -3.250000000000000000, 25.73876969599392694 ) ) ;
#2346 = DIRECTION ( 'NONE',  ( 0.000000000000000000, 1.000000000000000000, 0.000000000000000000 ) ) ;
#2347 = CARTESIAN_POINT ( 'NONE',  ( -40.85805583248637163, 17.77000000000000313, 26.55614766898981927 ) ) ;
#2348 = LINE ( 'NONE', #4368, #1663 ) ;
#2349 = DIRECTION ( 'NONE',  ( 0.000000000000000000, 1.000000000000000000, 0.000000000000000000 ) ) ;
#2350 = CARTESIAN_POINT ( 'NONE',  ( 6.352138378250272055, 0.7524792909186129863, -4.761230304006072167 ) ) ;
#2351 = CARTESIAN_POINT ( 'NONE',  ( -10.82140462413961934, 15.76999999999939917, 3.147054229040000095 ) ) ;
#2352 = LINE ( 'NONE', #3268, #2953 ) ;
#2353 = CARTESIAN_POINT ( 'NONE',  ( -10.82140462413961934, 15.76999999999939917, 3.147054229040000095 ) ) ;
#2354 = CARTESIAN_POINT ( 'NONE',  ( -9.833843798657333934, 15.77000000000000313, 23.52705422904000088 ) ) ;
#2355 = VERTEX_POINT ( 'NONE', #5981 ) ;
#2356 = EDGE_CURVE ( 'NONE', #3389, #1333, #1900, .T. ) ;
#2357 = CARTESIAN_POINT ( 'NONE',  ( -2.827916956681466587, 10.50000000000000000, 22.43434452200543205 ) ) ;
#2358 = CARTESIAN_POINT ( 'NONE',  ( 1.873062941308192730, 8.000000000000000000, 20.99215609768124224 ) ) ;
#2359 = ORIENTED_EDGE ( 'NONE', *, *, #1935, .T. ) ;
#2360 = EDGE_LOOP ( 'NONE', ( #5813, #4606, #3478, #2989 ) ) ;
#2361 = EDGE_CURVE ( 'NONE', #560, #539, #1382, .T. ) ;
#2362 = EDGE_LOOP ( 'NONE', ( #4689, #719, #1870, #1406, #4343, #2956, #3050, #4578 ) ) ;
#2363 = CARTESIAN_POINT ( 'NONE',  ( 0.6620198094925203725, 5.875000000000003553, -0.3114722508129130762 ) ) ;
#2364 = VECTOR ( 'NONE', #1577, 1000.000000000000000 ) ;
#2365 = EDGE_CURVE ( 'NONE', #703, #2153, #5854, .T. ) ;
#2366 = CARTESIAN_POINT ( 'NONE',  ( 0.7046605134103508528, 5.875000000000003553, 0.4999999999999997780 ) ) ;
#2367 = VERTEX_POINT ( 'NONE', #5483 ) ;
#2368 = ORIENTED_EDGE ( 'NONE', *, *, #3374, .F. ) ;
#2369 = ORIENTED_EDGE ( 'NONE', *, *, #3829, .T. ) ;
#2370 = DIRECTION ( 'NONE',  ( 0.000000000000000000, -1.000000000000000000, 0.000000000000000000 ) ) ;
#2371 = VECTOR ( 'NONE', #5852, 1000.000000000000000 ) ;
#2372 = CARTESIAN_POINT ( 'NONE',  ( -35.89434159670923918, 15.76999999999999957, 4.947054229039998141 ) ) ;
#2373 = CARTESIAN_POINT ( 'NONE',  ( -7.858722147691995730, 17.10333333333333528, 4.947054229039999029 ) ) ;
#2374 = EDGE_CURVE ( 'NONE', #1729, #630, #4987, .T. ) ;
#2375 = CARTESIAN_POINT ( 'NONE',  ( 0.000000000000000000, 0.000000000000000000, -0.5000000000000000000 ) ) ;
#2376 = AXIS2_PLACEMENT_3D ( 'NONE', #1154, #2500, #4519 ) ;
#2377 = DIRECTION ( 'NONE',  ( 0.000000000000000000, 1.000000000000000000, 0.000000000000000000 ) ) ;
#2378 = CARTESIAN_POINT ( 'NONE',  ( 1.368696318819548008, 5.181250000000004796, -1.569816774922313751 ) ) ;
#2379 = CARTESIAN_POINT ( 'NONE',  ( -57.34344095995156465, 5.875000000000003553, 0.5000000000000000000 ) ) ;
#2380 = PLANE ( 'NONE',  #2934 ) ;
#2381 = EDGE_CURVE ( 'NONE', #2094, #6350, #2731, .T. ) ;
#2382 = CARTESIAN_POINT ( 'NONE',  ( -70.59445670572583253, 4.717998577795753157, -3.761230304006072167 ) ) ;
#2383 = CYLINDRICAL_SURFACE ( 'NONE', #2254, 2.420000000000000373 ) ;
#2384 = CARTESIAN_POINT ( 'NONE',  ( -63.54560449174972803, 12.50000000000000000, 0.000000000000000000 ) ) ;
#2385 = CARTESIAN_POINT ( 'NONE',  ( 4.006559040048433218, 5.875000000000003553, 25.48434452200543276 ) ) ;
#2386 = CARTESIAN_POINT ( 'NONE',  ( -50.65690083581098691, 8.750000000000000000, 22.43434452200543205 ) ) ;
#2387 = ORIENTED_EDGE ( 'NONE', *, *, #4253, .F. ) ;
#2388 = DIRECTION ( 'NONE',  ( 1.000000000000000000, 0.000000000000000000, 0.000000000000000000 ) ) ;
#2389 = VECTOR ( 'NONE', #2024, 1000.000000000000000 ) ;
#2390 = AXIS2_PLACEMENT_3D ( 'NONE', #4085, #1543, #570 ) ;
#2391 = CARTESIAN_POINT ( 'NONE',  ( -34.88360049672333929, 15.76999999999999602, 3.147054229040000539 ) ) ;
#2392 = ORIENTED_EDGE ( 'NONE', *, *, #6017, .F. ) ;
#2393 = ORIENTED_EDGE ( 'NONE', *, *, #3495, .T. ) ;
#2394 = EDGE_LOOP ( 'NONE', ( #6285, #805, #1764, #2387, #1594, #5189, #507, #843, #5039 ) ) ;
#2395 = CARTESIAN_POINT ( 'NONE',  ( 0.7046605134103508528, 5.875000000000003553, 0.4999999999999997780 ) ) ;
#2396 = EDGE_CURVE ( 'NONE', #6295, #1848, #4780, .T. ) ;
#2397 = ADVANCED_FACE ( 'NONE', ( #5886 ), #3361, .T. ) ;
#2398 = CARTESIAN_POINT ( 'NONE',  ( 7.852138378250272943, 10.50000000000000000, -4.761230304006072167 ) ) ;
#2399 = ORIENTED_EDGE ( 'NONE', *, *, #1922, .F. ) ;
#2400 = EDGE_LOOP ( 'NONE', ( #851, #1338, #3048, #1362, #4451, #1121 ) ) ;
#2401 = EDGE_LOOP ( 'NONE', ( #6101, #1474, #2131, #6373 ) ) ;
#2402 = ADVANCED_FACE ( 'NONE', ( #5946 ), #5453, .T. ) ;
#2403 = DIRECTION ( 'NONE',  ( -1.525498497872751877E-16, 1.000000000000000000, 0.000000000000000000 ) ) ;
#2404 = CYLINDRICAL_SURFACE ( 'NONE', #2524, 3.350000000000002309 ) ;
#2405 = CIRCLE ( 'NONE', #1769, 1.600000000000000755 ) ;
#2406 = CARTESIAN_POINT ( 'NONE',  ( 14.02106672353487227, 4.713004295695412793, -6.761230304006072167 ) ) ;
#2407 = DIRECTION ( 'NONE',  ( 0.000000000000000000, 0.000000000000000000, 1.000000000000000000 ) ) ;
#2408 = VECTOR ( 'NONE', #6425, 1000.000000000000000 ) ;
#2409 = EDGE_CURVE ( 'NONE', #5540, #2303, #3083, .T. ) ;
#2410 = CARTESIAN_POINT ( 'NONE',  ( -9.280464726337173786, -3.250000000000000000, 25.73876969599392339 ) ) ;
#2411 = CARTESIAN_POINT ( 'NONE',  ( -2.800420255819354942, 10.50000000000000000, -0.5000000000000000000 ) ) ;
#2412 = CARTESIAN_POINT ( 'NONE',  ( -60.04560449174972803, 10.50000000000000000, 22.43434452200543205 ) ) ;
#2413 = DIRECTION ( 'NONE',  ( 0.000000000000000000, 0.000000000000000000, 1.000000000000000000 ) ) ;
#2414 = PLANE ( 'NONE',  #2110 ) ;
#2415 = DIRECTION ( 'NONE',  ( 0.000000000000000000, 0.000000000000000000, -1.000000000000000000 ) ) ;
#2416 = CARTESIAN_POINT ( 'NONE',  ( -10.79999054116380997, 8.250000000000000000, 26.77397846476551280 ) ) ;
#2417 = EDGE_CURVE ( 'NONE', #205, #5910, #3203, .T. ) ;
#2418 = CARTESIAN_POINT ( 'NONE',  ( -7.992055481025332142, 17.77000000000000313, 23.52705422904000088 ) ) ;
#2419 = CARTESIAN_POINT ( 'NONE',  ( -2.258722147692000082, 16.01333333333333542, 3.147054229039999207 ) ) ;
#2420 = ORIENTED_EDGE ( 'NONE', *, *, #3523, .F. ) ;
#2421 = FACE_OUTER_BOUND ( 'NONE', #2304, .T. ) ;
#2422 = CARTESIAN_POINT ( 'NONE',  ( -39.25872214768999413, 12.50000000000000000, 17.73705422904000173 ) ) ;
#2423 = LINE ( 'NONE', #3939, #5374 ) ;
#2424 = ORIENTED_EDGE ( 'NONE', *, *, #5696, .F. ) ;
#2425 = ORIENTED_EDGE ( 'NONE', *, *, #1317, .T. ) ;
#2426 = ORIENTED_EDGE ( 'NONE', *, *, #1214, .T. ) ;
#2427 = VECTOR ( 'NONE', #202, 1000.000000000000000 ) ;
#2428 = AXIS2_PLACEMENT_3D ( 'NONE', #856, #4395, #3426 ) ;
#2429 = CARTESIAN_POINT ( 'NONE',  ( -35.65872214768999271, 15.76999999999999957, 4.947054229039999917 ) ) ;
#2430 = B_SPLINE_CURVE_WITH_KNOTS ( 'NONE', 3,
 ( #6293, #3232, #5630, #5072 ),
 .UNSPECIFIED., .F., .F.,
 ( 4, 4 ),
 ( 0.000000000000000000, 1.000000000000000000 ),
 .UNSPECIFIED. ) ;
#2431 = LINE ( 'NONE', #6510, #3456 ) ;
#2432 = VERTEX_POINT ( 'NONE', #6020 ) ;
#2433 = VERTEX_POINT ( 'NONE', #1484 ) ;
#2434 = ORIENTED_EDGE ( 'NONE', *, *, #549, .F. ) ;
#2435 = CARTESIAN_POINT ( 'NONE',  ( -46.63866157316878969, 10.50000000000000000, -0.5000000000000000000 ) ) ;
#2436 = CARTESIAN_POINT ( 'NONE',  ( -36.76490624364483040, 15.77000000000000313, 5.307653912723274914 ) ) ;
#2437 = LINE ( 'NONE', #3991, #2364 ) ;
#2438 = FACE_OUTER_BOUND ( 'NONE', #5739, .T. ) ;
#2439 = CARTESIAN_POINT ( 'NONE',  ( 0.6607500456189721039, 5.875000000000003553, 0.1683403290561540089 ) ) ;
#2440 = ADVANCED_FACE ( 'NONE', ( #548 ), #3562, .T. ) ;
#2441 = CARTESIAN_POINT ( 'NONE',  ( 0.000000000000000000, -3.250000000000000000, 26.77397846476551280 ) ) ;
#2442 = DIRECTION ( 'NONE',  ( -0.000000000000000000, 1.000000000000000000, -0.000000000000000000 ) ) ;
#2443 = DIRECTION ( 'NONE',  ( -0.000000000000000000, 1.000000000000000000, 0.000000000000000000 ) ) ;
#2444 = DIRECTION ( 'NONE',  ( 0.000000000000000000, 1.000000000000000000, 0.000000000000000000 ) ) ;
#2445 = PLANE ( 'NONE',  #4288 ) ;
#2446 = FACE_OUTER_BOUND ( 'NONE', #5010, .T. ) ;
#2447 = FACE_OUTER_BOUND ( 'NONE', #2721, .T. ) ;
#2448 = VERTEX_POINT ( 'NONE', #4490 ) ;
#2449 = DIRECTION ( 'NONE',  ( -0.000000000000000000, 1.000000000000000000, -0.000000000000000000 ) ) ;
#2450 = LINE ( 'NONE', #1028, #1682 ) ;
#2451 = EDGE_CURVE ( 'NONE', #303, #604, #3499, .T. ) ;
#2452 = CARTESIAN_POINT ( 'NONE',  ( 0.000000000000000000, 8.750000000000000000, 23.43434452200543205 ) ) ;
#2453 = VERTEX_POINT ( 'NONE', #5644 ) ;
#2454 = ORIENTED_EDGE ( 'NONE', *, *, #5137, .T. ) ;
#2455 = ORIENTED_EDGE ( 'NONE', *, *, #3231, .F. ) ;
#2456 = ORIENTED_EDGE ( 'NONE', *, *, #3851, .F. ) ;
#2457 = EDGE_CURVE ( 'NONE', #2752, #5054, #1017, .T. ) ;
#2458 = DIRECTION ( 'NONE',  ( 1.000000000000000000, 0.000000000000000000, 0.000000000000000000 ) ) ;
#2459 = ORIENTED_EDGE ( 'NONE', *, *, #4220, .T. ) ;
#2460 = ORIENTED_EDGE ( 'NONE', *, *, #823, .T. ) ;
#2461 = ORIENTED_EDGE ( 'NONE', *, *, #5176, .T. ) ;
#2462 = ORIENTED_EDGE ( 'NONE', *, *, #2015, .F. ) ;
#2463 = DIRECTION ( 'NONE',  ( 0.000000000000000000, -1.000000000000000000, 0.000000000000000000 ) ) ;
#2464 = EDGE_CURVE ( 'NONE', #693, #2638, #5020, .T. ) ;
#2465 = ADVANCED_FACE ( 'NONE', ( #87 ), #2539, .T. ) ;
#2466 = LINE ( 'NONE', #442, #248 ) ;
#2467 = AXIS2_PLACEMENT_3D ( 'NONE', #4125, #4155, #1610 ) ;
#2468 = CARTESIAN_POINT ( 'NONE',  ( 3.469226652074590689, 10.50000000000000000, 5.745757241660123249 ) ) ;
#2469 = DIRECTION ( 'NONE',  ( -1.000000000000000000, 0.000000000000000000, -0.000000000000000000 ) ) ;
#2470 = DIRECTION ( 'NONE',  ( 0.000000000000000000, 1.000000000000000000, 0.000000000000000000 ) ) ;
#2471 = DIRECTION ( 'NONE',  ( -1.000000000000000000, 0.000000000000000000, 0.000000000000000000 ) ) ;
#2472 = CARTESIAN_POINT ( 'NONE',  ( -41.25872214768999413, 17.76999999999999957, 10.54038756237333452 ) ) ;
#2473 = AXIS2_PLACEMENT_3D ( 'NONE', #4579, #1941, #1042 ) ;
#2474 = EDGE_CURVE ( 'NONE', #2826, #6268, #1076, .T. ) ;
#2475 = CARTESIAN_POINT ( 'NONE',  ( -33.42538881435665843, 12.50000000000000000, 3.147054229040000095 ) ) ;
#2476 = CYLINDRICAL_SURFACE ( 'NONE', #2597, 3.350000000000002309 ) ;
#2477 = CARTESIAN_POINT ( 'NONE',  ( 0.3149604477991956863, 8.250000000000000000, 22.43434452200543205 ) ) ;
#2478 = DIRECTION ( 'NONE',  ( -1.000000000000000000, -0.000000000000000000, 0.000000000000000000 ) ) ;
#2479 = VERTEX_POINT ( 'NONE', #2047 ) ;
#2480 = EDGE_CURVE ( 'NONE', #2647, #1765, #5819, .T. ) ;
#2481 = VECTOR ( 'NONE', #1210, 1000.000000000000114 ) ;
#2482 = DIRECTION ( 'NONE',  ( 0.000000000000000000, 0.000000000000000000, 1.000000000000000000 ) ) ;
#2483 = CIRCLE ( 'NONE', #5867, 0.5000000000000004441 ) ;
#2484 = LINE ( 'NONE', #462, #4859 ) ;
#2485 = DIRECTION ( 'NONE',  ( -0.000000000000000000, 0.000000000000000000, 1.000000000000000000 ) ) ;
#2486 = CIRCLE ( 'NONE', #6299, 4.000000000000000000 ) ;
#2487 = VECTOR ( 'NONE', #5828, 1000.000000000000000 ) ;
#2488 = VERTEX_POINT ( 'NONE', #5144 ) ;
#2489 = VERTEX_POINT ( 'NONE', #3117 ) ;
#2490 = EDGE_CURVE ( 'NONE', #5955, #1372, #2568, .T. ) ;
#2491 = ORIENTED_EDGE ( 'NONE', *, *, #5349, .F. ) ;
#2492 = EDGE_LOOP ( 'NONE', ( #4379, #1127, #4979, #369, #6074, #2150, #2459, #228, #6233, #3225, #311, #1159, #499, #3489, #1434, #4144, #3694, #5242 ) ) ;
#2493 = EDGE_CURVE ( 'NONE', #5054, #1302, #6553, .T. ) ;
#2494 = CARTESIAN_POINT ( 'NONE',  ( -70.59445670572583253, 4.717998577795753157, -6.761230304006072167 ) ) ;
#2495 = CYLINDRICAL_SURFACE ( 'NONE', #4924, 2.420000000000002149 ) ;
#2496 = CARTESIAN_POINT ( 'NONE',  ( -39.25872214768999413, 16.01333333333333542, 1.147054229039998985 ) ) ;
#2497 = ORIENTED_EDGE ( 'NONE', *, *, #5357, .F. ) ;
#2498 = VERTEX_POINT ( 'NONE', #1983 ) ;
#2499 = ORIENTED_EDGE ( 'NONE', *, *, #2848, .T. ) ;
#2500 = DIRECTION ( 'NONE',  ( -0.000000000000000000, -1.000000000000000000, -0.000000000000000000 ) ) ;
#2501 = ORIENTED_EDGE ( 'NONE', *, *, #4865, .F. ) ;
#2502 = DIRECTION ( 'NONE',  ( 0.000000000000000000, 1.000000000000000000, 0.000000000000000000 ) ) ;
#2503 = DIRECTION ( 'NONE',  ( -0.000000000000000000, 0.000000000000000000, -1.000000000000000000 ) ) ;
#2504 = B_SPLINE_CURVE_WITH_KNOTS ( 'NONE', 3,
 ( #4591, #5619, #3089, #585, #2605, #4127 ),
 .UNSPECIFIED., .F., .F.,
 ( 4, 2, 4 ),
 ( 4.307580265215201364E-06, 0.4999993568372756436, 0.9999944060942861368 ),
 .UNSPECIFIED. ) ;
#2505 = CARTESIAN_POINT ( 'NONE',  ( -4.258722147691999638, 15.76999999999999957, 25.32705422904000159 ) ) ;
#2506 = DIRECTION ( 'NONE',  ( 0.000000000000000000, 1.000000000000000000, 0.000000000000000000 ) ) ;
#2507 = CARTESIAN_POINT ( 'NONE',  ( -41.20666750102662945, 12.50000000000000178, 2.623558460321440577 ) ) ;
#2508 = DIRECTION ( 'NONE',  ( 0.000000000000000000, 0.000000000000000000, 1.000000000000000000 ) ) ;
#2509 = DIRECTION ( 'NONE',  ( 0.000000000000000000, 0.000000000000000000, -1.000000000000000000 ) ) ;
#2510 = LINE ( 'NONE', #6461, #6308 ) ;
#2511 = CARTESIAN_POINT ( 'NONE',  ( -38.80057321904148182, 12.50000000000000178, 10.73705422903999818 ) ) ;
#2512 = CARTESIAN_POINT ( 'NONE',  ( -2.258722147692000082, 12.50000000000000178, 25.58885361683915249 ) ) ;
#2513 = ORIENTED_EDGE ( 'NONE', *, *, #796, .F. ) ;
#2514 = CARTESIAN_POINT ( 'NONE',  ( -46.64434067419821162, 10.50000000000000000, 23.43434452200543205 ) ) ;
#2515 = EDGE_CURVE ( 'NONE', #6109, #6341, #3995, .T. ) ;
#2516 = CARTESIAN_POINT ( 'NONE',  ( -39.25872214768999413, 15.76999999999999957, 3.147054229040000095 ) ) ;
#2517 = VECTOR ( 'NONE', #364, 1000.000000000000000 ) ;
#2518 = DIRECTION ( 'NONE',  ( 0.000000000000000000, 1.000000000000000000, 0.000000000000000000 ) ) ;
#2519 = ADVANCED_FACE ( 'NONE', ( #3593 ), #481, .T. ) ;
#2520 = ORIENTED_EDGE ( 'NONE', *, *, #736, .F. ) ;
#2521 = EDGE_LOOP ( 'NONE', ( #4777, #3858, #1837, #2266 ) ) ;
#2522 = EDGE_LOOP ( 'NONE', ( #4351, #3943, #6078, #4550, #6320, #2499, #5345, #4120, #4940, #3880, #4023, #1000 ) ) ;
#2523 = EDGE_CURVE ( 'NONE', #1548, #437, #4470, .T. ) ;
#2524 = AXIS2_PLACEMENT_3D ( 'NONE', #4917, #5381, #4424 ) ;
#2525 = ADVANCED_FACE ( 'NONE', ( #1515 ), #5208, .T. ) ;
#2526 = CARTESIAN_POINT ( 'NONE',  ( -4.258722147691999638, 12.50000000000000000, 27.32705422903999803 ) ) ;
#2527 = LINE ( 'NONE', #1468, #1330 ) ;
#2528 = LINE ( 'NONE', #2037, #5780 ) ;
#2529 = ORIENTED_EDGE ( 'NONE', *, *, #4425, .F. ) ;
#2530 = VECTOR ( 'NONE', #733, 1000.000000000000000 ) ;
#2531 = ORIENTED_EDGE ( 'NONE', *, *, #3072, .F. ) ;
#2532 = ORIENTED_EDGE ( 'NONE', *, *, #4865, .T. ) ;
#2533 = DIRECTION ( 'NONE',  ( 0.000000000000000000, -1.000000000000000000, 0.000000000000000000 ) ) ;
#2534 = ORIENTED_EDGE ( 'NONE', *, *, #5425, .F. ) ;
#2535 = DIRECTION ( 'NONE',  ( 0.000000000000000000, 1.000000000000000000, 0.000000000000000000 ) ) ;
#2536 = VECTOR ( 'NONE', #4070, 1000.000000000000000 ) ;
#2537 = DIRECTION ( 'NONE',  ( 1.000000000000000000, 0.000000000000000000, -0.000000000000000000 ) ) ;
#2538 = ORIENTED_EDGE ( 'NONE', *, *, #6090, .F. ) ;
#2539 = PLANE ( 'NONE',  #3470 ) ;
#2540 = CYLINDRICAL_SURFACE ( 'NONE', #2584, 1.600000000000002531 ) ;
#2541 = VECTOR ( 'NONE', #1726, 1000.000000000000000 ) ;
#2542 = DIRECTION ( 'NONE',  ( 0.000000000000000000, -0.5951092234256939451, -0.8036448296316399675 ) ) ;
#2543 = DIRECTION ( 'NONE',  ( -0.000000000000000000, 1.000000000000000000, -0.000000000000000000 ) ) ;
#2544 = B_SPLINE_CURVE_WITH_KNOTS ( 'NONE', 3,
 ( #2769, #1787, #4788, #5855 ),
 .UNSPECIFIED., .F., .F.,
 ( 4, 4 ),
 ( 0.000000000000000000, 1.000000000000000000 ),
 .UNSPECIFIED. ) ;
#2545 = PLANE ( 'NONE',  #4588 ) ;
#2546 = CARTESIAN_POINT ( 'NONE',  ( -50.64344095995156891, 5.875000000000003553, 0.5000000000000000000 ) ) ;
#2547 = CARTESIAN_POINT ( 'NONE',  ( 4.006559040048433218, 8.000000000000000000, -0.8656554779945688782 ) ) ;
#2548 = ADVANCED_FACE ( 'NONE', ( #5277 ), #2237, .F. ) ;
#2549 = CARTESIAN_POINT ( 'NONE',  ( -8.258722147691500481, 17.76999999999944890, 23.52705422904000088 ) ) ;
#2550 = CARTESIAN_POINT ( 'NONE',  ( 9.876295877967507408, 8.757473573018954127, -3.761230304006072167 ) ) ;
#2551 = ORIENTED_EDGE ( 'NONE', *, *, #2381, .F. ) ;
#2552 = EDGE_CURVE ( 'NONE', #5774, #4362, #3787, .T. ) ;
#2553 = VERTEX_POINT ( 'NONE', #6214 ) ;
#2554 = CYLINDRICAL_SURFACE ( 'NONE', #4537, 3.350000000000002309 ) ;
#2555 = DIRECTION ( 'NONE',  ( -1.000000000000000000, 0.000000000000000000, -0.000000000000000000 ) ) ;
#2556 = FACE_OUTER_BOUND ( 'NONE', #903, .T. ) ;
#2557 = CARTESIAN_POINT ( 'NONE',  ( -39.25872214768999413, 12.50000000000000000, 17.73705422904000173 ) ) ;
#2558 = VERTEX_POINT ( 'NONE', #3219 ) ;
#2559 = ADVANCED_FACE ( 'NONE', ( #6249 ), #182, .F. ) ;
#2560 = ORIENTED_EDGE ( 'NONE', *, *, #283, .F. ) ;
#2561 = ORIENTED_EDGE ( 'NONE', *, *, #6367, .F. ) ;
#2562 = ORIENTED_EDGE ( 'NONE', *, *, #6392, .T. ) ;
#2563 = VERTEX_POINT ( 'NONE', #4250 ) ;
#2564 = LINE ( 'NONE', #2072, #3549 ) ;
#2565 = EDGE_CURVE ( 'NONE', #6116, #814, #3362, .T. ) ;
#2566 = CARTESIAN_POINT ( 'NONE',  ( -21.75872214769000124, 12.50000000000000000, 27.32705422903999803 ) ) ;
#2567 = ORIENTED_EDGE ( 'NONE', *, *, #5352, .T. ) ;
#2568 = LINE ( 'NONE', #4092, #5593 ) ;
#2569 = EDGE_CURVE ( 'NONE', #405, #4165, #2622, .T. ) ;
#2570 = CYLINDRICAL_SURFACE ( 'NONE', #5550, 4.000000000000000000 ) ;
#2571 = AXIS2_PLACEMENT_3D ( 'NONE', #1172, #4649, #647 ) ;
#2572 = LINE ( 'NONE', #1951, #994 ) ;
#2573 = FACE_OUTER_BOUND ( 'NONE', #3149, .T. ) ;
#2574 = CARTESIAN_POINT ( 'NONE',  ( -63.54560449174972803, 0.7130042956954123490, -6.761230304006072167 ) ) ;
#2575 = DIRECTION ( 'NONE',  ( 0.000000000000000000, 0.000000000000000000, 1.000000000000000000 ) ) ;
#2576 = CARTESIAN_POINT ( 'NONE',  ( 4.006559040048433218, 12.50000000000000000, 22.13434452200543134 ) ) ;
#2577 = AXIS2_PLACEMENT_3D ( 'NONE', #1665, #4745, #3615 ) ;
#2578 = CARTESIAN_POINT ( 'NONE',  ( 4.006559040048433218, 10.50000000000000000, 22.13434452200543134 ) ) ;
#2579 = B_SPLINE_CURVE_WITH_KNOTS ( 'NONE', 3,
 ( #5590, #2475, #1988, #4562 ),
 .UNSPECIFIED., .F., .F.,
 ( 4, 4 ),
 ( 0.000000000000000000, 1.000000000000000000 ),
 .UNSPECIFIED. ) ;
#2580 = DIRECTION ( 'NONE',  ( -0.000000000000000000, 0.000000000000000000, 1.000000000000000000 ) ) ;
#2581 = VECTOR ( 'NONE', #5749, 1000.000000000000000 ) ;
#2582 = ORIENTED_EDGE ( 'NONE', *, *, #4417, .F. ) ;
#2583 = EDGE_LOOP ( 'NONE', ( #1698, #200, #799, #4637 ) ) ;
#2584 = AXIS2_PLACEMENT_3D ( 'NONE', #450, #29, #1488 ) ;
#2585 = CARTESIAN_POINT ( 'NONE',  ( -6.058722147692000348, 15.76999999999999602, 6.508168941543044816 ) ) ;
#2586 = B_SPLINE_CURVE_WITH_KNOTS ( 'NONE', 3,
 ( #6264, #4695, #2155, #3671 ),
 .UNSPECIFIED., .F., .F.,
 ( 4, 4 ),
 ( 0.000000000000000000, 1.000000000000000000 ),
 .UNSPECIFIED. ) ;
#2587 = CARTESIAN_POINT ( 'NONE',  ( -4.258722147691999638, 16.01333333333333542, 27.32705422903999803 ) ) ;
#2588 = VECTOR ( 'NONE', #291, 1000.000000000000000 ) ;
#2589 = CIRCLE ( 'NONE', #3863, 3.500000000000000000 ) ;
#2590 =( NAMED_UNIT ( * ) SI_UNIT ( $, .STERADIAN. ) SOLID_ANGLE_UNIT ( ) );
#2591 = ORIENTED_EDGE ( 'NONE', *, *, #6292, .T. ) ;
#2592 = EDGE_LOOP ( 'NONE', ( #73, #5102, #3978, #242 ) ) ;
#2593 = EDGE_LOOP ( 'NONE', ( #2000, #3107 ) ) ;
#2594 = CARTESIAN_POINT ( 'NONE',  ( -51.19311627875442383, 8.567453508431418285, 23.43434452200543205 ) ) ;
#2595 = EDGE_CURVE ( 'NONE', #2614, #3979, #2205, .T. ) ;
#2596 = EDGE_CURVE ( 'NONE', #5910, #6030, #595, .T. ) ;
#2597 = AXIS2_PLACEMENT_3D ( 'NONE', #3469, #2543, #5490 ) ;
#2598 = FILL_AREA_STYLE_COLOUR ( '', #5642 ) ;
#2599 = ORIENTED_EDGE ( 'NONE', *, *, #4166, .T. ) ;
#2600 = ORIENTED_EDGE ( 'NONE', *, *, #1810, .T. ) ;
#2601 = CARTESIAN_POINT ( 'NONE',  ( -4.258722147691999638, 14.67999999999999794, 25.32705422903999803 ) ) ;
#2602 = CARTESIAN_POINT ( 'NONE',  ( -19.69137825829315602, 6.659555455029353865, 35.00000000000000000 ) ) ;
#2603 = LINE ( 'NONE', #2209, #3946 ) ;
#2604 = EDGE_LOOP ( 'NONE', ( #4798, #5722, #3918, #4240 ) ) ;
#2605 = CARTESIAN_POINT ( 'NONE',  ( 4.375071239211007601, 5.874999999999344524, 3.268912810031840976 ) ) ;
#2606 = DIRECTION ( 'NONE',  ( -0.000000000000000000, -1.000000000000000000, -0.000000000000000000 ) ) ;
#2607 = CYLINDRICAL_SURFACE ( 'NONE', #5369, 2.420000000000000373 ) ;
#2608 = CARTESIAN_POINT ( 'NONE',  ( -37.45872214768999697, 15.76999999999999957, 11.74038756237333025 ) ) ;
#2609 = AXIS2_PLACEMENT_3D ( 'NONE', #4514, #3047, #3947 ) ;
#2610 = CARTESIAN_POINT ( 'NONE',  ( -38.60223981824245953, 8.750000000000000000, 16.72284629709940162 ) ) ;
#2611 = EDGE_CURVE ( 'NONE', #3596, #6366, #2824, .T. ) ;
#2612 = CARTESIAN_POINT ( 'NONE',  ( 3.469226652074589801, 0.000000000000000000, -4.193319939474274181E-16 ) ) ;
#2613 = VECTOR ( 'NONE', #2055, 1000.000000000000000 ) ;
#2614 = VERTEX_POINT ( 'NONE', #6279 ) ;
#2615 = ORIENTED_EDGE ( 'NONE', *, *, #2644, .F. ) ;
#2616 = FACE_OUTER_BOUND ( 'NONE', #3041, .T. ) ;
#2617 = VECTOR ( 'NONE', #2471, 1000.000000000000000 ) ;
#2618 = CARTESIAN_POINT ( 'NONE',  ( -41.40963566760219550, 10.50000000000000000, 11.43822028064636775 ) ) ;
#2619 = LINE ( 'NONE', #4138, #2541 ) ;
#2620 = ORIENTED_EDGE ( 'NONE', *, *, #4546, .T. ) ;
#2621 = ORIENTED_EDGE ( 'NONE', *, *, #3722, .T. ) ;
#2622 = CIRCLE ( 'NONE', #1141, 3.350000000000001421 ) ;
#2623 = ORIENTED_EDGE ( 'NONE', *, *, #3981, .T. ) ;
#2624 = CARTESIAN_POINT ( 'NONE',  ( -42.75872214769000124, 12.50000000000000000, 14.23705422903999995 ) ) ;
#2625 = LINE ( 'NONE', #3961, #4100 ) ;
#2626 = AXIS2_PLACEMENT_3D ( 'NONE', #2681, #5762, #1226 ) ;
#2627 = DIRECTION ( 'NONE',  ( -0.000000000000000000, 1.000000000000000000, -0.000000000000000000 ) ) ;
#2628 = ORIENTED_EDGE ( 'NONE', *, *, #5845, .T. ) ;
#2629 = ORIENTED_EDGE ( 'NONE', *, *, #3365, .T. ) ;
#2630 = ORIENTED_EDGE ( 'NONE', *, *, #3492, .T. ) ;
#2631 = CARTESIAN_POINT ( 'NONE',  ( -66.59445670572583253, 4.717998577795753157, -3.761230304006072167 ) ) ;
#2632 = EDGE_CURVE ( 'NONE', #1934, #4360, #1887, .T. ) ;
#2633 = AXIS2_PLACEMENT_3D ( 'NONE', #323, #3366, #887 ) ;
#2634 = CARTESIAN_POINT ( 'NONE',  ( -51.19311627875442383, 8.750000000000000000, 0.000000000000000000 ) ) ;
#2635 = CARTESIAN_POINT ( 'NONE',  ( -34.34683110477342893, 16.93005041202470551, 27.32705422903999093 ) ) ;
#2636 = AXIS2_PLACEMENT_3D ( 'NONE', #3129, #5157, #2149 ) ;
#2637 = EDGE_CURVE ( 'NONE', #6230, #1473, #245, .T. ) ;
#2638 = VERTEX_POINT ( 'NONE', #4286 ) ;
#2639 = DIRECTION ( 'NONE',  ( -0.000000000000000000, 1.000000000000000000, 0.000000000000000000 ) ) ;
#2640 = CARTESIAN_POINT ( 'NONE',  ( 4.006559040048433218, 5.875000000000003553, -0.8656554779945688782 ) ) ;
#2641 = DIRECTION ( 'NONE',  ( 0.000000000000000000, 1.000000000000000000, 0.000000000000000000 ) ) ;
#2642 = CARTESIAN_POINT ( 'NONE',  ( -37.45872214768999697, 15.76999999999999957, 6.747054229039999740 ) ) ;
#2643 = DIRECTION ( 'NONE',  ( -0.000000000000000000, 1.000000000000000000, -0.000000000000000000 ) ) ;
#2644 = EDGE_CURVE ( 'NONE', #1659, #2060, #714, .T. ) ;
#2645 = CARTESIAN_POINT ( 'NONE',  ( 1.873062941308192730, 8.000000000000000000, 20.99215609768124224 ) ) ;
#2646 = VERTEX_POINT ( 'NONE', #4676 ) ;
#2647 = VERTEX_POINT ( 'NONE', #151 ) ;
#2648 = CARTESIAN_POINT ( 'NONE',  ( 4.506559040048433218, 10.50000000000000000, 18.82186810699505486 ) ) ;
#2649 = EDGE_CURVE ( 'NONE', #1166, #5610, #2171, .T. ) ;
#2650 = LINE ( 'NONE', #3205, #435 ) ;
#2651 = ORIENTED_EDGE ( 'NONE', *, *, #4539, .T. ) ;
#2652 = VERTEX_POINT ( 'NONE', #1169 ) ;
#2653 = ORIENTED_EDGE ( 'NONE', *, *, #3722, .F. ) ;
#2654 = CARTESIAN_POINT ( 'NONE',  ( 4.553332877239092191, 0.000000000000000000, -1.100265198818361804E-15 ) ) ;
#2655 = EDGE_CURVE ( 'NONE', #1191, #3308, #3183, .T. ) ;
#2656 = CARTESIAN_POINT ( 'NONE',  ( -35.25872214769005097, 17.76999999999999957, 1.147054229039999873 ) ) ;
#2657 = CARTESIAN_POINT ( 'NONE',  ( -53.99344095995156323, 12.50000000000000000, 24.55434452200543305 ) ) ;
#2658 = ORIENTED_EDGE ( 'NONE', *, *, #58, .F. ) ;
#2659 = ORIENTED_EDGE ( 'NONE', *, *, #5137, .F. ) ;
#2660 = ORIENTED_EDGE ( 'NONE', *, *, #4831, .F. ) ;
#2661 = EDGE_CURVE ( 'NONE', #1334, #703, #1466, .T. ) ;
#2662 = PRODUCT_DEFINITION_CONTEXT ( 'detailed design', #1386, 'design' ) ;
#2663 = DIRECTION ( 'NONE',  ( -0.000000000000000000, 1.000000000000000000, 0.000000000000000000 ) ) ;
#2664 = CARTESIAN_POINT ( 'NONE',  ( -51.60056723113756760, 8.750000000000000000, 26.71994397445526204 ) ) ;
#2665 = CARTESIAN_POINT ( 'NONE',  ( -31.26273710466925948, 14.86880063465108037, 27.32705422904000159 ) ) ;
#2666 = VERTEX_POINT ( 'NONE', #6354 ) ;
#2667 = CARTESIAN_POINT ( 'NONE',  ( -60.04560449174972803, 10.50000000000000000, 23.43434452200543205 ) ) ;
#2668 = CARTESIAN_POINT ( 'NONE',  ( -2.800420255819354942, 10.50000000000000000, 0.5000000000000000000 ) ) ;
#2669 = FACE_BOUND ( 'NONE', #3789, .T. ) ;
#2670 = DIRECTION ( 'NONE',  ( 0.000000000000000000, -1.000000000000000000, 0.000000000000000000 ) ) ;
#2671 = EDGE_CURVE ( 'NONE', #5197, #1934, #3459, .T. ) ;
#2672 = CARTESIAN_POINT ( 'NONE',  ( 4.006559040048433218, 5.875000000000003553, 23.48434452200543276 ) ) ;
#2673 = EDGE_CURVE ( 'NONE', #3651, #1570, #5880, .T. ) ;
#2674 = CARTESIAN_POINT ( 'NONE',  ( -61.54560449174972803, -3.250000000000000000, -4.761230304006072167 ) ) ;
#2675 = EDGE_CURVE ( 'NONE', #6111, #3940, #6478, .T. ) ;
#2676 = ORIENTED_EDGE ( 'NONE', *, *, #1873, .F. ) ;
#2677 = VECTOR ( 'NONE', #218, 1000.000000000000000 ) ;
#2678 = VERTEX_POINT ( 'NONE', #3420 ) ;
#2679 = PLANE ( 'NONE',  #2800 ) ;
#2680 = ORIENTED_EDGE ( 'NONE', *, *, #4750, .F. ) ;
#2681 = CARTESIAN_POINT ( 'NONE',  ( -53.99344095995156323, 5.875000000000003553, -0.8656554779945688782 ) ) ;
#2682 = AXIS2_PLACEMENT_3D ( 'NONE', #1325, #3235, #3199 ) ;
#2683 = CARTESIAN_POINT ( 'NONE',  ( -2.310776794355368313, 12.50000000000000178, 2.623558460321442798 ) ) ;
#2684 =( NAMED_UNIT ( * ) PLANE_ANGLE_UNIT ( ) SI_UNIT ( $, .RADIAN. ) );
#2685 = ADVANCED_FACE ( 'NONE', ( #1408 ), #2404, .T. ) ;
#2686 = ORIENTED_EDGE ( 'NONE', *, *, #4524, .T. ) ;
#2687 = ORIENTED_EDGE ( 'NONE', *, *, #2089, .T. ) ;
#2688 = EDGE_CURVE ( 'NONE', #3778, #2646, #2049, .T. ) ;
#2689 = ORIENTED_EDGE ( 'NONE', *, *, #2005, .T. ) ;
#2690 = CARTESIAN_POINT ( 'NONE',  ( 4.553332877239093968, 12.50000000000000000, 6.828908360124231081 ) ) ;
#2691 = DIRECTION ( 'NONE',  ( 0.000000000000000000, 0.000000000000000000, -1.000000000000000000 ) ) ;
#2692 = AXIS2_PLACEMENT_3D ( 'NONE', #1582, #4153, #1609 ) ;
#2693 = EDGE_CURVE ( 'NONE', #2883, #5843, #4639, .T. ) ;
#2694 = CARTESIAN_POINT ( 'NONE',  ( 4.006559040048433218, 8.000000000000000000, 19.71434452200543319 ) ) ;
#2695 = ORIENTED_EDGE ( 'NONE', *, *, #752, .F. ) ;
#2696 = EDGE_LOOP ( 'NONE', ( #6195, #3545, #3704, #6177 ) ) ;
#2697 = ORIENTED_EDGE ( 'NONE', *, *, #2796, .F. ) ;
#2698 = AXIS2_PLACEMENT_3D ( 'NONE', #2875, #1992, #5894 ) ;
#2699 = DIRECTION ( 'NONE',  ( 1.000000000000000000, 0.000000000000000000, 0.000000000000000000 ) ) ;
#2700 = DIRECTION ( 'NONE',  ( 0.000000000000000000, 0.000000000000000000, 1.000000000000000000 ) ) ;
#2701 = DIRECTION ( 'NONE',  ( 0.000000000000000000, -1.000000000000000000, 0.000000000000000000 ) ) ;
#2702 = ORIENTED_EDGE ( 'NONE', *, *, #6367, .T. ) ;
#2703 = DIRECTION ( 'NONE',  ( -0.000000000000000000, 1.000000000000000000, 0.000000000000000000 ) ) ;
#2704 = DIRECTION ( 'NONE',  ( -0.000000000000000000, 1.000000000000000000, -0.000000000000000000 ) ) ;
#2705 = FACE_OUTER_BOUND ( 'NONE', #2818, .T. ) ;
#2706 = PLANE ( 'NONE',  #3323 ) ;
#2707 = DIRECTION ( 'NONE',  ( 0.000000000000000000, 0.000000000000000000, 1.000000000000000000 ) ) ;
#2708 = CARTESIAN_POINT ( 'NONE',  ( -12.49651859791752351, 6.659555455029353865, 27.73876969599392694 ) ) ;
#2709 = ORIENTED_EDGE ( 'NONE', *, *, #785, .T. ) ;
#2710 = CARTESIAN_POINT ( 'NONE',  ( -7.858722147691999282, 17.76999999999999957, 4.947054229039999917 ) ) ;
#2711 = DIRECTION ( 'NONE',  ( 0.000000000000000000, 0.000000000000000000, 1.000000000000000000 ) ) ;
#2712 = ORIENTED_EDGE ( 'NONE', *, *, #1969, .T. ) ;
#2713 = AXIS2_PLACEMENT_3D ( 'NONE', #5404, #5470, #3412 ) ;
#2714 = EDGE_CURVE ( 'NONE', #5818, #841, #3692, .T. ) ;
#2715 = CARTESIAN_POINT ( 'NONE',  ( -53.99344095995156323, 12.50000000000000000, 22.13434452200543134 ) ) ;
#2716 = VECTOR ( 'NONE', #3573, 1000.000000000000000 ) ;
#2717 = DIRECTION ( 'NONE',  ( 1.000000000000000000, 0.000000000000000000, 0.000000000000000000 ) ) ;
#2718 = EDGE_LOOP ( 'NONE', ( #5040, #3911, #5474, #172 ) ) ;
#2719 = ORIENTED_EDGE ( 'NONE', *, *, #4511, .F. ) ;
#2720 = ADVANCED_FACE ( 'NONE', ( #315 ), #5973, .T. ) ;
#2721 = EDGE_LOOP ( 'NONE', ( #4913, #2513, #1806 ) ) ;
#2722 = CARTESIAN_POINT ( 'NONE',  ( -39.25872214769194812, 12.50000000000000000, 24.49769035724251509 ) ) ;
#2723 = DIRECTION ( 'NONE',  ( 0.000000000000000000, 1.000000000000000000, 0.000000000000000000 ) ) ;
#2724 = AXIS2_PLACEMENT_3D ( 'NONE', #4492, #5486, #6172 ) ;
#2725 = CARTESIAN_POINT ( 'NONE',  ( -63.54560449174972803, -3.250000000000000000, -4.761230304006072167 ) ) ;
#2726 = VERTEX_POINT ( 'NONE', #879 ) ;
#2727 = AXIS2_PLACEMENT_3D ( 'NONE', #6099, #2485, #4472 ) ;
#2728 = VERTEX_POINT ( 'NONE', #2864 ) ;
#2729 = ORIENTED_EDGE ( 'NONE', *, *, #6479, .F. ) ;
#2730 = DIRECTION ( 'NONE',  ( -0.000000000000000000, -0.000000000000000000, -1.000000000000000000 ) ) ;
#2731 = CIRCLE ( 'NONE', #299, 3.350000000000002309 ) ;
#2732 = PLANE ( 'NONE',  #1634 ) ;
#2733 = LINE ( 'NONE', #4254, #2994 ) ;
#2734 = VECTOR ( 'NONE', #3712, 1000.000000000000000 ) ;
#2735 = ORIENTED_EDGE ( 'NONE', *, *, #1040, .T. ) ;
#2736 = DIRECTION ( 'NONE',  ( 1.000000000000000000, 0.000000000000000000, 0.000000000000000000 ) ) ;
#2737 = FACE_OUTER_BOUND ( 'NONE', #6148, .T. ) ;
#2738 = PLANE ( 'NONE',  #3034 ) ;
#2739 = CARTESIAN_POINT ( 'NONE',  ( -60.04560449174972803, -3.250000000000000000, -6.761230304006072167 ) ) ;
#2740 = DIRECTION ( 'NONE',  ( 0.000000000000000000, 1.000000000000000000, -2.200000000000000003E-16 ) ) ;
#2741 = LINE ( 'NONE', #2246, #5974 ) ;
#2742 = FACE_OUTER_BOUND ( 'NONE', #777, .T. ) ;
#2743 = ORIENTED_EDGE ( 'NONE', *, *, #2480, .T. ) ;
#2744 = CARTESIAN_POINT ( 'NONE',  ( -7.620218034661024653, 17.76999999999999247, 4.947054229040000806 ) ) ;
#2745 = FACE_OUTER_BOUND ( 'NONE', #3404, .T. ) ;
#2746 = EDGE_CURVE ( 'NONE', #4837, #5549, #2795, .T. ) ;
#2747 = ORIENTED_EDGE ( 'NONE', *, *, #1471, .F. ) ;
#2748 = PLANE ( 'NONE',  #4110 ) ;
#2749 = B_SPLINE_CURVE_WITH_KNOTS ( 'NONE', 3,
 ( #1091, #2585, #3073, #1502, #4512, #5127, #4599, #3044, #3483, #1566 ),
 .UNSPECIFIED., .F., .F.,
 ( 4, 2, 2, 2, 4 ),
 ( 0.000000000000000000, 0.2500000000000000000, 0.5000000000000000000, 0.7500000000000000000, 1.000000000000000000 ),
 .UNSPECIFIED. ) ;
#2750 = CARTESIAN_POINT ( 'NONE',  ( -51.22703573346488071, 5.875000000000003553, 0.5000000000000000000 ) ) ;
#2751 = VERTEX_POINT ( 'NONE', #4885 ) ;
#2752 = VERTEX_POINT ( 'NONE', #4391 ) ;
#2753 = EDGE_LOOP ( 'NONE', ( #5308, #432, #2697 ) ) ;
#2754 = CARTESIAN_POINT ( 'NONE',  ( -39.25872214768999413, 12.50000000000000000, 25.32705422904000159 ) ) ;
#2755 = FACE_OUTER_BOUND ( 'NONE', #2988, .T. ) ;
#2756 = CARTESIAN_POINT ( 'NONE',  ( -50.38856591388922368, 4.466867144221085439, 26.71994397445526204 ) ) ;
#2757 = ORIENTED_EDGE ( 'NONE', *, *, #1881, .T. ) ;
#2758 = ORIENTED_EDGE ( 'NONE', *, *, #5950, .F. ) ;
#2759 = ORIENTED_EDGE ( 'NONE', *, *, #3851, .T. ) ;
#2760 = CARTESIAN_POINT ( 'NONE',  ( -13.43515625503130551, 4.540444544970648089, 26.77397846476551280 ) ) ;
#2761 = EDGE_CURVE ( 'NONE', #5508, #2313, #4077, .T. ) ;
#2762 = CARTESIAN_POINT ( 'NONE',  ( 4.006559040048433218, 8.000000000000000000, 1.554344522005431495 ) ) ;
#2763 = CARTESIAN_POINT ( 'NONE',  ( -10.82140462413961934, 15.76999999999944713, 25.32705422904000159 ) ) ;
#2764 = EDGE_CURVE ( 'NONE', #1709, #505, #1879, .T. ) ;
#2765 = ORIENTED_EDGE ( 'NONE', *, *, #5220, .F. ) ;
#2766 = PLANE ( 'NONE',  #6507 ) ;
#2767 = CARTESIAN_POINT ( 'NONE',  ( 1.198052896629144382, 5.181250000000004796, 0.3360482880420461171 ) ) ;
#2768 = ADVANCED_FACE ( 'NONE', ( #5912 ), #3318, .F. ) ;
#2769 = CARTESIAN_POINT ( 'NONE',  ( -35.25872214769005097, 17.76999999999999957, 23.52705422904000088 ) ) ;
#2770 = DIRECTION ( 'NONE',  ( 0.000000000000000000, 0.000000000000000000, 1.000000000000000000 ) ) ;
#2771 = CARTESIAN_POINT ( 'NONE',  ( -48.31535629077411897, 8.567453508431418285, 23.43434452200543205 ) ) ;
#2772 = LINE ( 'NONE', #4792, #4494 ) ;
#2773 = CARTESIAN_POINT ( 'NONE',  ( -38.60223981824245953, 8.750000000000000000, 26.71994397445526204 ) ) ;
#2774 = DIRECTION ( 'NONE',  ( -0.000000000000000000, -1.000000000000000000, -0.000000000000000000 ) ) ;
#2775 = PLANE ( 'NONE',  #3324 ) ;
#2776 = ORIENTED_EDGE ( 'NONE', *, *, #5918, .F. ) ;
#2777 = FACE_OUTER_BOUND ( 'NONE', #1238, .T. ) ;
#2778 = CARTESIAN_POINT ( 'NONE',  ( -6.925388814358666600, 17.76999999999999602, 1.147054229040000317 ) ) ;
#2779 = CIRCLE ( 'NONE', #146, 1.600000000000000755 ) ;
#2780 = APPLICATION_PROTOCOL_DEFINITION ( 'draft international standard', 'automotive_design', 1998, #5481 ) ;
#2781 = VERTEX_POINT ( 'NONE', #1376 ) ;
#2782 = ORIENTED_EDGE ( 'NONE', *, *, #5425, .T. ) ;
#2783 = EDGE_LOOP ( 'NONE', ( #2159, #5534, #1441, #4285, #5767, #2077 ) ) ;
#2784 = CARTESIAN_POINT ( 'NONE',  ( 4.006559040048433218, 5.875000000000003553, 22.13434452200543134 ) ) ;
#2785 = CARTESIAN_POINT ( 'NONE',  ( -30.15918345982469262, 14.31486969996690739, 1.147054229039999429 ) ) ;
#2786 = VECTOR ( 'NONE', #609, 1000.000000000000000 ) ;
#2787 = VECTOR ( 'NONE', #5953, 1000.000000000000000 ) ;
#2788 = LINE ( 'NONE', #5405, #1654 ) ;
#2789 = ORIENTED_EDGE ( 'NONE', *, *, #4019, .F. ) ;
#2790 = ORIENTED_EDGE ( 'NONE', *, *, #4029, .T. ) ;
#2791 = ORIENTED_EDGE ( 'NONE', *, *, #5499, .T. ) ;
#2792 = CARTESIAN_POINT ( 'NONE',  ( -35.65872214768999271, 15.76999999999999957, 4.947054229039999917 ) ) ;
#2793 = CIRCLE ( 'NONE', #3635, 3.350000000000002309 ) ;
#2794 = ADVANCED_FACE ( 'NONE', ( #5411, #2893 ), #4607, .F. ) ;
#2795 = LINE ( 'NONE', #280, #5236 ) ;
#2796 = EDGE_CURVE ( 'NONE', #80, #6406, #5187, .T. ) ;
#2797 = DIRECTION ( 'NONE',  ( 0.000000000000000000, -2.400000000000000048E-16, -1.000000000000000000 ) ) ;
#2798 = CARTESIAN_POINT ( 'NONE',  ( -4.258722147691999638, 12.50000000000000000, 3.147054229040000095 ) ) ;
#2799 = AXIS2_PLACEMENT_3D ( 'NONE', #6226, #5216, #3092 ) ;
#2800 = AXIS2_PLACEMENT_3D ( 'NONE', #3200, #4267, #2251 ) ;
#2801 = ORIENTED_EDGE ( 'NONE', *, *, #1031, .T. ) ;
#2802 = CARTESIAN_POINT ( 'NONE',  ( 0.6565590400484316858, 8.005448038964223301, 22.43434452200543205 ) ) ;
#2803 = CARTESIAN_POINT ( 'NONE',  ( -8.258722147691500481, 17.76999999999944890, 1.147054229039999873 ) ) ;
#2804 = EDGE_CURVE ( 'NONE', #3071, #1659, #2014, .T. ) ;
#2805 = EDGE_CURVE ( 'NONE', #3913, #3717, #2564, .T. ) ;
#2806 = CARTESIAN_POINT ( 'NONE',  ( -18.70837374726851721, 4.040444544970648977, 27.73876969599392694 ) ) ;
#2807 = LINE ( 'NONE', #3901, #933 ) ;
#2808 = FACE_BOUND ( 'NONE', #6513, .T. ) ;
#2809 = CARTESIAN_POINT ( 'NONE',  ( -40.85805583248636452, 12.50000000000000178, 26.55614766898982282 ) ) ;
#2810 = VECTOR ( 'NONE', #1850, 1000.000000000000000 ) ;
#2811 = LINE ( 'NONE', #2384, #5170 ) ;
#2812 = FACE_OUTER_BOUND ( 'NONE', #4309, .T. ) ;
#2813 = DIRECTION ( 'NONE',  ( 0.000000000000000000, -2.200000000000000003E-16, -1.000000000000000000 ) ) ;
#2814 = VERTEX_POINT ( 'NONE', #5051 ) ;
#2815 = DIRECTION ( 'NONE',  ( -0.000000000000000000, -1.000000000000000000, -0.000000000000000000 ) ) ;
#2816 = CARTESIAN_POINT ( 'NONE',  ( -21.75872214769000124, 12.50000000000000000, 27.32705422903999803 ) ) ;
#2817 = SHAPE_DEFINITION_REPRESENTATION ( #712, #5736 ) ;
#2818 = EDGE_LOOP ( 'NONE', ( #5760, #5846, #6083, #5167, #6538, #4045, #4450, #1500 ) ) ;
#2819 = VERTEX_POINT ( 'NONE', #6079 ) ;
#2820 = ORIENTED_EDGE ( 'NONE', *, *, #3889, .F. ) ;
#2821 = CARTESIAN_POINT ( 'NONE',  ( 0.6543347963408927548, 5.875000000000003553, -0.1552593584566781260 ) ) ;
#2822 = PLANE ( 'NONE',  #6104 ) ;
#2823 = VERTEX_POINT ( 'NONE', #6113 ) ;
#2824 = B_SPLINE_CURVE_WITH_KNOTS ( 'NONE', 3,
 ( #5742, #5676, #1670, #1275 ),
 .UNSPECIFIED., .F., .F.,
 ( 4, 4 ),
 ( 0.000000000000000000, 1.000000000000000000 ),
 .UNSPECIFIED. ) ;
#2825 = ORIENTED_EDGE ( 'NONE', *, *, #3030, .T. ) ;
#2826 = VERTEX_POINT ( 'NONE', #5613 ) ;
#2827 = DIRECTION ( 'NONE',  ( -1.000000000000000000, -1.525498497872751877E-16, 0.000000000000000000 ) ) ;
#2828 = EDGE_LOOP ( 'NONE', ( #3554, #335 ) ) ;
#2829 = AXIS2_PLACEMENT_3D ( 'NONE', #3726, #5251, #190 ) ;
#2830 = CARTESIAN_POINT ( 'NONE',  ( -39.25872214768999413, 12.50000000000000000, 27.32705422903999803 ) ) ;
#2831 = DIRECTION ( 'NONE',  ( 0.000000000000000000, -0.000000000000000000, 1.000000000000000000 ) ) ;
#2832 = CARTESIAN_POINT ( 'NONE',  ( -35.89434159670922497, 15.77000000000000313, 23.52705422903999022 ) ) ;
#2833 = EDGE_CURVE ( 'NONE', #80, #1264, #2043, .T. ) ;
#2834 = DIRECTION ( 'NONE',  ( -1.000000000000000000, 0.000000000000000000, -0.000000000000000000 ) ) ;
#2835 = CARTESIAN_POINT ( 'NONE',  ( -3.333713372096893224, 11.19375000000000142, -1.040697404543494686 ) ) ;
#2836 = VECTOR ( 'NONE', #4952, 1000.000000000000000 ) ;
#2837 = CARTESIAN_POINT ( 'NONE',  ( 4.006559040048433218, 10.50000000000000000, 22.13434452200543134 ) ) ;
#2838 = CARTESIAN_POINT ( 'NONE',  ( -39.25872214768999413, 15.76999999999999957, 3.147054229040000095 ) ) ;
#2839 = DIRECTION ( 'NONE',  ( -1.000000000000000000, 0.000000000000000000, 0.000000000000000000 ) ) ;
#2840 = CARTESIAN_POINT ( 'NONE',  ( 9.876295877967509185, 0.7130042956954123490, -3.761230304006072167 ) ) ;
#2841 = EDGE_CURVE ( 'NONE', #5935, #6065, #775, .T. ) ;
#2842 = AXIS2_PLACEMENT_3D ( 'NONE', #5830, #1833, #3843 ) ;
#2843 = CARTESIAN_POINT ( 'NONE',  ( -53.99344095995156323, 12.50000000000000000, 19.71434452200542964 ) ) ;
#2844 = CARTESIAN_POINT ( 'NONE',  ( -60.04560449174972803, 10.50000000000000000, -4.761230304006072167 ) ) ;
#2845 = CARTESIAN_POINT ( 'NONE',  ( -50.88856591388922368, -3.250000000000000000, 27.73876969599392694 ) ) ;
#2846 = ORIENTED_EDGE ( 'NONE', *, *, #6542, .T. ) ;
#2847 = VECTOR ( 'NONE', #4194, 1000.000000000000000 ) ;
#2848 = EDGE_CURVE ( 'NONE', #4949, #935, #808, .T. ) ;
#2849 = DIRECTION ( 'NONE',  ( 1.000000000000000000, 0.000000000000000000, 0.000000000000000000 ) ) ;
#2850 = DIRECTION ( 'NONE',  ( 0.000000000000000000, 0.000000000000000000, 1.000000000000000000 ) ) ;
#2851 = ORIENTED_EDGE ( 'NONE', *, *, #112, .F. ) ;
#2852 = ORIENTED_EDGE ( 'NONE', *, *, #5494, .F. ) ;
#2853 = ORIENTED_EDGE ( 'NONE', *, *, #2552, .T. ) ;
#2854 = EDGE_CURVE ( 'NONE', #4748, #231, #477, .T. ) ;
#2855 = CARTESIAN_POINT ( 'NONE',  ( -36.20046978845008567, 12.49999999999999822, 15.99972066033814322 ) ) ;
#2856 = CARTESIAN_POINT ( 'NONE',  ( -2.258722147692000082, 16.01333333333333542, 25.32705422903999803 ) ) ;
#2857 = ORIENTED_EDGE ( 'NONE', *, *, #2569, .F. ) ;
#2858 = B_SPLINE_CURVE_WITH_KNOTS ( 'NONE', 3,
 ( #3111, #1486, #5948, #2966, #4959, #483, #4116, #2507, #1633, #3928 ),
 .UNSPECIFIED., .F., .F.,
 ( 4, 2, 2, 2, 4 ),
 ( 0.000000000000000000, 0.2500000000000000000, 0.5000000000000000000, 0.7500000000000000000, 1.000000000000000000 ),
 .UNSPECIFIED. ) ;
#2859 = EDGE_LOOP ( 'NONE', ( #5701, #2846, #3176, #4040 ) ) ;
#2860 = ORIENTED_EDGE ( 'NONE', *, *, #5494, .T. ) ;
#2861 = EDGE_CURVE ( 'NONE', #3668, #3948, #6143, .T. ) ;
#2862 = CARTESIAN_POINT ( 'NONE',  ( -13.08160286443803066, 4.186891154377374136, 26.77397846476551280 ) ) ;
#2863 = EDGE_LOOP ( 'NONE', ( #1730, #3014, #4389, #1271 ) ) ;
#2864 = CARTESIAN_POINT ( 'NONE',  ( -4.258722147691999638, 15.76999999999999957, 3.147054229040000095 ) ) ;
#2865 = CARTESIAN_POINT ( 'NONE',  ( -7.858722147691999282, 15.76999999999999957, 4.947054229039999917 ) ) ;
#2866 = DIRECTION ( 'NONE',  ( 0.000000000000000000, 0.000000000000000000, -1.000000000000000000 ) ) ;
#2867 = CARTESIAN_POINT ( 'NONE',  ( 12.97660255292402454, 4.735238934357184348, -3.761230304006072167 ) ) ;
#2868 = DIRECTION ( 'NONE',  ( 0.000000000000000000, -0.000000000000000000, 1.000000000000000000 ) ) ;
#2869 = CARTESIAN_POINT ( 'NONE',  ( 6.352138378250272055, -3.250000000000000000, -4.761230304006072167 ) ) ;
#2870 = CARTESIAN_POINT ( 'NONE',  ( 9.876295877967507408, 8.757473573018954127, -3.761230304006072167 ) ) ;
#2871 = FACE_OUTER_BOUND ( 'NONE', #3674, .T. ) ;
#2872 = LINE ( 'NONE', #925, #5446 ) ;
#2873 = DIRECTION ( 'NONE',  ( 0.000000000000000000, -1.000000000000000000, 0.000000000000000000 ) ) ;
#2874 = CARTESIAN_POINT ( 'NONE',  ( -10.82140462413999948, 15.77000000000000313, 24.12705422904000230 ) ) ;
#2875 = CARTESIAN_POINT ( 'NONE',  ( -13.43515625503130551, 4.540444544970648089, 27.73876969599392694 ) ) ;
#2876 = ORIENTED_EDGE ( 'NONE', *, *, #451, .T. ) ;
#2877 = EDGE_CURVE ( 'NONE', #6230, #1564, #6522, .T. ) ;
#2878 = EDGE_CURVE ( 'NONE', #4141, #560, #81, .T. ) ;
#2879 = CARTESIAN_POINT ( 'NONE',  ( -2.258722147692000082, 17.76999999999999957, 3.147054229040000095 ) ) ;
#2880 = EDGE_CURVE ( 'NONE', #6240, #4765, #5580, .T. ) ;
#2881 = CARTESIAN_POINT ( 'NONE',  ( -4.258722147691999638, 17.76999999999999957, 1.147054229039999873 ) ) ;
#2882 = VERTEX_POINT ( 'NONE', #3522 ) ;
#2883 = VERTEX_POINT ( 'NONE', #1476 ) ;
#2884 = ORIENTED_EDGE ( 'NONE', *, *, #4131, .T. ) ;
#2885 = CARTESIAN_POINT ( 'NONE',  ( -38.34260455243252608, 12.50000000000000178, 17.64595859737910644 ) ) ;
#2886 = ADVANCED_FACE ( 'NONE', ( #4114 ), #6050, .F. ) ;
#2887 = CARTESIAN_POINT ( 'NONE',  ( 18.02106672353487227, 4.757473573018953239, -3.761230304006072167 ) ) ;
#2888 = ORIENTED_EDGE ( 'NONE', *, *, #508, .T. ) ;
#2889 = VERTEX_POINT ( 'NONE', #6515 ) ;
#2890 = ORIENTED_EDGE ( 'NONE', *, *, #6208, .F. ) ;
#2891 = DIRECTION ( 'NONE',  ( 0.000000000000000000, 0.000000000000000000, 1.000000000000000000 ) ) ;
#2892 = AXIS2_PLACEMENT_3D ( 'NONE', #4086, #918, #4026 ) ;
#2893 = FACE_BOUND ( 'NONE', #3788, .T. ) ;
#2894 = CLOSED_SHELL ( 'NONE', ( #1961, #2248, #4174, #4121, #3921, #6487, #5897, #2559, #5403, #1132, #3571, #1671, #4358, #456, #2896, #1380, #2995, #1952 ) ) ;
#2895 = CARTESIAN_POINT ( 'NONE',  ( -53.99344095995156323, 5.875000000000003553, 22.13434452200543134 ) ) ;
#2896 = ADVANCED_FACE ( 'NONE', ( #3455 ), #1979, .F. ) ;
#2897 = CARTESIAN_POINT ( 'NONE',  ( -36.76490624364484461, 15.76999999999999957, 23.16645454535672144 ) ) ;
#2898 = VECTOR ( 'NONE', #5181, 1000.000000000000000 ) ;
#2899 = VECTOR ( 'NONE', #4990, 1000.000000000000000 ) ;
#2900 = PLANE ( 'NONE',  #1632 ) ;
#2901 = CARTESIAN_POINT ( 'NONE',  ( -3.318599015105413663, 11.19375000000000142, -0.1666375785926778319 ) ) ;
#2902 = CARTESIAN_POINT ( 'NONE',  ( -6.058722147692000348, 15.76999999999999602, 11.74038756237333381 ) ) ;
#2903 = CARTESIAN_POINT ( 'NONE',  ( -41.25872214768999413, 12.50000000000000000, 13.27962712128366540 ) ) ;
#2904 = LINE ( 'NONE', #1355, #3796 ) ;
#2905 = DIRECTION ( 'NONE',  ( -0.000000000000000000, 1.000000000000000000, -0.000000000000000000 ) ) ;
#2906 = CARTESIAN_POINT ( 'NONE',  ( -46.63866157316878969, 10.50000000000000000, -0.5000000000000000000 ) ) ;
#2907 = DIRECTION ( 'NONE',  ( 0.000000000000000000, 0.000000000000000000, 1.000000000000000000 ) ) ;
#2908 = DIRECTION ( 'NONE',  ( 1.000000000000000000, 0.000000000000000000, -0.000000000000000000 ) ) ;
#2909 = ORIENTED_EDGE ( 'NONE', *, *, #6182, .F. ) ;
#2910 = DIRECTION ( 'NONE',  ( 0.000000000000000000, 0.000000000000000000, 1.000000000000000000 ) ) ;
#2911 = PLANE ( 'NONE',  #3476 ) ;
#2912 = CIRCLE ( 'NONE', #3328, 3.499999999999999556 ) ;
#2913 = CIRCLE ( 'NONE', #3974, 1.350000000000000533 ) ;
#2914 = CARTESIAN_POINT ( 'NONE',  ( -2.659388462895640792, 17.76999999999999957, 26.55614766898982992 ) ) ;
#2915 = EDGE_CURVE ( 'NONE', #5078, #5955, #5478, .T. ) ;
#2916 = ORIENTED_EDGE ( 'NONE', *, *, #5231, .F. ) ;
#2917 = ORIENTED_EDGE ( 'NONE', *, *, #534, .T. ) ;
#2918 = EDGE_LOOP ( 'NONE', ( #406, #4980, #4941, #48 ) ) ;
#2919 = CARTESIAN_POINT ( 'NONE',  ( -39.25872214768999413, 17.76999999999999957, 1.147054229039999873 ) ) ;
#2920 = ORIENTED_EDGE ( 'NONE', *, *, #2154, .T. ) ;
#2921 = ORIENTED_EDGE ( 'NONE', *, *, #4134, .F. ) ;
#2922 = ORIENTED_EDGE ( 'NONE', *, *, #939, .T. ) ;
#2923 = CARTESIAN_POINT ( 'NONE',  ( -53.49344095995156323, 5.875000000000003553, 3.284344522005432587 ) ) ;
#2924 = DIRECTION ( 'NONE',  ( -0.000000000000000000, 1.000000000000000000, -0.000000000000000000 ) ) ;
#2925 = CARTESIAN_POINT ( 'NONE',  ( -37.45872214768999697, 15.76999999999999957, 16.73372089570666432 ) ) ;
#2926 = PLANE ( 'NONE',  #6394 ) ;
#2927 = VECTOR ( 'NONE', #3801, 1000.000000000000000 ) ;
#2928 = CARTESIAN_POINT ( 'NONE',  ( 0.000000000000000000, 12.50000000000000000, -6.761230304006072167 ) ) ;
#2929 = DIRECTION ( 'NONE',  ( 0.7564359749186869708, -0.6540677456111221311, 0.000000000000000000 ) ) ;
#2930 = CARTESIAN_POINT ( 'NONE',  ( -4.258722147691941906, 8.500000000000007105, 24.49769035724251509 ) ) ;
#2931 = CARTESIAN_POINT ( 'NONE',  ( -10.79999054116380997, -3.250000000000000000, 0.000000000000000000 ) ) ;
#2932 = EDGE_CURVE ( 'NONE', #2453, #231, #1012, .T. ) ;
#2933 = CARTESIAN_POINT ( 'NONE',  ( -41.25872214768999413, 17.76999999999999957, 3.147054229040000095 ) ) ;
#2934 = AXIS2_PLACEMENT_3D ( 'NONE', #224, #5286, #790 ) ;
#2935 = DIRECTION ( 'NONE',  ( -1.000000000000000000, 0.000000000000000000, 0.000000000000000000 ) ) ;
#2936 = LINE ( 'NONE', #3535, #3016 ) ;
#2937 = AXIS2_PLACEMENT_3D ( 'NONE', #3799, #6223, #683 ) ;
#2938 = DIRECTION ( 'NONE',  ( 0.000000000000000000, 1.000000000000000000, 0.000000000000000000 ) ) ;
#2939 = LINE ( 'NONE', #3968, #1964 ) ;
#2940 = VERTEX_POINT ( 'NONE', #23 ) ;
#2941 = EDGE_CURVE ( 'NONE', #1374, #1372, #1045, .T. ) ;
#2942 = DIRECTION ( 'NONE',  ( 1.000000000000000000, 0.000000000000000000, -0.000000000000000000 ) ) ;
#2943 = FACE_OUTER_BOUND ( 'NONE', #3737, .T. ) ;
#2944 = AXIS2_PLACEMENT_3D ( 'NONE', #6368, #4901, #363 ) ;
#2945 = DIRECTION ( 'NONE',  ( 0.000000000000000000, 0.000000000000000000, -1.000000000000000000 ) ) ;
#2946 = ADVANCED_FACE ( 'NONE', ( #208 ), #1162, .F. ) ;
#2947 = ORIENTED_EDGE ( 'NONE', *, *, #3850, .F. ) ;
#2948 = ORIENTED_EDGE ( 'NONE', *, *, #5671, .F. ) ;
#2949 = ORIENTED_EDGE ( 'NONE', *, *, #3252, .F. ) ;
#2950 = AXIS2_PLACEMENT_3D ( 'NONE', #130, #5122, #6192 ) ;
#2951 = EDGE_CURVE ( 'NONE', #5243, #4148, #5129, .T. ) ;
#2952 = CARTESIAN_POINT ( 'NONE',  ( 9.852138378250273831, -3.250000000000000000, 0.000000000000000000 ) ) ;
#2953 = VECTOR ( 'NONE', #5290, 1000.000000000000000 ) ;
#2954 = DIRECTION ( 'NONE',  ( -1.000000000000000000, 0.000000000000000000, 0.000000000000000000 ) ) ;
#2955 = EDGE_LOOP ( 'NONE', ( #945, #4666, #3977, #2628 ) ) ;
#2956 = ORIENTED_EDGE ( 'NONE', *, *, #5971, .F. ) ;
#2957 = ORIENTED_EDGE ( 'NONE', *, *, #5260, .T. ) ;
#2958 = CARTESIAN_POINT ( 'NONE',  ( -63.54560449174974224, 8.717998577795754045, -6.761230304006072167 ) ) ;
#2959 = CARTESIAN_POINT ( 'NONE',  ( -21.38836543812355728, -3.250000000000000000, 25.73876969599392694 ) ) ;
#2960 = EDGE_CURVE ( 'NONE', #4318, #5963, #3775, .T. ) ;
#2961 = LINE ( 'NONE', #4584, #5537 ) ;
#2962 = ADVANCED_FACE ( 'NONE', ( #3711 ), #3678, .T. ) ;
#2963 = CARTESIAN_POINT ( 'NONE',  ( 0.000000000000000000, 8.250000000000000000, 22.43434452200543205 ) ) ;
#2964 = CARTESIAN_POINT ( 'NONE',  ( -70.59445670572583253, 4.713004295695412793, -3.761230304006072167 ) ) ;
#2965 = DIRECTION ( 'NONE',  ( 0.000000000000000000, 1.000000000000000000, -0.000000000000000000 ) ) ;
#2966 = CARTESIAN_POINT ( 'NONE',  ( -40.26596010843179130, 12.49999999999999822, 1.399481452331484688 ) ) ;
#2967 = CARTESIAN_POINT ( 'NONE',  ( -50.66345656488113747, 10.50000000000000000, -0.5000000000000000000 ) ) ;
#2968 = EDGE_CURVE ( 'NONE', #498, #2229, #5831, .T. ) ;
#2969 = DIRECTION ( 'NONE',  ( -0.000000000000000000, 1.000000000000000000, 0.000000000000000000 ) ) ;
#2970 = DIRECTION ( 'NONE',  ( 1.000000000000000000, 0.000000000000000000, 0.000000000000000000 ) ) ;
#2971 = EDGE_CURVE ( 'NONE', #143, #1817, #5733, .T. ) ;
#2972 = B_SPLINE_CURVE_WITH_KNOTS ( 'NONE', 3,
 ( #3466, #4960, #5023, #4493 ),
 .UNSPECIFIED., .F., .F.,
 ( 4, 4 ),
 ( 0.000000000000000000, 1.000000000000000000 ),
 .UNSPECIFIED. ) ;
#2973 = LINE ( 'NONE', #2385, #3204 ) ;
#2974 = PLANE ( 'NONE',  #5341 ) ;
#2975 = ORIENTED_EDGE ( 'NONE', *, *, #5293, .T. ) ;
#2976 = DIRECTION ( 'NONE',  ( 1.146924612216069856E-14, 0.000000000000000000, -1.000000000000000000 ) ) ;
#2977 = DIRECTION ( 'NONE',  ( 0.000000000000000000, 1.000000000000000000, -0.000000000000000000 ) ) ;
#2978 = VECTOR ( 'NONE', #3173, 1000.000000000000000 ) ;
#2979 = FACE_OUTER_BOUND ( 'NONE', #4616, .T. ) ;
#2980 = ORIENTED_EDGE ( 'NONE', *, *, #4699, .F. ) ;
#2981 = VERTEX_POINT ( 'NONE', #4640 ) ;
#2982 = ORIENTED_EDGE ( 'NONE', *, *, #2515, .F. ) ;
#2983 = ORIENTED_EDGE ( 'NONE', *, *, #2493, .F. ) ;
#2984 = CARTESIAN_POINT ( 'NONE',  ( -36.56776669549709879, 17.76999999999999602, 23.29890043156112966 ) ) ;
#2985 = DIRECTION ( 'NONE',  ( 1.000000000000000000, 0.000000000000000000, 0.000000000000000000 ) ) ;
#2986 = CARTESIAN_POINT ( 'NONE',  ( 1.873062941308192730, 5.875000000000003553, 19.55157577574490446 ) ) ;
#2987 = ORIENTED_EDGE ( 'NONE', *, *, #4983, .T. ) ;
#2988 = EDGE_LOOP ( 'NONE', ( #6504, #5408, #2591, #644, #6348, #1619, #5264, #5500, #1968, #1642, #974, #2249 ) ) ;
#2989 = ORIENTED_EDGE ( 'NONE', *, *, #4945, .F. ) ;
#2990 = LINE ( 'NONE', #3520, #2262 ) ;
#2991 = ORIENTED_EDGE ( 'NONE', *, *, #4497, .T. ) ;
#2992 = CARTESIAN_POINT ( 'NONE',  ( -53.99344095995156323, 8.000000000000000000, 22.13434452200543134 ) ) ;
#2993 = DIRECTION ( 'NONE',  ( -0.000000000000000000, -0.000000000000000000, -1.000000000000000000 ) ) ;
#2994 = VECTOR ( 'NONE', #1113, 1000.000000000000000 ) ;
#2995 = ADVANCED_FACE ( 'NONE', ( #4705 ), #2230, .F. ) ;
#2996 = CARTESIAN_POINT ( 'NONE',  ( -40.17483974294746929, 10.49999999999999822, 17.64595859737909933 ) ) ;
#2997 = DIRECTION ( 'NONE',  ( 0.000000000000000000, 0.000000000000000000, 1.000000000000000000 ) ) ;
#2998 = DIRECTION ( 'NONE',  ( 1.000000000000000000, 0.000000000000000000, 0.000000000000000000 ) ) ;
#2999 = CARTESIAN_POINT ( 'NONE',  ( -41.25872214768999413, 17.76999999999999957, 25.32705422904000159 ) ) ;
#3000 = ADVANCED_FACE ( 'NONE', ( #1100 ), #3209, .F. ) ;
#3001 = DIRECTION ( 'NONE',  ( 0.000000000000000000, -1.000000000000000000, -0.000000000000000000 ) ) ;
#3002 = CARTESIAN_POINT ( 'NONE',  ( -42.62105896777519121, 12.50000000000000178, 13.11457491481109727 ) ) ;
#3003 = EDGE_CURVE ( 'NONE', #3885, #3753, #4210, .T. ) ;
#3004 = CARTESIAN_POINT ( 'NONE',  ( -53.99344095995156323, 5.875000000000003553, 22.13434452200543134 ) ) ;
#3005 = FACE_OUTER_BOUND ( 'NONE', #5256, .T. ) ;
#3006 = EDGE_LOOP ( 'NONE', ( #277, #1845, #4808, #1342, #1700, #4047, #3175, #4010 ) ) ;
#3007 = CARTESIAN_POINT ( 'NONE',  ( -60.04560449174972803, -3.250000000000000000, 24.23876969599392694 ) ) ;
#3008 = VECTOR ( 'NONE', #2048, 1000.000000000000000 ) ;
#3009 = CARTESIAN_POINT ( 'NONE',  ( -40.96754674497921656, 12.50000000000000178, 17.31208407861241483 ) ) ;
#3010 = DIRECTION ( 'NONE',  ( 0.000000000000000000, -0.000000000000000000, 1.000000000000000000 ) ) ;
#3011 = CIRCLE ( 'NONE', #5123, 0.5000000000000004441 ) ;
#3012 = ORIENTED_EDGE ( 'NONE', *, *, #4108, .T. ) ;
#3013 = ORIENTED_EDGE ( 'NONE', *, *, #2292, .T. ) ;
#3014 = ORIENTED_EDGE ( 'NONE', *, *, #6479, .T. ) ;
#3016 = VECTOR ( 'NONE', #6489, 1000.000000000000000 ) ;
#3015 = CARTESIAN_POINT ( 'NONE',  ( -35.89722626072219924, 17.76999999999999957, 23.52705422903999732 ) ) ;
#3017 = DIRECTION ( 'NONE',  ( 0.000000000000000000, 0.000000000000000000, 1.000000000000000000 ) ) ;
#3018 = FACE_OUTER_BOUND ( 'NONE', #2100, .T. ) ;
#3019 = EDGE_LOOP ( 'NONE', ( #2712, #4215, #2456, #2860, #1636, #6492, #6340, #2130, #4948, #4013, #4310, #117, #970, #155, #992, #1530 ) ) ;
#3020 = EDGE_LOOP ( 'NONE', ( #2560, #2686, #531, #6009 ) ) ;
#3021 = VERTEX_POINT ( 'NONE', #4741 ) ;
#3022 = LINE ( 'NONE', #2958, #4904 ) ;
#3023 = ORIENTED_EDGE ( 'NONE', *, *, #2409, .F. ) ;
#3024 = DIRECTION ( 'NONE',  ( -0.000000000000000000, -0.000000000000000000, -1.000000000000000000 ) ) ;
#3025 = DIRECTION ( 'NONE',  ( 0.000000000000000000, 1.000000000000000000, 0.000000000000000000 ) ) ;
#3026 = VERTEX_POINT ( 'NONE', #237 ) ;
#3027 = DIRECTION ( 'NONE',  ( -0.000000000000000000, -0.000000000000000000, -1.000000000000000000 ) ) ;
#3028 = DIRECTION ( 'NONE',  ( -2.156417553693440290E-16, 1.000000000000000000, 0.000000000000000000 ) ) ;
#3029 = PLANE ( 'NONE',  #3086 ) ;
#3030 = EDGE_CURVE ( 'NONE', #1374, #5243, #4277, .T. ) ;
#3031 = SURFACE_STYLE_USAGE ( .BOTH. , #1023 ) ;
#3032 = CARTESIAN_POINT ( 'NONE',  ( -37.10780862777779276, 12.50000000000000178, 11.43822028064637131 ) ) ;
#3033 = CARTESIAN_POINT ( 'NONE',  ( -20.19137825829315958, 6.659555455029353865, 27.73876969599392694 ) ) ;
#3034 = AXIS2_PLACEMENT_3D ( 'NONE', #723, #158, #4227 ) ;
#3035 = CARTESIAN_POINT ( 'NONE',  ( -10.82140462413961934, 15.76999999999939917, 3.147054229040000095 ) ) ;
#3036 = CARTESIAN_POINT ( 'NONE',  ( -40.64534701664091898, 12.49999999999999822, 17.47018917099167368 ) ) ;
#3037 = EDGE_CURVE ( 'NONE', #5301, #560, #4289, .T. ) ;
#3038 = AXIS2_PLACEMENT_3D ( 'NONE', #5399, #3879, #5959 ) ;
#3039 = CARTESIAN_POINT ( 'NONE',  ( -8.125388814358666778, 17.76999999999999602, 4.947054229039999917 ) ) ;
#3040 = VERTEX_POINT ( 'NONE', #2162 ) ;
#3041 = EDGE_LOOP ( 'NONE', ( #5900, #1668, #4476, #1607, #2735, #3760, #4692, #3987, #1011, #4234, #4105, #2991 ) ) ;
#3042 = EDGE_CURVE ( 'NONE', #766, #569, #639, .T. ) ;
#3043 = AXIS2_PLACEMENT_3D ( 'NONE', #4720, #4225, #1147 ) ;
#3044 = CARTESIAN_POINT ( 'NONE',  ( -7.390607975241973548, 15.76999999999999602, 4.992726509533230939 ) ) ;
#3045 = CARTESIAN_POINT ( 'NONE',  ( -4.258722147691999638, 14.25666666666666771, 27.32705422903999803 ) ) ;
#3046 = CYLINDRICAL_SURFACE ( 'NONE', #3757, 19.92627134724899918 ) ;
#3047 = DIRECTION ( 'NONE',  ( 0.000000000000000000, 1.000000000000000000, -2.200000000000000003E-16 ) ) ;
#3048 = ORIENTED_EDGE ( 'NONE', *, *, #2490, .T. ) ;
#3049 = AXIS2_PLACEMENT_3D ( 'NONE', #2028, #493, #3574 ) ;
#3050 = ORIENTED_EDGE ( 'NONE', *, *, #4347, .F. ) ;
#3051 = ORIENTED_EDGE ( 'NONE', *, *, #2878, .T. ) ;
#3052 = ADVANCED_FACE ( 'NONE', ( #5136 ), #606, .T. ) ;
#3053 = CARTESIAN_POINT ( 'NONE',  ( -21.75872214769000479, 12.49999999999999289, 2.480387562373336685 ) ) ;
#3054 = ORIENTED_EDGE ( 'NONE', *, *, #5320, .T. ) ;
#3055 = CARTESIAN_POINT ( 'NONE',  ( 9.876295877967509185, 0.7130042956954123490, -3.761230304006072167 ) ) ;
#3056 = CARTESIAN_POINT ( 'NONE',  ( -10.15238152443833641, 16.18178067431527722, 27.32705422903999803 ) ) ;
#3057 = ORIENTED_EDGE ( 'NONE', *, *, #53, .T. ) ;
#3058 = EDGE_CURVE ( 'NONE', #2160, #6035, #1661, .T. ) ;
#3059 = DIRECTION ( 'NONE',  ( 1.000000000000000000, 0.000000000000000000, 0.000000000000000000 ) ) ;
#3060 = CARTESIAN_POINT ( 'NONE',  ( 14.02106672353487227, 4.713004295695412793, -3.761230304006072167 ) ) ;
#3061 = B_SPLINE_CURVE_WITH_KNOTS ( 'NONE', 3,
 ( #2429, #873, #6472, #1907 ),
 .UNSPECIFIED., .F., .F.,
 ( 4, 4 ),
 ( 0.000000000000000000, 1.000000000000000000 ),
 .UNSPECIFIED. ) ;
#3062 = CARTESIAN_POINT ( 'NONE',  ( 0.000000000000000000, 0.000000000000000000, -3.761230304006072167 ) ) ;
#3063 = SURFACE_STYLE_FILL_AREA ( #6091 ) ;
#3064 = CARTESIAN_POINT ( 'NONE',  ( -6.058722147692000348, 12.50000000000000000, 6.747054229039999740 ) ) ;
#3065 = LINE ( 'NONE', #554, #4813 ) ;
#3066 = LINE ( 'NONE', #4535, #4196 ) ;
#3067 = DIRECTION ( 'NONE',  ( -0.000000000000000000, -0.000000000000000000, 1.000000000000000000 ) ) ;
#3068 = CARTESIAN_POINT ( 'NONE',  ( 4.006559040048433218, 8.000000000000000000, 0.4843445220054316547 ) ) ;
#3069 = EDGE_CURVE ( 'NONE', #296, #2882, #3215, .T. ) ;
#3070 = ORIENTED_EDGE ( 'NONE', *, *, #4964, .T. ) ;
#3071 = VERTEX_POINT ( 'NONE', #492 ) ;
#3072 = EDGE_CURVE ( 'NONE', #467, #558, #1755, .T. ) ;
#3073 = CARTESIAN_POINT ( 'NONE',  ( -6.104186633235934245, 15.76999999999999602, 6.279060110271800887 ) ) ;
#3074 = ADVANCED_FACE ( 'NONE', ( #1929 ), #3936, .F. ) ;
#3075 = CARTESIAN_POINT ( 'NONE',  ( -9.280464726337173786, 8.250000000000000000, 17.31907693046060714 ) ) ;
#3076 = CARTESIAN_POINT ( 'NONE',  ( -9.280464726337173786, 8.250000000000000000, 25.73876969599392339 ) ) ;
#3077 = VERTEX_POINT ( 'NONE', #1426 ) ;
#3078 = ORIENTED_EDGE ( 'NONE', *, *, #6336, .F. ) ;
#3079 = ORIENTED_EDGE ( 'NONE', *, *, #4428, .T. ) ;
#3080 = CARTESIAN_POINT ( 'NONE',  ( -53.99344095995156323, 10.50000000000000000, -0.8656554779945688782 ) ) ;
#3081 = DIRECTION ( 'NONE',  ( 0.000000000000000000, 0.000000000000000000, 1.000000000000000000 ) ) ;
#3082 = VERTEX_POINT ( 'NONE', #4468 ) ;
#3083 = LINE ( 'NONE', #5056, #3676 ) ;
#3084 = EDGE_CURVE ( 'NONE', #2819, #4675, #2913, .T. ) ;
#3085 = DIRECTION ( 'NONE',  ( -1.000000000000000000, 0.000000000000000000, 0.000000000000000000 ) ) ;
#3086 = AXIS2_PLACEMENT_3D ( 'NONE', #6488, #3964, #5988 ) ;
#3087 = DIRECTION ( 'NONE',  ( 0.000000000000000000, 0.000000000000000000, 1.000000000000000000 ) ) ;
#3088 = EDGE_LOOP ( 'NONE', ( #1723, #6540, #6379 ) ) ;
#3089 = CARTESIAN_POINT ( 'NONE',  ( 3.829467524857924410, 5.874999999999344524, 3.284309960525817917 ) ) ;
#3090 = DIRECTION ( 'NONE',  ( -1.000000000000000000, -5.204170427930416550E-15, 0.000000000000000000 ) ) ;
#3091 = CARTESIAN_POINT ( 'NONE',  ( -32.69603967124039912, 15.76999999999944713, 4.947054229039999917 ) ) ;
#3092 = DIRECTION ( 'NONE',  ( 0.000000000000000000, 0.000000000000000000, 1.000000000000000000 ) ) ;
#3093 = AXIS2_PLACEMENT_3D ( 'NONE', #1480, #5018, #4486 ) ;
#3094 = AXIS2_PLACEMENT_3D ( 'NONE', #1757, #3770, #457 ) ;
#3095 = DIRECTION ( 'NONE',  ( -0.000000000000000000, -0.000000000000000000, -1.000000000000000000 ) ) ;
#3096 = DIRECTION ( 'NONE',  ( 0.000000000000000000, -2.200000000000000003E-16, -1.000000000000000000 ) ) ;
#3097 = AXIS2_PLACEMENT_3D ( 'NONE', #4755, #4256, #6253 ) ;
#3098 = VERTEX_POINT ( 'NONE', #6494 ) ;
#3099 = VERTEX_POINT ( 'NONE', #2514 ) ;
#3100 = AXIS2_PLACEMENT_3D ( 'NONE', #3756, #5776, #1243 ) ;
#3101 = CARTESIAN_POINT ( 'NONE',  ( -35.75872214769000124, 10.50000000000000000, 14.69520315768851759 ) ) ;
#3102 = CARTESIAN_POINT ( 'NONE',  ( -42.05755609608363699, 10.49999999999999645, 12.08614070912779503 ) ) ;
#3103 = VECTOR ( 'NONE', #6189, 1000.000000000000000 ) ;
#3104 = VECTOR ( 'NONE', #4128, 1000.000000000000000 ) ;
#3105 = DIRECTION ( 'NONE',  ( 1.000000000000000000, 0.000000000000000000, -0.000000000000000000 ) ) ;
#3106 = EDGE_CURVE ( 'NONE', #4206, #3313, #4502, .T. ) ;
#3107 = ORIENTED_EDGE ( 'NONE', *, *, #6017, .T. ) ;
#3108 = ORIENTED_EDGE ( 'NONE', *, *, #4062, .T. ) ;
#3109 = ORIENTED_EDGE ( 'NONE', *, *, #4920, .T. ) ;
#3110 = DIRECTION ( 'NONE',  ( -0.5044624565692711338, 0.8634336279715403295, 0.000000000000000000 ) ) ;
#3111 = CARTESIAN_POINT ( 'NONE',  ( -39.25872214768999413, 12.50000000000000000, 1.147054229039999873 ) ) ;
#3112 = VECTOR ( 'NONE', #3110, 1000.000000000000000 ) ;
#3113 = PLANE ( 'NONE',  #1949 ) ;
#3114 = ORIENTED_EDGE ( 'NONE', *, *, #3224, .F. ) ;
#3115 = EDGE_LOOP ( 'NONE', ( #3512, #4646, #2582, #1001 ) ) ;
#3116 = UNCERTAINTY_MEASURE_WITH_UNIT (LENGTH_MEASURE( 1.000000000000000082E-05 ), #3707, 'distance_accuracy_value', 'NONE');
#3117 = CARTESIAN_POINT ( 'NONE',  ( 1.873062941308192730, 8.250000000000000000, 26.76711071965634403 ) ) ;
#3118 = EDGE_CURVE ( 'NONE', #4073, #1062, #1495, .T. ) ;
#3119 = CYLINDRICAL_SURFACE ( 'NONE', #6084, 2.420000000000000817 ) ;
#3120 = CARTESIAN_POINT ( 'NONE',  ( 3.830595393796096371, 12.50000000000000000, 6.828908360124231081 ) ) ;
#3121 = ORIENTED_EDGE ( 'NONE', *, *, #3680, .T. ) ;
#3122 = CARTESIAN_POINT ( 'NONE',  ( -36.45988819929637259, 12.50000000000000355, 12.08614070912780214 ) ) ;
#3123 = CARTESIAN_POINT ( 'NONE',  ( -2.659388462895640348, 12.50000000000000355, 26.55614766898983703 ) ) ;
#3124 = ADVANCED_FACE ( 'NONE', ( #2421 ), #6532, .T. ) ;
#3125 = CARTESIAN_POINT ( 'NONE',  ( -17.89966379383750805, 12.78225237061119834, 3.147054229040003204 ) ) ;
#3126 = CARTESIAN_POINT ( 'NONE',  ( -10.82140462413961934, 15.76999999999944713, 23.52705422904000088 ) ) ;
#3127 = CARTESIAN_POINT ( 'NONE',  ( -2.258722147692000082, 12.50000000000000000, 25.32705422904000159 ) ) ;
#3128 = ADVANCED_BREP_SHAPE_REPRESENTATION ( '', ( #4008, #5143 ), #5998 ) ;
#3129 = CARTESIAN_POINT ( 'NONE',  ( -35.65872214768999271, 12.50000000000000000, 6.747054229039999740 ) ) ;
#3130 = EDGE_CURVE ( 'NONE', #2333, #4818, #460, .T. ) ;
#3131 = VECTOR ( 'NONE', #1750, 1000.000000000000000 ) ;
#3132 = EDGE_LOOP ( 'NONE', ( #5329, #474, #4934, #2531, #5337, #2658, #1114, #2327 ) ) ;
#3133 = ORIENTED_EDGE ( 'NONE', *, *, #6086, .F. ) ;
#3134 = DIRECTION ( 'NONE',  ( 0.8131104624267521119, -0.5821094191749118796, 0.000000000000000000 ) ) ;
#3135 = VECTOR ( 'NONE', #3397, 1000.000000000000000 ) ;
#3136 = EDGE_CURVE ( 'NONE', #1199, #5005, #4999, .T. ) ;
#3137 = CARTESIAN_POINT ( 'NONE',  ( -21.38836543812355373, -12.75000000000000000, 25.73360027965844665 ) ) ;
#3138 = DIRECTION ( 'NONE',  ( 0.000000000000000000, 0.000000000000000000, 1.000000000000000000 ) ) ;
#3139 = EDGE_CURVE ( 'NONE', #1423, #1166, #4944, .T. ) ;
#3140 = ORIENTED_EDGE ( 'NONE', *, *, #1110, .T. ) ;
#3141 = ORIENTED_EDGE ( 'NONE', *, *, #3534, .T. ) ;
#3142 = CIRCLE ( 'NONE', #615, 1.349999999999998757 ) ;
#3143 = ORIENTED_EDGE ( 'NONE', *, *, #5304, .T. ) ;
#3144 = DIRECTION ( 'NONE',  ( 0.000000000000000000, 0.000000000000000000, -1.000000000000000000 ) ) ;
#3145 = CARTESIAN_POINT ( 'NONE',  ( -39.79572938337270926, 7.983490513531148913, 27.73876969599392694 ) ) ;
#3146 = VECTOR ( 'NONE', #932, 1000.000000000000000 ) ;
#3147 = CARTESIAN_POINT ( 'NONE',  ( 3.506559040048433218, 8.005696803542699413, 19.52937570921329069 ) ) ;
#3148 = ORIENTED_EDGE ( 'NONE', *, *, #3856, .F. ) ;
#3149 = EDGE_LOOP ( 'NONE', ( #1270, #2980, #4041, #4820 ) ) ;
#3150 = ORIENTED_EDGE ( 'NONE', *, *, #1003, .T. ) ;
#3151 = ADVANCED_FACE ( 'NONE', ( #6344 ), #1808, .T. ) ;
#3152 = CARTESIAN_POINT ( 'NONE',  ( -6.446282973174667141, 15.77000000000000313, 25.32705422903999803 ) ) ;
#3153 = CIRCLE ( 'NONE', #1321, 1.500000000000000000 ) ;
#3154 = ADVANCED_FACE ( 'NONE', ( #3817, #5839, #1393 ), #3440, .T. ) ;
#3155 = DIRECTION ( 'NONE',  ( 1.000000000000000000, 0.000000000000000000, 0.000000000000000000 ) ) ;
#3156 = EDGE_CURVE ( 'NONE', #4996, #140, #1766, .T. ) ;
#3157 = CARTESIAN_POINT ( 'NONE',  ( -24.22757071972670673, 12.61477451802755745, 27.32705422904000159 ) ) ;
#3158 = VECTOR ( 'NONE', #3334, 1000.000000000000000 ) ;
#3159 = ORIENTED_EDGE ( 'NONE', *, *, #2693, .T. ) ;
#3160 = LINE ( 'NONE', #6357, #2898 ) ;
#3161 = CARTESIAN_POINT ( 'NONE',  ( -53.49344095995156323, 5.875000000000003553, 19.58434452200542708 ) ) ;
#3162 = DIRECTION ( 'NONE',  ( 0.000000000000000000, 0.000000000000000000, 1.000000000000000000 ) ) ;
#3163 = CARTESIAN_POINT ( 'NONE',  ( -39.25872214768999413, 12.50000000000000000, 1.147054229039999873 ) ) ;
#3164 = CARTESIAN_POINT ( 'NONE',  ( -61.54560449174972803, -3.250000000000000000, -4.761230304006072167 ) ) ;
#3165 = EDGE_CURVE ( 'NONE', #5400, #3556, #896, .T. ) ;
#3166 = ADVANCED_FACE ( 'NONE', ( #4969 ), #5995, .F. ) ;
#3167 = CARTESIAN_POINT ( 'NONE',  ( 4.006559040048433218, 10.50000000000000000, -0.8656554779945688782 ) ) ;
#3168 = ORIENTED_EDGE ( 'NONE', *, *, #6201, .F. ) ;
#3169 = DIRECTION ( 'NONE',  ( 0.000000000000000000, 0.000000000000000000, 1.000000000000000000 ) ) ;
#3170 = ORIENTED_EDGE ( 'NONE', *, *, #4504, .F. ) ;
#3171 = DIRECTION ( 'NONE',  ( -0.000000000000000000, -0.000000000000000000, -1.000000000000000000 ) ) ;
#3172 = EDGE_CURVE ( 'NONE', #605, #978, #5621, .T. ) ;
#3173 = DIRECTION ( 'NONE',  ( -0.000000000000000000, -0.000000000000000000, -1.000000000000000000 ) ) ;
#3174 = LINE ( 'NONE', #566, #4938 ) ;
#3175 = ORIENTED_EDGE ( 'NONE', *, *, #1767, .F. ) ;
#3176 = ORIENTED_EDGE ( 'NONE', *, *, #3030, .F. ) ;
#3177 = VERTEX_POINT ( 'NONE', #5685 ) ;
#3178 = CARTESIAN_POINT ( 'NONE',  ( -36.45988819929637259, 10.50000000000000000, 12.08614070912780036 ) ) ;
#3179 = CARTESIAN_POINT ( 'NONE',  ( -7.619836860194359573, 17.77000000000000313, 23.52705422904000088 ) ) ;
#3180 = EDGE_LOOP ( 'NONE', ( #515, #2455, #3813, #2203 ) ) ;
#3181 = EDGE_LOOP ( 'NONE', ( #2983, #4420, #6277, #4816 ) ) ;
#3182 = VERTEX_POINT ( 'NONE', #3662 ) ;
#3183 = LINE ( 'NONE', #4713, #4532 ) ;
#3184 = FACE_OUTER_BOUND ( 'NONE', #2401, .T. ) ;
#3185 = FACE_OUTER_BOUND ( 'NONE', #4881, .T. ) ;
#3186 = EDGE_CURVE ( 'NONE', #6539, #4445, #1614, .T. ) ;
#3187 = ORIENTED_EDGE ( 'NONE', *, *, #4320, .F. ) ;
#3188 = CARTESIAN_POINT ( 'NONE',  ( 0.000000000000000000, 0.000000000000000000, 22.43434452200543205 ) ) ;
#3189 = CARTESIAN_POINT ( 'NONE',  ( -38.60223981824245953, -3.250000000000000000, 25.73876969599392694 ) ) ;
#3190 = CARTESIAN_POINT ( 'NONE',  ( -36.56788715728757921, 17.76999999999999602, 5.175415631506149694 ) ) ;
#3191 = LINE ( 'NONE', #97, #264 ) ;
#3192 = ADVANCED_FACE ( 'NONE', ( #555 ), #2607, .F. ) ;
#3193 = FACE_OUTER_BOUND ( 'NONE', #4668, .T. ) ;
#3194 = VECTOR ( 'NONE', #3001, 1000.000000000000000 ) ;
#3195 = EDGE_CURVE ( 'NONE', #2303, #2498, #5679, .T. ) ;
#3196 = CARTESIAN_POINT ( 'NONE',  ( -50.88856591388922368, 4.466867144221085439, 35.00000000000000000 ) ) ;
#3197 = ORIENTED_EDGE ( 'NONE', *, *, #1894, .T. ) ;
#3198 = MECHANICAL_DESIGN_GEOMETRIC_PRESENTATION_REPRESENTATION (  '', ( #6282 ), #2260 ) ;
#3199 = DIRECTION ( 'NONE',  ( 1.000000000000000000, 0.000000000000000000, 0.000000000000000000 ) ) ;
#3200 = CARTESIAN_POINT ( 'NONE',  ( -51.19311627875442383, 10.50000000000000000, 23.43434452200543205 ) ) ;
#3201 = ORIENTED_EDGE ( 'NONE', *, *, #602, .F. ) ;
#3202 = LINE ( 'NONE', #5161, #2530 ) ;
#3203 = B_SPLINE_CURVE_WITH_KNOTS ( 'NONE', 3,
 ( #5552, #3529, #2601, #2505 ),
 .UNSPECIFIED., .F., .F.,
 ( 4, 4 ),
 ( 0.000000000000000000, 1.000000000000000000 ),
 .UNSPECIFIED. ) ;
#3204 = VECTOR ( 'NONE', #3932, 1000.000000000000000 ) ;
#3205 = CARTESIAN_POINT ( 'NONE',  ( 0.000000000000000000, 12.50000000000000000, 27.73876969599392694 ) ) ;
#3206 = ORIENTED_EDGE ( 'NONE', *, *, #3311, .T. ) ;
#3207 = ORIENTED_EDGE ( 'NONE', *, *, #2673, .T. ) ;
#3208 = EDGE_LOOP ( 'NONE', ( #4508, #5969, #3244, #6412 ) ) ;
#3209 = PLANE ( 'NONE',  #2285 ) ;
#3210 = FACE_OUTER_BOUND ( 'NONE', #5166, .T. ) ;
#3211 = VECTOR ( 'NONE', #1851, 1000.000000000000000 ) ;
#3212 = B_SPLINE_CURVE_WITH_KNOTS ( 'NONE', 3,
 ( #71, #4072, #1528, #1996 ),
 .UNSPECIFIED., .F., .F.,
 ( 4, 4 ),
 ( 0.000000000000000000, 1.000000000000000000 ),
 .UNSPECIFIED. ) ;
#3213 = DIRECTION ( 'NONE',  ( 2.725994033677839551E-15, 0.000000000000000000, 1.000000000000000000 ) ) ;
#3214 = EDGE_LOOP ( 'NONE', ( #5441, #3148, #4480 ) ) ;
#3215 = B_SPLINE_CURVE_WITH_KNOTS ( 'NONE', 3,
 ( #6465, #5495, #6031, #5803 ),
 .UNSPECIFIED., .F., .F.,
 ( 4, 4 ),
 ( 0.000000000000000000, 1.000000000000000000 ),
 .UNSPECIFIED. ) ;
#3216 = VERTEX_POINT ( 'NONE', #1117 ) ;
#3217 = ORIENTED_EDGE ( 'NONE', *, *, #4873, .T. ) ;
#3218 = AXIS2_PLACEMENT_3D ( 'NONE', #5118, #67, #3090 ) ;
#3219 = CARTESIAN_POINT ( 'NONE',  ( -4.258722147691999638, 17.76999999999999957, 1.147054229039999873 ) ) ;
#3220 = CARTESIAN_POINT ( 'NONE',  ( -53.99344095995156323, 8.000000000000000000, -0.8656554779945688782 ) ) ;
#3221 = AXIS2_PLACEMENT_3D ( 'NONE', #45, #15, #6509 ) ;
#3222 = VECTOR ( 'NONE', #3024, 1000.000000000000000 ) ;
#3223 = CARTESIAN_POINT ( 'NONE',  ( 3.647571787580841995, 5.875000000000003553, 3.269951672287242594 ) ) ;
#3224 = EDGE_CURVE ( 'NONE', #1737, #1539, #2085, .T. ) ;
#3225 = ORIENTED_EDGE ( 'NONE', *, *, #3037, .T. ) ;
#3226 = DIRECTION ( 'NONE',  ( 0.000000000000000000, 0.000000000000000000, -1.000000000000000000 ) ) ;
#3227 = CARTESIAN_POINT ( 'NONE',  ( 4.006559040048433218, 8.000000000000000000, -3.285655477994569029 ) ) ;
#3228 = CARTESIAN_POINT ( 'NONE',  ( -39.25872214768999413, 12.50000000000000000, 10.73705422903999995 ) ) ;
#3229 = DIRECTION ( 'NONE',  ( 0.000000000000000000, 1.000000000000000000, 0.000000000000000000 ) ) ;
#3230 = CARTESIAN_POINT ( 'NONE',  ( -37.45872214768999697, 17.76999999999999957, 21.72705422903999661 ) ) ;
#3231 = EDGE_CURVE ( 'NONE', #50, #2334, #1807, .T. ) ;
#3232 = CARTESIAN_POINT ( 'NONE',  ( -37.45872214768999697, 16.43666666666666387, 21.72705422903998951 ) ) ;
#3233 = DIRECTION ( 'NONE',  ( -0.000000000000000000, 1.000000000000000000, 0.000000000000000000 ) ) ;
#3234 = ORIENTED_EDGE ( 'NONE', *, *, #1022, .F. ) ;
#3235 = DIRECTION ( 'NONE',  ( -0.000000000000000000, 0.000000000000000000, 1.000000000000000000 ) ) ;
#3236 = PLANE ( 'NONE',  #3641 ) ;
#3237 = ORIENTED_EDGE ( 'NONE', *, *, #6273, .F. ) ;
#3238 = AXIS2_PLACEMENT_3D ( 'NONE', #3915, #4946, #1937 ) ;
#3239 = CARTESIAN_POINT ( 'NONE',  ( -53.99344095995156323, 5.875000000000003553, 23.48434452200542921 ) ) ;
#3240 = AXIS2_PLACEMENT_3D ( 'NONE', #3960, #2965, #826 ) ;
#3241 = LINE ( 'NONE', #106, #2978 ) ;
#3242 = EDGE_CURVE ( 'NONE', #4542, #4785, #502, .T. ) ;
#3243 = ORIENTED_EDGE ( 'NONE', *, *, #917, .T. ) ;
#3244 = ORIENTED_EDGE ( 'NONE', *, *, #5139, .F. ) ;
#3245 = ORIENTED_EDGE ( 'NONE', *, *, #2796, .T. ) ;
#3246 = DIRECTION ( 'NONE',  ( -1.000000000000000000, 0.000000000000000000, 0.000000000000000000 ) ) ;
#3247 = CARTESIAN_POINT ( 'NONE',  ( -35.84981777935090719, 12.50000000000000178, 15.15317182429748755 ) ) ;
#3248 = CIRCLE ( 'NONE', #396, 3.350000000000002309 ) ;
#3249 = EDGE_CURVE ( 'NONE', #5501, #3940, #5596, .T. ) ;
#3250 = CARTESIAN_POINT ( 'NONE',  ( -39.25872214768999413, 12.50000000000000000, 20.26705422904000287 ) ) ;
#3251 = ORIENTED_EDGE ( 'NONE', *, *, #3165, .F. ) ;
#3252 = EDGE_CURVE ( 'NONE', #877, #2252, #1646, .T. ) ;
#3253 = ORIENTED_EDGE ( 'NONE', *, *, #5809, .F. ) ;
#3254 = ORIENTED_EDGE ( 'NONE', *, *, #2804, .F. ) ;
#3255 = CARTESIAN_POINT ( 'NONE',  ( 0.000000000000000000, 0.000000000000000000, 23.43434452200543205 ) ) ;
#3256 = CARTESIAN_POINT ( 'NONE',  ( -53.99344095995156323, 8.000000000000000000, -0.8656554779945688782 ) ) ;
#3257 = FACE_OUTER_BOUND ( 'NONE', #666, .T. ) ;
#3258 = VECTOR ( 'NONE', #5570, 1000.000000000000000 ) ;
#3259 = ORIENTED_EDGE ( 'NONE', *, *, #1987, .T. ) ;
#3260 = CYLINDRICAL_SURFACE ( 'NONE', #3097, 0.5000000000000004441 ) ;
#3261 = CARTESIAN_POINT ( 'NONE',  ( -21.75872214769000124, 12.50000000000000000, 14.23705422903999995 ) ) ;
#3262 = VECTOR ( 'NONE', #816, 1000.000000000000000 ) ;
#3263 = CARTESIAN_POINT ( 'NONE',  ( -35.89760743518769459, 17.76999999999999602, 4.947054229039999917 ) ) ;
#3264 = FACE_OUTER_BOUND ( 'NONE', #4673, .T. ) ;
#3265 = DIRECTION ( 'NONE',  ( 0.000000000000000000, 0.000000000000000000, -1.000000000000000000 ) ) ;
#3266 = VECTOR ( 'NONE', #5255, 1000.000000000000000 ) ;
#3267 = CARTESIAN_POINT ( 'NONE',  ( -39.79572938337270926, 7.983490513531148913, 26.71994397445526204 ) ) ;
#3268 = CARTESIAN_POINT ( 'NONE',  ( -53.99344095995156323, 5.875000000000003553, -2.215655477994567413 ) ) ;
#3269 = LINE ( 'NONE', #1223, #5546 ) ;
#3270 = DIRECTION ( 'NONE',  ( -0.000000000000000000, 1.000000000000000000, 0.000000000000000000 ) ) ;
#3271 = ORIENTED_EDGE ( 'NONE', *, *, #3542, .T. ) ;
#3272 = CARTESIAN_POINT ( 'NONE',  ( -54.49344095995157033, 10.50000000000000000, 2.446820937015809605 ) ) ;
#3273 = AXIS2_PLACEMENT_3D ( 'NONE', #3137, #1227, #3275 ) ;
#3274 = EDGE_CURVE ( 'NONE', #1461, #5732, #3066, .T. ) ;
#3275 = DIRECTION ( 'NONE',  ( 0.000000000000000000, 0.000000000000000000, -1.000000000000000000 ) ) ;
#3276 = CONTEXT_DEPENDENT_SHAPE_REPRESENTATION ( #6040, #4841 ) ;
#3277 = EDGE_CURVE ( 'NONE', #841, #2826, #4157, .T. ) ;
#3278 = EDGE_LOOP ( 'NONE', ( #5640, #1070, #5868, #3387 ) ) ;
#3279 = ORIENTED_EDGE ( 'NONE', *, *, #3042, .F. ) ;
#3280 = EDGE_LOOP ( 'NONE', ( #1246, #5800, #937, #5706 ) ) ;
#3281 = DIRECTION ( 'NONE',  ( -0.000000000000000000, 1.000000000000000000, 0.000000000000000000 ) ) ;
#3282 = CARTESIAN_POINT ( 'NONE',  ( -7.390226800775306693, 17.77000000000000313, 23.48138194854676541 ) ) ;
#3283 = DIRECTION ( 'NONE',  ( -0.000000000000000000, -0.000000000000000000, -1.000000000000000000 ) ) ;
#3284 = ORIENTED_EDGE ( 'NONE', *, *, #4546, .F. ) ;
#3285 = ORIENTED_EDGE ( 'NONE', *, *, #4831, .T. ) ;
#3286 = VERTEX_POINT ( 'NONE', #5183 ) ;
#3287 = FACE_OUTER_BOUND ( 'NONE', #6275, .T. ) ;
#3288 = ORIENTED_EDGE ( 'NONE', *, *, #5287, .T. ) ;
#3289 = CARTESIAN_POINT ( 'NONE',  ( -10.82140462413961934, 15.76999999999939917, 4.947054229039999917 ) ) ;
#3290 = AXIS2_PLACEMENT_3D ( 'NONE', #5729, #3706, #2190 ) ;
#3291 = LINE ( 'NONE', #6317, #1205 ) ;
#3292 = PLANE ( 'NONE',  #559 ) ;
#3293 = EDGE_LOOP ( 'NONE', ( #263, #6132, #1009, #1041 ) ) ;
#3294 = DIRECTION ( 'NONE',  ( 0.000000000000000000, 0.000000000000000000, -1.000000000000000000 ) ) ;
#3295 = CARTESIAN_POINT ( 'NONE',  ( -9.170613190607328491, 16.93005041202412286, 1.147054229039999207 ) ) ;
#3296 = CARTESIAN_POINT ( 'NONE',  ( -70.59445670572583253, 8.717998577795750492, -3.761230304006072167 ) ) ;
#3297 = CARTESIAN_POINT ( 'NONE',  ( -32.69603967124074018, 15.76999999999884672, 24.72705422904000017 ) ) ;
#3298 = CARTESIAN_POINT ( 'NONE',  ( -48.31535629077411897, 8.567453508431418285, 22.43434452200543205 ) ) ;
#3299 = CARTESIAN_POINT ( 'NONE',  ( -41.20666750102661524, 12.50000000000000178, 25.85054999775855578 ) ) ;
#3300 = DIRECTION ( 'NONE',  ( -1.000000000000000000, 0.000000000000000000, 0.000000000000000000 ) ) ;
#3301 = LINE ( 'NONE', #2325, #6179 ) ;
#3302 = CARTESIAN_POINT ( 'NONE',  ( -35.65872214768999271, 12.50000000000000000, 4.947054229039999917 ) ) ;
#3303 = EDGE_LOOP ( 'NONE', ( #5765, #4776, #6342, #5612 ) ) ;
#3304 = CARTESIAN_POINT ( 'NONE',  ( -41.25872214768999413, 17.76999999999999957, 25.32705422904000159 ) ) ;
#3305 = CARTESIAN_POINT ( 'NONE',  ( -3.029628707742169524, 12.50000000000000355, 1.547720544243639473 ) ) ;
#3306 = VECTOR ( 'NONE', #855, 1000.000000000000000 ) ;
#3307 = ORIENTED_EDGE ( 'NONE', *, *, #6325, .F. ) ;
#3308 = VERTEX_POINT ( 'NONE', #127 ) ;
#3309 = VERTEX_POINT ( 'NONE', #652 ) ;
#3310 = CARTESIAN_POINT ( 'NONE',  ( -36.59205548102332983, 17.76999999999999957, 27.32705422903999803 ) ) ;
#3311 = EDGE_CURVE ( 'NONE', #1869, #3577, #1082, .T. ) ;
#3312 = CARTESIAN_POINT ( 'NONE',  ( -2.258722147692000082, 14.25666666666666771, 25.32705422903999803 ) ) ;
#3313 = VERTEX_POINT ( 'NONE', #5119 ) ;
#3314 = ORIENTED_EDGE ( 'NONE', *, *, #6450, .T. ) ;
#3315 = ORIENTED_EDGE ( 'NONE', *, *, #4710, .T. ) ;
#3316 = DIRECTION ( 'NONE',  ( 0.000000000000000000, 0.000000000000000000, -1.000000000000000000 ) ) ;
#3317 = ORIENTED_EDGE ( 'NONE', *, *, #5832, .F. ) ;
#3318 = CYLINDRICAL_SURFACE ( 'NONE', #3443, 0.5000000000000004441 ) ;
#3319 = CIRCLE ( 'NONE', #3425, 0.5000000000000004441 ) ;
#3320 = EDGE_CURVE ( 'NONE', #2040, #5433, #5153, .T. ) ;
#3321 = FACE_BOUND ( 'NONE', #5159, .T. ) ;
#3322 = CARTESIAN_POINT ( 'NONE',  ( 6.352138378250272055, 0.7524792909186129863, -4.761230304006072167 ) ) ;
#3323 = AXIS2_PLACEMENT_3D ( 'NONE', #2216, #4130, #5622 ) ;
#3324 = AXIS2_PLACEMENT_3D ( 'NONE', #5461, #1391, #5366 ) ;
#3325 = EDGE_CURVE ( 'NONE', #1145, #3216, #4416, .T. ) ;
#3326 = DIRECTION ( 'NONE',  ( -0.000000000000000000, -0.000000000000000000, -1.000000000000000000 ) ) ;
#3327 = DIRECTION ( 'NONE',  ( 0.000000000000000000, 1.000000000000000000, 0.000000000000000000 ) ) ;
#3328 = AXIS2_PLACEMENT_3D ( 'NONE', #3583, #4574, #3983 ) ;
#3329 = FACE_BOUND ( 'NONE', #3278, .T. ) ;
#3330 = CARTESIAN_POINT ( 'NONE',  ( 4.006559040048433218, 8.250000000000000000, 22.13434452200543134 ) ) ;
#3331 = CARTESIAN_POINT ( 'NONE',  ( -51.82088486171152653, 5.875000000000003553, 19.58434452200542708 ) ) ;
#3332 = CARTESIAN_POINT ( 'NONE',  ( -39.25872214768999413, 12.50000000000000000, 14.23705422903999995 ) ) ;
#3333 = VECTOR ( 'NONE', #979, 1000.000000000000000 ) ;
#3334 = DIRECTION ( 'NONE',  ( 0.000000000000000000, -1.000000000000000000, 0.000000000000000000 ) ) ;
#3335 = EDGE_CURVE ( 'NONE', #4598, #6314, #488, .T. ) ;
#3336 = LINE ( 'NONE', #5791, #5746 ) ;
#3337 = CARTESIAN_POINT ( 'NONE',  ( -2.258722147692000082, 12.50000000000000000, 3.147054229040000095 ) ) ;
#3338 = ORIENTED_EDGE ( 'NONE', *, *, #1494, .F. ) ;
#3339 = DIRECTION ( 'NONE',  ( 0.000000000000000000, 1.000000000000000000, 0.000000000000000000 ) ) ;
#3340 = EDGE_CURVE ( 'NONE', #568, #5955, #4036, .T. ) ;
#3341 = DIRECTION ( 'NONE',  ( -0.000000000000000000, 1.000000000000000000, -0.000000000000000000 ) ) ;
#3342 = ORIENTED_EDGE ( 'NONE', *, *, #5517, .T. ) ;
#3343 = VERTEX_POINT ( 'NONE', #5358 ) ;
#3344 = ORIENTED_EDGE ( 'NONE', *, *, #1512, .T. ) ;
#3345 = FILL_AREA_STYLE ('',( #4382 ) ) ;
#3346 = CIRCLE ( 'NONE', #5571, 1.350000000000000533 ) ;
#3347 = FACE_OUTER_BOUND ( 'NONE', #4182, .T. ) ;
#3348 = ORIENTED_EDGE ( 'NONE', *, *, #4511, .T. ) ;
#3349 = ORIENTED_EDGE ( 'NONE', *, *, #3587, .F. ) ;
#3350 = ORIENTED_EDGE ( 'NONE', *, *, #5287, .F. ) ;
#3351 = LINE ( 'NONE', #1273, #4965 ) ;
#3352 = EDGE_LOOP ( 'NONE', ( #5347, #3752, #5962, #3521 ) ) ;
#3353 = VECTOR ( 'NONE', #1558, 1000.000000000000000 ) ;
#3354 = CARTESIAN_POINT ( 'NONE',  ( -37.45872214768999697, 15.76999999999999957, 6.747054229039999740 ) ) ;
#3355 = PLANE ( 'NONE',  #6184 ) ;
#3356 = AXIS2_PLACEMENT_3D ( 'NONE', #4009, #6064, #528 ) ;
#3357 = CARTESIAN_POINT ( 'NONE',  ( 4.006559040048433218, 8.000000000000000000, -0.8656554779945688782 ) ) ;
#3358 = ADVANCED_FACE ( 'NONE', ( #2705 ), #1679, .T. ) ;
#3359 = EDGE_CURVE ( 'NONE', #6314, #1201, #1200, .T. ) ;
#3360 = CARTESIAN_POINT ( 'NONE',  ( -50.66345656488113747, 5.875000000000003553, -0.5000000000000000000 ) ) ;
#3361 = PLANE ( 'NONE',  #6445 ) ;
#3362 = CIRCLE ( 'NONE', #5479, 0.5000000000000004441 ) ;
#3363 = CARTESIAN_POINT ( 'NONE',  ( -39.25872214769194812, 10.50000000000000000, 24.49769035724251509 ) ) ;
#3364 = LINE ( 'NONE', #2870, #4619 ) ;
#3365 = EDGE_CURVE ( 'NONE', #4362, #431, #5785, .T. ) ;
#3366 = DIRECTION ( 'NONE',  ( 0.000000000000000000, 1.000000000000000000, -1.700000000000000014E-16 ) ) ;
#3367 = CARTESIAN_POINT ( 'NONE',  ( -53.99344095995156323, 5.875000000000003553, 20.78434452200543348 ) ) ;
#3368 = VECTOR ( 'NONE', #5238, 1000.000000000000000 ) ;
#3369 = CARTESIAN_POINT ( 'NONE',  ( -50.38856591388922368, 4.966867144221086328, 26.71994397445526204 ) ) ;
#3370 = B_SPLINE_CURVE_WITH_KNOTS ( 'NONE', 3,
 ( #5278, #247, #4287, #749 ),
 .UNSPECIFIED., .F., .F.,
 ( 4, 4 ),
 ( 0.000000000000000000, 1.000000000000000000 ),
 .UNSPECIFIED. ) ;
#3371 = LINE ( 'NONE', #6490, #2787 ) ;
#3372 = DIRECTION ( 'NONE',  ( 1.000000000000000000, 0.000000000000000000, 0.000000000000000000 ) ) ;
#3373 = VERTEX_POINT ( 'NONE', #5321 ) ;
#3374 = EDGE_CURVE ( 'NONE', #3778, #3589, #2544, .T. ) ;
#3375 = VECTOR ( 'NONE', #2643, 1000.000000000000000 ) ;
#3376 = CARTESIAN_POINT ( 'NONE',  ( 6.352138378250272943, 10.50000000000000000, -3.261230304006072611 ) ) ;
#3377 = CARTESIAN_POINT ( 'NONE',  ( -27.59205548102332628, 12.50000000000000000, 1.147054229039999873 ) ) ;
#3378 = ITEM_DEFINED_TRANSFORMATION ( 'NONE', 'NONE', #821,  #5143 ) ;
#3379 = ORIENTED_EDGE ( 'NONE', *, *, #1394, .T. ) ;
#3380 = ORIENTED_EDGE ( 'NONE', *, *, #5665, .F. ) ;
#3381 = ORIENTED_EDGE ( 'NONE', *, *, #1140, .F. ) ;
#3382 = EDGE_CURVE ( 'NONE', #4762, #539, #2280, .T. ) ;
#3383 = DIRECTION ( 'NONE',  ( -0.000000000000000000, 1.000000000000000000, -0.000000000000000000 ) ) ;
#3384 = B_SPLINE_CURVE_WITH_KNOTS ( 'NONE', 3,
 ( #160, #4132, #3728, #6227, #4657, #4162, #2181, #1648, #686, #4260 ),
 .UNSPECIFIED., .F., .F.,
 ( 4, 2, 2, 2, 4 ),
 ( 0.000000000000000000, 0.2500000000000000000, 0.5000000000000000000, 0.7500000000000000000, 1.000000000000000000 ),
 .UNSPECIFIED. ) ;
#3385 = VECTOR ( 'NONE', #6202, 1000.000000000000000 ) ;
#3386 = CARTESIAN_POINT ( 'NONE',  ( -20.04290560462220228, 5.156710659648465978, 27.73876969599392694 ) ) ;
#3387 = ORIENTED_EDGE ( 'NONE', *, *, #6052, .T. ) ;
#3388 = EDGE_LOOP ( 'NONE', ( #2689, #5312, #2630, #3012, #1532, #6269, #4209, #6100, #1202, #206 ) ) ;
#3389 = VERTEX_POINT ( 'NONE', #2806 ) ;
#3390 = DIRECTION ( 'NONE',  ( 0.000000000000000000, -1.000000000000000000, 2.200000000000000003E-16 ) ) ;
#3391 = CARTESIAN_POINT ( 'NONE',  ( -35.39205548102333410, 17.77000000000000313, 23.52705422904000088 ) ) ;
#3392 = DIRECTION ( 'NONE',  ( 0.000000000000000000, 0.000000000000000000, 1.000000000000000000 ) ) ;
#3393 = CARTESIAN_POINT ( 'NONE',  ( -4.258722147691999638, 12.50000000000000000, 25.32705422904000159 ) ) ;
#3394 = CARTESIAN_POINT ( 'NONE',  ( 3.830254905060044734, 10.50000000000000000, 5.758840918736137127 ) ) ;
#3395 = CARTESIAN_POINT ( 'NONE',  ( -41.00629492439851731, 17.76999999999999957, 26.33429218978179520 ) ) ;
#3396 = CARTESIAN_POINT ( 'NONE',  ( -4.258722147692000526, 15.76999999999999957, 17.93372089570666361 ) ) ;
#3397 = DIRECTION ( 'NONE',  ( -0.000000000000000000, -0.000000000000000000, -1.000000000000000000 ) ) ;
#3398 = CARTESIAN_POINT ( 'NONE',  ( -21.38836543812355373, -3.250000000000000000, 25.73876969599392694 ) ) ;
#3399 = EDGE_CURVE ( 'NONE', #4769, #4854, #3697, .T. ) ;
#3400 = CARTESIAN_POINT ( 'NONE',  ( -53.99344095995156323, 5.875000000000003553, 22.13434452200543134 ) ) ;
#3401 = CARTESIAN_POINT ( 'NONE',  ( -6.058722147692000348, 17.76999999999999957, 21.72705422903999661 ) ) ;
#3402 = CARTESIAN_POINT ( 'NONE',  ( -60.04560449174972803, 10.50000000000000178, -0.5000000000000000000 ) ) ;
#3403 = PLANE ( 'NONE',  #1013 ) ;
#3404 = EDGE_LOOP ( 'NONE', ( #5541, #1399, #1815, #3453 ) ) ;
#3405 = CARTESIAN_POINT ( 'NONE',  ( 4.006559040048433218, 8.549883839852032708, 18.78434452200542992 ) ) ;
#3406 = CARTESIAN_POINT ( 'NONE',  ( -20.19137825829315602, 7.159555455029352977, 35.00000000000000000 ) ) ;
#3407 = ADVANCED_FACE ( 'NONE', ( #4258 ), #789, .F. ) ;
#3408 = CARTESIAN_POINT ( 'NONE',  ( -3.251484186950200694, 12.50000000000000178, 1.399481452331483800 ) ) ;
#3409 = VERTEX_POINT ( 'NONE', #6323 ) ;
#3410 = ORIENTED_EDGE ( 'NONE', *, *, #6163, .T. ) ;
#3411 = VERTEX_POINT ( 'NONE', #3228 ) ;
#3412 = DIRECTION ( 'NONE',  ( 0.000000000000000000, -1.000000000000000000, 2.200000000000000003E-16 ) ) ;
#3413 = VECTOR ( 'NONE', #282, 1000.000000000000000 ) ;
#3414 = CARTESIAN_POINT ( 'NONE',  ( -39.25872214768999413, 12.50000000000000000, 1.147054229039999873 ) ) ;
#3415 = ORIENTED_EDGE ( 'NONE', *, *, #3399, .T. ) ;
#3416 = VERTEX_POINT ( 'NONE', #3833 ) ;
#3417 = VERTEX_POINT ( 'NONE', #1282 ) ;
#3418 = PLANE ( 'NONE',  #1479 ) ;
#3419 = PRESENTATION_LAYER_ASSIGNMENT (  '', '', ( #6282 ) ) ;
#3420 = CARTESIAN_POINT ( 'NONE',  ( -53.99344095995156323, 8.000000000000000000, 23.48434452200542921 ) ) ;
#3421 = AXIS2_PLACEMENT_3D ( 'NONE', #864, #2938, #5394 ) ;
#3422 = DIRECTION ( 'NONE',  ( 0.000000000000000000, 0.000000000000000000, -1.000000000000000000 ) ) ;
#3423 = DIRECTION ( 'NONE',  ( 0.000000000000000000, 0.000000000000000000, 1.000000000000000000 ) ) ;
#3424 = AXIS2_PLACEMENT_3D ( 'NONE', #1918, #2377, #3865 ) ;
#3425 = AXIS2_PLACEMENT_3D ( 'NONE', #550, #1018, #1986 ) ;
#3426 = DIRECTION ( 'NONE',  ( 0.000000000000000000, 0.000000000000000000, 1.000000000000000000 ) ) ;
#3427 = DIRECTION ( 'NONE',  ( 1.000000000000000000, -6.938893903907222067E-15, 0.000000000000000000 ) ) ;
#3428 = CARTESIAN_POINT ( 'NONE',  ( -60.04560449174972803, -3.250000000000000000, 27.73876969599392694 ) ) ;
#3429 = DIRECTION ( 'NONE',  ( 0.000000000000000000, -1.000000000000000000, 0.000000000000000000 ) ) ;
#3430 = LINE ( 'NONE', #4529, #6403 ) ;
#3431 = ADVANCED_FACE ( 'NONE', ( #6359, #1318 ), #4683, .F. ) ;
#3432 = AXIS2_PLACEMENT_3D ( 'NONE', #5755, #3768, #5788 ) ;
#3433 = AXIS2_PLACEMENT_3D ( 'NONE', #2315, #5250, #1211 ) ;
#3434 = DIRECTION ( 'NONE',  ( 0.000000000000000000, 1.000000000000000000, -1.700000000000000014E-16 ) ) ;
#3435 = FACE_OUTER_BOUND ( 'NONE', #642, .T. ) ;
#3436 = ADVANCED_FACE ( 'NONE', ( #254, #1249, #1212, #3329, #2669, #4721 ), #2738, .F. ) ;
#3437 = CARTESIAN_POINT ( 'NONE',  ( -10.82140462413961934, 15.76999999999944713, 23.52705422904000088 ) ) ;
#3438 = CARTESIAN_POINT ( 'NONE',  ( 6.352138378250272943, -3.250000000000000000, -3.261230304006072611 ) ) ;
#3439 = ORIENTED_EDGE ( 'NONE', *, *, #3374, .T. ) ;
#3440 = PLANE ( 'NONE',  #5147 ) ;
#3441 = CARTESIAN_POINT ( 'NONE',  ( 4.006559040048433218, 8.000000000000000000, 22.13434452200543134 ) ) ;
#3442 = AXIS2_PLACEMENT_3D ( 'NONE', #31, #4531, #6058 ) ;
#3443 = AXIS2_PLACEMENT_3D ( 'NONE', #5348, #818, #3859 ) ;
#3444 = FACE_OUTER_BOUND ( 'NONE', #1782, .T. ) ;
#3445 = EDGE_CURVE ( 'NONE', #196, #6116, #2179, .T. ) ;
#3446 = EDGE_LOOP ( 'NONE', ( #6306, #4414, #2921, #5634 ) ) ;
#3447 = ORIENTED_EDGE ( 'NONE', *, *, #6292, .F. ) ;
#3448 = ORIENTED_EDGE ( 'NONE', *, *, #3037, .F. ) ;
#3449 = CARTESIAN_POINT ( 'NONE',  ( -39.25872214768999413, 12.50000000000000000, 17.73705422904000173 ) ) ;
#3450 = FACE_OUTER_BOUND ( 'NONE', #2061, .T. ) ;
#3451 = ORIENTED_EDGE ( 'NONE', *, *, #4658, .F. ) ;
#3452 = ORIENTED_EDGE ( 'NONE', *, *, #3874, .T. ) ;
#3453 = ORIENTED_EDGE ( 'NONE', *, *, #3335, .F. ) ;
#3454 = CARTESIAN_POINT ( 'NONE',  ( -35.25872214769005097, 17.76999999999999957, 27.32705422903999803 ) ) ;
#3455 = FACE_OUTER_BOUND ( 'NONE', #4163, .T. ) ;
#3456 = VECTOR ( 'NONE', #5507, 1000.000000000000000 ) ;
#3457 = EDGE_CURVE ( 'NONE', #231, #1737, #6225, .T. ) ;
#3458 = ADVANCED_FACE ( 'NONE', ( #1712 ), #5921, .F. ) ;
#3459 = B_SPLINE_CURVE_WITH_KNOTS ( 'NONE', 3,
 ( #2830, #4821, #409, #346 ),
 .UNSPECIFIED., .F., .F.,
 ( 4, 4 ),
 ( 0.000000000000000000, 1.000000000000000000 ),
 .UNSPECIFIED. ) ;
#3460 = DIRECTION ( 'NONE',  ( -0.000000000000000000, -0.000000000000000000, -1.000000000000000000 ) ) ;
#3461 = VECTOR ( 'NONE', #4491, 1000.000000000000000 ) ;
#3462 = PLANE ( 'NONE',  #1800 ) ;
#3463 = CARTESIAN_POINT ( 'NONE',  ( 12.97660255292402454, 4.735238934357184348, -3.761230304006072167 ) ) ;
#3464 = CARTESIAN_POINT ( 'NONE',  ( -8.258722147691500481, 17.76999999999944890, 27.32705422903999803 ) ) ;
#3465 = CARTESIAN_POINT ( 'NONE',  ( -39.25872214769194812, 12.50000000000000000, 2.317690357242517596 ) ) ;
#3466 = CARTESIAN_POINT ( 'NONE',  ( -7.858722147691999282, 15.76999999999999957, 23.52705422904000088 ) ) ;
#3467 = VECTOR ( 'NONE', #5138, 1000.000000000000000 ) ;
#3468 = CARTESIAN_POINT ( 'NONE',  ( -19.69137825829315602, 5.512278550188185910, 35.00000000000000000 ) ) ;
#3469 = CARTESIAN_POINT ( 'NONE',  ( -53.99344095995156323, 5.875000000000003553, 22.13434452200543134 ) ) ;
#3470 = AXIS2_PLACEMENT_3D ( 'NONE', #1050, #5519, #4059 ) ;
#3471 = LINE ( 'NONE', #5991, #1418 ) ;
#3472 = DIRECTION ( 'NONE',  ( -1.000000000000000000, 0.000000000000000000, -0.000000000000000000 ) ) ;
#3473 = ORIENTED_EDGE ( 'NONE', *, *, #5747, .T. ) ;
#3474 = CARTESIAN_POINT ( 'NONE',  ( 1.873062941308192730, 8.000000000000000000, 22.13434452200543134 ) ) ;
#3475 = CARTESIAN_POINT ( 'NONE',  ( -39.96829162495724574, 12.50000000000000178, 17.68268932826229900 ) ) ;
#3476 = AXIS2_PLACEMENT_3D ( 'NONE', #3406, #1329, #4936 ) ;
#3477 = CARTESIAN_POINT ( 'NONE',  ( 0.6765746449780051242, 10.50000000000000000, -0.4999999999999998890 ) ) ;
#3478 = ORIENTED_EDGE ( 'NONE', *, *, #1064, .F. ) ;
#3479 = ORIENTED_EDGE ( 'NONE', *, *, #5841, .F. ) ;
#3480 = ORIENTED_EDGE ( 'NONE', *, *, #3972, .T. ) ;
#3481 = VERTEX_POINT ( 'NONE', #3464 ) ;
#3482 = VECTOR ( 'NONE', #5623, 1000.000000000000000 ) ;
#3483 = CARTESIAN_POINT ( 'NONE',  ( -7.620218034661027318, 15.76999999999999602, 4.947054229039999917 ) ) ;
#3484 = EDGE_CURVE ( 'NONE', #6162, #5276, #4460, .T. ) ;
#3485 = CARTESIAN_POINT ( 'NONE',  ( -21.75872214769000124, 32.42627134724899918, 27.32705422903999803 ) ) ;
#3486 = VECTOR ( 'NONE', #5926, 1000.000000000000000 ) ;
#3487 = CARTESIAN_POINT ( 'NONE',  ( -39.25872214768999413, 12.50000000000000000, 17.73705422904000173 ) ) ;
#3488 = VERTEX_POINT ( 'NONE', #2412 ) ;
#3489 = ORIENTED_EDGE ( 'NONE', *, *, #6071, .T. ) ;
#3490 = ORIENTED_EDGE ( 'NONE', *, *, #5923, .F. ) ;
#3491 = CARTESIAN_POINT ( 'NONE',  ( -2.800420255819354942, 10.50000000000000000, -0.5000000000000000000 ) ) ;
#3492 = EDGE_CURVE ( 'NONE', #5378, #5935, #813, .T. ) ;
#3493 = CARTESIAN_POINT ( 'NONE',  ( -21.38836543812355373, 8.250000000000000000, 25.73360027965844665 ) ) ;
#3494 = EDGE_CURVE ( 'NONE', #807, #1423, #1383, .T. ) ;
#3495 = EDGE_CURVE ( 'NONE', #5336, #3082, #4399, .T. ) ;
#3496 = B_SPLINE_CURVE_WITH_KNOTS ( 'NONE', 3,
 ( #1921, #273, #5804, #238, #1662, #1268, #2259, #3282, #3179, #4179 ),
 .UNSPECIFIED., .F., .F.,
 ( 4, 2, 2, 2, 4 ),
 ( 0.000000000000000000, 0.2500000000000000000, 0.5000000000000000000, 0.7500000000000000000, 1.000000000000000000 ),
 .UNSPECIFIED. ) ;
#3497 = DIRECTION ( 'NONE',  ( -0.000000000000000000, 0.000000000000000000, -1.000000000000000000 ) ) ;
#3498 = LINE ( 'NONE', #5911, #4334 ) ;
#3499 = LINE ( 'NONE', #579, #4208 ) ;
#3500 = CARTESIAN_POINT ( 'NONE',  ( -60.04560449174972803, -3.250000000000000000, 25.73876969599392694 ) ) ;
#3501 = LINE ( 'NONE', #5521, #3999 ) ;
#3502 = DIRECTION ( 'NONE',  ( 0.000000000000000000, 0.000000000000000000, 1.000000000000000000 ) ) ;
#3503 = PLANE ( 'NONE',  #4477 ) ;
#3504 = LINE ( 'NONE', #926, #2284 ) ;
#3505 = CARTESIAN_POINT ( 'NONE',  ( -57.05244163262612744, 5.875000000000003553, 0.5000000000000000000 ) ) ;
#3506 = CARTESIAN_POINT ( 'NONE',  ( 4.006559040048433218, 5.875000000000003553, -0.8656554779945688782 ) ) ;
#3507 = ORIENTED_EDGE ( 'NONE', *, *, #2021, .F. ) ;
#3508 = CARTESIAN_POINT ( 'NONE',  ( 4.340986254581466142, 8.540730713301007526, 18.79687581048892753 ) ) ;
#3509 = DIRECTION ( 'NONE',  ( -1.000000000000000000, 0.000000000000000000, 0.000000000000000000 ) ) ;
#3510 = AXIS2_PLACEMENT_3D ( 'NONE', #5941, #5444, #2891 ) ;
#3511 = CARTESIAN_POINT ( 'NONE',  ( -57.34344095995156465, 5.875000000000003553, -0.5000000000000000000 ) ) ;
#3512 = ORIENTED_EDGE ( 'NONE', *, *, #3784, .F. ) ;
#3513 = VERTEX_POINT ( 'NONE', #448 ) ;
#3514 = VERTEX_POINT ( 'NONE', #1920 ) ;
#3515 = CARTESIAN_POINT ( 'NONE',  ( -39.25872214768999413, 10.50000000000000000, 17.73705422904000173 ) ) ;
#3516 = DIRECTION ( 'NONE',  ( 0.000000000000000000, 0.000000000000000000, -1.000000000000000000 ) ) ;
#3517 = ORIENTED_EDGE ( 'NONE', *, *, #2515, .T. ) ;
#3518 = EDGE_LOOP ( 'NONE', ( #2790, #4501, #1435, #3206 ) ) ;
#3519 = EDGE_LOOP ( 'NONE', ( #4181, #2659, #4097, #3526 ) ) ;
#3520 = CARTESIAN_POINT ( 'NONE',  ( -60.04560449174972803, 10.50000000000000178, 0.5000000000000000000 ) ) ;
#3521 = ORIENTED_EDGE ( 'NONE', *, *, #3195, .T. ) ;
#3522 = CARTESIAN_POINT ( 'NONE',  ( -41.25872214768999413, 12.50000000000000000, 11.36477290577099986 ) ) ;
#3523 = EDGE_CURVE ( 'NONE', #2728, #5910, #2156, .T. ) ;
#3524 = B_SPLINE_CURVE_WITH_KNOTS ( 'NONE', 3,
 ( #1647, #3698, #4191, #2086, #6128, #1589, #3600, #589, #1083, #5120 ),
 .UNSPECIFIED., .F., .F.,
 ( 4, 2, 2, 2, 4 ),
 ( 0.000000000000000000, 0.2500000000000000000, 0.5000000000000000000, 0.7500000000000000000, 1.000000000000000000 ),
 .UNSPECIFIED. ) ;
#3525 = CARTESIAN_POINT ( 'NONE',  ( -20.51893967301900190, 12.50000000000000178, 27.32705422903999803 ) ) ;
#3526 = ORIENTED_EDGE ( 'NONE', *, *, #4025, .F. ) ;
#3527 = AXIS2_PLACEMENT_3D ( 'NONE', #388, #4434, #4894 ) ;
#3528 = B_SPLINE_CURVE_WITH_KNOTS ( 'NONE', 3,
 ( #5280, #3693, #3157, #718, #619, #6219, #2665, #5745, #2635, #1673 ),
 .UNSPECIFIED., .F., .F.,
 ( 4, 2, 2, 2, 4 ),
 ( 0.000000000000000000, 0.2500000000000002776, 0.5000000000000005551, 0.7500000000000001110, 1.000000000000000000 ),
 .UNSPECIFIED. ) ;
#3529 = CARTESIAN_POINT ( 'NONE',  ( -4.258722147691999638, 13.59000000000000163, 25.32705422903999803 ) ) ;
#3530 = EDGE_CURVE ( 'NONE', #1190, #6045, #922, .T. ) ;
#3531 = PLANE ( 'NONE',  #4805 ) ;
#3532 = VECTOR ( 'NONE', #1651, 1000.000000000000000 ) ;
#3533 = CARTESIAN_POINT ( 'NONE',  ( -53.99344095995156323, 5.875000000000003553, -0.8656554779945688782 ) ) ;
#3534 = EDGE_CURVE ( 'NONE', #3309, #4223, #1563, .T. ) ;
#3535 = CARTESIAN_POINT ( 'NONE',  ( 1.873062941308192730, -3.250000000000000000, 17.31907693046060714 ) ) ;
#3536 = FACE_OUTER_BOUND ( 'NONE', #2592, .T. ) ;
#3537 = LINE ( 'NONE', #1523, #5025 ) ;
#3538 = CARTESIAN_POINT ( 'NONE',  ( -37.45872214768999697, 17.76999999999999957, 11.74038756237333381 ) ) ;
#3539 = VECTOR ( 'NONE', #5588, 1000.000000000000000 ) ;
#3540 = CARTESIAN_POINT ( 'NONE',  ( -39.25872214768999413, 12.50000000000000000, 25.32705422904000159 ) ) ;
#3541 = B_SPLINE_CURVE_WITH_KNOTS ( 'NONE', 3,
 ( #2881, #5370, #2778, #6468 ),
 .UNSPECIFIED., .F., .F.,
 ( 4, 4 ),
 ( 0.000000000000000000, 1.000000000000000000 ),
 .UNSPECIFIED. ) ;
#3542 = EDGE_CURVE ( 'NONE', #5610, #807, #6435, .T. ) ;
#3543 = FACE_OUTER_BOUND ( 'NONE', #3588, .T. ) ;
#3544 = VECTOR ( 'NONE', #1290, 1000.000000000000000 ) ;
#3545 = ORIENTED_EDGE ( 'NONE', *, *, #3277, .T. ) ;
#3546 = ORIENTED_EDGE ( 'NONE', *, *, #2960, .T. ) ;
#3547 = VERTEX_POINT ( 'NONE', #3363 ) ;
#3548 = CARTESIAN_POINT ( 'NONE',  ( -2.827916956681466587, 10.50000000000000000, 23.43434452200543205 ) ) ;
#3549 = VECTOR ( 'NONE', #1575, 1000.000000000000000 ) ;
#3550 = EDGE_CURVE ( 'NONE', #1571, #3715, #3927, .T. ) ;
#3551 = CARTESIAN_POINT ( 'NONE',  ( -57.32342535502199610, 5.875000000000003553, -0.5000000000000000000 ) ) ;
#3552 = PLANE ( 'NONE',  #2173 ) ;
#3553 = CARTESIAN_POINT ( 'NONE',  ( 18.02106672353487227, 8.757473573018954127, -3.761230304006072167 ) ) ;
#3554 = ORIENTED_EDGE ( 'NONE', *, *, #2552, .F. ) ;
#3555 = ORIENTED_EDGE ( 'NONE', *, *, #5352, .F. ) ;
#3556 = VERTEX_POINT ( 'NONE', #5417 ) ;
#3557 = VERTEX_POINT ( 'NONE', #1352 ) ;
#3558 = ORIENTED_EDGE ( 'NONE', *, *, #1884, .F. ) ;
#3559 = DIRECTION ( 'NONE',  ( 0.000000000000000000, 1.000000000000000000, 0.000000000000000000 ) ) ;
#3560 = LINE ( 'NONE', #1445, #2151 ) ;
#3561 = EDGE_LOOP ( 'NONE', ( #547, #6211, #2031, #5934 ) ) ;
#3562 = PLANE ( 'NONE',  #513 ) ;
#3563 = DIRECTION ( 'NONE',  ( -0.000000000000000000, 1.000000000000000000, -0.000000000000000000 ) ) ;
#3564 = EDGE_CURVE ( 'NONE', #604, #2433, #6457, .T. ) ;
#3565 = VECTOR ( 'NONE', #5485, 1000.000000000000000 ) ;
#3566 = CARTESIAN_POINT ( 'NONE',  ( -40.26596010843179840, 12.50000000000000178, 27.07462700574851411 ) ) ;
#3567 = EDGE_CURVE ( 'NONE', #3645, #2940, #4862, .T. ) ;
#3568 = CARTESIAN_POINT ( 'NONE',  ( -20.19137825829315602, 5.512278550188185910, 26.77397846476551280 ) ) ;
#3569 = CARTESIAN_POINT ( 'NONE',  ( -35.75872214768999413, 12.50000000000000000, 14.23705422904000173 ) ) ;
#3570 = CARTESIAN_POINT ( 'NONE',  ( 0.9475583673738698920, 5.875000000000003553, 0.4999999999999998890 ) ) ;
#3571 = ADVANCED_FACE ( 'NONE', ( #6390 ), #4926, .F. ) ;
#3572 = CIRCLE ( 'NONE', #1779, 3.499999999999999556 ) ;
#3573 = DIRECTION ( 'NONE',  ( 0.000000000000000000, -1.000000000000000000, -0.000000000000000000 ) ) ;
#3574 = DIRECTION ( 'NONE',  ( 0.000000000000000000, 0.000000000000000000, 1.000000000000000000 ) ) ;
#3575 = AXIS2_PLACEMENT_3D ( 'NONE', #3576, #2580, #5566 ) ;
#3576 = CARTESIAN_POINT ( 'NONE',  ( 0.000000000000000000, 0.000000000000000000, -3.761230304006072167 ) ) ;
#3577 = VERTEX_POINT ( 'NONE', #3900 ) ;
#3578 = EDGE_CURVE ( 'NONE', #4359, #3753, #6484, .T. ) ;
#3579 = ORIENTED_EDGE ( 'NONE', *, *, #4497, .F. ) ;
#3580 = AXIS2_PLACEMENT_3D ( 'NONE', #2631, #6316, #614 ) ;
#3581 = DIRECTION ( 'NONE',  ( -0.000000000000000000, 1.000000000000000000, -0.000000000000000000 ) ) ;
#3582 = CARTESIAN_POINT ( 'NONE',  ( 1.873062941308192730, -3.250000000000000000, 25.73876969599392694 ) ) ;
#3583 = CARTESIAN_POINT ( 'NONE',  ( 6.352138378250272943, 8.757473573018954127, -3.261230304006072611 ) ) ;
#3584 = ORIENTED_EDGE ( 'NONE', *, *, #545, .F. ) ;
#3585 =( GEOMETRIC_REPRESENTATION_CONTEXT ( 3 ) GLOBAL_UNCERTAINTY_ASSIGNED_CONTEXT ( ( #952 ) ) GLOBAL_UNIT_ASSIGNED_CONTEXT ( ( #5375, #3982, #337 ) ) REPRESENTATION_CONTEXT ( 'NONE', 'WORKASPACE' ) );
#3587 = EDGE_CURVE ( 'NONE', #3417, #3556, #2348, .T. ) ;
#3586 = ORIENTED_EDGE ( 'NONE', *, *, #3224, .T. ) ;
#3588 = EDGE_LOOP ( 'NONE', ( #2567, #2876, #6247, #5691, #4021, #1367, #1627, #4012 ) ) ;
#3589 = VERTEX_POINT ( 'NONE', #1946 ) ;
#3590 = CARTESIAN_POINT ( 'NONE',  ( -6.058722147692000348, 15.76999999999999957, 6.747054229039999740 ) ) ;
#3591 = PLANE ( 'NONE',  #4484 ) ;
#3592 = VERTEX_POINT ( 'NONE', #1448 ) ;
#3593 = FACE_OUTER_BOUND ( 'NONE', #1505, .T. ) ;
#3594 = FACE_OUTER_BOUND ( 'NONE', #3020, .T. ) ;
#3595 = LINE ( 'NONE', #2051, #3194 ) ;
#3596 = VERTEX_POINT ( 'NONE', #3869 ) ;
#3597 = DIRECTION ( 'NONE',  ( 1.000000000000000000, 0.000000000000000000, 0.000000000000000000 ) ) ;
#3598 = FACE_OUTER_BOUND ( 'NONE', #497, .T. ) ;
#3599 = DIRECTION ( 'NONE',  ( 0.000000000000000000, 1.000000000000000000, 0.000000000000000000 ) ) ;
#3600 = CARTESIAN_POINT ( 'NONE',  ( -40.26596010843179840, 17.76999999999999957, 1.399481452331484022 ) ) ;
#3601 = DIRECTION ( 'NONE',  ( 0.000000000000000000, -1.000000000000000000, 0.000000000000000000 ) ) ;
#3602 = FACE_OUTER_BOUND ( 'NONE', #1578, .T. ) ;
#3603 = ORIENTED_EDGE ( 'NONE', *, *, #736, .T. ) ;
#3604 = ORIENTED_EDGE ( 'NONE', *, *, #3058, .T. ) ;
#3605 = B_SPLINE_CURVE_WITH_KNOTS ( 'NONE', 3,
 ( #3805, #1287, #3299, #3872, #2809, #5890, #3566, #2, #485, #959 ),
 .UNSPECIFIED., .F., .F.,
 ( 4, 2, 2, 2, 4 ),
 ( 0.000000000000000000, 0.2500000000000000000, 0.5000000000000000000, 0.7500000000000000000, 1.000000000000000000 ),
 .UNSPECIFIED. ) ;
#3606 = EDGE_CURVE ( 'NONE', #367, #3077, #5887, .T. ) ;
#3607 = CARTESIAN_POINT ( 'NONE',  ( -32.69603967124000121, 15.76999999999999602, 3.747054229040000184 ) ) ;
#3608 = CARTESIAN_POINT ( 'NONE',  ( 6.352138378250272055, 8.757473573018954127, -4.761230304006072167 ) ) ;
#3609 = DIRECTION ( 'NONE',  ( 0.000000000000000000, 0.000000000000000000, 1.000000000000000000 ) ) ;
#3610 = ORIENTED_EDGE ( 'NONE', *, *, #1701, .F. ) ;
#3611 = ORIENTED_EDGE ( 'NONE', *, *, #5279, .F. ) ;
#3612 = ORIENTED_EDGE ( 'NONE', *, *, #2861, .F. ) ;
#3613 = DIRECTION ( 'NONE',  ( -1.151122521977739762E-16, -0.8792394653918297331, -0.4763800609780906581 ) ) ;
#3614 = DIRECTION ( 'NONE',  ( 0.000000000000000000, 0.000000000000000000, 1.000000000000000000 ) ) ;
#3615 = DIRECTION ( 'NONE',  ( 0.000000000000000000, 0.000000000000000000, 1.000000000000000000 ) ) ;
#3616 = ORIENTED_EDGE ( 'NONE', *, *, #6140, .F. ) ;
#3617 = EDGE_CURVE ( 'NONE', #6351, #3416, #1891, .T. ) ;
#3618 = ORIENTED_EDGE ( 'NONE', *, *, #822, .F. ) ;
#3619 = DIRECTION ( 'NONE',  ( 2.156417553693440290E-16, -1.000000000000000000, 0.000000000000000000 ) ) ;
#3620 = CARTESIAN_POINT ( 'NONE',  ( 18.02106672353487227, 4.713004295695412793, -3.761230304006072167 ) ) ;
#3621 = EDGE_CURVE ( 'NONE', #2070, #6378, #4028, .T. ) ;
#3622 = VECTOR ( 'NONE', #1915, 1000.000000000000000 ) ;
#3623 = CARTESIAN_POINT ( 'NONE',  ( 4.006559040048433218, 5.875000000000003553, 18.78434452200542992 ) ) ;
#3624 = EDGE_LOOP ( 'NONE', ( #5307, #2129 ) ) ;
#3625 = CARTESIAN_POINT ( 'NONE',  ( 4.006559040048433218, 8.250000000000000000, 22.13434452200543134 ) ) ;
#3626 = CARTESIAN_POINT ( 'NONE',  ( -3.735226378973440564, 12.50000000000000178, 27.27499958237663691 ) ) ;
#3627 = CARTESIAN_POINT ( 'NONE',  ( -14.20209766559421105, 13.88773744163673740, 3.147054229040003204 ) ) ;
#3628 = DIRECTION ( 'NONE',  ( 1.000000000000000000, 1.387778780781444413E-14, 0.000000000000000000 ) ) ;
#3629 = AXIS2_PLACEMENT_3D ( 'NONE', #2045, #5548, #2018 ) ;
#3630 = ADVANCED_FACE ( 'NONE', ( #5021 ), #482, .F. ) ;
#3631 = AXIS2_PLACEMENT_3D ( 'NONE', #4869, #424, #6397 ) ;
#3632 = PLANE ( 'NONE',  #2950 ) ;
#3633 = EDGE_CURVE ( 'NONE', #4265, #4949, #4527, .T. ) ;
#3634 = DIRECTION ( 'NONE',  ( 0.000000000000000000, -1.000000000000000000, 2.200000000000000003E-16 ) ) ;
#3635 = AXIS2_PLACEMENT_3D ( 'NONE', #3625, #94, #1586 ) ;
#3636 = EDGE_LOOP ( 'NONE', ( #631, #5939, #1928, #6204 ) ) ;
#3637 = EDGE_LOOP ( 'NONE', ( #400, #5863, #2561, #476 ) ) ;
#3638 = DIRECTION ( 'NONE',  ( 0.000000000000000000, -1.000000000000000000, 2.200000000000000003E-16 ) ) ;
#3639 = VECTOR ( 'NONE', #5289, 1000.000000000000000 ) ;
#3640 = EDGE_CURVE ( 'NONE', #5540, #6147, #3776, .T. ) ;
#3641 = AXIS2_PLACEMENT_3D ( 'NONE', #5792, #730, #5292 ) ;
#3642 = FACE_OUTER_BOUND ( 'NONE', #2338, .T. ) ;
#3643 = DIRECTION ( 'NONE',  ( 1.000000000000000000, 0.000000000000000000, 0.000000000000000000 ) ) ;
#3644 = ORIENTED_EDGE ( 'NONE', *, *, #5007, .F. ) ;
#3645 = VERTEX_POINT ( 'NONE', #1250 ) ;
#3646 = EDGE_LOOP ( 'NONE', ( #1455, #4084, #2223, #5317, #1209, #4585 ) ) ;
#3647 = CARTESIAN_POINT ( 'NONE',  ( -42.75872214769000834, 12.50000000000000178, 14.79854216530606870 ) ) ;
#3648 = EDGE_CURVE ( 'NONE', #140, #1097, #4614, .T. ) ;
#3649 = PLANE ( 'NONE',  #4423 ) ;
#3650 = AXIS2_PLACEMENT_3D ( 'NONE', #2992, #2502, #4050 ) ;
#3651 = VERTEX_POINT ( 'NONE', #1751 ) ;
#3652 = VERTEX_POINT ( 'NONE', #4863 ) ;
#3653 = VERTEX_POINT ( 'NONE', #1353 ) ;
#3654 = CARTESIAN_POINT ( 'NONE',  ( -7.858722147691999282, 15.76999999999999957, 4.947054229039999917 ) ) ;
#3655 = EDGE_CURVE ( 'NONE', #703, #1334, #3783, .T. ) ;
#3656 = ADVANCED_FACE ( 'NONE', ( #3264 ), #2380, .T. ) ;
#3657 = CYLINDRICAL_SURFACE ( 'NONE', #5334, 0.5000000000000004441 ) ;
#3658 = CARTESIAN_POINT ( 'NONE',  ( 3.469226652074587580, 5.875000000000003553, 3.240970280211873167 ) ) ;
#3659 = ORIENTED_EDGE ( 'NONE', *, *, #5316, .F. ) ;
#3660 = CARTESIAN_POINT ( 'NONE',  ( 6.352138378250272055, 10.50000000000000000, -4.761230304006072167 ) ) ;
#3661 = CARTESIAN_POINT ( 'NONE',  ( 4.006559040048433218, 12.50000000000000000, 24.55434452200542950 ) ) ;
#3662 = CARTESIAN_POINT ( 'NONE',  ( -18.70837374726851721, 4.040444544970647200, 26.77397846476551280 ) ) ;
#3663 = LINE ( 'NONE', #4102, #1107 ) ;
#3664 =( GEOMETRIC_REPRESENTATION_CONTEXT ( 3 ) GLOBAL_UNCERTAINTY_ASSIGNED_CONTEXT ( ( #3993 ) ) GLOBAL_UNIT_ASSIGNED_CONTEXT ( ( #77, #1598, #1656 ) ) REPRESENTATION_CONTEXT ( 'NONE', 'WORKASPACE' ) );
#3665 = CARTESIAN_POINT ( 'NONE',  ( -51.60056723113756760, -3.250000000000000000, 16.72284629709940162 ) ) ;
#3666 = CARTESIAN_POINT ( 'NONE',  ( 3.672131825515398962, 8.540730713301007526, 18.79687581048892753 ) ) ;
#3667 = VECTOR ( 'NONE', #5751, 1000.000000000000000 ) ;
#3668 = VERTEX_POINT ( 'NONE', #6426 ) ;
#3669 = DIRECTION ( 'NONE',  ( 0.000000000000000000, 1.000000000000000000, 0.000000000000000000 ) ) ;
#3670 = EDGE_LOOP ( 'NONE', ( #93, #3344, #1846, #2093 ) ) ;
#3671 = CARTESIAN_POINT ( 'NONE',  ( -39.25872214768999413, 15.76999999999999957, 25.32705422904000159 ) ) ;
#3672 = CARTESIAN_POINT ( 'NONE',  ( -6.058722147692000348, 15.76999999999999957, 21.72705422903999661 ) ) ;
#3673 = B_SPLINE_CURVE_WITH_KNOTS ( 'NONE', 3,
 ( #5031, #991, #3626, #4067, #6095, #3123, #5151, #5563, #2512, #5088 ),
 .UNSPECIFIED., .F., .F.,
 ( 4, 2, 2, 2, 4 ),
 ( 0.000000000000000000, 0.2500000000000000000, 0.5000000000000000000, 0.7500000000000000000, 1.000000000000000000 ),
 .UNSPECIFIED. ) ;
#3674 = EDGE_LOOP ( 'NONE', ( #5372, #2295, #4939, #5618 ) ) ;
#3675 = ORIENTED_EDGE ( 'NONE', *, *, #2880, .F. ) ;
#3676 = VECTOR ( 'NONE', #6149, 1000.000000000000000 ) ;
#3677 = ORIENTED_EDGE ( 'NONE', *, *, #4781, .T. ) ;
#3678 = CYLINDRICAL_SURFACE ( 'NONE', #5561, 2.000000000000001776 ) ;
#3679 = PLANE ( 'NONE',  #92 ) ;
#3680 = EDGE_CURVE ( 'NONE', #1302, #79, #354, .T. ) ;
#3681 = VECTOR ( 'NONE', #1363, 1000.000000000000000 ) ;
#3682 = LINE ( 'NONE', #641, #6070 ) ;
#3683 = VERTEX_POINT ( 'NONE', #756 ) ;
#3684 = ORIENTED_EDGE ( 'NONE', *, *, #500, .T. ) ;
#3685 = ORIENTED_EDGE ( 'NONE', *, *, #4964, .F. ) ;
#3686 = EDGE_CURVE ( 'NONE', #4237, #2678, #2807, .T. ) ;
#3687 = B_SPLINE_CURVE_WITH_KNOTS ( 'NONE', 3,
 ( #4691, #4797, #6333, #5191 ),
 .UNSPECIFIED., .F., .F.,
 ( 4, 4 ),
 ( 0.000000000000000000, 1.000000000000000000 ),
 .UNSPECIFIED. ) ;
#3688 = CARTESIAN_POINT ( 'NONE',  ( -9.833843798657333934, 15.76999999999999602, 4.947054229039999917 ) ) ;
#3689 = EDGE_CURVE ( 'NONE', #2094, #1461, #827, .T. ) ;
#3690 = EDGE_CURVE ( 'NONE', #5549, #2008, #5585, .T. ) ;
#3691 = CARTESIAN_POINT ( 'NONE',  ( -33.68360049672333645, 15.76999999999999957, 23.52705422904000088 ) ) ;
#3692 = B_SPLINE_CURVE_WITH_KNOTS ( 'NONE', 3,
 ( #3354, #2343, #5445, #4363, #914, #2436, #5942, #1942, #2372, #3953 ),
 .UNSPECIFIED., .F., .F.,
 ( 4, 2, 2, 2, 4 ),
 ( 0.000000000000000000, 0.2500000000000000000, 0.5000000000000000000, 0.7500000000000000000, 1.000000000000000000 ),
 .UNSPECIFIED. ) ;
#3693 = CARTESIAN_POINT ( 'NONE',  ( -22.99813476293287451, 12.50000000000000533, 27.32705422903999448 ) ) ;
#3694 = ORIENTED_EDGE ( 'NONE', *, *, #2595, .F. ) ;
#3695 = DIRECTION ( 'NONE',  ( -0.000000000000000000, -0.000000000000000000, -1.000000000000000000 ) ) ;
#3696 = CARTESIAN_POINT ( 'NONE',  ( -3.326182371203810550, 11.19375000000000142, 0.5000000000000002220 ) ) ;
#3697 = LINE ( 'NONE', #5285, #3131 ) ;
#3698 = CARTESIAN_POINT ( 'NONE',  ( -41.25872214768999413, 17.76999999999999957, 2.885254841240849188 ) ) ;
#3699 = FACE_OUTER_BOUND ( 'NONE', #5808, .T. ) ;
#3700 = CARTESIAN_POINT ( 'NONE',  ( -53.49344095995156323, 10.50000000000000000, 5.745757241660123249 ) ) ;
#3701 = ORIENTED_EDGE ( 'NONE', *, *, #451, .F. ) ;
#3702 = CYLINDRICAL_SURFACE ( 'NONE', #150, 0.5000000000000004441 ) ;
#3703 = LINE ( 'NONE', #4199, #5768 ) ;
#3704 = ORIENTED_EDGE ( 'NONE', *, *, #2474, .T. ) ;
#3705 = FACE_OUTER_BOUND ( 'NONE', #1007, .T. ) ;
#3706 = DIRECTION ( 'NONE',  ( 0.000000000000000000, 1.000000000000000000, 0.000000000000000000 ) ) ;
#3707 =( LENGTH_UNIT ( ) NAMED_UNIT ( * ) SI_UNIT ( .MILLI., .METRE. ) );
#3708 = VERTEX_POINT ( 'NONE', #6391 ) ;
#3709 = ORIENTED_EDGE ( 'NONE', *, *, #6216, .F. ) ;
#3710 = ORIENTED_EDGE ( 'NONE', *, *, #1781, .F. ) ;
#3711 = FACE_OUTER_BOUND ( 'NONE', #5373, .T. ) ;
#3712 = DIRECTION ( 'NONE',  ( -0.000000000000000000, -0.000000000000000000, 1.000000000000000000 ) ) ;
#3713 = EDGE_CURVE ( 'NONE', #498, #2882, #338, .T. ) ;
#3714 = SURFACE_STYLE_USAGE ( .BOTH. , #672 ) ;
#3715 = VERTEX_POINT ( 'NONE', #3764 ) ;
#3716 = ORIENTED_EDGE ( 'NONE', *, *, #549, .T. ) ;
#3717 = VERTEX_POINT ( 'NONE', #6360 ) ;
#3718 = DIRECTION ( 'NONE',  ( -0.000000000000000000, 1.000000000000000000, -0.000000000000000000 ) ) ;
#3719 = EDGE_CURVE ( 'NONE', #1898, #1191, #3364, .T. ) ;
#3720 = PLANE ( 'NONE',  #2164 ) ;
#3721 = CARTESIAN_POINT ( 'NONE',  ( -39.25872214768999413, 17.76999999999999957, 1.147054229039999873 ) ) ;
#3722 = EDGE_CURVE ( 'NONE', #4360, #2367, #4203, .T. ) ;
#3723 = ORIENTED_EDGE ( 'NONE', *, *, #2746, .T. ) ;
#3724 = PLANE ( 'NONE',  #3956 ) ;
#3725 = CARTESIAN_POINT ( 'NONE',  ( -12.25470719071191184, 14.86880063465035562, 1.147054229039999429 ) ) ;
#3726 = CARTESIAN_POINT ( 'NONE',  ( 4.006559040048433218, 5.875000000000003553, -0.8656554779945688782 ) ) ;
#3727 = DIRECTION ( 'NONE',  ( -0.000000000000000000, 1.000000000000000000, 0.000000000000000000 ) ) ;
#3728 = CARTESIAN_POINT ( 'NONE',  ( -7.390728028925574122, 15.77000000000000313, 23.48158974349713546 ) ) ;
#3729 = CIRCLE ( 'NONE', #1189, 3.350000000000002309 ) ;
#3730 = EDGE_CURVE ( 'NONE', #2367, #3589, #1047, .T. ) ;
#3731 = PLANE ( 'NONE',  #4918 ) ;
#3732 = DIRECTION ( 'NONE',  ( 0.000000000000000000, -0.000000000000000000, 1.000000000000000000 ) ) ;
#3733 = ORIENTED_EDGE ( 'NONE', *, *, #5779, .T. ) ;
#3734 = VECTOR ( 'NONE', #2627, 1000.000000000000000 ) ;
#3735 = CARTESIAN_POINT ( 'NONE',  ( -38.60223981824245953, -3.250000000000000000, 0.000000000000000000 ) ) ;
#3736 = LINE ( 'NONE', #1256, #687 ) ;
#3737 = EDGE_LOOP ( 'NONE', ( #178, #3217, #236, #4703 ) ) ;
#3738 = CIRCLE ( 'NONE', #2682, 4.000000000000000000 ) ;
#3739 = CARTESIAN_POINT ( 'NONE',  ( 4.506559040048433218, 10.50000000000000000, 16.11449525870471433 ) ) ;
#3740 = EDGE_CURVE ( 'NONE', #1652, #4413, #6265, .T. ) ;
#3741 = AXIS2_PLACEMENT_3D ( 'NONE', #6059, #5562, #125 ) ;
#3742 = CARTESIAN_POINT ( 'NONE',  ( -6.058722147692000348, 17.76999999999999957, 21.72705422903999661 ) ) ;
#3743 = PRODUCT_CONTEXT ( 'NONE', #5481, 'mechanical' ) ;
#3744 = AXIS2_PLACEMENT_3D ( 'NONE', #4857, #316, #5382 ) ;
#3745 = ORIENTED_EDGE ( 'NONE', *, *, #342, .F. ) ;
#3746 = ORIENTED_EDGE ( 'NONE', *, *, #3864, .T. ) ;
#3747 = ORIENTED_EDGE ( 'NONE', *, *, #2090, .F. ) ;
#3748 = CARTESIAN_POINT ( 'NONE',  ( -12.49651859791752351, 5.479082202084430975, 35.00000000000000000 ) ) ;
#3749 = DIRECTION ( 'NONE',  ( 0.000000000000000000, 0.000000000000000000, 1.000000000000000000 ) ) ;
#3750 = AXIS2_PLACEMENT_3D ( 'NONE', #4833, #5459, #4930 ) ;
#3751 = FACE_BOUND ( 'NONE', #1940, .T. ) ;
#3752 = ORIENTED_EDGE ( 'NONE', *, *, #3640, .F. ) ;
#3753 = VERTEX_POINT ( 'NONE', #1283 ) ;
#3754 = VERTEX_POINT ( 'NONE', #1319 ) ;
#3755 = CARTESIAN_POINT ( 'NONE',  ( -21.75872214769000479, 12.50000000000000000, 25.99372089570666589 ) ) ;
#3756 = CARTESIAN_POINT ( 'NONE',  ( 4.006559040048433218, 8.000000000000000000, 22.13434452200543134 ) ) ;
#3757 = AXIS2_PLACEMENT_3D ( 'NONE', #3485, #5073, #2985 ) ;
#3758 = VECTOR ( 'NONE', #2463, 1000.000000000000000 ) ;
#3759 = CARTESIAN_POINT ( 'NONE',  ( -53.99344095995156323, 8.000000000000000000, 22.13434452200543134 ) ) ;
#3760 = ORIENTED_EDGE ( 'NONE', *, *, #2611, .T. ) ;
#3761 = CARTESIAN_POINT ( 'NONE',  ( -38.60223981824245953, 8.750000000000000000, 26.71994397445526204 ) ) ;
#3762 = CARTESIAN_POINT ( 'NONE',  ( 4.006559040048433218, 8.000000000000000000, 1.554344522005431495 ) ) ;
#3763 = DIRECTION ( 'NONE',  ( 0.000000000000000000, 1.000000000000000000, 0.000000000000000000 ) ) ;
#3764 = CARTESIAN_POINT ( 'NONE',  ( -13.08160286443802534, 4.186891154377373248, 27.73876969599392694 ) ) ;
#3765 = EDGE_CURVE ( 'NONE', #4046, #110, #3248, .T. ) ;
#3766 = CARTESIAN_POINT ( 'NONE',  ( -9.280464726337173786, 8.250000000000000000, 26.76711071965634403 ) ) ;
#3767 = EDGE_CURVE ( 'NONE', #1155, #1542, #3870, .T. ) ;
#3768 = DIRECTION ( 'NONE',  ( -0.000000000000000000, -0.000000000000000000, 1.000000000000000000 ) ) ;
#3769 = CYLINDRICAL_SURFACE ( 'NONE', #6033, 3.350000000000000533 ) ;
#3770 = DIRECTION ( 'NONE',  ( 0.7559765152716106940, -0.6545987384327838221, 0.000000000000000000 ) ) ;
#3771 = CARTESIAN_POINT ( 'NONE',  ( 9.852138378250273831, 12.50000000000000000, 24.23876969599391984 ) ) ;
#3772 = ORIENTED_EDGE ( 'NONE', *, *, #402, .T. ) ;
#3773 = AXIS2_PLACEMENT_3D ( 'NONE', #2007, #3984, #2954 ) ;
#3774 = CARTESIAN_POINT ( 'NONE',  ( -51.82088486171152653, 5.875000000000003553, 19.58434452200542708 ) ) ;
#3775 = B_SPLINE_CURVE_WITH_KNOTS ( 'NONE', 3,
 ( #6242, #4145, #6171, #5200, #3178, #5769, #1631, #669, #2196, #1233 ),
 .UNSPECIFIED., .F., .F.,
 ( 4, 2, 2, 2, 4 ),
 ( 0.5000000000000000000, 0.6250000000000000000, 0.7500000000000000000, 0.8750000000000000000, 1.000000000000000000 ),
 .UNSPECIFIED. ) ;
#3776 = CIRCLE ( 'NONE', #930, 2.419999999999998597 ) ;
#3777 = LINE ( 'NONE', #634, #5835 ) ;
#3778 = VERTEX_POINT ( 'NONE', #4528 ) ;
#3779 = ORIENTED_EDGE ( 'NONE', *, *, #6163, .F. ) ;
#3780 = ORIENTED_EDGE ( 'NONE', *, *, #4175, .T. ) ;
#3781 = DIRECTION ( 'NONE',  ( -0.000000000000000000, 1.000000000000000000, -0.000000000000000000 ) ) ;
#3782 = CARTESIAN_POINT ( 'NONE',  ( -24.22740161356491484, 12.61467306402349031, 1.147054229040000095 ) ) ;
#3783 = CIRCLE ( 'NONE', #1567, 1.600000000000000755 ) ;
#3784 = EDGE_CURVE ( 'NONE', #3082, #1190, #3572, .T. ) ;
#3785 = CARTESIAN_POINT ( 'NONE',  ( -50.93444028727700612, 5.875000000000003553, 0.5000000000000000000 ) ) ;
#3786 = EDGE_LOOP ( 'NONE', ( #674, #4074, #3452, #4039, #2426, #6404, #6298, #5435, #1298, #4380, #2108, #2039, #6142 ) ) ;
#3787 = CIRCLE ( 'NONE', #1786, 1.600000000000004086 ) ;
#3788 = EDGE_LOOP ( 'NONE', ( #6123, #2289 ) ) ;
#3789 = EDGE_LOOP ( 'NONE', ( #2220, #4082, #751, #4947, #4826, #4018, #3284, #2529 ) ) ;
#3790 = PLANE ( 'NONE',  #1260 ) ;
#3791 = APPLICATION_CONTEXT ( 'automotive_design' ) ;
#3792 = DIRECTION ( 'NONE',  ( 0.000000000000000000, 1.000000000000000000, 0.000000000000000000 ) ) ;
#3793 = VECTOR ( 'NONE', #3171, 1000.000000000000000 ) ;
#3794 = PLANE ( 'NONE',  #5966 ) ;
#3795 = CARTESIAN_POINT ( 'NONE',  ( -9.170341149749724252, 16.93030099087128448, 27.32705422903999448 ) ) ;
#3796 = VECTOR ( 'NONE', #860, 1000.000000000000000 ) ;
#3797 = VERTEX_POINT ( 'NONE', #3465 ) ;
#3798 = CARTESIAN_POINT ( 'NONE',  ( 4.006559040048433218, 5.875000000000003553, 22.13434452200543134 ) ) ;
#3799 = CARTESIAN_POINT ( 'NONE',  ( -2.800420255819354942, 10.50000000000000000, -0.5000000000000000000 ) ) ;
#3800 = VECTOR ( 'NONE', #4453, 1000.000000000000000 ) ;
#3801 = DIRECTION ( 'NONE',  ( 0.000000000000000000, -1.000000000000000000, 0.000000000000000000 ) ) ;
#3802 = CARTESIAN_POINT ( 'NONE',  ( -29.31534662978574701, 13.88773744163673030, 25.32705422903999803 ) ) ;
#3803 = CARTESIAN_POINT ( 'NONE',  ( -60.04560449174972803, 10.50000000000000000, -3.261230304006072611 ) ) ;
#3804 = CIRCLE ( 'NONE', #4338, 2.420000000000002149 ) ;
#3805 = CARTESIAN_POINT ( 'NONE',  ( -41.25872214768999413, 12.50000000000000000, 25.32705422904000159 ) ) ;
#3806 = DIRECTION ( 'NONE',  ( -0.000000000000000000, 1.000000000000000000, -0.000000000000000000 ) ) ;
#3807 = DIRECTION ( 'NONE',  ( 0.000000000000000000, 1.000000000000000000, -2.200000000000000003E-16 ) ) ;
#3808 = CARTESIAN_POINT ( 'NONE',  ( -37.45872214768999697, 12.50000000000000000, 21.72705422903999661 ) ) ;
#3809 = ORIENTED_EDGE ( 'NONE', *, *, #658, .F. ) ;
#3810 = ADVANCED_FACE ( 'NONE', ( #5022 ), #5985, .F. ) ;
#3811 = DIRECTION ( 'NONE',  ( 0.000000000000000000, 0.000000000000000000, 1.000000000000000000 ) ) ;
#3812 = CARTESIAN_POINT ( 'NONE',  ( -2.310776794355369201, 17.77000000000000313, 25.85054999775856643 ) ) ;
#3813 = ORIENTED_EDGE ( 'NONE', *, *, #564, .T. ) ;
#3814 = ORIENTED_EDGE ( 'NONE', *, *, #5628, .F. ) ;
#3815 = ADVANCED_FACE ( 'NONE', ( #6557 ), #5670, .T. ) ;
#3816 = ORIENTED_EDGE ( 'NONE', *, *, #4623, .T. ) ;
#3817 = FACE_OUTER_BOUND ( 'NONE', #5902, .T. ) ;
#3818 = DIRECTION ( 'NONE',  ( 0.000000000000000000, 1.000000000000000000, -2.200000000000000003E-16 ) ) ;
#3819 = ADVANCED_FACE ( 'NONE', ( #449 ), #985, .T. ) ;
#3820 = CARTESIAN_POINT ( 'NONE',  ( -35.25872214769005097, 17.76999999999999957, 1.147054229039999873 ) ) ;
#3821 = ORIENTED_EDGE ( 'NONE', *, *, #3606, .T. ) ;
#3822 = EDGE_LOOP ( 'NONE', ( #5125, #1573, #3259, #5793, #5907, #4898, #5837, #213 ) ) ;
#3823 = ORIENTED_EDGE ( 'NONE', *, *, #1494, .T. ) ;
#3824 = CARTESIAN_POINT ( 'NONE',  ( 16.17660255292402738, 4.735238934357184348, -6.761230304006072167 ) ) ;
#3825 = ORIENTED_EDGE ( 'NONE', *, *, #4387, .T. ) ;
#3826 = CARTESIAN_POINT ( 'NONE',  ( -60.04560449174972803, 0.7130042956954119049, -3.261230304006072611 ) ) ;
#3827 = VECTOR ( 'NONE', #313, 1000.000000000000000 ) ;
#3828 = FACE_OUTER_BOUND ( 'NONE', #3006, .T. ) ;
#3829 = EDGE_CURVE ( 'NONE', #5501, #1039, #6023, .T. ) ;
#3830 = DIRECTION ( 'NONE',  ( -1.000000000000000000, 0.000000000000000000, 6.186460420561288263E-17 ) ) ;
#3831 = CARTESIAN_POINT ( 'NONE',  ( -41.25872214768999413, 12.50000000000000000, 11.36477290577099986 ) ) ;
#3832 = CARTESIAN_POINT ( 'NONE',  ( -10.82140462413961934, 15.76999999999939917, 3.147054229040000095 ) ) ;
#3833 = CARTESIAN_POINT ( 'NONE',  ( -53.49344095995156323, 10.50000000000000000, 18.82186810699505486 ) ) ;
#3834 = CARTESIAN_POINT ( 'NONE',  ( -39.25872214769000124, 15.76999999999999957, 17.93372089570666361 ) ) ;
#3835 = ADVANCED_FACE ( 'NONE', ( #1102 ), #3649, .T. ) ;
#3836 = CARTESIAN_POINT ( 'NONE',  ( 4.006559040048433218, 5.875000000000003553, 20.78434452200542992 ) ) ;
#3837 = CYLINDRICAL_SURFACE ( 'NONE', #577, 1.500000000000000000 ) ;
#3838 = CARTESIAN_POINT ( 'NONE',  ( -39.25872214768999413, 12.50000000000000000, 10.73705422903999995 ) ) ;
#3839 = DIRECTION ( 'NONE',  ( -1.000000000000000000, 0.000000000000000000, 0.000000000000000000 ) ) ;
#3840 = PLANE ( 'NONE',  #6193 ) ;
#3841 = EDGE_CURVE ( 'NONE', #5672, #296, #2858, .T. ) ;
#3842 = VERTEX_POINT ( 'NONE', #6524 ) ;
#3843 = DIRECTION ( 'NONE',  ( 0.000000000000000000, -0.000000000000000000, 1.000000000000000000 ) ) ;
#3844 = CARTESIAN_POINT ( 'NONE',  ( -4.258722147691999638, 12.50000000000000000, 1.147054229039999873 ) ) ;
#3845 = VECTOR ( 'NONE', #5246, 1000.000000000000000 ) ;
#3846 = ORIENTED_EDGE ( 'NONE', *, *, #297, .F. ) ;
#3847 = EDGE_LOOP ( 'NONE', ( #4645, #3507, #3133, #2884 ) ) ;
#3848 = ORIENTED_EDGE ( 'NONE', *, *, #1716, .T. ) ;
#3849 = DIRECTION ( 'NONE',  ( 0.000000000000000000, 0.000000000000000000, -1.000000000000000000 ) ) ;
#3850 = EDGE_CURVE ( 'NONE', #1572, #3645, #4989, .T. ) ;
#3851 = EDGE_CURVE ( 'NONE', #1875, #6539, #3997, .T. ) ;
#3852 = CARTESIAN_POINT ( 'NONE',  ( -61.54560449174972803, -3.250000000000000000, -3.261230304006072611 ) ) ;
#3853 = ORIENTED_EDGE ( 'NONE', *, *, #4920, .F. ) ;
#3854 = VERTEX_POINT ( 'NONE', #1947 ) ;
#3855 = EDGE_LOOP ( 'NONE', ( #240, #1832, #235, #4770 ) ) ;
#3856 = EDGE_CURVE ( 'NONE', #2094, #5732, #3501, .T. ) ;
#3857 = CARTESIAN_POINT ( 'NONE',  ( -19.69137825829315958, 7.159555455029353865, 27.73876969599392694 ) ) ;
#3858 = ORIENTED_EDGE ( 'NONE', *, *, #5990, .F. ) ;
#3859 = DIRECTION ( 'NONE',  ( 1.000000000000000000, 0.000000000000000000, 0.000000000000000000 ) ) ;
#3860 = VECTOR ( 'NONE', #4832, 1000.000000000000000 ) ;
#3861 = CARTESIAN_POINT ( 'NONE',  ( -9.280464726337173786, -3.250000000000000000, 26.76711071965634403 ) ) ;
#3862 = CARTESIAN_POINT ( 'NONE',  ( 1.873062941308192730, 5.875000000000003553, 22.13434452200543134 ) ) ;
#3863 = AXIS2_PLACEMENT_3D ( 'NONE', #586, #2606, #4618 ) ;
#3864 = EDGE_CURVE ( 'NONE', #3753, #5126, #2625, .T. ) ;
#3865 = DIRECTION ( 'NONE',  ( 0.000000000000000000, 0.000000000000000000, 1.000000000000000000 ) ) ;
#3866 = CARTESIAN_POINT ( 'NONE',  ( -41.25872214768999413, 17.76999999999999957, 25.32705422904000159 ) ) ;
#3867 = ADVANCED_FACE ( 'NONE', ( #2103, #6144 ), #1605, .T. ) ;
#3868 = AXIS2_PLACEMENT_3D ( 'NONE', #1358, #5326, #960 ) ;
#3869 = CARTESIAN_POINT ( 'NONE',  ( -8.258722147691500481, 17.76999999999944890, 1.147054229039999873 ) ) ;
#3870 = LINE ( 'NONE', #5389, #3467 ) ;
#3871 = DIRECTION ( 'NONE',  ( 0.000000000000000000, 0.000000000000000000, 1.000000000000000000 ) ) ;
#3872 = CARTESIAN_POINT ( 'NONE',  ( -41.00629492439851020, 12.49999999999999822, 26.33429218978178454 ) ) ;
#3873 = DIRECTION ( 'NONE',  ( -2.156417553693440290E-16, 1.000000000000000000, 0.000000000000000000 ) ) ;
#3874 = EDGE_CURVE ( 'NONE', #3842, #5204, #1135, .T. ) ;
#3875 = CARTESIAN_POINT ( 'NONE',  ( -41.25872214768999413, 12.50000000000000000, 3.147054229040000095 ) ) ;
#3876 = CARTESIAN_POINT ( 'NONE',  ( -51.60056723113756760, 8.750000000000000000, 16.72284629709940162 ) ) ;
#3877 = EDGE_LOOP ( 'NONE', ( #3950, #4548, #5674, #3821 ) ) ;
#3878 = CARTESIAN_POINT ( 'NONE',  ( -39.25872214768999413, 12.50000000000000000, 13.07038756237333210 ) ) ;
#3879 = DIRECTION ( 'NONE',  ( -0.000000000000000000, -0.000000000000000000, 1.000000000000000000 ) ) ;
#3880 = ORIENTED_EDGE ( 'NONE', *, *, #2569, .T. ) ;
#3881 = ORIENTED_EDGE ( 'NONE', *, *, #131, .F. ) ;
#3882 = ORIENTED_EDGE ( 'NONE', *, *, #1026, .F. ) ;
#3883 = PRODUCT_DEFINITION_FORMATION_WITH_SPECIFIED_SOURCE ( 'ANY', '', #6380, .NOT_KNOWN. ) ;
#3884 = DIRECTION ( 'NONE',  ( 1.000000000000000000, 0.000000000000000000, 0.000000000000000000 ) ) ;
#3885 = VERTEX_POINT ( 'NONE', #6458 ) ;
#3886 = ORIENTED_EDGE ( 'NONE', *, *, #1796, .T. ) ;
#3887 = ORIENTED_EDGE ( 'NONE', *, *, #2154, .F. ) ;
#3888 = CARTESIAN_POINT ( 'NONE',  ( -60.04560449174972803, 10.50000000000000000, 25.73876969599392694 ) ) ;
#3889 = EDGE_CURVE ( 'NONE', #438, #2107, #3496, .T. ) ;
#3890 = VECTOR ( 'NONE', #6255, 1000.000000000000000 ) ;
#3891 = CARTESIAN_POINT ( 'NONE',  ( 3.469226652074591133, 5.875000000000003553, 2.440970280211873789 ) ) ;
#3892 = EDGE_CURVE ( 'NONE', #4136, #2889, #5547, .T. ) ;
#3893 = CARTESIAN_POINT ( 'NONE',  ( -7.858722147691999282, 17.76999999999999957, 4.947054229039999917 ) ) ;
#3894 = VECTOR ( 'NONE', #4104, 1000.000000000000000 ) ;
#3895 = CARTESIAN_POINT ( 'NONE',  ( -36.56523631235760519, 15.76999999999999957, 23.29986972807766321 ) ) ;
#3896 = DIRECTION ( 'NONE',  ( -0.000000000000000000, 1.000000000000000000, -0.000000000000000000 ) ) ;
#3897 = CARTESIAN_POINT ( 'NONE',  ( 0.6632224411602795078, 5.875000000000003553, -0.3347076689173388298 ) ) ;
#3898 = ADVANCED_FACE ( 'NONE', ( #3210 ), #5303, .T. ) ;
#3899 = VECTOR ( 'NONE', #2868, 1000.000000000000000 ) ;
#3900 = CARTESIAN_POINT ( 'NONE',  ( 9.852138378250273831, -3.250000000000000000, 24.23876969599391984 ) ) ;
#3901 = CARTESIAN_POINT ( 'NONE',  ( -53.99344095995156323, 5.875000000000003553, 23.48434452200542921 ) ) ;
#3902 = CARTESIAN_POINT ( 'NONE',  ( -11.99651859791752173, 5.271975420897883957, 35.00000000000000000 ) ) ;
#3903 = DIRECTION ( 'NONE',  ( 0.000000000000000000, 0.000000000000000000, 1.000000000000000000 ) ) ;
#3904 = STYLED_ITEM ( 'NONE', ( #434 ), #4008 ) ;
#3905 = LINE ( 'NONE', #4372, #5128 ) ;
#3906 = PLANE ( 'NONE',  #5217 ) ;
#3907 = CARTESIAN_POINT ( 'NONE',  ( -3.031734175909298834, 17.76999999999999602, 1.545512073673646514 ) ) ;
#3908 = VERTEX_POINT ( 'NONE', #4313 ) ;
#3909 = CARTESIAN_POINT ( 'NONE',  ( 6.352138378250272055, -3.250000000000000000, -6.761230304006072167 ) ) ;
#3910 = CARTESIAN_POINT ( 'NONE',  ( -4.258722147691999638, 12.50000000000000000, 1.147054229039999873 ) ) ;
#3911 = ORIENTED_EDGE ( 'NONE', *, *, #2764, .T. ) ;
#3912 = ORIENTED_EDGE ( 'NONE', *, *, #6203, .F. ) ;
#3913 = VERTEX_POINT ( 'NONE', #4810 ) ;
#3914 = PLANE ( 'NONE',  #2713 ) ;
#3915 = CARTESIAN_POINT ( 'NONE',  ( 0.000000000000000000, 0.000000000000000000, 0.5000000000000000000 ) ) ;
#3916 = ORIENTED_EDGE ( 'NONE', *, *, #564, .F. ) ;
#3917 = ORIENTED_EDGE ( 'NONE', *, *, #5554, .F. ) ;
#3918 = ORIENTED_EDGE ( 'NONE', *, *, #4868, .F. ) ;
#3919 = LINE ( 'NONE', #6448, #3262 ) ;
#3920 = CARTESIAN_POINT ( 'NONE',  ( -21.75872214769000124, 12.50000000000000000, 3.147054229040000095 ) ) ;
#3921 = ADVANCED_FACE ( 'NONE', ( #5703 ), #2198, .T. ) ;
#3922 = CARTESIAN_POINT ( 'NONE',  ( 4.006559040048433218, 8.250000000000000000, 22.13434452200543134 ) ) ;
#3923 = DIRECTION ( 'NONE',  ( -1.000000000000000000, 0.000000000000000000, 6.186460420561288263E-17 ) ) ;
#3924 = ADVANCED_FACE ( 'NONE', ( #2755 ), #177, .T. ) ;
#3925 = CARTESIAN_POINT ( 'NONE',  ( -51.60056723113756760, -3.250000000000000000, 25.73876969599392694 ) ) ;
#3926 = DIRECTION ( 'NONE',  ( -0.000000000000000000, -0.000000000000000000, -1.000000000000000000 ) ) ;
#3927 = LINE ( 'NONE', #858, #2408 ) ;
#3928 = CARTESIAN_POINT ( 'NONE',  ( -41.25872214768999413, 12.50000000000000000, 3.147054229040000095 ) ) ;
#3929 = DIRECTION ( 'NONE',  ( 0.000000000000000000, 0.000000000000000000, -1.000000000000000000 ) ) ;
#3930 = FACE_OUTER_BOUND ( 'NONE', #6220, .T. ) ;
#3931 = CARTESIAN_POINT ( 'NONE',  ( -53.99344095995156323, 5.875000000000003553, 22.13434452200543134 ) ) ;
#3932 = DIRECTION ( 'NONE',  ( -0.000000000000000000, 1.000000000000000000, -0.000000000000000000 ) ) ;
#3933 = CARTESIAN_POINT ( 'NONE',  ( -3.993315197171400488, 17.76999999999999602, 1.147054229040000317 ) ) ;
#3934 = ORIENTED_EDGE ( 'NONE', *, *, #3058, .F. ) ;
#3935 = B_SPLINE_CURVE_WITH_KNOTS ( 'NONE', 3,
 ( #4107, #3607, #14, #74 ),
 .UNSPECIFIED., .F., .F.,
 ( 4, 4 ),
 ( 0.000000000000000000, 1.000000000000000000 ),
 .UNSPECIFIED. ) ;
#3936 = CYLINDRICAL_SURFACE ( 'NONE', #65, 1.350000000000000533 ) ;
#3937 = EDGE_CURVE ( 'NONE', #5838, #4136, #4276, .T. ) ;
#3938 = CARTESIAN_POINT ( 'NONE',  ( -21.75872214769000124, 12.50000000000000000, 25.32705422904000159 ) ) ;
#3939 = CARTESIAN_POINT ( 'NONE',  ( -56.71569589905544717, 5.875000000000003553, 0.5000000000000000000 ) ) ;
#3940 = VERTEX_POINT ( 'NONE', #3145 ) ;
#3941 = ORIENTED_EDGE ( 'NONE', *, *, #5999, .T. ) ;
#3942 = EDGE_CURVE ( 'NONE', #3652, #3842, #611, .T. ) ;
#3943 = ORIENTED_EDGE ( 'NONE', *, *, #4838, .T. ) ;
#3944 = ADVANCED_FACE ( 'NONE', ( #6209 ), #3679, .F. ) ;
#3945 = LINE ( 'NONE', #2952, #5599 ) ;
#3946 = VECTOR ( 'NONE', #5178, 1000.000000000000000 ) ;
#3947 = DIRECTION ( 'NONE',  ( -1.000000000000000000, 0.000000000000000000, 0.000000000000000000 ) ) ;
#3948 = VERTEX_POINT ( 'NONE', #4706 ) ;
#3949 = ORIENTED_EDGE ( 'NONE', *, *, #3648, .T. ) ;
#3950 = ORIENTED_EDGE ( 'NONE', *, *, #2064, .T. ) ;
#3951 = CARTESIAN_POINT ( 'NONE',  ( 4.006559040048433218, 8.000000000000000000, -0.8656554779945688782 ) ) ;
#3952 = CIRCLE ( 'NONE', #6498, 3.500000000000000000 ) ;
#3953 = CARTESIAN_POINT ( 'NONE',  ( -35.65872214768999271, 15.76999999999999957, 4.947054229039999917 ) ) ;
#3954 = VECTOR ( 'NONE', #5117, 1000.000000000000000 ) ;
#3955 = CARTESIAN_POINT ( 'NONE',  ( -54.49344095995157033, 0.000000000000000000, 0.000000000000000000 ) ) ;
#3956 = AXIS2_PLACEMENT_3D ( 'NONE', #3188, #285, #6286 ) ;
#3957 = CIRCLE ( 'NONE', #1103, 2.419999999999998597 ) ;
#3958 = CARTESIAN_POINT ( 'NONE',  ( 6.352138378250272055, 8.757473573018954127, -4.761230304006072167 ) ) ;
#3959 = CARTESIAN_POINT ( 'NONE',  ( -2.800420255819354942, 10.50000000000000000, -2.120088323101982475 ) ) ;
#3960 = CARTESIAN_POINT ( 'NONE',  ( -60.04560449174972803, -3.250000000000000000, 24.23876969599392694 ) ) ;
#3961 = CARTESIAN_POINT ( 'NONE',  ( -4.258722147691941906, 12.50000000000000000, 2.317690357242517596 ) ) ;
#3962 = DIRECTION ( 'NONE',  ( -0.000000000000000000, 0.000000000000000000, -1.000000000000000000 ) ) ;
#3963 = VECTOR ( 'NONE', #4897, 1000.000000000000000 ) ;
#3964 = DIRECTION ( 'NONE',  ( 1.000000000000000000, 0.000000000000000000, 0.000000000000000000 ) ) ;
#3965 = CARTESIAN_POINT ( 'NONE',  ( -41.25872214768999413, 16.01333333333333542, 3.147054229040001871 ) ) ;
#3966 = B_SPLINE_CURVE_WITH_KNOTS ( 'NONE', 3,
 ( #1188, #1626, #5230, #2225 ),
 .UNSPECIFIED., .F., .F.,
 ( 4, 4 ),
 ( 0.000000000000000000, 1.000000000000000000 ),
 .UNSPECIFIED. ) ;
#3967 = DIRECTION ( 'NONE',  ( -0.000000000000000000, 1.000000000000000000, -0.000000000000000000 ) ) ;
#3968 = CARTESIAN_POINT ( 'NONE',  ( -18.91380884494807901, 4.040444544970647200, 26.77397846476551280 ) ) ;
#3969 = VERTEX_POINT ( 'NONE', #6272 ) ;
#3970 = EDGE_CURVE ( 'NONE', #5964, #1869, #6451, .T. ) ;
#3971 = CARTESIAN_POINT ( 'NONE',  ( -53.99344095995156323, 5.875000000000003553, 0.4843445220054299338 ) ) ;
#3972 = EDGE_CURVE ( 'NONE', #401, #5054, #6243, .T. ) ;
#3973 = PLANE ( 'NONE',  #6346 ) ;
#3974 = AXIS2_PLACEMENT_3D ( 'NONE', #2784, #3281, #2910 ) ;
#3975 = LINE ( 'NONE', #2452, #1044 ) ;
#3976 = ORIENTED_EDGE ( 'NONE', *, *, #5000, .F. ) ;
#3977 = ORIENTED_EDGE ( 'NONE', *, *, #133, .T. ) ;
#3978 = ORIENTED_EDGE ( 'NONE', *, *, #34, .F. ) ;
#3979 = VERTEX_POINT ( 'NONE', #5734 ) ;
#3980 = EDGE_CURVE ( 'NONE', #1898, #2614, #1195, .T. ) ;
#3981 = EDGE_CURVE ( 'NONE', #2432, #6503, #5777, .T. ) ;
#3982 =( NAMED_UNIT ( * ) PLANE_ANGLE_UNIT ( ) SI_UNIT ( $, .RADIAN. ) );
#3983 = DIRECTION ( 'NONE',  ( 3.469446951953614583E-15, 0.000000000000000000, -1.000000000000000000 ) ) ;
#3984 = DIRECTION ( 'NONE',  ( 0.000000000000000000, 0.000000000000000000, -1.000000000000000000 ) ) ;
#3985 = ORIENTED_EDGE ( 'NONE', *, *, #6301, .F. ) ;
#3986 = VERTEX_POINT ( 'NONE', #5871 ) ;
#3987 = ORIENTED_EDGE ( 'NONE', *, *, #167, .T. ) ;
#3988 = CARTESIAN_POINT ( 'NONE',  ( -39.79572938337270926, 4.466867144221085439, 26.71994397445526204 ) ) ;
#3989 = CARTESIAN_POINT ( 'NONE',  ( -50.38856591388922368, 4.466867144221085439, 27.73876969599392694 ) ) ;
#3990 = AXIS2_PLACEMENT_3D ( 'NONE', #5607, #3138, #5132 ) ;
#3991 = CARTESIAN_POINT ( 'NONE',  ( 7.852138378250272943, -3.250000000000000000, 24.23876969599392694 ) ) ;
#3992 = AXIS2_PLACEMENT_3D ( 'NONE', #2837, #2470, #6523 ) ;
#3993 = UNCERTAINTY_MEASURE_WITH_UNIT (LENGTH_MEASURE( 1.000000000000000082E-05 ), #77, 'distance_accuracy_value', 'NONE');
#3994 = CARTESIAN_POINT ( 'NONE',  ( 4.553332877239093968, 10.50000000000000000, 5.745289892734819048 ) ) ;
#3995 = LINE ( 'NONE', #6054, #838 ) ;
#3996 = DIRECTION ( 'NONE',  ( 0.000000000000000000, 1.000000000000000000, -0.000000000000000000 ) ) ;
#3997 = LINE ( 'NONE', #1415, #6331 ) ;
#3998 = FACE_OUTER_BOUND ( 'NONE', #1272, .T. ) ;
#3999 = VECTOR ( 'NONE', #3429, 1000.000000000000000 ) ;
#4000 = B_SPLINE_CURVE_WITH_KNOTS ( 'NONE', 3,
 ( #274, #5272, #6376, #3820 ),
 .UNSPECIFIED., .F., .F.,
 ( 4, 4 ),
 ( 0.000000000000000000, 1.000000000000000000 ),
 .UNSPECIFIED. ) ;
#4001 = CARTESIAN_POINT ( 'NONE',  ( -68.67003059873778170, 4.735238934357180796, -3.761230304006072167 ) ) ;
#4002 = CARTESIAN_POINT ( 'NONE',  ( -53.99344095995156323, 8.000000000000000000, 24.55434452200543305 ) ) ;
#4003 = DIRECTION ( 'NONE',  ( 0.000000000000000000, 0.000000000000000000, 1.000000000000000000 ) ) ;
#4004 = DIRECTION ( 'NONE',  ( 0.000000000000000000, 0.000000000000000000, -1.000000000000000000 ) ) ;
#4005 = EDGE_LOOP ( 'NONE', ( #5248, #472, #2166, #1106 ) ) ;
#4006 = CARTESIAN_POINT ( 'NONE',  ( 4.174007426639466445, 8.549883839852032708, 18.78434452200542992 ) ) ;
#4007 = CARTESIAN_POINT ( 'NONE',  ( 6.352138378250272055, 10.50000000000000000, 25.73876969599392694 ) ) ;
#4008 = MANIFOLD_SOLID_BREP ( 'Stock-CASE_NO_LETTERS_081123-1', #1312 ) ;
#4009 = CARTESIAN_POINT ( 'NONE',  ( -53.99344095995156323, 5.875000000000003553, -0.06565547799456880607 ) ) ;
#4010 = ORIENTED_EDGE ( 'NONE', *, *, #5033, .T. ) ;
#4011 = ADVANCED_FACE ( 'NONE', ( #1936 ), #846, .T. ) ;
#4012 = ORIENTED_EDGE ( 'NONE', *, *, #5260, .F. ) ;
#4013 = ORIENTED_EDGE ( 'NONE', *, *, #2854, .F. ) ;
#4014 = VECTOR ( 'NONE', #3067, 1000.000000000000000 ) ;
#4015 = CARTESIAN_POINT ( 'NONE',  ( -36.45988819929637259, 10.49999999999999645, 16.38796774895220665 ) ) ;
#4016 = LINE ( 'NONE', #6042, #5875 ) ;
#4017 = CYLINDRICAL_SURFACE ( 'NONE', #2609, 3.500000000000003109 ) ;
#4018 = ORIENTED_EDGE ( 'NONE', *, *, #2833, .F. ) ;
#4019 = EDGE_CURVE ( 'NONE', #1910, #6341, #1163, .T. ) ;
#4020 = ORIENTED_EDGE ( 'NONE', *, *, #1511, .T. ) ;
#4021 = ORIENTED_EDGE ( 'NONE', *, *, #626, .T. ) ;
#4022 = CARTESIAN_POINT ( 'NONE',  ( -54.49344095995157033, 6.904660110310268273, 18.82186810699505486 ) ) ;
#4023 = ORIENTED_EDGE ( 'NONE', *, *, #6450, .F. ) ;
#4024 = DIRECTION ( 'NONE',  ( 0.000000000000000000, 0.000000000000000000, 1.000000000000000000 ) ) ;
#4025 = EDGE_CURVE ( 'NONE', #747, #5142, #5904, .T. ) ;
#4026 = DIRECTION ( 'NONE',  ( -1.000000000000000000, 0.000000000000000000, 0.000000000000000000 ) ) ;
#4027 = DIRECTION ( 'NONE',  ( -0.8634336279715404405, -0.5044624565692709117, 0.000000000000000000 ) ) ;
#4028 = LINE ( 'NONE', #5520, #4842 ) ;
#4029 = EDGE_CURVE ( 'NONE', #3577, #877, #3945, .T. ) ;
#4030 = DIRECTION ( 'NONE',  ( -1.000000000000000000, 0.000000000000000000, 0.000000000000000000 ) ) ;
#4031 = FACE_OUTER_BOUND ( 'NONE', #530, .T. ) ;
#4032 = DIRECTION ( 'NONE',  ( 0.000000000000000000, -1.000000000000000000, 2.200000000000000003E-16 ) ) ;
#4033 = PLANE ( 'NONE',  #4487 ) ;
#4034 = CARTESIAN_POINT ( 'NONE',  ( -70.59445670572583253, 8.717998577795750492, -3.761230304006072167 ) ) ;
#4035 = EDGE_CURVE ( 'NONE', #4785, #3373, #5436, .T. ) ;
#4036 = LINE ( 'NONE', #1027, #6327 ) ;
#4037 = CARTESIAN_POINT ( 'NONE',  ( 0.6565590400484316858, 8.005448038964223301, 23.43434452200543205 ) ) ;
#4038 = FACE_OUTER_BOUND ( 'NONE', #430, .T. ) ;
#4039 = ORIENTED_EDGE ( 'NONE', *, *, #5918, .T. ) ;
#4040 = ORIENTED_EDGE ( 'NONE', *, *, #2941, .T. ) ;
#4041 = ORIENTED_EDGE ( 'NONE', *, *, #5677, .T. ) ;
#4042 = DIRECTION ( 'NONE',  ( 0.000000000000000000, 0.000000000000000000, 1.000000000000000000 ) ) ;
#4043 = CARTESIAN_POINT ( 'NONE',  ( -61.54560449174972803, -3.250000000000000000, 25.73876969599392694 ) ) ;
#4044 = DIRECTION ( 'NONE',  ( 0.000000000000000000, 0.000000000000000000, 1.000000000000000000 ) ) ;
#4045 = ORIENTED_EDGE ( 'NONE', *, *, #4035, .F. ) ;
#4046 = VERTEX_POINT ( 'NONE', #1370 ) ;
#4047 = ORIENTED_EDGE ( 'NONE', *, *, #3784, .T. ) ;
#4048 = CARTESIAN_POINT ( 'NONE',  ( -53.49344095995156323, 5.875000000000003553, 2.446820937015809605 ) ) ;
#4049 = ORIENTED_EDGE ( 'NONE', *, *, #329, .T. ) ;
#4050 = DIRECTION ( 'NONE',  ( 0.000000000000000000, 0.000000000000000000, 1.000000000000000000 ) ) ;
#4051 = EDGE_CURVE ( 'NONE', #963, #2479, #4629, .T. ) ;
#4052 = AXIS2_PLACEMENT_3D ( 'NONE', #6120, #5085, #1584 ) ;
#4053 = EDGE_CURVE ( 'NONE', #841, #1201, #3061, .T. ) ;
#4054 = CARTESIAN_POINT ( 'NONE',  ( -50.38856591388922368, 4.966867144221086328, 27.73876969599392694 ) ) ;
#4055 = ORIENTED_EDGE ( 'NONE', *, *, #1094, .F. ) ;
#4056 = ADVANCED_FACE ( 'NONE', ( #4448 ), #3914, .F. ) ;
#4057 = AXIS2_PLACEMENT_3D ( 'NONE', #743, #1874, #773 ) ;
#4058 = UNCERTAINTY_MEASURE_WITH_UNIT (LENGTH_MEASURE( 1.000000000000000082E-05 ), #5664, 'distance_accuracy_value', 'NONE');
#4059 = DIRECTION ( 'NONE',  ( -0.000000000000000000, 0.000000000000000000, -1.000000000000000000 ) ) ;
#4060 = DIRECTION ( 'NONE',  ( 0.000000000000000000, 1.000000000000000000, 0.000000000000000000 ) ) ;
#4061 = VECTOR ( 'NONE', #1522, 1000.000000000000000 ) ;
#4062 = EDGE_CURVE ( 'NONE', #5011, #6295, #300, .T. ) ;
#4063 = CARTESIAN_POINT ( 'NONE',  ( -51.19311627875442383, 8.567453508431418285, 22.43434452200543205 ) ) ;
#4064 = AXIS2_PLACEMENT_3D ( 'NONE', #646, #1705, #2700 ) ;
#4065 = CARTESIAN_POINT ( 'NONE',  ( -12.14296520732424334, 5.125528811491159686, 27.73876969599392694 ) ) ;
#4066 = DIRECTION ( 'NONE',  ( 0.000000000000000000, -0.8075247445764560661, -0.5898336942704522912 ) ) ;
#4067 = CARTESIAN_POINT ( 'NONE',  ( -3.251484186950200694, 12.49999999999999822, 27.07462700574851411 ) ) ;
#4068 = DIRECTION ( 'NONE',  ( -0.000000000000000000, -0.8036448296316399675, 0.5951092234256939451 ) ) ;
#4069 = VECTOR ( 'NONE', #281, 1000.000000000000000 ) ;
#4070 = DIRECTION ( 'NONE',  ( -1.000000000000000000, 0.000000000000000000, 6.186460420561288263E-17 ) ) ;
#4071 = EDGE_CURVE ( 'NONE', #2726, #3021, #1970, .T. ) ;
#4072 = CARTESIAN_POINT ( 'NONE',  ( -41.25872214768999413, 12.50000000000000000, 19.84857511121933271 ) ) ;
#4073 = VERTEX_POINT ( 'NONE', #1595 ) ;
#4074 = ORIENTED_EDGE ( 'NONE', *, *, #3942, .T. ) ;
#4076 = AXIS2_PLACEMENT_3D ( 'NONE', #5538, #4602, #2098 ) ;
#4075 = CARTESIAN_POINT ( 'NONE',  ( -21.75872214769000124, 12.50000000000000000, 27.32705422903999803 ) ) ;
#4077 = CIRCLE ( 'NONE', #6414, 3.500000000000000000 ) ;
#4078 = CARTESIAN_POINT ( 'NONE',  ( -42.66762651602910239, 10.50000000000000000, 13.32093663378251769 ) ) ;
#4079 = CARTESIAN_POINT ( 'NONE',  ( -60.04560449174972803, -3.250000000000000000, -6.761230304006072167 ) ) ;
#4080 = VERTEX_POINT ( 'NONE', #1034 ) ;
#4081 = B_SPLINE_CURVE_WITH_KNOTS ( 'NONE', 3,
 ( #1955, #2354, #834, #4995 ),
 .UNSPECIFIED., .F., .F.,
 ( 4, 4 ),
 ( 0.000000000000000000, 1.000000000000000000 ),
 .UNSPECIFIED. ) ;
#4082 = ORIENTED_EDGE ( 'NONE', *, *, #6336, .T. ) ;
#4083 = ORIENTED_EDGE ( 'NONE', *, *, #1767, .T. ) ;
#4084 = ORIENTED_EDGE ( 'NONE', *, *, #6280, .T. ) ;
#4085 = CARTESIAN_POINT ( 'NONE',  ( 4.006559040048433218, 5.875000000000003553, 22.13434452200543134 ) ) ;
#4086 = CARTESIAN_POINT ( 'NONE',  ( -67.07003059873778739, 4.735238934357180796, -3.761230304006072167 ) ) ;
#4087 = ORIENTED_EDGE ( 'NONE', *, *, #4019, .T. ) ;
#4088 = B_SPLINE_CURVE_WITH_KNOTS ( 'NONE', 3,
 ( #2549, #6129, #2057, #995 ),
 .UNSPECIFIED., .F., .F.,
 ( 4, 4 ),
 ( 0.000000000000000000, 1.000000000000000000 ),
 .UNSPECIFIED. ) ;
#4089 = VECTOR ( 'NONE', #2191, 1000.000000000000000 ) ;
#4090 = EDGE_CURVE ( 'NONE', #4854, #1763, #2105, .T. ) ;
#4091 = B_SPLINE_CURVE_WITH_KNOTS ( 'NONE', 3,
 ( #3838, #5421, #4895, #863 ),
 .UNSPECIFIED., .F., .F.,
 ( 4, 4 ),
 ( 0.000000000000000000, 1.000000000000000000 ),
 .UNSPECIFIED. ) ;
#4092 = CARTESIAN_POINT ( 'NONE',  ( 9.876295877967507408, 8.757473573018954127, -6.761230304006072167 ) ) ;
#4093 = DIRECTION ( 'NONE',  ( 0.000000000000000000, -1.000000000000000000, 0.000000000000000000 ) ) ;
#4094 = AXIS2_PLACEMENT_3D ( 'NONE', #6022, #4431, #5388 ) ;
#4095 = FACE_OUTER_BOUND ( 'NONE', #2307, .T. ) ;
#4096 = EDGE_CURVE ( 'NONE', #2883, #2826, #3935, .T. ) ;
#4097 = ORIENTED_EDGE ( 'NONE', *, *, #4992, .F. ) ;
#4098 = CARTESIAN_POINT ( 'NONE',  ( -39.29572938337270926, 4.966867144221086328, 26.71994397445526204 ) ) ;
#4099 = CARTESIAN_POINT ( 'NONE',  ( -54.49344095995157033, 10.50000000000000000, 18.82186810699505486 ) ) ;
#4100 = VECTOR ( 'NONE', #1985, 1000.000000000000000 ) ;
#4101 = DIRECTION ( 'NONE',  ( 0.000000000000000000, 0.000000000000000000, -1.000000000000000000 ) ) ;
#4102 = CARTESIAN_POINT ( 'NONE',  ( -21.38836543812355373, -12.75000000000000000, 26.77397846476551280 ) ) ;
#4103 = LINE ( 'NONE', #5091, #2536 ) ;
#4104 = DIRECTION ( 'NONE',  ( 0.000000000000000000, 0.000000000000000000, -1.000000000000000000 ) ) ;
#4105 = ORIENTED_EDGE ( 'NONE', *, *, #342, .T. ) ;
#4106 = EDGE_LOOP ( 'NONE', ( #3439, #4292, #4974, #5493 ) ) ;
#4107 = CARTESIAN_POINT ( 'NONE',  ( -32.69603967124039912, 15.76999999999944713, 3.147054229040000095 ) ) ;
#4108 = EDGE_CURVE ( 'NONE', #5935, #1548, #2749, .T. ) ;
#4109 = CARTESIAN_POINT ( 'NONE',  ( -4.258722147691999638, 12.50000000000000000, 27.32705422903999803 ) ) ;
#4110 = AXIS2_PLACEMENT_3D ( 'NONE', #4800, #4137, #4663 ) ;
#4111 = ORIENTED_EDGE ( 'NONE', *, *, #2290, .T. ) ;
#4112 = ORIENTED_EDGE ( 'NONE', *, *, #1781, .T. ) ;
#4113 = ORIENTED_EDGE ( 'NONE', *, *, #2714, .T. ) ;
#4114 = FACE_OUTER_BOUND ( 'NONE', #1660, .T. ) ;
#4115 = EDGE_CURVE ( 'NONE', #1765, #4318, #5994, .T. ) ;
#4116 = CARTESIAN_POINT ( 'NONE',  ( -41.00629492439851731, 12.50000000000000178, 2.139816268298201596 ) ) ;
#4117 = AXIS2_PLACEMENT_3D ( 'NONE', #2708, #4264, #4725 ) ;
#4118 = CARTESIAN_POINT ( 'NONE',  ( -9.056609998917636517, 17.03505959555697657, 4.947054229040001694 ) ) ;
#4119 = ORIENTED_EDGE ( 'NONE', *, *, #4928, .F. ) ;
#4120 = ORIENTED_EDGE ( 'NONE', *, *, #2451, .T. ) ;
#4121 = ADVANCED_FACE ( 'NONE', ( #2616 ), #5071, .T. ) ;
#4122 = CARTESIAN_POINT ( 'NONE',  ( -41.02138857898814450, 10.49999999999999822, 17.29530658827989953 ) ) ;
#4123 = ADVANCED_FACE ( 'NONE', ( #4630 ), #2554, .T. ) ;
#4124 = CARTESIAN_POINT ( 'NONE',  ( 0.000000000000000000, 0.000000000000000000, -0.5000000000000000000 ) ) ;
#4125 = CARTESIAN_POINT ( 'NONE',  ( -4.258722147691999638, 12.50000000000000000, 25.32705422904000159 ) ) ;
#4126 = ORIENTED_EDGE ( 'NONE', *, *, #5936, .F. ) ;
#4127 = CARTESIAN_POINT ( 'NONE',  ( 4.553332877239093079, 5.875000000000003553, 3.239422186896803169 ) ) ;
#4128 = DIRECTION ( 'NONE',  ( 0.000000000000000000, 1.000000000000000000, 0.000000000000000000 ) ) ;
#4129 = DIRECTION ( 'NONE',  ( -1.000000000000000000, 0.000000000000000000, 0.000000000000000000 ) ) ;
#4130 = DIRECTION ( 'NONE',  ( -0.000000000000000000, 0.000000000000000000, 1.000000000000000000 ) ) ;
#4131 = EDGE_CURVE ( 'NONE', #2489, #2305, #2126, .T. ) ;
#4132 = CARTESIAN_POINT ( 'NONE',  ( -7.619836860194360462, 15.77000000000000313, 23.52705422903999732 ) ) ;
#4133 = CARTESIAN_POINT ( 'NONE',  ( 9.876295877967509185, 0.7130042956954123490, -3.761230304006072167 ) ) ;
#4134 = EDGE_CURVE ( 'NONE', #2646, #4598, #5269, .T. ) ;
#4135 = ORIENTED_EDGE ( 'NONE', *, *, #1317, .F. ) ;
#4136 = VERTEX_POINT ( 'NONE', #2063 ) ;
#4137 = DIRECTION ( 'NONE',  ( 0.000000000000000000, -1.000000000000000000, 0.000000000000000000 ) ) ;
#4138 = CARTESIAN_POINT ( 'NONE',  ( -61.54560449174972803, -3.250000000000000000, 25.73876969599392694 ) ) ;
#4139 = DIRECTION ( 'NONE',  ( 0.000000000000000000, 0.000000000000000000, 1.000000000000000000 ) ) ;
#4140 = EDGE_CURVE ( 'NONE', #1137, #251, #5360, .T. ) ;
#4141 = VERTEX_POINT ( 'NONE', #2494 ) ;
#4142 = ORIENTED_EDGE ( 'NONE', *, *, #3606, .F. ) ;
#4143 = EDGE_CURVE ( 'NONE', #2726, #3913, #1533, .T. ) ;
#4144 = ORIENTED_EDGE ( 'NONE', *, *, #5487, .T. ) ;
#4145 = CARTESIAN_POINT ( 'NONE',  ( -35.75872214769000124, 10.50000000000000000, 13.77890530039148942 ) ) ;
#4146 = DIRECTION ( 'NONE',  ( 0.000000000000000000, -0.000000000000000000, 1.000000000000000000 ) ) ;
#4147 =( NAMED_UNIT ( * ) SI_UNIT ( $, .STERADIAN. ) SOLID_ANGLE_UNIT ( ) );
#4148 = VERTEX_POINT ( 'NONE', #5604 ) ;
#4149 = ORIENTED_EDGE ( 'NONE', *, *, #2854, .T. ) ;
#4150 = ORIENTED_EDGE ( 'NONE', *, *, #3165, .T. ) ;
#4151 = CARTESIAN_POINT ( 'NONE',  ( -8.846282973174666608, 15.76999999999999602, 4.947054229039999917 ) ) ;
#4152 = B_SPLINE_CURVE_WITH_KNOTS ( 'NONE', 3,
 ( #2999, #4561, #2472, #2933 ),
 .UNSPECIFIED., .F., .F.,
 ( 4, 4 ),
 ( 0.000000000000000000, 1.000000000000000000 ),
 .UNSPECIFIED. ) ;
#4153 = DIRECTION ( 'NONE',  ( -0.000000000000000000, 1.000000000000000000, -0.000000000000000000 ) ) ;
#4154 = AXIS2_PLACEMENT_3D ( 'NONE', #3357, #4427, #3423 ) ;
#4155 = DIRECTION ( 'NONE',  ( 0.000000000000000000, 2.200000000000000003E-16, 1.000000000000000000 ) ) ;
#4156 = VERTEX_POINT ( 'NONE', #4269 ) ;
#4157 = B_SPLINE_CURVE_WITH_KNOTS ( 'NONE', 3,
 ( #2027, #5064, #4593, #3091 ),
 .UNSPECIFIED., .F., .F.,
 ( 4, 4 ),
 ( 0.000000000000000000, 1.000000000000000000 ),
 .UNSPECIFIED. ) ;
#4158 = CARTESIAN_POINT ( 'NONE',  ( -39.25872214768999413, 12.50000000000000000, 10.73705422903999995 ) ) ;
#4159 = LINE ( 'NONE', #6155, #3104 ) ;
#4160 = DIRECTION ( 'NONE',  ( 0.000000000000000000, 0.000000000000000000, 1.000000000000000000 ) ) ;
#4161 = CARTESIAN_POINT ( 'NONE',  ( -20.19137825829315602, 6.659555455029353865, 26.77397846476551280 ) ) ;
#4162 = CARTESIAN_POINT ( 'NONE',  ( -6.416939595964034737, 15.77000000000000668, 22.83075278613717529 ) ) ;
#4163 = EDGE_LOOP ( 'NONE', ( #776, #5267, #5014, #6012 ) ) ;
#4164 = PLANE ( 'NONE',  #6284 ) ;
#4165 = VERTEX_POINT ( 'NONE', #3272 ) ;
#4166 = EDGE_CURVE ( 'NONE', #4362, #5774, #732, .T. ) ;
#4167 = FACE_OUTER_BOUND ( 'NONE', #4851, .T. ) ;
#4168 = EDGE_CURVE ( 'NONE', #567, #4837, #5763, .T. ) ;
#4169 = AXIS2_PLACEMENT_3D ( 'NONE', #4534, #490, #33 ) ;
#4170 = DIRECTION ( 'NONE',  ( 0.000000000000000000, -0.000000000000000000, 1.000000000000000000 ) ) ;
#4171 =( NAMED_UNIT ( * ) SI_UNIT ( $, .STERADIAN. ) SOLID_ANGLE_UNIT ( ) );
#4172 = VERTEX_POINT ( 'NONE', #5261 ) ;
#4173 = ORIENTED_EDGE ( 'NONE', *, *, #3719, .F. ) ;
#4174 = ADVANCED_FACE ( 'NONE', ( #4167 ), #1653, .T. ) ;
#4175 = EDGE_CURVE ( 'NONE', #4303, #605, #5228, .T. ) ;
#4176 = EDGE_LOOP ( 'NONE', ( #4173, #4375, #464, #3710, #1433, #1464 ) ) ;
#4177 =( GEOMETRIC_REPRESENTATION_CONTEXT ( 3 ) GLOBAL_UNCERTAINTY_ASSIGNED_CONTEXT ( ( #1481 ) ) GLOBAL_UNIT_ASSIGNED_CONTEXT ( ( #6122, #2082, #2590 ) ) REPRESENTATION_CONTEXT ( 'NONE', 'WORKASPACE' ) );
#4178 = DIRECTION ( 'NONE',  ( 0.000000000000000000, 1.000000000000000000, -2.200000000000000003E-16 ) ) ;
#4179 = CARTESIAN_POINT ( 'NONE',  ( -7.858722147691999282, 17.76999999999999957, 23.52705422904000088 ) ) ;
#4180 = CARTESIAN_POINT ( 'NONE',  ( -37.45872214768999697, 15.76999999999999957, 21.72705422903999661 ) ) ;
#4181 = ORIENTED_EDGE ( 'NONE', *, *, #1716, .F. ) ;
#4182 = EDGE_LOOP ( 'NONE', ( #4187, #2857, #1185, #2001 ) ) ;
#4183 = ORIENTED_EDGE ( 'NONE', *, *, #592, .T. ) ;
#4184 = CARTESIAN_POINT ( 'NONE',  ( -61.54560449174972803, -3.250000000000000000, 24.23876969599392694 ) ) ;
#4185 = DIRECTION ( 'NONE',  ( 1.000000000000000000, 0.000000000000000000, 0.000000000000000000 ) ) ;
#4186 = LINE ( 'NONE', #1641, #1525 ) ;
#4187 = ORIENTED_EDGE ( 'NONE', *, *, #785, .F. ) ;
#4188 = DIRECTION ( 'NONE',  ( -1.000000000000000000, 0.000000000000000000, 0.000000000000000000 ) ) ;
#4189 = DIRECTION ( 'NONE',  ( 1.000000000000000000, 0.000000000000000000, 0.000000000000000000 ) ) ;
#4190 = CARTESIAN_POINT ( 'NONE',  ( -13.43515625503130551, 4.040444544970648089, 26.77397846476551280 ) ) ;
#4191 = CARTESIAN_POINT ( 'NONE',  ( -41.20666750102661524, 17.77000000000000313, 2.623558460321438801 ) ) ;
#4192 =( GEOMETRIC_REPRESENTATION_CONTEXT ( 3 ) GLOBAL_UNCERTAINTY_ASSIGNED_CONTEXT ( ( #4058 ) ) GLOBAL_UNIT_ASSIGNED_CONTEXT ( ( #5664, #4665, #4171 ) ) REPRESENTATION_CONTEXT ( 'NONE', 'WORKASPACE' ) );
#4193 = B_SPLINE_SURFACE_WITH_KNOTS ( 'NONE', 3, 1, ( 
 ( #153, #5211 ),
 ( #1707, #4679 ),
 ( #5647, #1207 ),
 ( #3120, #6151 ),
 ( #5148, #3223 ),
 ( #122, #3658 ) ),
 .UNSPECIFIED., .F., .F., .F.,
 ( 4, 2, 4 ),
 ( 2, 2 ),
 ( 0.000000000000000000, 0.5000000000000000000, 1.000000000000000000 ),
 ( 0.000000000000000000, 1.000000000000000000 ),
 .UNSPECIFIED. ) ;
#4194 = DIRECTION ( 'NONE',  ( -0.000000000000000000, 1.000000000000000000, -0.000000000000000000 ) ) ;
#4195 = DIRECTION ( 'NONE',  ( 0.000000000000000000, 1.000000000000000000, 0.000000000000000000 ) ) ;
#4196 = VECTOR ( 'NONE', #4068, 999.9999999999998863 ) ;
#4197 = ORIENTED_EDGE ( 'NONE', *, *, #5231, .T. ) ;
#4198 = CARTESIAN_POINT ( 'NONE',  ( -13.43515625503130551, 4.040444544970648977, 27.73876969599392694 ) ) ;
#4199 = CARTESIAN_POINT ( 'NONE',  ( -42.75872214769000124, 12.50000000000000000, 14.23705422903999995 ) ) ;
#4200 = VERTEX_POINT ( 'NONE', #1623 ) ;
#4201 = CARTESIAN_POINT ( 'NONE',  ( -52.87168085293829733, 6.777921909693363389, 18.91571935740634203 ) ) ;
#4202 = AXIS2_PLACEMENT_3D ( 'NONE', #3167, #4660, #4761 ) ;
#4203 = B_SPLINE_CURVE_WITH_KNOTS ( 'NONE', 3,
 ( #4830, #2281, #4369, #3802, #5823, #5359 ),
 .UNSPECIFIED., .F., .F.,
 ( 4, 2, 4 ),
 ( 0.000000000000000000, 0.5000000000000000000, 1.000000000000000000 ),
 .UNSPECIFIED. ) ;
#4204 = PLANE ( 'NONE',  #1690 ) ;
#4205 = EDGE_CURVE ( 'NONE', #1192, #1729, #3202, .T. ) ;
#4206 = VERTEX_POINT ( 'NONE', #6199 ) ;
#4207 = ORIENTED_EDGE ( 'NONE', *, *, #4425, .T. ) ;
#4208 = VECTOR ( 'NONE', #4612, 1000.000000000000000 ) ;
#4209 = ORIENTED_EDGE ( 'NONE', *, *, #5611, .T. ) ;
#4210 = LINE ( 'NONE', #2722, #4398 ) ;
#4211 = CARTESIAN_POINT ( 'NONE',  ( 6.352138378250272055, 12.50000000000000000, 24.23876969599392694 ) ) ;
#4212 = EDGE_CURVE ( 'NONE', #3592, #3842, #232, .T. ) ;
#4213 = VECTOR ( 'NONE', #698, 1000.000000000000000 ) ;
#4214 = CARTESIAN_POINT ( 'NONE',  ( -8.258722147691500481, 17.76999999999944890, 4.947054229039999917 ) ) ;
#4215 = ORIENTED_EDGE ( 'NONE', *, *, #3186, .F. ) ;
#4216 = EDGE_LOOP ( 'NONE', ( #2702, #4718 ) ) ;
#4217 = ORIENTED_EDGE ( 'NONE', *, *, #657, .T. ) ;
#4218 = DIRECTION ( 'NONE',  ( 0.000000000000000000, 0.000000000000000000, -1.000000000000000000 ) ) ;
#4219 = AXIS2_PLACEMENT_3D ( 'NONE', #6158, #5924, #3871 ) ;
#4220 = EDGE_CURVE ( 'NONE', #5707, #1738, #633, .T. ) ;
#4221 = CARTESIAN_POINT ( 'NONE',  ( -35.65872214768999271, 15.76999999999999957, 23.52705422904000088 ) ) ;
#4222 = CARTESIAN_POINT ( 'NONE',  ( -11.99651859791752173, 5.479082202084430975, 27.73876969599392694 ) ) ;
#4223 = VERTEX_POINT ( 'NONE', #2648 ) ;
#4224 = DIRECTION ( 'NONE',  ( 0.000000000000000000, 0.000000000000000000, -1.000000000000000000 ) ) ;
#4225 = DIRECTION ( 'NONE',  ( 0.000000000000000000, 1.000000000000000000, 0.000000000000000000 ) ) ;
#4226 = EDGE_CURVE ( 'NONE', #1473, #6170, #518, .T. ) ;
#4227 = DIRECTION ( 'NONE',  ( 0.000000000000000000, -0.000000000000000000, 1.000000000000000000 ) ) ;
#4228 = DIRECTION ( 'NONE',  ( 0.000000000000000000, 0.000000000000000000, 1.000000000000000000 ) ) ;
#4229 = CARTESIAN_POINT ( 'NONE',  ( -21.75872214769000479, 12.50000000000000000, 26.66038756237333374 ) ) ;
#4230 = LINE ( 'NONE', #3582, #800 ) ;
#4231 = CARTESIAN_POINT ( 'NONE',  ( -66.59445670572583253, 8.717998577795754045, -6.761230304006072167 ) ) ;
#4232 = EDGE_CURVE ( 'NONE', #814, #3715, #137, .T. ) ;
#4233 = B_SPLINE_CURVE_WITH_KNOTS ( 'NONE', 3,
 ( #2710, #2744, #4690, #4266, #294, #164, #5861, #5327, #6364, #1793 ),
 .UNSPECIFIED., .F., .F.,
 ( 4, 2, 2, 2, 4 ),
 ( 0.000000000000000000, 0.2500000000000000000, 0.5000000000000000000, 0.7500000000000000000, 1.000000000000000000 ),
 .UNSPECIFIED. ) ;
#4234 = ORIENTED_EDGE ( 'NONE', *, *, #3889, .T. ) ;
#4235 = LINE ( 'NONE', #6261, #1735 ) ;
#4236 = LINE ( 'NONE', #1794, #3544 ) ;
#4237 = VERTEX_POINT ( 'NONE', #3239 ) ;
#4238 = LINE ( 'NONE', #1123, #1369 ) ;
#4239 = CARTESIAN_POINT ( 'NONE',  ( -38.60223981824245953, 8.750000000000000000, 25.73876969599392694 ) ) ;
#4240 = ORIENTED_EDGE ( 'NONE', *, *, #1194, .F. ) ;
#4241 = ORIENTED_EDGE ( 'NONE', *, *, #2035, .T. ) ;
#4242 = ORIENTED_EDGE ( 'NONE', *, *, #5794, .T. ) ;
#4243 = DIRECTION ( 'NONE',  ( -1.000000000000000000, 0.000000000000000000, 0.000000000000000000 ) ) ;
#4244 = DIRECTION ( 'NONE',  ( 0.000000000000000000, -1.000000000000000000, 2.200000000000000003E-16 ) ) ;
#4245 = CARTESIAN_POINT ( 'NONE',  ( -61.54560449174972803, 4.040444544970641871, 27.73876969599392694 ) ) ;
#4246 = ORIENTED_EDGE ( 'NONE', *, *, #2915, .T. ) ;
#4247 = ORIENTED_EDGE ( 'NONE', *, *, #4814, .F. ) ;
#4248 = EDGE_LOOP ( 'NONE', ( #710, #1938, #6305, #2852 ) ) ;
#4249 = ADVANCED_FACE ( 'NONE', ( #2777 ), #2748, .F. ) ;
#4250 = CARTESIAN_POINT ( 'NONE',  ( -57.34344095995156465, 5.875000000000003553, 22.43434452200543205 ) ) ;
#4251 = EDGE_CURVE ( 'NONE', #4223, #1105, #266, .T. ) ;
#4252 = DIRECTION ( 'NONE',  ( -0.000000000000000000, 1.000000000000000000, -0.000000000000000000 ) ) ;
#4253 = EDGE_CURVE ( 'NONE', #2008, #2563, #4238, .T. ) ;
#4254 = CARTESIAN_POINT ( 'NONE',  ( -50.88856591388922368, 4.466867144221085439, 26.71994397445526204 ) ) ;
#4255 = EDGE_LOOP ( 'NONE', ( #4247, #6046, #5705, #6551, #1675, #6168 ) ) ;
#4256 = DIRECTION ( 'NONE',  ( 0.000000000000000000, 0.000000000000000000, 1.000000000000000000 ) ) ;
#4257 = PLANE ( 'NONE',  #2937 ) ;
#4258 = FACE_OUTER_BOUND ( 'NONE', #3855, .T. ) ;
#4259 = CARTESIAN_POINT ( 'NONE',  ( -39.79572938337270926, 4.466867144221085439, 26.71994397445526204 ) ) ;
#4260 = CARTESIAN_POINT ( 'NONE',  ( -6.058722147692000348, 15.76999999999999957, 21.72705422903999661 ) ) ;
#4261 = AXIS2_PLACEMENT_3D ( 'NONE', #5617, #5059, #1078 ) ;
#4262 = ADVANCED_FACE ( 'NONE', ( #5661 ), #2224, .T. ) ;
#4263 = LINE ( 'NONE', #2218, #3639 ) ;
#4264 = DIRECTION ( 'NONE',  ( -0.000000000000000000, -0.000000000000000000, -1.000000000000000000 ) ) ;
#4265 = VERTEX_POINT ( 'NONE', #5695 ) ;
#4266 = CARTESIAN_POINT ( 'NONE',  ( -6.949677599886411983, 17.76999999999999602, 5.175208026517736926 ) ) ;
#4267 = DIRECTION ( 'NONE',  ( -1.000000000000000000, 0.000000000000000000, -0.000000000000000000 ) ) ;
#4268 = EDGE_LOOP ( 'NONE', ( #2491, #2909, #1967, #4126 ) ) ;
#4269 = CARTESIAN_POINT ( 'NONE',  ( 4.006559040048433218, 5.875000000000003553, 0.4843445220054316547 ) ) ;
#4270 = EDGE_CURVE ( 'NONE', #668, #1652, #2586, .T. ) ;
#4271 = AXIS2_PLACEMENT_3D ( 'NONE', #3064, #3597, #553 ) ;
#4272 = LINE ( 'NONE', #2750, #4985 ) ;
#4273 = ORIENTED_EDGE ( 'NONE', *, *, #915, .F. ) ;
#4274 = ORIENTED_EDGE ( 'NONE', *, *, #4650, .F. ) ;
#4275 = ORIENTED_EDGE ( 'NONE', *, *, #4518, .T. ) ;
#4276 = B_SPLINE_CURVE_WITH_KNOTS ( 'NONE', 3,
 ( #5169, #670, #742, #2656 ),
 .UNSPECIFIED., .F., .F.,
 ( 4, 4 ),
 ( 0.000000000000000000, 1.000000000000000000 ),
 .UNSPECIFIED. ) ;
#4277 = LINE ( 'NONE', #5669, #375 ) ;
#4278 = CARTESIAN_POINT ( 'NONE',  ( -34.34710314564185296, 16.93030099088181473, 1.147054229039999429 ) ) ;
#4279 = CIRCLE ( 'NONE', #3750, 3.499999999999999556 ) ;
#4280 = VECTOR ( 'NONE', #1711, 1000.000000000000000 ) ;
#4281 = DIRECTION ( 'NONE',  ( -0.000000000000000000, 1.000000000000000000, -0.000000000000000000 ) ) ;
#4282 = ORIENTED_EDGE ( 'NONE', *, *, #1518, .T. ) ;
#4283 = B_SPLINE_CURVE_WITH_KNOTS ( 'NONE', 3,
 ( #5431, #4444, #2391, #900 ),
 .UNSPECIFIED., .F., .F.,
 ( 4, 4 ),
 ( 0.000000000000000000, 1.000000000000000000 ),
 .UNSPECIFIED. ) ;
#4284 = ORIENTED_EDGE ( 'NONE', *, *, #2064, .F. ) ;
#4285 = ORIENTED_EDGE ( 'NONE', *, *, #2292, .F. ) ;
#4286 = CARTESIAN_POINT ( 'NONE',  ( -50.64344095995156891, 5.875000000000003553, -0.5000000000000000000 ) ) ;
#4287 = CARTESIAN_POINT ( 'NONE',  ( -4.258722147691989868, 14.67999999999999794, 3.147054229039999651 ) ) ;
#4288 = AXIS2_PLACEMENT_3D ( 'NONE', #1554, #6027, #4032 ) ;
#4289 = CIRCLE ( 'NONE', #5983, 4.000000000000003553 ) ;
#4290 = CARTESIAN_POINT ( 'NONE',  ( 0.7046605134103512968, 10.50000000000000000, 0.4999999999999997780 ) ) ;
#4291 = ADVANCED_FACE ( 'NONE', ( #3705 ), #664, .F. ) ;
#4292 = ORIENTED_EDGE ( 'NONE', *, *, #5090, .T. ) ;
#4293 = DIRECTION ( 'NONE',  ( 0.000000000000000000, 1.000000000000000000, 0.000000000000000000 ) ) ;
#4294 = DIRECTION ( 'NONE',  ( -0.000000000000000000, -0.000000000000000000, -1.000000000000000000 ) ) ;
#4295 = CARTESIAN_POINT ( 'NONE',  ( -60.04560449174972803, -3.250000000000000000, -3.261230304006072611 ) ) ;
#4296 = CARTESIAN_POINT ( 'NONE',  ( -53.99344095995156323, 8.000000000000000000, -0.8656554779945688782 ) ) ;
#4297 = FACE_OUTER_BOUND ( 'NONE', #4700, .T. ) ;
#4298 = FACE_OUTER_BOUND ( 'NONE', #2955, .T. ) ;
#4299 = EDGE_CURVE ( 'NONE', #3021, #3026, #4839, .T. ) ;
#4300 = DIRECTION ( 'NONE',  ( 0.000000000000000000, -1.000000000000000000, 0.000000000000000000 ) ) ;
#4301 = FACE_OUTER_BOUND ( 'NONE', #2604, .T. ) ;
#4302 = DIRECTION ( 'NONE',  ( 0.000000000000000000, 1.000000000000000000, -2.200000000000000003E-16 ) ) ;
#4303 = VERTEX_POINT ( 'NONE', #899 ) ;
#4304 = CARTESIAN_POINT ( 'NONE',  ( -50.88856591388922368, 7.983490513531148913, 35.00000000000000000 ) ) ;
#4305 = AXIS2_PLACEMENT_3D ( 'NONE', #6156, #623, #4160 ) ;
#4306 = CARTESIAN_POINT ( 'NONE',  ( -10.09205548102465677, 12.50000000000000000, 1.147054229039999873 ) ) ;
#4307 = APPLICATION_PROTOCOL_DEFINITION ( 'draft international standard', 'automotive_design', 1998, #6383 ) ;
#4308 = ORIENTED_EDGE ( 'NONE', *, *, #2090, .T. ) ;
#4309 = EDGE_LOOP ( 'NONE', ( #5666, #3546, #309, #5002, #4914, #6446, #1864 ) ) ;
#4310 = ORIENTED_EDGE ( 'NONE', *, *, #1003, .F. ) ;
#4311 = DIRECTION ( 'NONE',  ( -0.6540677456111221311, -0.7564359749186869708, -0.000000000000000000 ) ) ;
#4312 = EDGE_CURVE ( 'NONE', #3409, #3969, #1258, .T. ) ;
#4313 = CARTESIAN_POINT ( 'NONE',  ( -2.258722147692000082, 12.50000000000000000, 25.32705422904000159 ) ) ;
#4314 = AXIS2_PLACEMENT_3D ( 'NONE', #1733, #4244, #6345 ) ;
#4315 = CARTESIAN_POINT ( 'NONE',  ( -53.99344095995156323, 8.000000000000000000, 19.71434452200542964 ) ) ;
#4316 = ORIENTED_EDGE ( 'NONE', *, *, #2804, .T. ) ;
#4317 = VECTOR ( 'NONE', #825, 1000.000000000000000 ) ;
#4318 = VERTEX_POINT ( 'NONE', #1798 ) ;
#4319 = EDGE_LOOP ( 'NONE', ( #4651, #5012, #4135, #3912, #3846 ) ) ;
#4320 = EDGE_CURVE ( 'NONE', #3411, #6503, #1576, .T. ) ;
#4321 = FACE_OUTER_BOUND ( 'NONE', #637, .T. ) ;
#4322 = CARTESIAN_POINT ( 'NONE',  ( -35.65872214768999271, 17.76999999999999957, 23.52705422904000088 ) ) ;
#4323 = B_SPLINE_CURVE_WITH_KNOTS ( 'NONE', 3,
 ( #4617, #5087, #1115, #621 ),
 .UNSPECIFIED., .F., .F.,
 ( 4, 4 ),
 ( 0.000000000000000000, 1.000000000000000000 ),
 .UNSPECIFIED. ) ;
#4324 = LINE ( 'NONE', #1778, #3211 ) ;
#4325 = B_SPLINE_CURVE_WITH_KNOTS ( 'NONE', 3,
 ( #1077, #3691, #1171, #4221 ),
 .UNSPECIFIED., .F., .F.,
 ( 4, 4 ),
 ( 0.000000000000000000, 1.000000000000000000 ),
 .UNSPECIFIED. ) ;
#4326 = DIRECTION ( 'NONE',  ( 1.000000000000000000, 0.000000000000000000, -0.000000000000000000 ) ) ;
#4327 = ADVANCED_FACE ( 'NONE', ( #5865 ), #5368, .T. ) ;
#4328 = VECTOR ( 'NONE', #3601, 1000.000000000000000 ) ;
#4329 = VERTEX_POINT ( 'NONE', #2879 ) ;
#4330 = ADVANCED_FACE ( 'NONE', ( #867 ), #2911, .T. ) ;
#4331 = B_SPLINE_CURVE_WITH_KNOTS ( 'NONE', 3,
 ( #5771, #1237, #3250, #3487 ),
 .UNSPECIFIED., .F., .F.,
 ( 4, 4 ),
 ( 0.000000000000000000, 1.000000000000000000 ),
 .UNSPECIFIED. ) ;
#4332 = LINE ( 'NONE', #1748, #2059 ) ;
#4333 = CARTESIAN_POINT ( 'NONE',  ( -18.70837374726851721, 4.540444544970647200, 27.73876969599392694 ) ) ;
#4334 = VECTOR ( 'NONE', #378, 1000.000000000000000 ) ;
#4335 = CARTESIAN_POINT ( 'NONE',  ( -39.25872214769194812, 8.500000000000007105, 2.317690357242517596 ) ) ;
#4336 = DIRECTION ( 'NONE',  ( 0.000000000000000000, 0.000000000000000000, 1.000000000000000000 ) ) ;
#4337 = CARTESIAN_POINT ( 'NONE',  ( 4.006559040048433218, 5.875000000000003553, 25.48434452200543276 ) ) ;
#4338 = AXIS2_PLACEMENT_3D ( 'NONE', #4793, #759, #293 ) ;
#4339 = DIRECTION ( 'NONE',  ( -0.000000000000000000, 1.000000000000000000, -0.000000000000000000 ) ) ;
#4340 = CARTESIAN_POINT ( 'NONE',  ( -61.54560449174972803, 10.50000000000000000, -4.761230304006072167 ) ) ;
#4341 = CARTESIAN_POINT ( 'NONE',  ( -39.25872214768999413, 12.50000000000000000, 14.23705422903999995 ) ) ;
#4342 = FACE_OUTER_BOUND ( 'NONE', #2696, .T. ) ;
#4343 = ORIENTED_EDGE ( 'NONE', *, *, #4801, .F. ) ;
#4344 = EDGE_CURVE ( 'NONE', #5078, #5707, #5931, .T. ) ;
#4345 = EDGE_CURVE ( 'NONE', #1540, #1848, #1719, .T. ) ;
#4346 = PLANE ( 'NONE',  #2944 ) ;
#4347 = EDGE_CURVE ( 'NONE', #2060, #367, #4962, .T. ) ;
#4348 =( REPRESENTATION_RELATIONSHIP ('NONE','NONE', #4554, #5736 ) REPRESENTATION_RELATIONSHIP_WITH_TRANSFORMATION ( #1728 )SHAPE_REPRESENTATION_RELATIONSHIP( ) );
#4349 = CARTESIAN_POINT ( 'NONE',  ( 4.006559040048433218, 8.000000000000000000, 22.13434452200543134 ) ) ;
#4350 = SHAPE_DEFINITION_REPRESENTATION ( #655, #919 ) ;
#4351 = ORIENTED_EDGE ( 'NONE', *, *, #516, .T. ) ;
#4352 = ORIENTED_EDGE ( 'NONE', *, *, #5884, .F. ) ;
#4353 = EDGE_LOOP ( 'NONE', ( #5938, #1257, #5046, #4727 ) ) ;
#4354 = CARTESIAN_POINT ( 'NONE',  ( -60.04560449174972803, 8.717998577795754045, -3.261230304006072611 ) ) ;
#4355 = ADVANCED_FACE ( 'NONE', ( #4443 ), #6436, .T. ) ;
#4356 = DIRECTION ( 'NONE',  ( 0.000000000000000000, 0.000000000000000000, -1.000000000000000000 ) ) ;
#4357 = ORIENTED_EDGE ( 'NONE', *, *, #3457, .T. ) ;
#4358 = ADVANCED_FACE ( 'NONE', ( #6466 ), #6401, .F. ) ;
#4359 = VERTEX_POINT ( 'NONE', #1930 ) ;
#4360 = VERTEX_POINT ( 'NONE', #3938 ) ;
#4361 = LINE ( 'NONE', #1775, #411 ) ;
#4362 = VERTEX_POINT ( 'NONE', #5958 ) ;
#4363 = CARTESIAN_POINT ( 'NONE',  ( -37.23153764672765220, 15.76999999999999957, 5.840540064372380158 ) ) ;
#4364 = DIRECTION ( 'NONE',  ( 0.000000000000000000, 1.000000000000000000, 0.000000000000000000 ) ) ;
#4365 = DIRECTION ( 'NONE',  ( 6.186460420561288263E-17, -3.480583175594251401E-32, 1.000000000000000000 ) ) ;
#4366 = CARTESIAN_POINT ( 'NONE',  ( -50.38856591388922368, 7.483490513531148913, 27.73876969599392694 ) ) ;
#4367 = CARTESIAN_POINT ( 'NONE',  ( -41.20666750102662945, 17.77000000000000668, 25.85054999775855222 ) ) ;
#4368 = CARTESIAN_POINT ( 'NONE',  ( -50.88856591388922368, 4.966867144221086328, 26.71994397445526204 ) ) ;
#4369 = CARTESIAN_POINT ( 'NONE',  ( -25.61778050154248021, 12.78225237061120367, 25.32705422904000514 ) ) ;
#4370 = DIRECTION ( 'NONE',  ( 0.000000000000000000, 0.000000000000000000, 1.000000000000000000 ) ) ;
#4371 = CARTESIAN_POINT ( 'NONE',  ( -53.99344095995156323, 8.750000000000000000, 22.13434452200543134 ) ) ;
#4372 = CARTESIAN_POINT ( 'NONE',  ( -53.99344095995156323, 5.875000000000003553, 20.78434452200543348 ) ) ;
#4373 = PLANE ( 'NONE',  #3631 ) ;
#4374 = LINE ( 'NONE', #425, #265 ) ;
#4375 = ORIENTED_EDGE ( 'NONE', *, *, #3980, .T. ) ;
#4376 = DIRECTION ( 'NONE',  ( -1.000000000000000000, 0.000000000000000000, -0.000000000000000000 ) ) ;
#4377 = CARTESIAN_POINT ( 'NONE',  ( -15.92538881435732634, 12.50000000000000000, 1.147054229039999873 ) ) ;
#4378 = ADVANCED_FACE ( 'NONE', ( #1429 ), #4346, .T. ) ;
#4379 = ORIENTED_EDGE ( 'NONE', *, *, #2673, .F. ) ;
#4380 = ORIENTED_EDGE ( 'NONE', *, *, #3689, .F. ) ;
#4381 = ORIENTED_EDGE ( 'NONE', *, *, #329, .F. ) ;
#4382 = FILL_AREA_STYLE_COLOUR ( '', #5271 ) ;
#4383 = ADVANCED_FACE ( 'NONE', ( #5896 ), #5398, .F. ) ;
#4384 = VECTOR ( 'NONE', #542, 1000.000000000000000 ) ;
#4385 = DIRECTION ( 'NONE',  ( 1.208718933646689929E-16, -0.000000000000000000, 1.000000000000000000 ) ) ;
#4386 = ORIENTED_EDGE ( 'NONE', *, *, #1064, .T. ) ;
#4387 = EDGE_CURVE ( 'NONE', #5205, #2781, #4856, .T. ) ;
#4388 = ORIENTED_EDGE ( 'NONE', *, *, #6273, .T. ) ;
#4389 = ORIENTED_EDGE ( 'NONE', *, *, #3841, .T. ) ;
#4390 = DIRECTION ( 'NONE',  ( 0.000000000000000000, -0.000000000000000000, -1.000000000000000000 ) ) ;
#4391 = CARTESIAN_POINT ( 'NONE',  ( -39.29572938337270926, 7.483490513531148913, 27.73876969599392694 ) ) ;
#4392 = CARTESIAN_POINT ( 'NONE',  ( -39.25872214768999413, 12.50000000000000000, 27.32705422903999803 ) ) ;
#4393 = LINE ( 'NONE', #3862, #3306 ) ;
#4394 = AXIS2_PLACEMENT_3D ( 'NONE', #3876, #1361, #5395 ) ;
#4395 = DIRECTION ( 'NONE',  ( 0.000000000000000000, 1.000000000000000000, 0.000000000000000000 ) ) ;
#4396 = CARTESIAN_POINT ( 'NONE',  ( -46.64434067419821162, 10.50000000000000000, 22.43434452200543205 ) ) ;
#4397 = AXIS2_PLACEMENT_3D ( 'NONE', #3931, #5952, #2052 ) ;
#4398 = VECTOR ( 'NONE', #1604, 1000.000000000000000 ) ;
#4399 = LINE ( 'NONE', #3428, #3461 ) ;
#4400 = DIRECTION ( 'NONE',  ( 0.000000000000000000, 0.000000000000000000, -1.000000000000000000 ) ) ;
#4401 = LINE ( 'NONE', #6361, #5806 ) ;
#4402 = DIRECTION ( 'NONE',  ( -0.000000000000000000, 1.000000000000000000, 0.000000000000000000 ) ) ;
#4403 = DIRECTION ( 'NONE',  ( 0.000000000000000000, -0.000000000000000000, 1.000000000000000000 ) ) ;
#4404 = FACE_OUTER_BOUND ( 'NONE', #2340, .T. ) ;
#4405 = CARTESIAN_POINT ( 'NONE',  ( -2.258722147692000082, 17.76999999999999957, 3.147054229040000095 ) ) ;
#4406 = ORIENTED_EDGE ( 'NONE', *, *, #1518, .F. ) ;
#4407 = DIRECTION ( 'NONE',  ( 0.000000000000000000, 2.200000000000000003E-16, 1.000000000000000000 ) ) ;
#4408 = CARTESIAN_POINT ( 'NONE',  ( -2.258722147692000082, 17.76999999999999957, 25.32705422904000159 ) ) ;
#4409 = ADVANCED_FACE ( 'NONE', ( #2943 ), #4970, .F. ) ;
#4410 = VECTOR ( 'NONE', #1403, 1000.000000000000000 ) ;
#4411 = B_SPLINE_CURVE_WITH_KNOTS ( 'NONE', 3,
 ( #4875, #3377, #333, #1834 ),
 .UNSPECIFIED., .F., .F.,
 ( 4, 4 ),
 ( 0.000000000000000000, 1.000000000000000000 ),
 .UNSPECIFIED. ) ;
#4412 = ORIENTED_EDGE ( 'NONE', *, *, #1881, .F. ) ;
#4413 = VERTEX_POINT ( 'NONE', #2516 ) ;
#4414 = ORIENTED_EDGE ( 'NONE', *, *, #5430, .T. ) ;
#4415 = CARTESIAN_POINT ( 'NONE',  ( -19.69137825829315602, 7.159555455029352977, 26.77397846476551280 ) ) ;
#4416 = CIRCLE ( 'NONE', #4305, 1.350000000000000533 ) ;
#4417 = EDGE_CURVE ( 'NONE', #6045, #5336, #5914, .T. ) ;
#4418 = FACE_OUTER_BOUND ( 'NONE', #6469, .T. ) ;
#4419 = ORIENTED_EDGE ( 'NONE', *, *, #4053, .T. ) ;
#4420 = ORIENTED_EDGE ( 'NONE', *, *, #3972, .F. ) ;
#4421 = ORIENTED_EDGE ( 'NONE', *, *, #823, .F. ) ;
#4422 = CARTESIAN_POINT ( 'NONE',  ( -51.60056723113756760, 8.000000000000000000, 22.49566891635459953 ) ) ;
#4423 = AXIS2_PLACEMENT_3D ( 'NONE', #607, #6485, #1130 ) ;
#4424 = DIRECTION ( 'NONE',  ( 0.000000000000000000, 0.000000000000000000, 1.000000000000000000 ) ) ;
#4425 = EDGE_CURVE ( 'NONE', #1167, #6109, #4103, .T. ) ;
#4426 = CARTESIAN_POINT ( 'NONE',  ( 3.506559040048433218, 10.50000000000000000, 16.11449525870471433 ) ) ;
#4427 = DIRECTION ( 'NONE',  ( 0.000000000000000000, 1.000000000000000000, 0.000000000000000000 ) ) ;
#4428 = EDGE_CURVE ( 'NONE', #2448, #2726, #2088, .T. ) ;
#4429 = FACE_OUTER_BOUND ( 'NONE', #2718, .T. ) ;
#4430 = CARTESIAN_POINT ( 'NONE',  ( -39.52052153548914504, 17.76999999999999957, 27.32705422903999448 ) ) ;
#4431 = DIRECTION ( 'NONE',  ( 0.000000000000000000, 1.000000000000000000, 0.000000000000000000 ) ) ;
#4432 = DIRECTION ( 'NONE',  ( 0.000000000000000000, 0.000000000000000000, 1.000000000000000000 ) ) ;
#4433 = LINE ( 'NONE', #1826, #4634 ) ;
#4434 = DIRECTION ( 'NONE',  ( 0.000000000000000000, 0.000000000000000000, 1.000000000000000000 ) ) ;
#4435 = VECTOR ( 'NONE', #2336, 1000.000000000000000 ) ;
#4436 = CARTESIAN_POINT ( 'NONE',  ( -41.25872214768999413, 12.50000000000000000, 25.32705422904000159 ) ) ;
#4437 = EDGE_CURVE ( 'NONE', #5276, #3797, #6097, .T. ) ;
#4438 = VECTOR ( 'NONE', #1982, 1000.000000000000000 ) ;
#4439 = CARTESIAN_POINT ( 'NONE',  ( -8.258722147691500481, 17.76999999999944890, 23.52705422904000088 ) ) ;
#4440 = FACE_OUTER_BOUND ( 'NONE', #603, .T. ) ;
#4441 = ORIENTED_EDGE ( 'NONE', *, *, #6041, .F. ) ;
#4442 = DIRECTION ( 'NONE',  ( 0.000000000000000000, -1.000000000000000000, -0.000000000000000000 ) ) ;
#4443 = FACE_OUTER_BOUND ( 'NONE', #2918, .T. ) ;
#4444 = CARTESIAN_POINT ( 'NONE',  ( -37.07116132220667026, 15.76999999999999602, 3.147054229040000539 ) ) ;
#4445 = VERTEX_POINT ( 'NONE', #4007 ) ;
#4446 = EDGE_LOOP ( 'NONE', ( #5443, #3288, #5273, #6037 ) ) ;
#4447 = ORIENTED_EDGE ( 'NONE', *, *, #5844, .F. ) ;
#4448 = FACE_OUTER_BOUND ( 'NONE', #1795, .T. ) ;
#4449 = DIRECTION ( 'NONE',  ( 1.000000000000000000, 0.000000000000000000, -0.000000000000000000 ) ) ;
#4450 = ORIENTED_EDGE ( 'NONE', *, *, #3242, .F. ) ;
#4451 = ORIENTED_EDGE ( 'NONE', *, *, #398, .F. ) ;
#4452 = ORIENTED_EDGE ( 'NONE', *, *, #5449, .T. ) ;
#4453 = DIRECTION ( 'NONE',  ( 0.000000000000000000, -1.000000000000000000, 0.000000000000000000 ) ) ;
#4454 = CARTESIAN_POINT ( 'NONE',  ( -29.31534662978574701, 13.88773744163672674, 3.147054229040003204 ) ) ;
#4455 = DIRECTION ( 'NONE',  ( -1.000000000000000000, -0.000000000000000000, -0.000000000000000000 ) ) ;
#4456 = ADVANCED_FACE ( 'NONE', ( #5996 ), #5531, .T. ) ;
#4457 = ADVANCED_FACE ( 'NONE', ( #1526 ), #3973, .F. ) ;
#4458 = DIRECTION ( 'NONE',  ( -1.000000000000000000, -0.000000000000000000, -0.000000000000000000 ) ) ;
#4459 = CARTESIAN_POINT ( 'NONE',  ( 1.207624285797337160, 5.181250000000004796, -0.5000000000000014433 ) ) ;
#4460 = LINE ( 'NONE', #5984, #3565 ) ;
#4461 = DIRECTION ( 'NONE',  ( 0.000000000000000000, 0.000000000000000000, 1.000000000000000000 ) ) ;
#4462 = CARTESIAN_POINT ( 'NONE',  ( 18.02106672353487227, 8.757473573018954127, -3.761230304006072167 ) ) ;
#4463 = DIRECTION ( 'NONE',  ( 0.000000000000000000, 0.000000000000000000, 1.000000000000000000 ) ) ;
#4464 = PLANE ( 'NONE',  #1218 ) ;
#4465 = FACE_OUTER_BOUND ( 'NONE', #876, .T. ) ;
#4466 = CARTESIAN_POINT ( 'NONE',  ( 0.9475583673738698920, 5.875000000000003553, 0.4999999999999998890 ) ) ;
#4467 = ORIENTED_EDGE ( 'NONE', *, *, #6280, .F. ) ;
#4468 = CARTESIAN_POINT ( 'NONE',  ( -60.04560449174972803, -3.250000000000000000, 27.73876969599392694 ) ) ;
#4469 = CARTESIAN_POINT ( 'NONE',  ( -21.75872214769000479, 12.49999999999999289, 1.813720895706670833 ) ) ;
#4470 = B_SPLINE_CURVE_WITH_KNOTS ( 'NONE', 3,
 ( #3654, #4151, #3688, #3289 ),
 .UNSPECIFIED., .F., .F.,
 ( 4, 4 ),
 ( 0.000000000000000000, 1.000000000000000000 ),
 .UNSPECIFIED. ) ;
#4471 = B_SPLINE_CURVE_WITH_KNOTS ( 'NONE', 3,
 ( #1830, #229, #4728, #1289 ),
 .UNSPECIFIED., .F., .F.,
 ( 4, 4 ),
 ( 0.000000000000000000, 1.000000000000000000 ),
 .UNSPECIFIED. ) ;
#4472 = DIRECTION ( 'NONE',  ( -1.000000000000000000, 0.000000000000000000, 0.000000000000000000 ) ) ;
#4473 = EDGE_LOOP ( 'NONE', ( #2011, #593, #4119, #4552, #4674, #1404 ) ) ;
#4474 = VERTEX_POINT ( 'NONE', #6496 ) ;
#4475 = VERTEX_POINT ( 'NONE', #526 ) ;
#4476 = ORIENTED_EDGE ( 'NONE', *, *, #868, .F. ) ;
#4477 = AXIS2_PLACEMENT_3D ( 'NONE', #3062, #2509, #4496 ) ;
#4478 = DIRECTION ( 'NONE',  ( 0.000000000000000000, 1.000000000000000000, 0.000000000000000000 ) ) ;
#4479 = FACE_OUTER_BOUND ( 'NONE', #3636, .T. ) ;
#4480 = ORIENTED_EDGE ( 'NONE', *, *, #3689, .T. ) ;
#4481 = ORIENTED_EDGE ( 'NONE', *, *, #24, .T. ) ;
#4482 = ORIENTED_EDGE ( 'NONE', *, *, #1922, .T. ) ;
#4483 = ORIENTED_EDGE ( 'NONE', *, *, #5665, .T. ) ;
#4484 = AXIS2_PLACEMENT_3D ( 'NONE', #5106, #83, #2106 ) ;
#4485 = DIRECTION ( 'NONE',  ( -1.000000000000000000, 0.000000000000000000, 0.000000000000000000 ) ) ;
#4486 = DIRECTION ( 'NONE',  ( 0.000000000000000000, 0.000000000000000000, 1.000000000000000000 ) ) ;
#4487 = AXIS2_PLACEMENT_3D ( 'NONE', #990, #4652, #5150 ) ;
#4488 = VECTOR ( 'NONE', #257, 1000.000000000000000 ) ;
#4489 = CARTESIAN_POINT ( 'NONE',  ( 4.192342434432437592, 10.50000000000000000, 5.758684109339148982 ) ) ;
#4490 = CARTESIAN_POINT ( 'NONE',  ( 0.3149604477991956308, 8.250000000000000000, 23.43434452200543205 ) ) ;
#4491 = DIRECTION ( 'NONE',  ( 0.000000000000000000, -1.000000000000000000, -0.000000000000000000 ) ) ;
#4492 = CARTESIAN_POINT ( 'NONE',  ( -66.59445670572583253, 4.713004295695412793, -4.761230304006072167 ) ) ;
#4493 = CARTESIAN_POINT ( 'NONE',  ( -7.858722147691999282, 17.76999999999999957, 23.52705422904000088 ) ) ;
#4494 = VECTOR ( 'NONE', #259, 1000.000000000000000 ) ;
#4495 = VECTOR ( 'NONE', #1492, 1000.000000000000000 ) ;
#4496 = DIRECTION ( 'NONE',  ( -1.000000000000000000, 0.000000000000000000, -0.000000000000000000 ) ) ;
#4497 = EDGE_CURVE ( 'NONE', #173, #3481, #4088, .T. ) ;
#4498 = DIRECTION ( 'NONE',  ( -0.6540677456111221311, -0.7564359749186869708, -0.000000000000000000 ) ) ;
#4499 = CARTESIAN_POINT ( 'NONE',  ( -10.82140462413999948, 15.77000000000000313, 24.72705422903999661 ) ) ;
#4500 = CARTESIAN_POINT ( 'NONE',  ( -62.05134326581678295, 8.717998577795750492, -3.761230304006072167 ) ) ;
#4501 = ORIENTED_EDGE ( 'NONE', *, *, #3252, .T. ) ;
#4502 = LINE ( 'NONE', #5956, #1974 ) ;
#4503 = LINE ( 'NONE', #6534, #847 ) ;
#4504 = EDGE_CURVE ( 'NONE', #5609, #2168, #2450, .T. ) ;
#4505 = VECTOR ( 'NONE', #4581, 1000.000000000000000 ) ;
#4506 = CARTESIAN_POINT ( 'NONE',  ( -8.258722147691500481, 17.76999999999944890, 4.947054229039999917 ) ) ;
#4507 = ORIENTED_EDGE ( 'NONE', *, *, #3841, .F. ) ;
#4508 = ORIENTED_EDGE ( 'NONE', *, *, #2206, .F. ) ;
#4509 = ORIENTED_EDGE ( 'NONE', *, *, #3186, .T. ) ;
#4510 = ORIENTED_EDGE ( 'NONE', *, *, #3139, .T. ) ;
#4511 = EDGE_CURVE ( 'NONE', #6503, #498, #617, .T. ) ;
#4512 = CARTESIAN_POINT ( 'NONE',  ( -6.416836292518866891, 15.76999999999999602, 5.643252368495861759 ) ) ;
#4513 = DIRECTION ( 'NONE',  ( 0.000000000000000000, 1.000000000000000000, 0.000000000000000000 ) ) ;
#4514 = CARTESIAN_POINT ( 'NONE',  ( -39.25872214768999413, 12.50000000000000000, 14.23705422903999995 ) ) ;
#4515 = ORIENTED_EDGE ( 'NONE', *, *, #5409, .F. ) ;
#4516 = ORIENTED_EDGE ( 'NONE', *, *, #4524, .F. ) ;
#4517 = EDGE_LOOP ( 'NONE', ( #3659, #1128, #5509, #3473 ) ) ;
#4518 = EDGE_CURVE ( 'NONE', #110, #6474, #4567, .T. ) ;
#4519 = DIRECTION ( 'NONE',  ( 0.000000000000000000, 0.000000000000000000, 1.000000000000000000 ) ) ;
#4520 = ORIENTED_EDGE ( 'NONE', *, *, #5504, .F. ) ;
#4521 = DIRECTION ( 'NONE',  ( -0.000000000000000000, -0.000000000000000000, -1.000000000000000000 ) ) ;
#4522 = CIRCLE ( 'NONE', #3773, 4.000000000000000000 ) ;
#4523 = CARTESIAN_POINT ( 'NONE',  ( -63.54560449174972803, 12.50000000000000000, 24.23876969599391984 ) ) ;
#4524 = EDGE_CURVE ( 'NONE', #344, #1763, #428, .T. ) ;
#4525 = AXIS2_PLACEMENT_3D ( 'NONE', #2145, #588, #4101 ) ;
#4526 = DIRECTION ( 'NONE',  ( 1.000000000000000000, 0.000000000000000000, 0.000000000000000000 ) ) ;
#4527 = LINE ( 'NONE', #2435, #82 ) ;
#4528 = CARTESIAN_POINT ( 'NONE',  ( -35.25872214769005097, 17.76999999999999957, 23.52705422904000088 ) ) ;
#4529 = CARTESIAN_POINT ( 'NONE',  ( -66.59445670572583253, 0.7130042956954123490, -4.761230304006072167 ) ) ;
#4530 = DIRECTION ( 'NONE',  ( 1.000000000000000000, 0.000000000000000000, 0.000000000000000000 ) ) ;
#4531 = DIRECTION ( 'NONE',  ( -1.000000000000000000, 0.000000000000000000, 0.000000000000000000 ) ) ;
#4532 = VECTOR ( 'NONE', #2730, 1000.000000000000000 ) ;
#4533 = CARTESIAN_POINT ( 'NONE',  ( -37.49605571639184376, 12.49999999999999822, 11.17880186980009505 ) ) ;
#4534 = CARTESIAN_POINT ( 'NONE',  ( -53.49344095995156323, 0.000000000000000000, 0.000000000000000000 ) ) ;
#4535 = CARTESIAN_POINT ( 'NONE',  ( -54.49344095995157033, 5.875000000000003553, 19.58434452200542708 ) ) ;
#4536 = CARTESIAN_POINT ( 'NONE',  ( -39.25872214768999413, 12.50000000000000000, 17.73705422904000173 ) ) ;
#4537 = AXIS2_PLACEMENT_3D ( 'NONE', #5505, #3581, #104 ) ;
#4538 = CARTESIAN_POINT ( 'NONE',  ( -63.54560449174972803, -3.250000000000000000, 24.23876969599391984 ) ) ;
#4539 = EDGE_CURVE ( 'NONE', #3182, #3389, #1085, .T. ) ;
#4540 = ORIENTED_EDGE ( 'NONE', *, *, #6480, .F. ) ;
#4541 = EDGE_LOOP ( 'NONE', ( #4540, #5075, #5869, #2916 ) ) ;
#4542 = VERTEX_POINT ( 'NONE', #1060 ) ;
#4543 = VECTOR ( 'NONE', #5185, 999.9999999999998863 ) ;
#4544 = EDGE_CURVE ( 'NONE', #3913, #3309, #949, .T. ) ;
#4545 = CARTESIAN_POINT ( 'NONE',  ( 1.873062941308192730, 8.250000000000000000, 26.76711071965634403 ) ) ;
#4546 = EDGE_CURVE ( 'NONE', #6109, #80, #2484, .T. ) ;
#4547 = DIRECTION ( 'NONE',  ( 0.000000000000000000, -0.000000000000000000, 1.000000000000000000 ) ) ;
#4548 = ORIENTED_EDGE ( 'NONE', *, *, #2644, .T. ) ;
#4549 = ORIENTED_EDGE ( 'NONE', *, *, #2671, .T. ) ;
#4550 = ORIENTED_EDGE ( 'NONE', *, *, #1463, .F. ) ;
#4551 = EDGE_LOOP ( 'NONE', ( #2853, #2629, #5641, #943 ) ) ;
#4552 = ORIENTED_EDGE ( 'NONE', *, *, #1294, .T. ) ;
#4553 = CARTESIAN_POINT ( 'NONE',  ( 7.852138378250272943, -3.250000000000000000, -4.761230304006072167 ) ) ;
#4554 = SHAPE_REPRESENTATION ( 'TOP_CASE_291024', ( #5247, #3990, #821 ), #4192 ) ;
#4555 = EDGE_CURVE ( 'NONE', #1239, #50, #1019, .T. ) ;
#4556 = LINE ( 'NONE', #1547, #1308 ) ;
#4557 = ORIENTED_EDGE ( 'NONE', *, *, #2320, .T. ) ;
#4558 = B_SPLINE_CURVE_WITH_KNOTS ( 'NONE', 3,
 ( #4158, #2511, #1024, #4533, #3032, #3122, #2143, #5062, #6124, #3569 ),
 .UNSPECIFIED., .F., .F.,
 ( 4, 2, 2, 2, 4 ),
 ( 0.000000000000000000, 0.1250000000000000000, 0.2500000000000000000, 0.3750000000000000000, 0.5000000000000000000 ),
 .UNSPECIFIED. ) ;
#4559 = CARTESIAN_POINT ( 'NONE',  ( -42.31697450692990259, 10.49999999999999822, 15.99972066033814322 ) ) ;
#4560 = EDGE_CURVE ( 'NONE', #4949, #693, #4503, .T. ) ;
#4561 = CARTESIAN_POINT ( 'NONE',  ( -41.25872214768999413, 17.76999999999999957, 17.93372089570666716 ) ) ;
#4562 = CARTESIAN_POINT ( 'NONE',  ( -21.75872214769000124, 12.50000000000000000, 3.147054229040000095 ) ) ;
#4563 = FILL_AREA_STYLE_COLOUR ( '', #1754 ) ;
#4564 = CARTESIAN_POINT ( 'NONE',  ( 9.876295877967507408, 8.757473573018954127, -3.761230304006072167 ) ) ;
#4565 = DIRECTION ( 'NONE',  ( -1.000000000000000000, 0.000000000000000000, 0.000000000000000000 ) ) ;
#4566 = DIRECTION ( 'NONE',  ( -0.000000000000000000, 1.000000000000000000, -0.000000000000000000 ) ) ;
#4567 = LINE ( 'NONE', #1590, #4328 ) ;
#4568 = CARTESIAN_POINT ( 'NONE',  ( 0.9475583673738698920, 10.50000000000000000, 0.4999999999999997780 ) ) ;
#4569 = ORIENTED_EDGE ( 'NONE', *, *, #602, .T. ) ;
#4570 = ORIENTED_EDGE ( 'NONE', *, *, #4825, .T. ) ;
#4571 = CARTESIAN_POINT ( 'NONE',  ( -38.34260455243251187, 10.50000000000000178, 17.64595859737910644 ) ) ;
#4572 = DIRECTION ( 'NONE',  ( -0.000000000000000000, 0.000000000000000000, 1.000000000000000000 ) ) ;
#4573 = ADVANCED_FACE ( 'NONE', ( #1496 ), #4595, .F. ) ;
#4574 = DIRECTION ( 'NONE',  ( -0.000000000000000000, 1.000000000000000000, -0.000000000000000000 ) ) ;
#4575 = CARTESIAN_POINT ( 'NONE',  ( 14.02106672353487227, 0.7130042956954123490, -3.761230304006072167 ) ) ;
#4576 = ORIENTED_EDGE ( 'NONE', *, *, #4600, .T. ) ;
#4577 = ORIENTED_EDGE ( 'NONE', *, *, #4504, .T. ) ;
#4578 = ORIENTED_EDGE ( 'NONE', *, *, #6372, .F. ) ;
#4579 = CARTESIAN_POINT ( 'NONE',  ( -67.07003059873778739, 4.735238934357180796, -6.761230304006072167 ) ) ;
#4580 = ORIENTED_EDGE ( 'NONE', *, *, #626, .F. ) ;
#4581 = DIRECTION ( 'NONE',  ( -0.000000000000000000, -0.000000000000000000, 1.000000000000000000 ) ) ;
#4582 = CIRCLE ( 'NONE', #1849, 2.420000000000002149 ) ;
#4583 = EDGE_CURVE ( 'NONE', #5503, #5378, #3384, .T. ) ;
#4584 = CARTESIAN_POINT ( 'NONE',  ( -9.280464726337173786, 8.250000000000000000, 26.76711071965634403 ) ) ;
#4585 = ORIENTED_EDGE ( 'NONE', *, *, #312, .F. ) ;
#4586 = CARTESIAN_POINT ( 'NONE',  ( -42.66762651602910239, 10.50000000000000000, 15.15317182429747866 ) ) ;
#4587 = FACE_OUTER_BOUND ( 'NONE', #2400, .T. ) ;
#4588 = AXIS2_PLACEMENT_3D ( 'NONE', #2053, #4066, #1555 ) ;
#4589 = DIRECTION ( 'NONE',  ( -2.416395261410157149E-16, 0.000000000000000000, -1.000000000000000000 ) ) ;
#4590 = VECTOR ( 'NONE', #4714, 1000.000000000000000 ) ;
#4591 = CARTESIAN_POINT ( 'NONE',  ( 3.469226652095421137, 5.875000000000003553, 3.240970280215258903 ) ) ;
#4592 = CARTESIAN_POINT ( 'NONE',  ( -54.49344095995157033, 5.875000000000003553, 3.284344522005432587 ) ) ;
#4593 = CARTESIAN_POINT ( 'NONE',  ( -33.68360049672332934, 15.76999999999999957, 4.947054229039999029 ) ) ;
#4594 = CIRCLE ( 'NONE', #1431, 3.350000000000001421 ) ;
#4595 = CYLINDRICAL_SURFACE ( 'NONE', #3, 0.5000000000000004441 ) ;
#4596 = CARTESIAN_POINT ( 'NONE',  ( -61.54560449174972803, -3.250000000000000000, 24.23876969599391984 ) ) ;
#4597 = ORIENTED_EDGE ( 'NONE', *, *, #1142, .F. ) ;
#4598 = VERTEX_POINT ( 'NONE', #3230 ) ;
#4599 = CARTESIAN_POINT ( 'NONE',  ( -6.949175963627705954, 15.76999999999999602, 5.175415631506148806 ) ) ;
#4600 = EDGE_CURVE ( 'NONE', #6003, #681, #1752, .T. ) ;
#4601 = PLANE ( 'NONE',  #1963 ) ;
#4602 = DIRECTION ( 'NONE',  ( -0.000000000000000000, -1.000000000000000000, -0.000000000000000000 ) ) ;
#4603 = ADVANCED_FACE ( 'NONE', ( #1150 ), #5754, .F. ) ;
#4604 = ORIENTED_EDGE ( 'NONE', *, *, #3072, .T. ) ;
#4605 = ORIENTED_EDGE ( 'NONE', *, *, #5841, .T. ) ;
#4606 = ORIENTED_EDGE ( 'NONE', *, *, #3106, .F. ) ;
#4607 = PLANE ( 'NONE',  #2390 ) ;
#4608 = ORIENTED_EDGE ( 'NONE', *, *, #1783, .F. ) ;
#4609 = VERTEX_POINT ( 'NONE', #3766 ) ;
#4610 = AXIS2_PLACEMENT_3D ( 'NONE', #6107, #5632, #3643 ) ;
#4611 = ADVANCED_FACE ( 'NONE', ( #725 ), #5787, .F. ) ;
#4612 = DIRECTION ( 'NONE',  ( 0.000000000000000000, 0.000000000000000000, 1.000000000000000000 ) ) ;
#4613 = CARTESIAN_POINT ( 'NONE',  ( -9.912615769759783646, 16.36675494322647850, 23.52705422904000088 ) ) ;
#4614 = CIRCLE ( 'NONE', #2096, 1.349999999999998757 ) ;
#4615 = LINE ( 'NONE', #4222, #1620 ) ;
#4616 = EDGE_LOOP ( 'NONE', ( #5198, #361, #6353, #2520, #3644, #5731, #5584, #2917, #5141, #148, #4605, #219 ) ) ;
#4617 = CARTESIAN_POINT ( 'NONE',  ( -32.69603967124039912, 15.76999999999944713, 25.32705422904000159 ) ) ;
#4618 = DIRECTION ( 'NONE',  ( 9.912705577010326536E-16, 0.000000000000000000, 1.000000000000000000 ) ) ;
#4619 = VECTOR ( 'NONE', #5786, 1000.000000000000000 ) ;
#4620 = CARTESIAN_POINT ( 'NONE',  ( -39.79572938337270926, 7.983490513531148913, 27.73876969599392694 ) ) ;
#4621 = FACE_OUTER_BOUND ( 'NONE', #3670, .T. ) ;
#4622 = CARTESIAN_POINT ( 'NONE',  ( -21.75872214769000124, 12.50000000000000000, 25.32705422904000159 ) ) ;
#4623 = EDGE_CURVE ( 'NONE', #3908, #6108, #5976, .T. ) ;
#4624 = AXIS2_PLACEMENT_3D ( 'NONE', #5615, #4027, #1075 ) ;
#4625 = EDGE_CURVE ( 'NONE', #5192, #6075, #5219, .T. ) ;
#4626 = CARTESIAN_POINT ( 'NONE',  ( -19.05990109359756346, 4.184876654430926379, 27.73876969599392694 ) ) ;
#4627 = EDGE_LOOP ( 'NONE', ( #1804, #5442, #3381, #3881 ) ) ;
#4628 = EDGE_LOOP ( 'NONE', ( #3314, #2709, #3603, #3604 ) ) ;
#4629 = CIRCLE ( 'NONE', #6021, 3.499999999999999556 ) ;
#4630 = FACE_OUTER_BOUND ( 'NONE', #4473, .T. ) ;
#4631 = B_SPLINE_CURVE_WITH_KNOTS ( 'NONE', 3,
 ( #4782, #2272, #4822, #1914 ),
 .UNSPECIFIED., .F., .F.,
 ( 4, 4 ),
 ( 0.000000000000000000, 1.000000000000000000 ),
 .UNSPECIFIED. ) ;
#4632 = CARTESIAN_POINT ( 'NONE',  ( -42.75872214769000124, 10.50000000000000000, 14.23705422903999640 ) ) ;
#4633 = LINE ( 'NONE', #1691, #3385 ) ;
#4634 = VECTOR ( 'NONE', #1385, 1000.000000000000000 ) ;
#4635 = ORIENTED_EDGE ( 'NONE', *, *, #2212, .T. ) ;
#4636 = VERTEX_POINT ( 'NONE', #625 ) ;
#4637 = ORIENTED_EDGE ( 'NONE', *, *, #1428, .F. ) ;
#4638 = CIRCLE ( 'NONE', #3038, 0.5000000000000004441 ) ;
#4639 = B_SPLINE_CURVE_WITH_KNOTS ( 'NONE', 3,
 ( #6449, #6419, #4454, #5313, #1913, #3920 ),
 .UNSPECIFIED., .F., .F.,
 ( 4, 2, 4 ),
 ( 0.000000000000000000, 0.5000000000000000000, 1.000000000000000000 ),
 .UNSPECIFIED. ) ;
#4640 = CARTESIAN_POINT ( 'NONE',  ( 14.02106672353487227, 0.7130042956954123490, -6.761230304006072167 ) ) ;
#4641 = CARTESIAN_POINT ( 'NONE',  ( 4.006559040048433218, 8.000000000000000000, -0.8656554779945688782 ) ) ;
#4642 = AXIS2_PLACEMENT_3D ( 'NONE', #2123, #4195, #3732 ) ;
#4643 =( LENGTH_UNIT ( ) NAMED_UNIT ( * ) SI_UNIT ( .MILLI., .METRE. ) );
#4644 = ORIENTED_EDGE ( 'NONE', *, *, #1498, .F. ) ;
#4645 = ORIENTED_EDGE ( 'NONE', *, *, #445, .T. ) ;
#4646 = ORIENTED_EDGE ( 'NONE', *, *, #3495, .F. ) ;
#4647 = DIRECTION ( 'NONE',  ( 0.000000000000000000, 0.000000000000000000, 1.000000000000000000 ) ) ;
#4648 = FACE_OUTER_BOUND ( 'NONE', #3519, .T. ) ;
#4649 = DIRECTION ( 'NONE',  ( -0.000000000000000000, 1.000000000000000000, 0.000000000000000000 ) ) ;
#4650 = EDGE_CURVE ( 'NONE', #1333, #6382, #1681, .T. ) ;
#4651 = ORIENTED_EDGE ( 'NONE', *, *, #6140, .T. ) ;
#4652 = DIRECTION ( 'NONE',  ( -0.8634336279715403295, -0.5044624565692711338, 0.000000000000000000 ) ) ;
#4653 = DIRECTION ( 'NONE',  ( 0.000000000000000000, -1.000000000000000000, 0.000000000000000000 ) ) ;
#4654 = CARTESIAN_POINT ( 'NONE',  ( 9.852138378250273831, -3.250000000000000000, -3.261230304006073055 ) ) ;
#4655 = DIRECTION ( 'NONE',  ( 0.000000000000000000, -2.200000000000000003E-16, -1.000000000000000000 ) ) ;
#4656 = ADVANCED_FACE ( 'NONE', ( #3699 ), #656, .T. ) ;
#4657 = CARTESIAN_POINT ( 'NONE',  ( -6.754920287148365787, 15.77000000000000313, 23.16894008421440176 ) ) ;
#4658 = EDGE_CURVE ( 'NONE', #1564, #6170, #590, .T. ) ;
#4659 = ADVANCED_FACE ( 'NONE', ( #3193 ), #3632, .T. ) ;
#4660 = DIRECTION ( 'NONE',  ( 0.000000000000000000, 1.000000000000000000, 0.000000000000000000 ) ) ;
#4661 = ORIENTED_EDGE ( 'NONE', *, *, #129, .T. ) ;
#4662 = ORIENTED_EDGE ( 'NONE', *, *, #3325, .T. ) ;
#4663 = DIRECTION ( 'NONE',  ( 0.000000000000000000, -0.000000000000000000, -1.000000000000000000 ) ) ;
#4664 = DIRECTION ( 'NONE',  ( 0.000000000000000000, -1.000000000000000000, 0.000000000000000000 ) ) ;
#4665 =( NAMED_UNIT ( * ) PLANE_ANGLE_UNIT ( ) SI_UNIT ( $, .RADIAN. ) );
#4666 = ORIENTED_EDGE ( 'NONE', *, *, #4945, .T. ) ;
#4667 = EDGE_LOOP ( 'NONE', ( #701, #275, #4111, #1016 ) ) ;
#4668 = EDGE_LOOP ( 'NONE', ( #4274, #620, #4241, #5045 ) ) ;
#4669 = DIRECTION ( 'NONE',  ( 0.000000000000000000, 2.200000000000000003E-16, 1.000000000000000000 ) ) ;
#4670 = CARTESIAN_POINT ( 'NONE',  ( -31.26293022134100141, 14.86884058170968537, 1.147054229039999207 ) ) ;
#4671 = APPLICATION_CONTEXT ( 'automotive_design' ) ;
#4672 = DIRECTION ( 'NONE',  ( -0.000000000000000000, -0.5898336942704522912, 0.8075247445764560661 ) ) ;
#4673 = EDGE_LOOP ( 'NONE', ( #4580, #2888, #612, #5377 ) ) ;
#4674 = ORIENTED_EDGE ( 'NONE', *, *, #988, .F. ) ;
#4675 = VERTEX_POINT ( 'NONE', #2672 ) ;
#4676 = CARTESIAN_POINT ( 'NONE',  ( -35.65872214768999271, 17.76999999999999957, 23.52705422904000088 ) ) ;
#4677 = DIRECTION ( 'NONE',  ( -0.000000000000000000, -1.000000000000000000, -0.000000000000000000 ) ) ;
#4678 = CIRCLE ( 'NONE', #4261, 3.350000000000002309 ) ;
#4679 = CARTESIAN_POINT ( 'NONE',  ( 4.375071239211006713, 5.875000000000003553, 3.268912810032194471 ) ) ;
#4680 = VERTEX_POINT ( 'NONE', #4686 ) ;
#4681 = DIRECTION ( 'NONE',  ( 0.000000000000000000, 0.000000000000000000, -1.000000000000000000 ) ) ;
#4682 = CARTESIAN_POINT ( 'NONE',  ( 0.7046605134103504087, 5.875000000000003553, 0.4999999999999982792 ) ) ;
#4683 = PLANE ( 'NONE',  #2829 ) ;
#4684 = CARTESIAN_POINT ( 'NONE',  ( -53.99344095995156323, 5.875000000000003553, -0.8656554779945688782 ) ) ;
#4685 = VECTOR ( 'NONE', #893, 1000.000000000000000 ) ;
#4686 = CARTESIAN_POINT ( 'NONE',  ( -68.67003059873778170, 4.735238934357180796, -6.761230304006072167 ) ) ;
#4687 = EDGE_CURVE ( 'NONE', #978, #976, #1179, .T. ) ;
#4688 = CARTESIAN_POINT ( 'NONE',  ( 3.506559040048433218, 8.522475794581160002, 18.82186810699505486 ) ) ;
#4689 = ORIENTED_EDGE ( 'NONE', *, *, #2320, .F. ) ;
#4690 = CARTESIAN_POINT ( 'NONE',  ( -7.390106338983266632, 17.76999999999999957, 4.992934114521643707 ) ) ;
#4691 = CARTESIAN_POINT ( 'NONE',  ( -4.258722147691999638, 12.50000000000000000, 1.147054229039999873 ) ) ;
#4692 = ORIENTED_EDGE ( 'NONE', *, *, #1229, .T. ) ;
#4693 = VECTOR ( 'NONE', #3563, 1000.000000000000000 ) ;
#4694 = EDGE_CURVE ( 'NONE', #3653, #1137, #1561, .T. ) ;
#4695 = CARTESIAN_POINT ( 'NONE',  ( -39.25872214769000124, 13.59000000000000163, 25.32705422904000159 ) ) ;
#4696 = VECTOR ( 'NONE', #4653, 1000.000000000000000 ) ;
#4697 = CARTESIAN_POINT ( 'NONE',  ( -2.511149370983483120, 12.49999999999999822, 2.139816268298202928 ) ) ;
#4698 =( NAMED_UNIT ( * ) SI_UNIT ( $, .STERADIAN. ) SOLID_ANGLE_UNIT ( ) );
#4699 = EDGE_CURVE ( 'NONE', #1739, #4413, #1799, .T. ) ;
#4700 = EDGE_LOOP ( 'NONE', ( #1465, #2201, #2890, #4246 ) ) ;
#4701 = ORIENTED_EDGE ( 'NONE', *, *, #1236, .T. ) ;
#4702 = B_SPLINE_CURVE_WITH_KNOTS ( 'NONE', 3,
 ( #600, #5254, #4760, #1717, #2618, #3102, #1596, #4078, #2097, #4632 ),
 .UNSPECIFIED., .F., .F.,
 ( 4, 2, 2, 2, 4 ),
 ( 0.000000000000000000, 0.1250000000000000000, 0.2500000000000000000, 0.3750000000000000000, 0.5000000000000000000 ),
 .UNSPECIFIED. ) ;
#4703 = ORIENTED_EDGE ( 'NONE', *, *, #2761, .F. ) ;
#4704 = AXIS2_PLACEMENT_3D ( 'NONE', #6137, #4478, #601 ) ;
#4705 = FACE_OUTER_BOUND ( 'NONE', #2783, .T. ) ;
#4706 = CARTESIAN_POINT ( 'NONE',  ( -51.19311627875442383, 8.567453508431418285, 23.43434452200543205 ) ) ;
#4707 = B_SPLINE_CURVE_WITH_KNOTS ( 'NONE', 3,
 ( #4756, #188, #1281, #2178, #6287, #1749, #3725, #788, #3295, #2803 ),
 .UNSPECIFIED., .F., .F.,
 ( 4, 2, 2, 2, 4 ),
 ( 0.000000000000000000, 0.2500000000000003886, 0.5000000000000007772, 0.7500000000000004441, 1.000000000000000000 ),
 .UNSPECIFIED. ) ;
#4708 = DIRECTION ( 'NONE',  ( -0.000000000000000000, -1.000000000000000000, -0.000000000000000000 ) ) ;
#4709 = EDGE_LOOP ( 'NONE', ( #2462, #1231, #3251, #2099 ) ) ;
#4710 = EDGE_CURVE ( 'NONE', #2252, #180, #521, .T. ) ;
#4711 = ORIENTED_EDGE ( 'NONE', *, *, #6201, .T. ) ;
#4712 = ORIENTED_EDGE ( 'NONE', *, *, #3621, .F. ) ;
#4713 = CARTESIAN_POINT ( 'NONE',  ( 9.876295877967507408, 8.757473573018954127, -3.761230304006072167 ) ) ;
#4714 = DIRECTION ( 'NONE',  ( 0.000000000000000000, 0.000000000000000000, -1.000000000000000000 ) ) ;
#4715 = ADVANCED_FACE ( 'NONE', ( #2871, #2808 ), #2414, .T. ) ;
#4716 = DIRECTION ( 'NONE',  ( -0.000000000000000000, 1.000000000000000000, -0.000000000000000000 ) ) ;
#4717 = AXIS2_PLACEMENT_3D ( 'NONE', #471, #4044, #5539 ) ;
#4718 = ORIENTED_EDGE ( 'NONE', *, *, #5844, .T. ) ;
#4719 = LINE ( 'NONE', #3761, #2581 ) ;
#4720 = CARTESIAN_POINT ( 'NONE',  ( 6.352138378250272055, 10.50000000000000000, 24.23876969599392694 ) ) ;
#4721 = FACE_BOUND ( 'NONE', #102, .T. ) ;
#4722 = CARTESIAN_POINT ( 'NONE',  ( -53.49344095995156323, 5.875000000000003553, 18.82186810699505486 ) ) ;
#4723 = CARTESIAN_POINT ( 'NONE',  ( -39.25872214768999413, 13.59000000000000163, 3.147054229040001871 ) ) ;
#4724 = VECTOR ( 'NONE', #2641, 1000.000000000000000 ) ;
#4725 = DIRECTION ( 'NONE',  ( 1.000000000000000000, 1.734723475976805517E-15, 0.000000000000000000 ) ) ;
#4726 = VECTOR ( 'NONE', #3996, 1000.000000000000000 ) ;
#4727 = ORIENTED_EDGE ( 'NONE', *, *, #58, .T. ) ;
#4728 = CARTESIAN_POINT ( 'NONE',  ( -15.92538881435733344, 12.50000000000000000, 25.32705422904000159 ) ) ;
#4729 = CARTESIAN_POINT ( 'NONE',  ( -21.75872214769000124, 12.50000000000000000, 27.32705422903999803 ) ) ;
#4730 = ORIENTED_EDGE ( 'NONE', *, *, #4687, .F. ) ;
#4731 = DIRECTION ( 'NONE',  ( 0.000000000000000000, 0.000000000000000000, 1.000000000000000000 ) ) ;
#4732 = VECTOR ( 'NONE', #2945, 1000.000000000000000 ) ;
#4733 = EDGE_CURVE ( 'NONE', #3514, #766, #4401, .T. ) ;
#4734 = LINE ( 'NONE', #6266, #123 ) ;
#4735 = PRODUCT_CONTEXT ( 'NONE', #4671, 'mechanical' ) ;
#4736 = ADVANCED_FACE ( 'NONE', ( #1890 ), #1285, .T. ) ;
#4737 = VERTEX_POINT ( 'NONE', #6326 ) ;
#4738 = VERTEX_POINT ( 'NONE', #4337 ) ;
#4739 = VECTOR ( 'NONE', #6556, 1000.000000000000000 ) ;
#4740 = ORIENTED_EDGE ( 'NONE', *, *, #5038, .F. ) ;
#4741 = CARTESIAN_POINT ( 'NONE',  ( -2.827916956681466587, 10.50000000000000000, 22.43434452200543205 ) ) ;
#4742 = EDGE_CURVE ( 'NONE', #1333, #22, #2904, .T. ) ;
#4743 = CARTESIAN_POINT ( 'NONE',  ( -27.85042768527109658, 13.41352641556197334, 1.147054229039999873 ) ) ;
#4744 = AXIS2_PLACEMENT_3D ( 'NONE', #1899, #3339, #3811 ) ;
#4745 = DIRECTION ( 'NONE',  ( -0.000000000000000000, 1.000000000000000000, 0.000000000000000000 ) ) ;
#4746 = ORIENTED_EDGE ( 'NONE', *, *, #174, .T. ) ;
#4747 = ORIENTED_EDGE ( 'NONE', *, *, #3713, .F. ) ;
#4748 = VERTEX_POINT ( 'NONE', #3398 ) ;
#4749 = CARTESIAN_POINT ( 'NONE',  ( 14.57660255292402773, 4.735238934357184348, -3.761230304006072167 ) ) ;
#4750 = EDGE_CURVE ( 'NONE', #2814, #5281, #4433, .T. ) ;
#4751 = LINE ( 'NONE', #2664, #5648 ) ;
#4752 = DIRECTION ( 'NONE',  ( 0.000000000000000000, 0.000000000000000000, 1.000000000000000000 ) ) ;
#4753 = EDGE_LOOP ( 'NONE', ( #179, #147, #1905, #5158 ) ) ;
#4754 = ADVANCED_FACE ( 'NONE', ( #5949 ), #5889, .F. ) ;
#4755 = CARTESIAN_POINT ( 'NONE',  ( -39.79572938337270926, 7.483490513531148913, 35.00000000000000000 ) ) ;
#4756 = CARTESIAN_POINT ( 'NONE',  ( -21.75872214769000124, 12.50000000000000000, 1.147054229039999873 ) ) ;
#4757 = DIRECTION ( 'NONE',  ( 0.000000000000000000, 0.000000000000000000, -1.000000000000000000 ) ) ;
#4758 = PLANE ( 'NONE',  #4812 ) ;
#4759 = CARTESIAN_POINT ( 'NONE',  ( -2.258722147692000082, 12.50000000000000000, 3.147054229040000095 ) ) ;
#4760 = CARTESIAN_POINT ( 'NONE',  ( -40.17483974294746929, 10.50000000000000178, 10.82814986070089525 ) ) ;
#4761 = DIRECTION ( 'NONE',  ( 0.000000000000000000, 0.000000000000000000, 1.000000000000000000 ) ) ;
#4762 = VERTEX_POINT ( 'NONE', #2382 ) ;
#4763 = FACE_OUTER_BOUND ( 'NONE', #214, .T. ) ;
#4764 = CARTESIAN_POINT ( 'NONE',  ( 9.876295877967509185, 0.7130042956954123490, -6.761230304006072167 ) ) ;
#4765 = VERTEX_POINT ( 'NONE', #5419 ) ;
#4766 = CARTESIAN_POINT ( 'NONE',  ( -52.29952623880910068, 6.425691701260461741, 19.17655030918843195 ) ) ;
#4767 = DIRECTION ( 'NONE',  ( 0.000000000000000000, 0.000000000000000000, -1.000000000000000000 ) ) ;
#4768 = ORIENTED_EDGE ( 'NONE', *, *, #3864, .F. ) ;
#4769 = VERTEX_POINT ( 'NONE', #4790 ) ;
#4770 = ORIENTED_EDGE ( 'NONE', *, *, #2113, .F. ) ;
#4771 = DIRECTION ( 'NONE',  ( 1.000000000000000000, 0.000000000000000000, 0.000000000000000000 ) ) ;
#4772 = CARTESIAN_POINT ( 'NONE',  ( -26.66342462911772770, 13.07336532011744978, 1.147054229039999873 ) ) ;
#4773 = ADVANCED_FACE ( 'NONE', ( #4297 ), #4929, .F. ) ;
#4774 = DIRECTION ( 'NONE',  ( -0.000000000000000000, 1.000000000000000000, 0.000000000000000000 ) ) ;
#4775 = ORIENTED_EDGE ( 'NONE', *, *, #6325, .T. ) ;
#4776 = ORIENTED_EDGE ( 'NONE', *, *, #3311, .F. ) ;
#4777 = ORIENTED_EDGE ( 'NONE', *, *, #169, .F. ) ;
#4778 = B_SPLINE_SURFACE_WITH_KNOTS ( 'NONE', 3, 1, ( 
 ( #3696, #2668, #4682, #5716 ),
 ( #754, #1176, #2214, #2767 ),
 ( #6254, #4787, #2439, #416 ),
 ( #2901, #1919, #6389, #6358 ),
 ( #1886, #383, #3897, #5387 ),
 ( #4956, #2411, #1447, #4459 ),
 ( #2835, #6483, #1413, #1945 ),
 ( #5355, #447, #5416, #2378 ),
 ( #955, #3959, #1823, #857 ) ),
 .UNSPECIFIED., .F., .F., .F.,
 ( 4, 2, 3, 4 ),
 ( 2, 1, 1, 2 ),
 ( 0.000000000000000000, 0.5000000000000000000, 1.000000000000000000, 2.620088323101983807 ),
 ( -0.1499999999999999944, 0.000000000000000000, 1.000000000000000000, 1.149999999999999911 ),
 .UNSPECIFIED. ) ;
#4779 = CARTESIAN_POINT ( 'NONE',  ( -21.75872214769000124, 12.50000000000000000, 27.32705422903999803 ) ) ;
#4780 = B_SPLINE_CURVE_WITH_KNOTS ( 'NONE', 3,
 ( #4861, #4430, #884, #320, #4923, #2347, #3395, #4367, #1855, #3866 ),
 .UNSPECIFIED., .F., .F.,
 ( 4, 2, 2, 2, 4 ),
 ( 0.000000000000000000, 0.2500000000000000000, 0.5000000000000000000, 0.7500000000000000000, 1.000000000000000000 ),
 .UNSPECIFIED. ) ;
#4781 = EDGE_CURVE ( 'NONE', #1571, #3854, #386, .T. ) ;
#4782 = CARTESIAN_POINT ( 'NONE',  ( -37.45872214768999697, 15.76999999999999957, 6.747054229039999740 ) ) ;
#4783 = B_SPLINE_CURVE_WITH_KNOTS ( 'NONE', 3,
 ( #961, #4499, #2874, #3437 ),
 .UNSPECIFIED., .F., .F.,
 ( 4, 4 ),
 ( 0.000000000000000000, 1.000000000000000000 ),
 .UNSPECIFIED. ) ;
#4784 = CARTESIAN_POINT ( 'NONE',  ( -54.49344095995157033, 10.50000000000000000, 5.745757241660123249 ) ) ;
#4785 = VERTEX_POINT ( 'NONE', #5824 ) ;
#4786 = DIRECTION ( 'NONE',  ( 0.000000000000000000, -1.000000000000000000, 0.000000000000000000 ) ) ;
#4787 = CARTESIAN_POINT ( 'NONE',  ( -2.800420255819354942, 10.50000000000000000, 0.1666666666666664909 ) ) ;
#4788 = CARTESIAN_POINT ( 'NONE',  ( -33.60482852562065403, 16.36675494322675561, 23.52705422904000088 ) ) ;
#4789 = DIRECTION ( 'NONE',  ( 0.000000000000000000, 0.000000000000000000, 1.000000000000000000 ) ) ;
#4790 = CARTESIAN_POINT ( 'NONE',  ( -53.99344095995156323, 8.000000000000000000, 1.554344522005431939 ) ) ;
#4791 = VECTOR ( 'NONE', #4463, 1000.000000000000000 ) ;
#4792 = CARTESIAN_POINT ( 'NONE',  ( -53.49344095995156323, 10.50000000000000000, 16.15947316483460128 ) ) ;
#4793 = CARTESIAN_POINT ( 'NONE',  ( -53.99344095995156323, 12.50000000000000000, 22.13434452200543134 ) ) ;
#4794 = EDGE_CURVE ( 'NONE', #3668, #4818, #1789, .T. ) ;
#4795 = VECTOR ( 'NONE', #6174, 1000.000000000000000 ) ;
#4796 = DIRECTION ( 'NONE',  ( 0.000000000000000000, -1.000000000000000000, 0.000000000000000000 ) ) ;
#4797 = CARTESIAN_POINT ( 'NONE',  ( -4.258722147692003190, 14.25666666666666771, 1.147054229039999429 ) ) ;
#4798 = ORIENTED_EDGE ( 'NONE', *, *, #648, .F. ) ;
#4799 = CIRCLE ( 'NONE', #6499, 1.349999999999996980 ) ;
#4800 = CARTESIAN_POINT ( 'NONE',  ( -63.54560449174974224, 8.717998577795754045, -4.761230304006072167 ) ) ;
#4801 = EDGE_CURVE ( 'NONE', #343, #4080, #3153, .T. ) ;
#4802 = VECTOR ( 'NONE', #4293, 1000.000000000000000 ) ;
#4803 = CARTESIAN_POINT ( 'NONE',  ( -21.75872214769000124, 12.50000000000000000, 1.147054229039999873 ) ) ;
#4804 = PRODUCT_CONTEXT ( 'NONE', #6383, 'mechanical' ) ;
#4805 = AXIS2_PLACEMENT_3D ( 'NONE', #6056, #61, #3028 ) ;
#4806 = ORIENTED_EDGE ( 'NONE', *, *, #3633, .F. ) ;
#4807 = EDGE_LOOP ( 'NONE', ( #5180, #2420, #1976, #2010 ) ) ;
#4808 = ORIENTED_EDGE ( 'NONE', *, *, #4029, .F. ) ;
#4809 = DIRECTION ( 'NONE',  ( 0.000000000000000000, 0.000000000000000000, -1.000000000000000000 ) ) ;
#4810 = CARTESIAN_POINT ( 'NONE',  ( 0.9190843437958448048, 10.50000000000000000, 23.43434452200543205 ) ) ;
#4811 = EDGE_CURVE ( 'NONE', #2819, #5205, #757, .T. ) ;
#4812 = AXIS2_PLACEMENT_3D ( 'NONE', #3163, #4655, #191 ) ;
#4813 = VECTOR ( 'NONE', #2084, 1000.000000000000000 ) ;
#4814 = EDGE_CURVE ( 'NONE', #6351, #2040, #2282, .T. ) ;
#4815 = CARTESIAN_POINT ( 'NONE',  ( 4.006559040048433218, 5.875000000000003553, 18.78434452200542992 ) ) ;
#4816 = ORIENTED_EDGE ( 'NONE', *, *, #3680, .F. ) ;
#4817 = ORIENTED_EDGE ( 'NONE', *, *, #4623, .F. ) ;
#4818 = VERTEX_POINT ( 'NONE', #3298 ) ;
#4819 = DIRECTION ( 'NONE',  ( 1.000000000000000000, 0.000000000000000000, 0.000000000000000000 ) ) ;
#4820 = ORIENTED_EDGE ( 'NONE', *, *, #2693, .F. ) ;
#4821 = CARTESIAN_POINT ( 'NONE',  ( -33.42538881435666553, 12.50000000000000000, 27.32705422903999803 ) ) ;
#4822 = CARTESIAN_POINT ( 'NONE',  ( -37.45872214768999697, 17.10333333333333528, 6.747054229039997963 ) ) ;
#4823 = AXIS2_PLACEMENT_3D ( 'NONE', #1193, #4669, #740 ) ;
#4824 = CARTESIAN_POINT ( 'NONE',  ( 9.876295877967509185, 0.7524792909186129863, -6.761230304006072167 ) ) ;
#4825 = EDGE_CURVE ( 'NONE', #3077, #3986, #5323, .T. ) ;
#4826 = ORIENTED_EDGE ( 'NONE', *, *, #1291, .T. ) ;
#4827 = FACE_OUTER_BOUND ( 'NONE', #4255, .T. ) ;
#4828 = PLANE ( 'NONE',  #1865 ) ;
#4829 = DIRECTION ( 'NONE',  ( -0.000000000000000000, 0.000000000000000000, -1.000000000000000000 ) ) ;
#4830 = CARTESIAN_POINT ( 'NONE',  ( -21.75872214769000124, 12.50000000000000000, 25.32705422904000159 ) ) ;
#4831 = EDGE_CURVE ( 'NONE', #4905, #3040, #289, .T. ) ;
#4832 = DIRECTION ( 'NONE',  ( -1.000000000000000000, -0.000000000000000000, -0.000000000000000000 ) ) ;
#4833 = CARTESIAN_POINT ( 'NONE',  ( 6.352138378250272055, -3.250000000000000000, 24.23876969599392694 ) ) ;
#4834 = LINE ( 'NONE', #2906, #1482 ) ;
#4835 = CARTESIAN_POINT ( 'NONE',  ( -4.258722147691999638, 12.50000000000000000, 25.32705422904000159 ) ) ;
#4836 = CARTESIAN_POINT ( 'NONE',  ( 1.873062941308192730, -3.250000000000000000, 25.73876969599392694 ) ) ;
#4837 = VERTEX_POINT ( 'NONE', #3331 ) ;
#4838 = EDGE_CURVE ( 'NONE', #1266, #2070, #258, .T. ) ;
#4839 = LINE ( 'NONE', #2357, #3681 ) ;
#4840 = EDGE_CURVE ( 'NONE', #1192, #2489, #6024, .T. ) ;
#4841 = PRODUCT_DEFINITION_SHAPE ( 'NONE', 'NONE',  #6559 ) ;
#4842 = VECTOR ( 'NONE', #2087, 1000.000000000000000 ) ;
#4843 = LINE ( 'NONE', #5833, #2517 ) ;
#4844 = ORIENTED_EDGE ( 'NONE', *, *, #4733, .F. ) ;
#4845 = ORIENTED_EDGE ( 'NONE', *, *, #3445, .F. ) ;
#4846 = ORIENTED_EDGE ( 'NONE', *, *, #534, .F. ) ;
#4847 = CARTESIAN_POINT ( 'NONE',  ( 4.506559040048433218, 0.000000000000000000, 0.000000000000000000 ) ) ;
#4848 = CARTESIAN_POINT ( 'NONE',  ( -8.258722147691500481, 17.76999999999944890, 4.947054229039999917 ) ) ;
#4849 = ORIENTED_EDGE ( 'NONE', *, *, #4320, .T. ) ;
#4850 = AXIS2_PLACEMENT_3D ( 'NONE', #1204, #2699, #3792 ) ;
#4851 = EDGE_LOOP ( 'NONE', ( #576, #2782, #2920, #1611 ) ) ;
#4852 = ORIENTED_EDGE ( 'NONE', *, *, #2714, .F. ) ;
#4853 = CYLINDRICAL_SURFACE ( 'NONE', #950, 2.000000000000001776 ) ;
#4854 = VERTEX_POINT ( 'NONE', #1552 ) ;
#4855 = CARTESIAN_POINT ( 'NONE',  ( -35.25872214769005097, 17.76999999999999957, 23.52705422904000088 ) ) ;
#4856 = CIRCLE ( 'NONE', #6234, 1.350000000000000533 ) ;
#4857 = CARTESIAN_POINT ( 'NONE',  ( 4.006559040048433218, 12.50000000000000000, -0.8656554779945688782 ) ) ;
#4858 = CARTESIAN_POINT ( 'NONE',  ( -37.09812246400673530, 15.77000000000000313, 22.83323832499484141 ) ) ;
#4859 = VECTOR ( 'NONE', #3095, 1000.000000000000000 ) ;
#4860 = LINE ( 'NONE', #2928, #571 ) ;
#4861 = CARTESIAN_POINT ( 'NONE',  ( -39.25872214768999413, 17.76999999999999957, 27.32705422903999803 ) ) ;
#4862 = LINE ( 'NONE', #2441, #1456 ) ;
#4863 = CARTESIAN_POINT ( 'NONE',  ( -57.08091565620415508, 10.50000000000000000, 23.43434452200543205 ) ) ;
#4864 = CARTESIAN_POINT ( 'NONE',  ( -39.25872214768999413, 14.67999999999999794, 3.147054229040001871 ) ) ;
#4865 = EDGE_CURVE ( 'NONE', #4148, #6263, #5057, .T. ) ;
#4866 = DIRECTION ( 'NONE',  ( -0.5044624565692711338, 0.8634336279715403295, 0.000000000000000000 ) ) ;
#4867 = CARTESIAN_POINT ( 'NONE',  ( -35.39205548102333410, 17.76999999999999602, 4.947054229039999917 ) ) ;
#4868 = EDGE_CURVE ( 'NONE', #1039, #5400, #3319, .T. ) ;
#4869 = CARTESIAN_POINT ( 'NONE',  ( 0.000000000000000000, 8.750000000000000000, 0.000000000000000000 ) ) ;
#4870 = DIRECTION ( 'NONE',  ( 0.000000000000000000, 1.000000000000000000, 0.000000000000000000 ) ) ;
#4871 = ORIENTED_EDGE ( 'NONE', *, *, #305, .F. ) ;
#4872 = DIRECTION ( 'NONE',  ( 0.000000000000000000, 0.000000000000000000, -1.000000000000000000 ) ) ;
#4873 = EDGE_CURVE ( 'NONE', #649, #5301, #3430, .T. ) ;
#4874 = ADVANCED_FACE ( 'NONE', ( #5084 ), #2540, .F. ) ;
#4875 = CARTESIAN_POINT ( 'NONE',  ( -21.75872214769000124, 12.50000000000000000, 1.147054229039999873 ) ) ;
#4876 = ORIENTED_EDGE ( 'NONE', *, *, #1394, .F. ) ;
#4877 = EDGE_LOOP ( 'NONE', ( #4662, #5667 ) ) ;
#4878 = ORIENTED_EDGE ( 'NONE', *, *, #1020, .T. ) ;
#4879 = B_SPLINE_CURVE_WITH_KNOTS ( 'NONE', 3,
 ( #2919, #2496, #6547, #3414 ),
 .UNSPECIFIED., .F., .F.,
 ( 4, 4 ),
 ( 0.000000000000000000, 1.000000000000000000 ),
 .UNSPECIFIED. ) ;
#4880 = CARTESIAN_POINT ( 'NONE',  ( -53.99344095995156323, 5.875000000000003553, -0.8656554779945688782 ) ) ;
#4881 = EDGE_LOOP ( 'NONE', ( #6315, #5849, #1161, #5772 ) ) ;
#4882 = ORIENTED_EDGE ( 'NONE', *, *, #3069, .F. ) ;
#4883 = ORIENTED_EDGE ( 'NONE', *, *, #2361, .F. ) ;
#4884 = CARTESIAN_POINT ( 'NONE',  ( 0.000000000000000000, 8.250000000000000000, 0.000000000000000000 ) ) ;
#4885 = CARTESIAN_POINT ( 'NONE',  ( -2.258722147692000082, 17.76999999999999957, 25.32705422904000159 ) ) ;
#4886 = CARTESIAN_POINT ( 'NONE',  ( 0.000000000000000000, -3.250000000000000000, 0.000000000000000000 ) ) ;
#4887 = DIRECTION ( 'NONE',  ( -0.000000000000000000, 1.000000000000000000, 0.000000000000000000 ) ) ;
#4888 = DIRECTION ( 'NONE',  ( 0.000000000000000000, 2.200000000000000003E-16, 1.000000000000000000 ) ) ;
#4889 = DIRECTION ( 'NONE',  ( 0.000000000000000000, 0.000000000000000000, 1.000000000000000000 ) ) ;
#4890 = DIRECTION ( 'NONE',  ( -0.000000000000000000, -1.000000000000000000, -0.000000000000000000 ) ) ;
#4891 = CARTESIAN_POINT ( 'NONE',  ( 4.006559040048433218, 8.000000000000000000, 22.13434452200543134 ) ) ;
#4892 = CARTESIAN_POINT ( 'NONE',  ( -39.25872214768999413, 15.76999999999999957, 3.147054229040000095 ) ) ;
#4893 = EDGE_CURVE ( 'NONE', #5659, #5433, #1416, .T. ) ;
#4894 = DIRECTION ( 'NONE',  ( 1.000000000000000000, 0.000000000000000000, -0.000000000000000000 ) ) ;
#4895 = CARTESIAN_POINT ( 'NONE',  ( -39.25872214768999413, 12.50000000000000000, 5.677054229040001232 ) ) ;
#4896 = DIRECTION ( 'NONE',  ( -1.000000000000000000, 0.000000000000000000, 0.000000000000000000 ) ) ;
#4897 = DIRECTION ( 'NONE',  ( -0.000000000000000000, -1.000000000000000000, -0.000000000000000000 ) ) ;
#4898 = ORIENTED_EDGE ( 'NONE', *, *, #648, .T. ) ;
#4899 = AXIS2_PLACEMENT_3D ( 'NONE', #3400, #2905, #1387 ) ;
#4900 = EDGE_CURVE ( 'NONE', #605, #681, #6486, .T. ) ;
#4901 = DIRECTION ( 'NONE',  ( 0.000000000000000000, -1.000000000000000000, 0.000000000000000000 ) ) ;
#4902 = CARTESIAN_POINT ( 'NONE',  ( -3.735226378973439232, 17.77000000000000668, 27.27499958237664046 ) ) ;
#4903 = VECTOR ( 'NONE', #239, 1000.000000000000000 ) ;
#4904 = VECTOR ( 'NONE', #5013, 1000.000000000000000 ) ;
#4905 = VERTEX_POINT ( 'NONE', #1052 ) ;
#4906 = ORIENTED_EDGE ( 'NONE', *, *, #868, .T. ) ;
#4907 = ADVANCED_FACE ( 'NONE', ( #3998 ), #2570, .T. ) ;
#4908 = ORIENTED_EDGE ( 'NONE', *, *, #6098, .F. ) ;
#4909 = CIRCLE ( 'NONE', #5332, 0.5000000000000004441 ) ;
#4910 = VECTOR ( 'NONE', #2112, 1000.000000000000000 ) ;
#4911 = ADVANCED_FACE ( 'NONE', ( #4587 ), #3531, .F. ) ;
#4912 = LINE ( 'NONE', #4815, #1196 ) ;
#4913 = ORIENTED_EDGE ( 'NONE', *, *, #6203, .T. ) ;
#4914 = ORIENTED_EDGE ( 'NONE', *, *, #1599, .T. ) ;
#4915 = ORIENTED_EDGE ( 'NONE', *, *, #4096, .T. ) ;
#4916 = LINE ( 'NONE', #1407, #3827 ) ;
#4917 = CARTESIAN_POINT ( 'NONE',  ( 4.006559040048433218, 5.875000000000003553, 22.13434452200543134 ) ) ;
#4918 = AXIS2_PLACEMENT_3D ( 'NONE', #3608, #726, #6105 ) ;
#4919 = CARTESIAN_POINT ( 'NONE',  ( 1.873062941308192730, 5.875000000000003553, 24.71711326826596178 ) ) ;
#4920 = EDGE_CURVE ( 'NONE', #5529, #4237, #1535, .T. ) ;
#4921 = CARTESIAN_POINT ( 'NONE',  ( -37.41187296569296450, 15.76999999999999957, 22.19820042088669965 ) ) ;
#4922 = CARTESIAN_POINT ( 'NONE',  ( -40.64534701664091187, 12.50000000000000178, 11.00391928708832268 ) ) ;
#4923 = CARTESIAN_POINT ( 'NONE',  ( -40.48781558763982957, 17.76999999999999957, 26.92638791383636132 ) ) ;
#4924 = AXIS2_PLACEMENT_3D ( 'NONE', #1503, #1005, #3017 ) ;
#4925 = VECTOR ( 'NONE', #427, 1000.000000000000000 ) ;
#4926 = CYLINDRICAL_SURFACE ( 'NONE', #1131, 19.92627134724899918 ) ;
#4927 = CARTESIAN_POINT ( 'NONE',  ( -53.99344095995156323, 10.50000000000000000, 22.13434452200543134 ) ) ;
#4928 = EDGE_CURVE ( 'NONE', #3286, #6010, #5488, .T. ) ;
#4929 = PLANE ( 'NONE',  #1477 ) ;
#4930 = DIRECTION ( 'NONE',  ( 9.912705577010326536E-16, 0.000000000000000000, 1.000000000000000000 ) ) ;
#4931 = DIRECTION ( 'NONE',  ( 0.000000000000000000, 0.000000000000000000, 1.000000000000000000 ) ) ;
#4932 = CARTESIAN_POINT ( 'NONE',  ( -53.99344095995156323, 8.000000000000000000, -3.285655477994569473 ) ) ;
#4933 = CARTESIAN_POINT ( 'NONE',  ( -2.258722147692000082, 17.76999999999999957, 3.147054229040000095 ) ) ;
#4934 = ORIENTED_EDGE ( 'NONE', *, *, #6410, .T. ) ;
#4935 = DIRECTION ( 'NONE',  ( -0.000000000000000000, 1.000000000000000000, -0.000000000000000000 ) ) ;
#4936 = DIRECTION ( 'NONE',  ( 0.000000000000000000, -0.000000000000000000, -1.000000000000000000 ) ) ;
#4937 = CARTESIAN_POINT ( 'NONE',  ( -3.029628707742170413, 17.77000000000000313, 26.92638791383636487 ) ) ;
#4938 = VECTOR ( 'NONE', #3609, 1000.000000000000000 ) ;
#4939 = ORIENTED_EDGE ( 'NONE', *, *, #3640, .T. ) ;
#4940 = ORIENTED_EDGE ( 'NONE', *, *, #11, .F. ) ;
#4941 = ORIENTED_EDGE ( 'NONE', *, *, #4253, .T. ) ;
#4942 = CARTESIAN_POINT ( 'NONE',  ( -37.49605571639185797, 12.50000000000000178, 17.29530658827990308 ) ) ;
#4943 = EDGE_CURVE ( 'NONE', #5503, #2107, #2972, .T. ) ;
#4944 = CIRCLE ( 'NONE', #2092, 1.500000000000001332 ) ;
#4945 = EDGE_CURVE ( 'NONE', #4474, #2488, #958, .T. ) ;
#4946 = DIRECTION ( 'NONE',  ( 0.000000000000000000, 0.000000000000000000, 1.000000000000000000 ) ) ;
#4947 = ORIENTED_EDGE ( 'NONE', *, *, #1701, .T. ) ;
#4948 = ORIENTED_EDGE ( 'NONE', *, *, #3457, .F. ) ;
#4949 = VERTEX_POINT ( 'NONE', #2967 ) ;
#4950 = CARTESIAN_POINT ( 'NONE',  ( -39.25872214769194812, 8.500000000000007105, 24.49769035724251509 ) ) ;
#4951 = AXIS2_PLACEMENT_3D ( 'NONE', #1809, #3818, #5840 ) ;
#4952 = DIRECTION ( 'NONE',  ( 1.000000000000000000, 0.000000000000000000, -0.000000000000000000 ) ) ;
#4953 = CARTESIAN_POINT ( 'NONE',  ( 14.02106672353487227, 0.7130042956954123490, -3.761230304006072167 ) ) ;
#4954 = FACE_OUTER_BOUND ( 'NONE', #3214, .T. ) ;
#4955 = FACE_BOUND ( 'NONE', #5472, .T. ) ;
#4956 = CARTESIAN_POINT ( 'NONE',  ( -3.323208674291097342, 11.19375000000000142, -0.4999999999999997780 ) ) ;
#4957 = MECHANICAL_DESIGN_GEOMETRIC_PRESENTATION_REPRESENTATION (  '', ( #3904 ), #3585 ) ;
#4958 = DIRECTION ( 'NONE',  ( -0.000000000000000000, 1.000000000000000000, -0.000000000000000000 ) ) ;
#4959 = CARTESIAN_POINT ( 'NONE',  ( -40.48781558763982957, 12.50000000000000178, 1.547720544243640584 ) ) ;
#4960 = CARTESIAN_POINT ( 'NONE',  ( -7.858722147691999282, 16.43666666666666387, 23.52705422903999732 ) ) ;
#4961 = CARTESIAN_POINT ( 'NONE',  ( -61.54560449174972803, -3.250000000000000000, -4.761230304006072167 ) ) ;
#4962 = CIRCLE ( 'NONE', #1253, 1.500000000000000000 ) ;
#4963 = CARTESIAN_POINT ( 'NONE',  ( 7.852138378250272943, -3.250000000000000000, -3.261230304006073055 ) ) ;
#4964 = EDGE_CURVE ( 'NONE', #3986, #343, #1, .T. ) ;
#4965 = VECTOR ( 'NONE', #3316, 1000.000000000000000 ) ;
#4966 = DIRECTION ( 'NONE',  ( 0.000000000000000000, 0.000000000000000000, 1.000000000000000000 ) ) ;
#4967 = DIRECTION ( 'NONE',  ( 0.000000000000000000, 0.000000000000000000, 1.000000000000000000 ) ) ;
#4968 = VERTEX_POINT ( 'NONE', #924 ) ;
#4969 = FACE_OUTER_BOUND ( 'NONE', #1153, .T. ) ;
#4970 = PLANE ( 'NONE',  #2842 ) ;
#4971 = AXIS2_PLACEMENT_3D ( 'NONE', #2182, #591, #659 ) ;
#4972 = PLANE ( 'NONE',  #5589 ) ;
#4973 = ORIENTED_EDGE ( 'NONE', *, *, #5554, .T. ) ;
#4974 = ORIENTED_EDGE ( 'NONE', *, *, #861, .T. ) ;
#4975 = ORIENTED_EDGE ( 'NONE', *, *, #6015, .F. ) ;
#4976 = CARTESIAN_POINT ( 'NONE',  ( -36.45988819929635838, 12.50000000000000178, 16.38796774895221020 ) ) ;
#4977 = FACE_OUTER_BOUND ( 'NONE', #5579, .T. ) ;
#4978 = EDGE_LOOP ( 'NONE', ( #2747, #2137 ) ) ;
#4979 = ORIENTED_EDGE ( 'NONE', *, *, #1840, .F. ) ;
#4980 = ORIENTED_EDGE ( 'NONE', *, *, #5201, .T. ) ;
#4981 = ORIENTED_EDGE ( 'NONE', *, *, #3494, .T. ) ;
#4982 = DIRECTION ( 'NONE',  ( 1.000000000000000000, 0.000000000000000000, 0.000000000000000000 ) ) ;
#4983 = EDGE_CURVE ( 'NONE', #1848, #1398, #4152, .T. ) ;
#4984 = CARTESIAN_POINT ( 'NONE',  ( -35.65872214768999271, 15.76999999999999957, 23.52705422904000088 ) ) ;
#4985 = VECTOR ( 'NONE', #2717, 1000.000000000000000 ) ;
#4986 = CARTESIAN_POINT ( 'NONE',  ( 4.006559040048433218, 5.875000000000003553, -0.8656554779945688782 ) ) ;
#4987 = LINE ( 'NONE', #1349, #1046 ) ;
#4988 = CARTESIAN_POINT ( 'NONE',  ( -63.54560449174972803, -3.250000000000000000, 24.23876969599391984 ) ) ;
#4989 = LINE ( 'NONE', #2931, #2311 ) ;
#4990 = DIRECTION ( 'NONE',  ( 0.000000000000000000, 1.000000000000000000, 0.000000000000000000 ) ) ;
#4991 = DIRECTION ( 'NONE',  ( 0.000000000000000000, 0.000000000000000000, 1.000000000000000000 ) ) ;
#4992 = EDGE_CURVE ( 'NONE', #5142, #5371, #5227, .T. ) ;
#4993 = CARTESIAN_POINT ( 'NONE',  ( -41.25872214768999413, 12.50000000000000000, 3.147054229040000095 ) ) ;
#4994 = PLANE ( 'NONE',  #3421 ) ;
#4995 = CARTESIAN_POINT ( 'NONE',  ( -7.858722147691999282, 15.76999999999999957, 23.52705422904000088 ) ) ;
#4996 = VERTEX_POINT ( 'NONE', #5553 ) ;
#4997 = DIRECTION ( 'NONE',  ( 0.000000000000000000, 0.000000000000000000, 1.000000000000000000 ) ) ;
#4998 = CARTESIAN_POINT ( 'NONE',  ( -21.75872214769000124, 12.50000000000000000, 3.147054229040000095 ) ) ;
#4999 =( BOUNDED_CURVE ( )  B_SPLINE_CURVE ( 3, ( #3405, #4006, #3508, #964 ),
 .UNSPECIFIED., .F., .T. ) 
 B_SPLINE_CURVE_WITH_KNOTS ( ( 4, 4 ),
 ( 0.000000000000000000, 0.1498135073559421493 ),
 .UNSPECIFIED. ) 
 CURVE ( )  GEOMETRIC_REPRESENTATION_ITEM ( )  RATIONAL_B_SPLINE_CURVE ( ( 1.000000000000000000, 0.9981305337977295356, 0.9981305337977295356, 1.000000000000000000 ) ) 
 REPRESENTATION_ITEM ( '' )  );
#5000 = EDGE_CURVE ( 'NONE', #4148, #3651, #6181, .T. ) ;
#5001 = DIRECTION ( 'NONE',  ( -1.000000000000000000, 0.000000000000000000, 0.000000000000000000 ) ) ;
#5002 = ORIENTED_EDGE ( 'NONE', *, *, #1873, .T. ) ;
#5003 = ORIENTED_EDGE ( 'NONE', *, *, #1059, .T. ) ;
#5004 = ORIENTED_EDGE ( 'NONE', *, *, #283, .T. ) ;
#5005 = VERTEX_POINT ( 'NONE', #6150 ) ;
#5006 = CARTESIAN_POINT ( 'NONE',  ( -37.10008929947920109, 17.77000000000000313, 22.83137447607911241 ) ) ;
#5007 = EDGE_CURVE ( 'NONE', #341, #3754, #6291, .T. ) ;
#5008 = CARTESIAN_POINT ( 'NONE',  ( -63.54560449174972803, -3.250000000000000000, 0.000000000000000000 ) ) ;
#5009 = CARTESIAN_POINT ( 'NONE',  ( -4.258722147691999638, 12.50000000000000000, 27.32705422903999803 ) ) ;
#5010 = EDGE_LOOP ( 'NONE', ( #5748, #1099, #2298, #737 ) ) ;
#5011 = VERTEX_POINT ( 'NONE', #715 ) ;
#5012 = ORIENTED_EDGE ( 'NONE', *, *, #3136, .F. ) ;
#5013 = DIRECTION ( 'NONE',  ( -1.000000000000000000, -0.000000000000000000, -0.000000000000000000 ) ) ;
#5014 = ORIENTED_EDGE ( 'NONE', *, *, #167, .F. ) ;
#5015 = DIRECTION ( 'NONE',  ( -0.000000000000000000, -0.000000000000000000, -1.000000000000000000 ) ) ;
#5016 = ADVANCED_FACE ( 'NONE', ( #2208 ), #2732, .T. ) ;
#5017 = CIRCLE ( 'NONE', #5864, 1.500000000000001332 ) ;
#5018 = DIRECTION ( 'NONE',  ( -1.000000000000000000, 0.000000000000000000, 0.000000000000000000 ) ) ;
#5019 = AXIS2_PLACEMENT_3D ( 'NONE', #1948, #4060, #2508 ) ;
#5020 = LINE ( 'NONE', #5109, #5156 ) ;
#5021 = FACE_OUTER_BOUND ( 'NONE', #1585, .T. ) ;
#5022 = FACE_OUTER_BOUND ( 'NONE', #3132, .T. ) ;
#5023 = CARTESIAN_POINT ( 'NONE',  ( -7.858722147691999282, 17.10333333333333528, 23.52705422903999732 ) ) ;
#5024 = EDGE_CURVE ( 'NONE', #3177, #4762, #1427, .T. ) ;
#5025 = VECTOR ( 'NONE', #622, 1000.000000000000000 ) ;
#5026 = DIRECTION ( 'NONE',  ( 0.000000000000000000, 0.8036448296316399675, -0.5951092234256939451 ) ) ;
#5027 = EDGE_CURVE ( 'NONE', #3488, #6350, #5245, .T. ) ;
#5028 = CARTESIAN_POINT ( 'NONE',  ( -41.71950823699796729, 12.50000000000000178, 11.68562315506589044 ) ) ;
#5029 = CIRCLE ( 'NONE', #4076, 1.349999999999996980 ) ;
#5030 = CARTESIAN_POINT ( 'NONE',  ( -57.05244163262612744, 10.50000000000000000, 0.5000000000000000000 ) ) ;
#5031 = CARTESIAN_POINT ( 'NONE',  ( -4.258722147691999638, 12.50000000000000000, 27.32705422903999803 ) ) ;
#5032 = ORIENTED_EDGE ( 'NONE', *, *, #2474, .F. ) ;
#5033 = EDGE_CURVE ( 'NONE', #3373, #1738, #1859, .T. ) ;
#5034 = DIRECTION ( 'NONE',  ( 0.000000000000000000, 1.000000000000000000, -0.000000000000000000 ) ) ;
#5035 = CARTESIAN_POINT ( 'NONE',  ( -18.70837374726851721, 4.040444544970647200, 27.73876969599392694 ) ) ;
#5036 = CARTESIAN_POINT ( 'NONE',  ( -50.38856591388922368, 7.983490513531148913, 26.71994397445526204 ) ) ;
#5037 = ORIENTED_EDGE ( 'NONE', *, *, #2671, .F. ) ;
#5038 = EDGE_CURVE ( 'NONE', #4303, #6003, #4751, .T. ) ;
#5039 = ORIENTED_EDGE ( 'NONE', *, *, #5978, .F. ) ;
#5040 = ORIENTED_EDGE ( 'NONE', *, *, #5696, .T. ) ;
#5041 = EDGE_CURVE ( 'NONE', #5402, #5433, #152, .T. ) ;
#5042 = CARTESIAN_POINT ( 'NONE',  ( -38.80057321904148182, 10.50000000000000000, 17.73705422904000528 ) ) ;
#5043 = CARTESIAN_POINT ( 'NONE',  ( 4.553332877239093079, 5.875000000000003553, 3.239422186896803169 ) ) ;
#5044 = DIRECTION ( 'NONE',  ( 0.000000000000000000, 2.200000000000000003E-16, 1.000000000000000000 ) ) ;
#5045 = ORIENTED_EDGE ( 'NONE', *, *, #6182, .T. ) ;
#5047 = ADVANCED_FACE ( 'NONE', ( #217 ), #183, .F. ) ;
#5046 = ORIENTED_EDGE ( 'NONE', *, *, #2877, .T. ) ;
#5048 = EDGE_LOOP ( 'NONE', ( #284, #540, #1932, #3780 ) ) ;
#5049 = DIRECTION ( 'NONE',  ( 0.000000000000000000, 1.000000000000000000, 0.000000000000000000 ) ) ;
#5050 = EDGE_LOOP ( 'NONE', ( #2359, #1805 ) ) ;
#5051 = CARTESIAN_POINT ( 'NONE',  ( 3.506559040048433218, 10.50000000000000000, 18.82186810699505486 ) ) ;
#5052 = AXIS2_PLACEMENT_3D ( 'NONE', #3553, #1537, #907 ) ;
#5053 = CARTESIAN_POINT ( 'NONE',  ( -50.38856591388922368, 7.983490513531148913, 27.73876969599392694 ) ) ;
#5054 = VERTEX_POINT ( 'NONE', #5743 ) ;
#5055 = VECTOR ( 'NONE', #3781, 1000.000000000000000 ) ;
#5056 = CARTESIAN_POINT ( 'NONE',  ( 4.006559040048433218, 8.000000000000000000, 24.55434452200542950 ) ) ;
#5058 = AXIS2_PLACEMENT_3D ( 'NONE', #4349, #5866, #2850 ) ;
#5057 = LINE ( 'NONE', #4462, #4693 ) ;
#5059 = DIRECTION ( 'NONE',  ( -0.000000000000000000, 1.000000000000000000, 0.000000000000000000 ) ) ;
#5060 = DIRECTION ( 'NONE',  ( 0.000000000000000000, -2.200000000000000003E-16, -1.000000000000000000 ) ) ;
#5061 = VECTOR ( 'NONE', #3718, 1000.000000000000000 ) ;
#5062 = CARTESIAN_POINT ( 'NONE',  ( -35.84981777935089298, 12.50000000000000178, 13.32093663378252302 ) ) ;
#5063 = LINE ( 'NONE', #2546, #5447 ) ;
#5064 = CARTESIAN_POINT ( 'NONE',  ( -34.67116132220666458, 15.76999999999999957, 4.947054229039999029 ) ) ;
#5065 = ADVANCED_FACE ( 'NONE', ( #2172 ), #3720, .F. ) ;
#5066 = DIRECTION ( 'NONE',  ( -0.8131104624267522230, 0.5821094191749117686, 0.000000000000000000 ) ) ;
#5067 = DIRECTION ( 'NONE',  ( 0.000000000000000000, 0.000000000000000000, 1.000000000000000000 ) ) ;
#5068 = ORIENTED_EDGE ( 'NONE', *, *, #5930, .T. ) ;
#5069 = EDGE_LOOP ( 'NONE', ( #1911, #1462, #5344, #967 ) ) ;
#5070 = ADVANCED_FACE ( 'NONE', ( #3594 ), #3119, .F. ) ;
#5071 = PLANE ( 'NONE',  #5484 ) ;
#5072 = CARTESIAN_POINT ( 'NONE',  ( -37.45872214768999697, 17.76999999999999957, 21.72705422903999661 ) ) ;
#5073 = DIRECTION ( 'NONE',  ( 0.000000000000000000, 2.200000000000000003E-16, 1.000000000000000000 ) ) ;
#5074 = CARTESIAN_POINT ( 'NONE',  ( -66.59445670572583253, 8.717998577795754045, -4.761230304006072167 ) ) ;
#5075 = ORIENTED_EDGE ( 'NONE', *, *, #3249, .F. ) ;
#5076 = EDGE_LOOP ( 'NONE', ( #2757, #2454, #3170, #6076 ) ) ;
#5077 = ORIENTED_EDGE ( 'NONE', *, *, #5349, .T. ) ;
#5078 = VERTEX_POINT ( 'NONE', #5616 ) ;
#5079 = ORIENTED_EDGE ( 'NONE', *, *, #4168, .T. ) ;
#5080 = DIRECTION ( 'NONE',  ( -0.000000000000000000, -0.000000000000000000, -1.000000000000000000 ) ) ;
#5081 = CARTESIAN_POINT ( 'NONE',  ( -13.35826083555089205, 14.31486969996502623, 27.32705422903999803 ) ) ;
#5082 = ORIENTED_EDGE ( 'NONE', *, *, #3567, .F. ) ;
#5083 = CARTESIAN_POINT ( 'NONE',  ( -39.25872214768999413, 10.50000000000000000, 17.73705422904000173 ) ) ;
#5084 = FACE_OUTER_BOUND ( 'NONE', #1225, .T. ) ;
#5085 = DIRECTION ( 'NONE',  ( 0.000000000000000000, -0.000000000000000000, 1.000000000000000000 ) ) ;
#5086 = FACE_OUTER_BOUND ( 'NONE', #2013, .T. ) ;
#5087 = CARTESIAN_POINT ( 'NONE',  ( -34.88360049672333929, 15.77000000000000313, 25.32705422903999803 ) ) ;
#5088 = CARTESIAN_POINT ( 'NONE',  ( -2.258722147692000082, 12.50000000000000000, 25.32705422904000159 ) ) ;
#5089 = CARTESIAN_POINT ( 'NONE',  ( -10.79999054116380997, 8.250000000000000000, 25.73360027965844665 ) ) ;
#5090 = EDGE_CURVE ( 'NONE', #3589, #6133, #4325, .T. ) ;
#5091 = CARTESIAN_POINT ( 'NONE',  ( 0.7046605134103512968, 10.50000000000000000, 0.4999999999999997780 ) ) ;
#5092 = CARTESIAN_POINT ( 'NONE',  ( -35.65872214768999271, 17.76999999999999957, 4.947054229039999917 ) ) ;
#5093 = EDGE_LOOP ( 'NONE', ( #3610, #6153, #4483, #6246 ) ) ;
#5094 = ADVANCED_FACE ( 'NONE', ( #4648 ), #6250, .F. ) ;
#5095 = EDGE_LOOP ( 'NONE', ( #1965, #1693, #4882, #4507, #6334, #108, #5367 ) ) ;
#5096 = CARTESIAN_POINT ( 'NONE',  ( -37.10780862777779276, 10.50000000000000000, 17.03588817743363393 ) ) ;
#5097 = CARTESIAN_POINT ( 'NONE',  ( -13.22804947384475760, 4.040444544970648089, 26.77397846476551280 ) ) ;
#5098 = DIRECTION ( 'NONE',  ( -0.000000000000000000, 0.000000000000000000, -1.000000000000000000 ) ) ;
#5099 = SHAPE_REPRESENTATION_RELATIONSHIP ( 'NONE' , 'NONE' ,  #5736, #3128 ) ;
#5100 = ORIENTED_EDGE ( 'NONE', *, *, #2649, .T. ) ;
#5101 = ORIENTED_EDGE ( 'NONE', *, *, #169, .T. ) ;
#5102 = ORIENTED_EDGE ( 'NONE', *, *, #5603, .F. ) ;
#5103 = CARTESIAN_POINT ( 'NONE',  ( -6.058722147692000348, 16.43666666666666387, 6.747054229040002404 ) ) ;
#5104 = VECTOR ( 'NONE', #4866, 1000.000000000000000 ) ;
#5105 = EDGE_CURVE ( 'NONE', #5343, #173, #2111, .T. ) ;
#5106 = CARTESIAN_POINT ( 'NONE',  ( -4.258722147691999638, 12.50000000000000000, 27.32705422903999803 ) ) ;
#5107 = EDGE_LOOP ( 'NONE', ( #6175, #1440, #2820, #3234 ) ) ;
#5108 = CIRCLE ( 'NONE', #44, 2.420000000000002149 ) ;
#5109 = CARTESIAN_POINT ( 'NONE',  ( -51.22703573346488071, 5.875000000000003553, -0.5000000000000000000 ) ) ;
#5110 = ADVANCED_FACE ( 'NONE', ( #5146 ), #3657, .F. ) ;
#5111 = ADVANCED_FACE ( 'NONE', ( #3184 ), #5851, .T. ) ;
#5112 = DIRECTION ( 'NONE',  ( 0.000000000000000000, 0.000000000000000000, 1.000000000000000000 ) ) ;
#5113 = VECTOR ( 'NONE', #5853, 1000.000000000000000 ) ;
#5114 = CARTESIAN_POINT ( 'NONE',  ( -53.49344095995156323, 5.875000000000003553, 19.58434452200542708 ) ) ;
#5115 = CIRCLE ( 'NONE', #3744, 2.420000000000000373 ) ;
#5116 = ORIENTED_EDGE ( 'NONE', *, *, #5024, .F. ) ;
#5117 = DIRECTION ( 'NONE',  ( 1.000000000000000000, 0.000000000000000000, 0.000000000000000000 ) ) ;
#5118 = CARTESIAN_POINT ( 'NONE',  ( -18.70837374726851721, 4.540444544970647200, 26.77397846476551280 ) ) ;
#5119 = CARTESIAN_POINT ( 'NONE',  ( -12.49651859791751995, 7.159555455029353865, 27.73876969599392694 ) ) ;
#5120 = CARTESIAN_POINT ( 'NONE',  ( -39.25872214768999413, 17.76999999999999957, 1.147054229039999873 ) ) ;
#5121 = VECTOR ( 'NONE', #5686, 1000.000000000000000 ) ;
#5122 = DIRECTION ( 'NONE',  ( 0.7030546926580765188, 0.7111357810794345369, 0.000000000000000000 ) ) ;
#5123 = AXIS2_PLACEMENT_3D ( 'NONE', #95, #4294, #4189 ) ;
#5124 = FACE_OUTER_BOUND ( 'NONE', #5730, .T. ) ;
#5125 = ORIENTED_EDGE ( 'NONE', *, *, #2457, .T. ) ;
#5126 = VERTEX_POINT ( 'NONE', #2344 ) ;
#5128 = VECTOR ( 'NONE', #3806, 1000.000000000000000 ) ;
#5127 = CARTESIAN_POINT ( 'NONE',  ( -6.755023590593533633, 15.76999999999999602, 5.305271677312578760 ) ) ;
#5129 = CIRCLE ( 'NONE', #5351, 4.000000000000000000 ) ;
#5130 = DIRECTION ( 'NONE',  ( -0.000000000000000000, -0.000000000000000000, -1.000000000000000000 ) ) ;
#5131 = DIRECTION ( 'NONE',  ( 1.000000000000000000, 0.000000000000000000, 0.000000000000000000 ) ) ;
#5132 = DIRECTION ( 'NONE',  ( 1.000000000000000000, 0.000000000000000000, 0.000000000000000000 ) ) ;
#5133 = ORIENTED_EDGE ( 'NONE', *, *, #3382, .T. ) ;
#5134 = VERTEX_POINT ( 'NONE', #2310 ) ;
#5135 = ORIENTED_EDGE ( 'NONE', *, *, #4811, .F. ) ;
#5136 = FACE_OUTER_BOUND ( 'NONE', #5093, .T. ) ;
#5137 = EDGE_CURVE ( 'NONE', #5371, #2168, #4324, .T. ) ;
#5138 = DIRECTION ( 'NONE',  ( 0.000000000000000000, 0.000000000000000000, 1.000000000000000000 ) ) ;
#5139 = EDGE_CURVE ( 'NONE', #3854, #5668, #2483, .T. ) ;
#5140 = DIRECTION ( 'NONE',  ( -1.000000000000000000, -1.525498497872751877E-16, 0.000000000000000000 ) ) ;
#5141 = ORIENTED_EDGE ( 'NONE', *, *, #5747, .F. ) ;
#5142 = VERTEX_POINT ( 'NONE', #5350 ) ;
#5143 = AXIS2_PLACEMENT_3D ( 'NONE', #5163, #107, #6138 ) ;
#5144 = CARTESIAN_POINT ( 'NONE',  ( -11.99651859791752173, 6.659555455029353865, 26.77397846476551280 ) ) ;
#5145 = ADVANCED_FACE ( 'NONE', ( #1882 ), #1310, .T. ) ;
#5146 = FACE_OUTER_BOUND ( 'NONE', #3181, .T. ) ;
#5147 = AXIS2_PLACEMENT_3D ( 'NONE', #5426, #1957, #2942 ) ;
#5148 = CARTESIAN_POINT ( 'NONE',  ( 3.649911022935344196, 12.50000000000000000, 6.828908360124231081 ) ) ;
#5149 = ORIENTED_EDGE ( 'NONE', *, *, #5625, .F. ) ;
#5150 = DIRECTION ( 'NONE',  ( 0.5044624565692711338, -0.8634336279715403295, 0.000000000000000000 ) ) ;
#5151 = CARTESIAN_POINT ( 'NONE',  ( -2.511149370983484896, 12.50000000000000178, 26.33429218978180231 ) ) ;
#5152 = VECTOR ( 'NONE', #4400, 1000.000000000000000 ) ;
#5153 = LINE ( 'NONE', #2120, #393 ) ;
#5154 = CARTESIAN_POINT ( 'NONE',  ( 1.873062941308192730, 8.250000000000000000, 17.31907693046060714 ) ) ;
#5155 = DIRECTION ( 'NONE',  ( -1.000000000000000000, 0.000000000000000000, 0.000000000000000000 ) ) ;
#5156 = VECTOR ( 'NONE', #3059, 1000.000000000000000 ) ;
#5157 = DIRECTION ( 'NONE',  ( 0.000000000000000000, -1.000000000000000000, 2.200000000000000003E-16 ) ) ;
#5158 = ORIENTED_EDGE ( 'NONE', *, *, #1086, .T. ) ;
#5159 = EDGE_LOOP ( 'NONE', ( #3886, #279, #947, #946, #2759, #5294, #4316, #4284, #4570, #1240, #4973, #5602, #5068, #5766, #1666, #1692, #3150, #6067, #5082, #2947 ) ) ;
#5160 = AXIS2_PLACEMENT_3D ( 'NONE', #4304, #2849, #4872 ) ;
#5161 = CARTESIAN_POINT ( 'NONE',  ( -61.54560449174972803, 8.250000000000000000, 25.73876969599392694 ) ) ;
#5162 = CARTESIAN_POINT ( 'NONE',  ( -57.32342535502199610, 10.50000000000000000, -0.5000000000000000000 ) ) ;
#5163 = CARTESIAN_POINT ( 'NONE',  ( 0.000000000000000000, 0.000000000000000000, 0.000000000000000000 ) ) ;
#5164 = VECTOR ( 'NONE', #5597, 1000.000000000000000 ) ;
#5165 = VERTEX_POINT ( 'NONE', #1345 ) ;
#5166 = EDGE_LOOP ( 'NONE', ( #5226, #1999, #696, #2660, #3143, #6500, #17 ) ) ;
#5167 = ORIENTED_EDGE ( 'NONE', *, *, #5384, .F. ) ;
#5168 = DIRECTION ( 'NONE',  ( 0.000000000000000000, -2.200000000000000003E-16, -1.000000000000000000 ) ) ;
#5169 = CARTESIAN_POINT ( 'NONE',  ( -39.25872214768999413, 17.76999999999999957, 1.147054229039999873 ) ) ;
#5170 = VECTOR ( 'NONE', #1389, 1000.000000000000000 ) ;
#5171 =( NAMED_UNIT ( * ) PLANE_ANGLE_UNIT ( ) SI_UNIT ( $, .RADIAN. ) );
#5172 = ORIENTED_EDGE ( 'NONE', *, *, #2073, .T. ) ;
#5173 = ORIENTED_EDGE ( 'NONE', *, *, #366, .T. ) ;
#5174 = ORIENTED_EDGE ( 'NONE', *, *, #4143, .T. ) ;
#5175 = CARTESIAN_POINT ( 'NONE',  ( -21.75872214769000479, 12.50000000000000000, 26.66038756237333374 ) ) ;
#5176 = EDGE_CURVE ( 'NONE', #1548, #4968, #6063, .T. ) ;
#5177 = DIRECTION ( 'NONE',  ( -1.000000000000000000, 0.000000000000000000, -0.000000000000000000 ) ) ;
#5178 = DIRECTION ( 'NONE',  ( 0.000000000000000000, 0.000000000000000000, 1.000000000000000000 ) ) ;
#5179 = ADVANCED_FACE ( 'NONE', ( #3828, #3321 ), #3355, .F. ) ;
#5180 = ORIENTED_EDGE ( 'NONE', *, *, #2417, .T. ) ;
#5181 = DIRECTION ( 'NONE',  ( 1.000000000000000000, -0.000000000000000000, -0.000000000000000000 ) ) ;
#5182 = FACE_OUTER_BOUND ( 'NONE', #1303, .T. ) ;
#5183 = CARTESIAN_POINT ( 'NONE',  ( -51.60056723113756760, 8.750000000000000000, 24.47883920486393805 ) ) ;
#5184 = CARTESIAN_POINT ( 'NONE',  ( 6.352138378250272943, -3.250000000000000000, -3.261230304006072611 ) ) ;
#5185 = DIRECTION ( 'NONE',  ( -0.7111357810794346479, 0.7030546926580766298, 0.000000000000000000 ) ) ;
#5186 = EDGE_CURVE ( 'NONE', #3969, #3409, #5115, .T. ) ;
#5187 = B_SPLINE_CURVE_WITH_KNOTS ( 'NONE', 1,
 ( #544, #5513 ),
 .UNSPECIFIED., .F., .F.,
 ( 2, 2 ),
 ( 0.000000000000000000, 0.9976296656384221473 ),
 .UNSPECIFIED. ) ;
#5188 = CARTESIAN_POINT ( 'NONE',  ( -39.79572938337270926, 4.466867144221085439, 27.73876969599392694 ) ) ;
#5189 = ORIENTED_EDGE ( 'NONE', *, *, #2746, .F. ) ;
#5190 = DIRECTION ( 'NONE',  ( -0.000000000000000000, 1.000000000000000000, 0.000000000000000000 ) ) ;
#5191 = CARTESIAN_POINT ( 'NONE',  ( -4.258722147691999638, 17.76999999999999957, 1.147054229039999873 ) ) ;
#5192 = VERTEX_POINT ( 'NONE', #4919 ) ;
#5193 = DIRECTION ( 'NONE',  ( -0.5821094191749118796, -0.8131104624267521119, 0.000000000000000000 ) ) ;
#5194 = ADVANCED_FACE ( 'NONE', ( #347 ), #3794, .F. ) ;
#5195 = CARTESIAN_POINT ( 'NONE',  ( -6.058722147692000348, 17.10333333333333528, 21.72705422903999661 ) ) ;
#5196 = DIRECTION ( 'NONE',  ( 1.000000000000000000, -0.000000000000000000, 0.000000000000000000 ) ) ;
#5197 = VERTEX_POINT ( 'NONE', #4392 ) ;
#5198 = ORIENTED_EDGE ( 'NONE', *, *, #5392, .F. ) ;
#5199 = ORIENTED_EDGE ( 'NONE', *, *, #657, .F. ) ;
#5200 = CARTESIAN_POINT ( 'NONE',  ( -36.20046978845007857, 10.50000000000000000, 12.47438779774185491 ) ) ;
#5201 = EDGE_CURVE ( 'NONE', #6350, #2008, #1743, .T. ) ;
#5202 = DIRECTION ( 'NONE',  ( 1.000000000000000000, 0.000000000000000000, 0.000000000000000000 ) ) ;
#5203 = CARTESIAN_POINT ( 'NONE',  ( -57.08091565620415508, 10.50000000000000000, 23.43434452200543205 ) ) ;
#5204 = VERTEX_POINT ( 'NONE', #1378 ) ;
#5205 = VERTEX_POINT ( 'NONE', #5314 ) ;
#5206 = EDGE_LOOP ( 'NONE', ( #6185, #660 ) ) ;
#5207 = CIRCLE ( 'NONE', #1727, 3.350000000000002309 ) ;
#5208 = CYLINDRICAL_SURFACE ( 'NONE', #3580, 4.000000000000003553 ) ;
#5209 = DIRECTION ( 'NONE',  ( -0.000000000000000000, 1.000000000000000000, 0.000000000000000000 ) ) ;
#5210 = VECTOR ( 'NONE', #2866, 1000.000000000000000 ) ;
#5211 = CARTESIAN_POINT ( 'NONE',  ( 4.553332877239093968, 5.875000000000003553, 3.239422186896803169 ) ) ;
#5212 = VERTEX_POINT ( 'NONE', #3861 ) ;
#5213 = CARTESIAN_POINT ( 'NONE',  ( -21.75872214769000124, 12.50000000000000000, 3.147054229040000095 ) ) ;
#5214 = LINE ( 'NONE', #3227, #578 ) ;
#5215 = CARTESIAN_POINT ( 'NONE',  ( -37.45872214769000408, 17.76999999999999957, 6.508550116008871456 ) ) ;
#5216 = DIRECTION ( 'NONE',  ( -0.000000000000000000, 1.000000000000000000, 0.000000000000000000 ) ) ;
#5217 = AXIS2_PLACEMENT_3D ( 'NONE', #326, #4896, #4003 ) ;
#5218 = ADVANCED_FACE ( 'NONE', ( #380 ), #5882, .F. ) ;
#5219 = LINE ( 'NONE', #2122, #2847 ) ;
#5220 = EDGE_CURVE ( 'NONE', #4073, #5540, #154, .T. ) ;
#5221 = CARTESIAN_POINT ( 'NONE',  ( 9.876295877967509185, 0.7130042956954123490, -6.761230304006072167 ) ) ;
#5222 = EDGE_CURVE ( 'NONE', #3557, #2728, #3370, .T. ) ;
#5223 = ORIENTED_EDGE ( 'NONE', *, *, #2565, .F. ) ;
#5224 = CARTESIAN_POINT ( 'NONE',  ( 0.6765746449780049021, 5.885962796422301579, -0.5000000000000012212 ) ) ;
#5225 = LINE ( 'NONE', #1758, #6517 ) ;
#5226 = ORIENTED_EDGE ( 'NONE', *, *, #3617, .F. ) ;
#5227 = CIRCLE ( 'NONE', #54, 0.5000000000000004441 ) ;
#5228 = LINE ( 'NONE', #5726, #3793 ) ;
#5229 = CIRCLE ( 'NONE', #5975, 1.349999999999998757 ) ;
#5230 = CARTESIAN_POINT ( 'NONE',  ( -2.258722147692000082, 17.76999999999999957, 17.93372089570666361 ) ) ;
#5231 = EDGE_CURVE ( 'NONE', #2752, #4737, #3291, .T. ) ;
#5232 = ORIENTED_EDGE ( 'NONE', *, *, #6542, .F. ) ;
#5233 = EDGE_LOOP ( 'NONE', ( #5396, #3197, #5829, #124 ) ) ;
#5234 = EDGE_LOOP ( 'NONE', ( #3187, #1812, #1658, #6044, #744, #2562 ) ) ;
#5235 = VECTOR ( 'NONE', #3873, 1000.000000000000000 ) ;
#5236 = VECTOR ( 'NONE', #1818, 1000.000000000000000 ) ;
#5237 = CARTESIAN_POINT ( 'NONE',  ( -42.10122215060024331, 12.50000000000000000, 16.35494526401501858 ) ) ;
#5238 = DIRECTION ( 'NONE',  ( 0.000000000000000000, 0.000000000000000000, -1.000000000000000000 ) ) ;
#5239 = EDGE_CURVE ( 'NONE', #5818, #6314, #4631, .T. ) ;
#5240 = LINE ( 'NONE', #5203, #4795 ) ;
#5241 = VERTEX_POINT ( 'NONE', #2762 ) ;
#5242 = ORIENTED_EDGE ( 'NONE', *, *, #6408, .T. ) ;
#5243 = VERTEX_POINT ( 'NONE', #4953 ) ;
#5244 = CARTESIAN_POINT ( 'NONE',  ( -4.258722147691999638, 15.76999999999999957, 25.32705422904000159 ) ) ;
#5245 = LINE ( 'NONE', #678, #469 ) ;
#5246 = DIRECTION ( 'NONE',  ( -0.000000000000000000, 1.000000000000000000, -0.000000000000000000 ) ) ;
#5247 = AXIS2_PLACEMENT_3D ( 'NONE', #6267, #765, #2294 ) ;
#5248 = ORIENTED_EDGE ( 'NONE', *, *, #587, .T. ) ;
#5249 = CARTESIAN_POINT ( 'NONE',  ( -39.25872214769000124, 14.25666666666666771, 27.32705422903999803 ) ) ;
#5250 = DIRECTION ( 'NONE',  ( -0.000000000000000000, 1.000000000000000000, -0.000000000000000000 ) ) ;
#5251 = DIRECTION ( 'NONE',  ( -0.000000000000000000, 1.000000000000000000, 0.000000000000000000 ) ) ;
#5252 = CARTESIAN_POINT ( 'NONE',  ( 7.852138378250272943, 10.50000000000000000, 24.23876969599391984 ) ) ;
#5253 = CARTESIAN_POINT ( 'NONE',  ( -21.75872214769000124, 12.50000000000000000, 14.23705422903999995 ) ) ;
#5254 = CARTESIAN_POINT ( 'NONE',  ( -39.71687107633850644, 10.50000000000000000, 10.73705422903999818 ) ) ;
#5255 = DIRECTION ( 'NONE',  ( -1.000000000000000000, 0.000000000000000000, 0.000000000000000000 ) ) ;
#5256 = EDGE_LOOP ( 'NONE', ( #5673, #3307, #4711, #2851 ) ) ;
#5257 = CARTESIAN_POINT ( 'NONE',  ( 0.6791506273944176719, 5.878654803782183969, -0.4770860922284115291 ) ) ;
#5258 = CARTESIAN_POINT ( 'NONE',  ( -21.75872214769000124, 12.50000000000000000, 25.32705422904000159 ) ) ;
#5259 = ORIENTED_EDGE ( 'NONE', *, *, #4345, .F. ) ;
#5260 = EDGE_CURVE ( 'NONE', #2553, #2194, #3957, .T. ) ;
#5261 = CARTESIAN_POINT ( 'NONE',  ( -4.258722147691999638, 17.76999999999999957, 27.32705422903999803 ) ) ;
#5262 = AXIS2_PLACEMENT_3D ( 'NONE', #2091, #2518, #3010 ) ;
#5263 = CARTESIAN_POINT ( 'NONE',  ( -53.99344095995156323, 5.875000000000003553, -2.215655477994567413 ) ) ;
#5264 = ORIENTED_EDGE ( 'NONE', *, *, #2396, .F. ) ;
#5265 = ORIENTED_EDGE ( 'NONE', *, *, #4518, .F. ) ;
#5266 = EDGE_CURVE ( 'NONE', #3651, #2981, #2486, .T. ) ;
#5267 = ORIENTED_EDGE ( 'NONE', *, *, #2841, .T. ) ;
#5268 = CARTESIAN_POINT ( 'NONE',  ( -42.62105896777516989, 12.50000000000000178, 15.35953354326890619 ) ) ;
#5269 = B_SPLINE_CURVE_WITH_KNOTS ( 'NONE', 3,
 ( #6004, #3015, #971, #2984, #1065, #5006, #41, #468, #6069, #2004 ),
 .UNSPECIFIED., .F., .F.,
 ( 4, 2, 2, 2, 4 ),
 ( 0.000000000000000000, 0.2500000000000000000, 0.5000000000000000000, 0.7500000000000000000, 1.000000000000000000 ),
 .UNSPECIFIED. ) ;
#5270 = DIRECTION ( 'NONE',  ( -0.000000000000000000, 1.000000000000000000, -0.000000000000000000 ) ) ;
#5271 = COLOUR_RGB ( '',0.7921568627450980005, 0.8196078431372548767, 0.9333333333333333481 ) ;
#5272 = CARTESIAN_POINT ( 'NONE',  ( -35.25872214769000124, 17.76999999999999602, 3.680387562373333310 ) ) ;
#5273 = ORIENTED_EDGE ( 'NONE', *, *, #5551, .F. ) ;
#5274 = AXIS2_PLACEMENT_3D ( 'NONE', #852, #5878, #913 ) ;
#5275 = ORIENTED_EDGE ( 'NONE', *, *, #836, .F. ) ;
#5276 = VERTEX_POINT ( 'NONE', #916 ) ;
#5277 = FACE_OUTER_BOUND ( 'NONE', #1507, .T. ) ;
#5278 = CARTESIAN_POINT ( 'NONE',  ( -4.258722147691999638, 12.50000000000000000, 3.147054229040000095 ) ) ;
#5279 = EDGE_CURVE ( 'NONE', #6205, #5818, #1396, .T. ) ;
#5280 = CARTESIAN_POINT ( 'NONE',  ( -21.75872214769000124, 12.50000000000000000, 27.32705422903999803 ) ) ;
#5281 = VERTEX_POINT ( 'NONE', #4426 ) ;
#5282 = LINE ( 'NONE', #6321, #1740 ) ;
#5283 = DIRECTION ( 'NONE',  ( 0.000000000000000000, 0.000000000000000000, 1.000000000000000000 ) ) ;
#5284 = CIRCLE ( 'NONE', #2134, 1.600000000000004086 ) ;
#5285 = CARTESIAN_POINT ( 'NONE',  ( -53.99344095995156323, 8.000000000000000000, 1.554344522005431939 ) ) ;
#5286 = DIRECTION ( 'NONE',  ( 0.000000000000000000, 0.000000000000000000, -1.000000000000000000 ) ) ;
#5287 = EDGE_CURVE ( 'NONE', #2940, #2453, #3663, .T. ) ;
#5288 = DIRECTION ( 'NONE',  ( 0.000000000000000000, 1.000000000000000000, 0.000000000000000000 ) ) ;
#5289 = DIRECTION ( 'NONE',  ( -0.000000000000000000, -1.000000000000000000, -0.000000000000000000 ) ) ;
#5290 = DIRECTION ( 'NONE',  ( -0.000000000000000000, 1.000000000000000000, -0.000000000000000000 ) ) ;
#5291 = CARTESIAN_POINT ( 'NONE',  ( -8.258722147691500481, 17.76999999999944890, 23.52705422904000088 ) ) ;
#5292 = DIRECTION ( 'NONE',  ( 0.000000000000000000, -2.400000000000000048E-16, -1.000000000000000000 ) ) ;
#5293 = EDGE_CURVE ( 'NONE', #4073, #2553, #3191, .T. ) ;
#5294 = ORIENTED_EDGE ( 'NONE', *, *, #105, .F. ) ;
#5295 = DIRECTION ( 'NONE',  ( -0.000000000000000000, 1.000000000000000000, -0.000000000000000000 ) ) ;
#5296 = ADVANCED_FACE ( 'NONE', ( #2121 ), #4758, .T. ) ;
#5297 = CARTESIAN_POINT ( 'NONE',  ( -60.04560449174972803, 8.717998577795750492, -6.761230304006072167 ) ) ;
#5298 = SHAPE_DEFINITION_REPRESENTATION ( #5309, #4554 ) ;
#5299 = ORIENTED_EDGE ( 'NONE', *, *, #4900, .F. ) ;
#5300 = ORIENTED_EDGE ( 'NONE', *, *, #4232, .T. ) ;
#5301 = VERTEX_POINT ( 'NONE', #1615 ) ;
#5302 = CARTESIAN_POINT ( 'NONE',  ( -53.99344095995156323, 8.750000000000000000, 22.13434452200543134 ) ) ;
#5303 = CYLINDRICAL_SURFACE ( 'NONE', #5790, 3.350000000000002309 ) ;
#5304 = EDGE_CURVE ( 'NONE', #4905, #4837, #6191, .T. ) ;
#5305 = CYLINDRICAL_SURFACE ( 'NONE', #1880, 3.350000000000001421 ) ;
#5306 = EDGE_LOOP ( 'NONE', ( #3410, #1332, #5738, #6512 ) ) ;
#5307 = ORIENTED_EDGE ( 'NONE', *, *, #3655, .F. ) ;
#5308 = ORIENTED_EDGE ( 'NONE', *, *, #2833, .T. ) ;
#5309 = PRODUCT_DEFINITION_SHAPE ( 'NONE', 'NONE',  #1618 ) ;
#5310 = ADVANCED_FACE ( 'NONE', ( #4621 ), #2706, .T. ) ;
#5311 = LINE ( 'NONE', #345, #3800 ) ;
#5312 = ORIENTED_EDGE ( 'NONE', *, *, #4583, .T. ) ;
#5313 = CARTESIAN_POINT ( 'NONE',  ( -25.61778050154248376, 12.78225237061119302, 3.147054229040002316 ) ) ;
#5314 = CARTESIAN_POINT ( 'NONE',  ( 4.006559040048433218, 8.000000000000000000, 20.78434452200542992 ) ) ;
#5315 = PLANE ( 'NONE',  #1089 ) ;
#5316 = EDGE_CURVE ( 'NONE', #935, #5434, #653, .T. ) ;
#5317 = ORIENTED_EDGE ( 'NONE', *, *, #1511, .F. ) ;
#5318 = FACE_OUTER_BOUND ( 'NONE', #4106, .T. ) ;
#5319 = CARTESIAN_POINT ( 'NONE',  ( -38.60223981824245953, -3.250000000000000000, 26.71994397445526204 ) ) ;
#5320 = EDGE_CURVE ( 'NONE', #3416, #567, #1178, .T. ) ;
#5321 = CARTESIAN_POINT ( 'NONE',  ( -63.54560449174972803, -3.250000000000000000, -3.261230304006073055 ) ) ;
#5322 = DIRECTION ( 'NONE',  ( -1.000000000000000000, 0.000000000000000000, 0.000000000000000000 ) ) ;
#5323 = LINE ( 'NONE', #792, #3860 ) ;
#5324 = VECTOR ( 'NONE', #185, 1000.000000000000000 ) ;
#5325 = CARTESIAN_POINT ( 'NONE',  ( -57.34344095995156465, 5.875000000000003553, 22.43434452200543205 ) ) ;
#5326 = DIRECTION ( 'NONE',  ( -0.000000000000000000, -1.000000000000000000, -0.000000000000000000 ) ) ;
#5327 = CARTESIAN_POINT ( 'NONE',  ( -6.104394428185232258, 17.76999999999999602, 6.278558882123992824 ) ) ;
#5328 = CARTESIAN_POINT ( 'NONE',  ( -20.19137825829315602, 5.303496124073167728, 26.77397846476551280 ) ) ;
#5329 = ORIENTED_EDGE ( 'NONE', *, *, #2637, .F. ) ;
#5330 = AXIS2_PLACEMENT_3D ( 'NONE', #3951, #3669, #1010 ) ;
#5331 = DIRECTION ( 'NONE',  ( 0.000000000000000000, 1.000000000000000000, 0.000000000000000000 ) ) ;
#5332 = AXIS2_PLACEMENT_3D ( 'NONE', #4366, #3326, #1854 ) ;
#5333 = DIRECTION ( 'NONE',  ( -0.000000000000000000, 1.000000000000000000, -0.000000000000000000 ) ) ;
#5334 = AXIS2_PLACEMENT_3D ( 'NONE', #5678, #616, #5711 ) ;
#5335 = ORIENTED_EDGE ( 'NONE', *, *, #1300, .T. ) ;
#5336 = VERTEX_POINT ( 'NONE', #5653 ) ;
#5337 = ORIENTED_EDGE ( 'NONE', *, *, #199, .T. ) ;
#5338 = B_SPLINE_CURVE_WITH_KNOTS ( 'NONE', 3,
 ( #1421, #5422, #359, #2353 ),
 .UNSPECIFIED., .F., .F.,
 ( 4, 4 ),
 ( 0.000000000000000000, 1.000000000000000000 ),
 .UNSPECIFIED. ) ;
#5339 = CARTESIAN_POINT ( 'NONE',  ( -37.92538881435667264, 17.76999999999999957, 27.32705422903999803 ) ) ;
#5340 = CIRCLE ( 'NONE', #3432, 0.5000000000000004441 ) ;
#5341 = AXIS2_PLACEMENT_3D ( 'NONE', #6398, #4004, #3472 ) ;
#5342 = DIRECTION ( 'NONE',  ( 0.000000000000000000, 0.000000000000000000, -1.000000000000000000 ) ) ;
#5343 = VERTEX_POINT ( 'NONE', #3126 ) ;
#5344 = ORIENTED_EDGE ( 'NONE', *, *, #2675, .F. ) ;
#5345 = ORIENTED_EDGE ( 'NONE', *, *, #2192, .T. ) ;
#5346 = CYLINDRICAL_SURFACE ( 'NONE', #3510, 1.349999999999996980 ) ;
#5347 = ORIENTED_EDGE ( 'NONE', *, *, #339, .F. ) ;
#5348 = CARTESIAN_POINT ( 'NONE',  ( -50.38856591388922368, 4.966867144221086328, 35.00000000000000000 ) ) ;
#5349 = EDGE_CURVE ( 'NONE', #6382, #5609, #1638, .T. ) ;
#5350 = CARTESIAN_POINT ( 'NONE',  ( -19.69137825829315602, 7.159555455029352977, 26.77397846476551280 ) ) ;
#5351 = AXIS2_PLACEMENT_3D ( 'NONE', #704, #1695, #4771 ) ;
#5352 = EDGE_CURVE ( 'NONE', #2553, #6075, #1149, .T. ) ;
#5353 = LINE ( 'NONE', #6318, #6495 ) ;
#5354 = CARTESIAN_POINT ( 'NONE',  ( -40.96754674497921656, 12.50000000000000178, 11.16202437946758330 ) ) ;
#5355 = CARTESIAN_POINT ( 'NONE',  ( -3.344218069902689106, 11.19375000000000142, -1.581394809086989595 ) ) ;
#5356 = ADVANCED_FACE ( 'NONE', ( #1713 ), #6256, .T. ) ;
#5357 = EDGE_CURVE ( 'NONE', #3481, #4172, #5582, .T. ) ;
#5358 = CARTESIAN_POINT ( 'NONE',  ( 6.352138378250272055, -3.250000000000000000, 27.73876969599392694 ) ) ;
#5359 = CARTESIAN_POINT ( 'NONE',  ( -32.69603967124039912, 15.76999999999944713, 25.32705422904000159 ) ) ;
#5360 = B_SPLINE_CURVE_WITH_KNOTS ( 'NONE', 3,
 ( #4075, #501, #6544, #2526 ),
 .UNSPECIFIED., .F., .F.,
 ( 4, 4 ),
 ( 0.000000000000000000, 1.000000000000000000 ),
 .UNSPECIFIED. ) ;
#5361 = DIRECTION ( 'NONE',  ( 0.000000000000000000, -1.000000000000000000, 0.000000000000000000 ) ) ;
#5362 = B_SPLINE_CURVE_WITH_KNOTS ( 'NONE', 3,
 ( #1420, #3965, #1989, #4993 ),
 .UNSPECIFIED., .F., .F.,
 ( 4, 4 ),
 ( 0.000000000000000000, 1.000000000000000000 ),
 .UNSPECIFIED. ) ;
#5363 = DIRECTION ( 'NONE',  ( 0.000000000000000000, -0.000000000000000000, 1.000000000000000000 ) ) ;
#5364 = CARTESIAN_POINT ( 'NONE',  ( 4.506559040048433218, 5.875000000000003553, 18.82186810699505486 ) ) ;
#5365 = LINE ( 'NONE', #2287, #890 ) ;
#5366 = DIRECTION ( 'NONE',  ( 0.000000000000000000, 1.000000000000000000, 0.000000000000000000 ) ) ;
#5367 = ORIENTED_EDGE ( 'NONE', *, *, #5677, .F. ) ;
#5368 = PLANE ( 'NONE',  #5160 ) ;
#5369 = AXIS2_PLACEMENT_3D ( 'NONE', #2547, #4566, #1588 ) ;
#5370 = CARTESIAN_POINT ( 'NONE',  ( -5.592055481025332675, 17.76999999999999602, 1.147054229040000317 ) ) ;
#5371 = VERTEX_POINT ( 'NONE', #4161 ) ;
#5372 = ORIENTED_EDGE ( 'NONE', *, *, #3118, .F. ) ;
#5373 = EDGE_LOOP ( 'NONE', ( #1296, #5259, #6530, #3201 ) ) ;
#5374 = VECTOR ( 'NONE', #869, 1000.000000000000000 ) ;
#5375 =( LENGTH_UNIT ( ) NAMED_UNIT ( * ) SI_UNIT ( .MILLI., .METRE. ) );
#5376 = CARTESIAN_POINT ( 'NONE',  ( -57.32998108409214666, 10.50000000000000000, 22.43434452200543205 ) ) ;
#5377 = ORIENTED_EDGE ( 'NONE', *, *, #1498, .T. ) ;
#5378 = VERTEX_POINT ( 'NONE', #1213 ) ;
#5379 = VERTEX_POINT ( 'NONE', #5252 ) ;
#5380 = LINE ( 'NONE', #2923, #745 ) ;
#5381 = DIRECTION ( 'NONE',  ( -0.000000000000000000, 1.000000000000000000, -0.000000000000000000 ) ) ;
#5382 = DIRECTION ( 'NONE',  ( 0.000000000000000000, 0.000000000000000000, 1.000000000000000000 ) ) ;
#5383 = CARTESIAN_POINT ( 'NONE',  ( -6.058722147692000348, 15.76999999999999957, 6.747054229039999740 ) ) ;
#5384 = EDGE_CURVE ( 'NONE', #1738, #2313, #724, .T. ) ;
#5385 = AXIS2_PLACEMENT_3D ( 'NONE', #2578, #6032, #965 ) ;
#5386 = CARTESIAN_POINT ( 'NONE',  ( -20.19137825829315602, 5.303496124073167728, 35.00000000000000000 ) ) ;
#5387 = CARTESIAN_POINT ( 'NONE',  ( 1.182768845707224292, 5.181250000000004796, -0.3349138192549396820 ) ) ;
#5388 = DIRECTION ( 'NONE',  ( 0.000000000000000000, 0.000000000000000000, 1.000000000000000000 ) ) ;
#5389 = CARTESIAN_POINT ( 'NONE',  ( -53.49344095995156323, 5.875000000000003553, 2.776420582063964471 ) ) ;
#5390 = DIRECTION ( 'NONE',  ( -0.000000000000000000, 1.000000000000000000, -0.000000000000000000 ) ) ;
#5391 = CARTESIAN_POINT ( 'NONE',  ( -56.16599705819160704, 5.875000000000003553, 19.58434452200542708 ) ) ;
#5392 = EDGE_CURVE ( 'NONE', #1155, #6378, #4594, .T. ) ;
#5393 = DIRECTION ( 'NONE',  ( 0.000000000000000000, 0.000000000000000000, 1.000000000000000000 ) ) ;
#5394 = DIRECTION ( 'NONE',  ( 0.000000000000000000, -0.000000000000000000, 1.000000000000000000 ) ) ;
#5395 = DIRECTION ( 'NONE',  ( 0.000000000000000000, 0.000000000000000000, 1.000000000000000000 ) ) ;
#5396 = ORIENTED_EDGE ( 'NONE', *, *, #4428, .F. ) ;
#5397 = EDGE_CURVE ( 'NONE', #1398, #5838, #3524, .T. ) ;
#5398 = CYLINDRICAL_SURFACE ( 'NONE', #5694, 19.92627134724899918 ) ;
#5399 = CARTESIAN_POINT ( 'NONE',  ( -12.49651859791752351, 6.659555455029353865, 26.77397846476551280 ) ) ;
#5400 = VERTEX_POINT ( 'NONE', #1066 ) ;
#5401 = ORIENTED_EDGE ( 'NONE', *, *, #2330, .T. ) ;
#5402 = VERTEX_POINT ( 'NONE', #1534 ) ;
#5403 = ADVANCED_FACE ( 'NONE', ( #43 ), #4601, .F. ) ;
#5404 = CARTESIAN_POINT ( 'NONE',  ( -4.258722147691999638, 12.50000000000000000, 25.32705422904000159 ) ) ;
#5405 = CARTESIAN_POINT ( 'NONE',  ( -68.67003059873778170, 4.735238934357180796, -3.761230304006072167 ) ) ;
#5406 = ORIENTED_EDGE ( 'NONE', *, *, #2632, .T. ) ;
#5407 = VERTEX_POINT ( 'NONE', #75 ) ;
#5408 = ORIENTED_EDGE ( 'NONE', *, *, #1514, .T. ) ;
#5409 = EDGE_CURVE ( 'NONE', #5963, #2647, #4702, .T. ) ;
#5410 = CARTESIAN_POINT ( 'NONE',  ( -21.75872214769000124, 12.50000000000000000, 25.32705422904000159 ) ) ;
#5411 = FACE_OUTER_BOUND ( 'NONE', #1975, .T. ) ;
#5412 = DIRECTION ( 'NONE',  ( -1.000000000000000000, 0.000000000000000000, 0.000000000000000000 ) ) ;
#5413 = CARTESIAN_POINT ( 'NONE',  ( -36.12986833953669219, 15.77000000000000313, 23.48020504704296840 ) ) ;
#5414 = B_SPLINE_CURVE_WITH_KNOTS ( 'NONE', 3,
 ( #4405, #6433, #1927, #1897, #5928, #3907, #5423, #894, #3933, #5954 ),
 .UNSPECIFIED., .F., .F.,
 ( 4, 2, 2, 2, 4 ),
 ( 0.000000000000000000, 0.2500000000000000000, 0.5000000000000000000, 0.7500000000000000000, 1.000000000000000000 ),
 .UNSPECIFIED. ) ;
#5415 = CARTESIAN_POINT ( 'NONE',  ( -39.96829162495723153, 12.49999999999999822, 10.79141912981769558 ) ) ;
#5416 = CARTESIAN_POINT ( 'NONE',  ( 0.8248985047362128453, 5.875000000000003553, -1.571152701941314733 ) ) ;
#5417 = CARTESIAN_POINT ( 'NONE',  ( -50.88856591388922368, 4.966867144221086328, 26.71994397445526204 ) ) ;
#5418 = CARTESIAN_POINT ( 'NONE',  ( -53.99344095995156323, 5.875000000000003553, 22.13434452200543134 ) ) ;
#5419 = CARTESIAN_POINT ( 'NONE',  ( -50.38856591388922368, 4.466867144221085439, 27.73876969599392694 ) ) ;
#5420 = PLANE ( 'NONE',  #3527 ) ;
#5421 = CARTESIAN_POINT ( 'NONE',  ( -39.25872214768999413, 12.50000000000000000, 8.207054229040000592 ) ) ;
#5422 = CARTESIAN_POINT ( 'NONE',  ( -10.82140462413999948, 15.76999999999999602, 4.347054229040000273 ) ) ;
#5423 = CARTESIAN_POINT ( 'NONE',  ( -3.248517656995600245, 17.76999999999999602, 1.400789120669065246 ) ) ;
#5424 = EDGE_LOOP ( 'NONE', ( #1438, #1008, #5003, #2729 ) ) ;
#5425 = EDGE_CURVE ( 'NONE', #4172, #251, #5979, .T. ) ;
#5426 = CARTESIAN_POINT ( 'NONE',  ( -61.54560449174972803, -3.250000000000000000, 27.73876969599392694 ) ) ;
#5427 = AXIS2_PLACEMENT_3D ( 'NONE', #3468, #581, #4530 ) ;
#5428 = ADVANCED_FACE ( 'NONE', ( #6258 ), #3731, .F. ) ;
#5429 = CARTESIAN_POINT ( 'NONE',  ( 0.000000000000000000, 0.000000000000000000, 22.43434452200543205 ) ) ;
#5430 = EDGE_CURVE ( 'NONE', #6205, #4598, #2430, .T. ) ;
#5431 = CARTESIAN_POINT ( 'NONE',  ( -39.25872214768999413, 15.76999999999999957, 3.147054229040000095 ) ) ;
#5432 = AXIS2_PLACEMENT_3D ( 'NONE', #1943, #6115, #5450 ) ;
#5433 = VERTEX_POINT ( 'NONE', #193 ) ;
#5434 = VERTEX_POINT ( 'NONE', #3551 ) ;
#5435 = ORIENTED_EDGE ( 'NONE', *, *, #5504, .T. ) ;
#5436 = LINE ( 'NONE', #403, #4435 ) ;
#5437 = AXIS2_PLACEMENT_3D ( 'NONE', #6520, #2346, #5885 ) ;
#5438 = EDGE_CURVE ( 'NONE', #6116, #3182, #535, .T. ) ;
#5439 = VECTOR ( 'NONE', #5390, 1000.000000000000000 ) ;
#5440 = FACE_OUTER_BOUND ( 'NONE', #1903, .T. ) ;
#5441 = ORIENTED_EDGE ( 'NONE', *, *, #3274, .T. ) ;
#5442 = ORIENTED_EDGE ( 'NONE', *, *, #4811, .T. ) ;
#5443 = ORIENTED_EDGE ( 'NONE', *, *, #3567, .T. ) ;
#5444 = DIRECTION ( 'NONE',  ( -0.000000000000000000, 1.000000000000000000, -0.000000000000000000 ) ) ;
#5445 = CARTESIAN_POINT ( 'NONE',  ( -37.41187296569297160, 15.77000000000000313, 6.275908037193296707 ) ) ;
#5446 = VECTOR ( 'NONE', #2935, 1000.000000000000000 ) ;
#5447 = VECTOR ( 'NONE', #524, 1000.000000000000114 ) ;
#5448 = DIRECTION ( 'NONE',  ( -1.000000000000000000, 0.000000000000000000, 0.000000000000000000 ) ) ;
#5449 = EDGE_CURVE ( 'NONE', #649, #5508, #2741, .T. ) ;
#5450 = DIRECTION ( 'NONE',  ( 1.000000000000000000, 0.000000000000000000, 0.000000000000000000 ) ) ;
#5451 = PRODUCT_DEFINITION_CONTEXT ( 'detailed design', #3791, 'design' ) ;
#5452 = DIRECTION ( 'NONE',  ( -1.000000000000000000, -0.000000000000000000, -0.000000000000000000 ) ) ;
#5453 = PLANE ( 'NONE',  #938 ) ;
#5454 = CIRCLE ( 'NONE', #3868, 1.500000000000000000 ) ;
#5455 = AXIS2_PLACEMENT_3D ( 'NONE', #853, #6384, #779 ) ;
#5456 = CARTESIAN_POINT ( 'NONE',  ( -4.258722147692000526, 15.76999999999999957, 10.54038756237333452 ) ) ;
#5457 = DIRECTION ( 'NONE',  ( -0.000000000000000000, -1.000000000000000000, -0.000000000000000000 ) ) ;
#5458 = DIRECTION ( 'NONE',  ( 0.000000000000000000, 0.000000000000000000, -1.000000000000000000 ) ) ;
#5459 = DIRECTION ( 'NONE',  ( -0.000000000000000000, -1.000000000000000000, -0.000000000000000000 ) ) ;
#5460 = DIRECTION ( 'NONE',  ( 0.000000000000000000, 1.000000000000000000, 0.000000000000000000 ) ) ;
#5461 = CARTESIAN_POINT ( 'NONE',  ( -2.258722147692000082, 12.50000000000000000, 3.147054229040000095 ) ) ;
#5462 = ORIENTED_EDGE ( 'NONE', *, *, #366, .F. ) ;
#5463 = DIRECTION ( 'NONE',  ( 0.000000000000000000, 0.000000000000000000, 1.000000000000000000 ) ) ;
#5464 = DIRECTION ( 'NONE',  ( 0.000000000000000000, 0.000000000000000000, 1.000000000000000000 ) ) ;
#5465 = CARTESIAN_POINT ( 'NONE',  ( 9.852138378250273831, 12.50000000000000000, 0.000000000000000000 ) ) ;
#5466 = AXIS2_PLACEMENT_3D ( 'NONE', #5009, #5044, #504 ) ;
#5467 = ORIENTED_EDGE ( 'NONE', *, *, #988, .T. ) ;
#5468 = VERTEX_POINT ( 'NONE', #1252 ) ;
#5469 = VERTEX_POINT ( 'NONE', #1092 ) ;
#5470 = DIRECTION ( 'NONE',  ( 0.000000000000000000, 2.200000000000000003E-16, 1.000000000000000000 ) ) ;
#5471 = PLANE ( 'NONE',  #5052 ) ;
#5472 = EDGE_LOOP ( 'NONE', ( #5877, #4481 ) ) ;
#5473 = EDGE_CURVE ( 'NONE', #4609, #1729, #1568, .T. ) ;
#5474 = ORIENTED_EDGE ( 'NONE', *, *, #700, .F. ) ;
#5475 = EDGE_LOOP ( 'NONE', ( #6476, #5037, #5149, #4597, #2719, #6139, #4421 ) ) ;
#5476 = DIRECTION ( 'NONE',  ( -0.000000000000000000, -1.000000000000000000, -0.000000000000000000 ) ) ;
#5477 = AXIS2_PLACEMENT_3D ( 'NONE', #957, #2442, #4432 ) ;
#5478 = LINE ( 'NONE', #948, #271 ) ;
#5479 = AXIS2_PLACEMENT_3D ( 'NONE', #2760, #2270, #5775 ) ;
#5480 = CARTESIAN_POINT ( 'NONE',  ( -53.99344095995156323, 5.875000000000003553, -0.8656554779945688782 ) ) ;
#5481 = APPLICATION_CONTEXT ( 'automotive_design' ) ;
#5482 = LINE ( 'NONE', #2963, #5113 ) ;
#5483 = CARTESIAN_POINT ( 'NONE',  ( -32.69603967124039912, 15.76999999999944713, 25.32705422904000159 ) ) ;
#5484 = AXIS2_PLACEMENT_3D ( 'NONE', #6038, #2095, #561 ) ;
#5485 = DIRECTION ( 'NONE',  ( -1.000000000000000000, 0.000000000000000000, 0.000000000000000000 ) ) ;
#5486 = DIRECTION ( 'NONE',  ( -0.000000000000000000, 0.000000000000000000, -1.000000000000000000 ) ) ;
#5487 = EDGE_CURVE ( 'NONE', #180, #3979, #4263, .T. ) ;
#5488 = LINE ( 'NONE', #1450, #1742 ) ;
#5489 = CARTESIAN_POINT ( 'NONE',  ( -53.99344095995156323, 5.875000000000003553, -0.8656554779945688782 ) ) ;
#5490 = DIRECTION ( 'NONE',  ( 0.000000000000000000, 0.000000000000000000, 1.000000000000000000 ) ) ;
#5491 = CARTESIAN_POINT ( 'NONE',  ( -4.258722147691999638, 12.50000000000000000, 27.32705422903999803 ) ) ;
#5492 = DIRECTION ( 'NONE',  ( -0.000000000000000000, 0.000000000000000000, -1.000000000000000000 ) ) ;
#5493 = ORIENTED_EDGE ( 'NONE', *, *, #2688, .F. ) ;
#5494 = EDGE_CURVE ( 'NONE', #1875, #1192, #4230, .T. ) ;
#5495 = CARTESIAN_POINT ( 'NONE',  ( -41.25872214768999413, 12.50000000000000000, 5.886293787950334533 ) ) ;
#5496 = CARTESIAN_POINT ( 'NONE',  ( -41.25872214768999413, 12.50000000000000000, 17.10933555230900183 ) ) ;
#5497 = CIRCLE ( 'NONE', #4117, 0.5000000000000004441 ) ;
#5498 = FACE_BOUND ( 'NONE', #5050, .T. ) ;
#5499 = EDGE_CURVE ( 'NONE', #1699, #5468, #5340, .T. ) ;
#5500 = ORIENTED_EDGE ( 'NONE', *, *, #4062, .F. ) ;
#5501 = VERTEX_POINT ( 'NONE', #3267 ) ;
#5502 = ORIENTED_EDGE ( 'NONE', *, *, #2089, .F. ) ;
#5503 = VERTEX_POINT ( 'NONE', #758 ) ;
#5504 = EDGE_CURVE ( 'NONE', #3416, #2823, #2772, .T. ) ;
#5505 = CARTESIAN_POINT ( 'NONE',  ( -53.99344095995156323, 5.875000000000003553, 22.13434452200543134 ) ) ;
#5506 = DIRECTION ( 'NONE',  ( 1.000000000000000000, 0.000000000000000000, 0.000000000000000000 ) ) ;
#5507 = DIRECTION ( 'NONE',  ( -0.000000000000000000, 1.000000000000000000, -0.000000000000000000 ) ) ;
#5508 = VERTEX_POINT ( 'NONE', #2283 ) ;
#5509 = ORIENTED_EDGE ( 'NONE', *, *, #4560, .T. ) ;
#5510 = EDGE_LOOP ( 'NONE', ( #4775, #4388 ) ) ;
#5511 = CARTESIAN_POINT ( 'NONE',  ( 6.352138378250272055, -3.250000000000000000, 24.23876969599392694 ) ) ;
#5512 = EDGE_LOOP ( 'NONE', ( #4113, #4419, #433, #738 ) ) ;
#5513 = CARTESIAN_POINT ( 'NONE',  ( 0.6765746449780049021, 5.885962796422301579, -0.5000000000000012212 ) ) ;
#5514 = ADVANCED_FACE ( 'NONE', ( #4298 ), #5572, .T. ) ;
#5515 = ADVANCED_FACE ( 'NONE', ( #6428 ), #3837, .F. ) ;
#5516 = CYLINDRICAL_SURFACE ( 'NONE', #6066, 1.349999999999998757 ) ;
#5517 = EDGE_CURVE ( 'NONE', #3343, #5964, #1924, .T. ) ;
#5518 = LINE ( 'NONE', #1483, #4438 ) ;
#5519 = DIRECTION ( 'NONE',  ( 1.000000000000000000, 0.000000000000000000, -0.000000000000000000 ) ) ;
#5520 = CARTESIAN_POINT ( 'NONE',  ( -50.93444028727700612, 10.50000000000000000, 0.5000000000000000000 ) ) ;
#5521 = CARTESIAN_POINT ( 'NONE',  ( -54.49344095995157033, 5.875000000000003553, 18.82186810699505486 ) ) ;
#5522 = CARTESIAN_POINT ( 'NONE',  ( -60.04560449174972803, -3.250000000000000000, -4.761230304006072167 ) ) ;
#5523 = ADVANCED_FACE ( 'NONE', ( #6362 ), #794, .T. ) ;
#5524 = DIRECTION ( 'NONE',  ( -0.000000000000000000, 1.000000000000000000, 0.000000000000000000 ) ) ;
#5525 = CARTESIAN_POINT ( 'NONE',  ( -42.10122215060022910, 12.49999999999999822, 12.11916319406498310 ) ) ;
#5526 = EDGE_CURVE ( 'NONE', #3577, #3343, #4279, .T. ) ;
#5527 = CARTESIAN_POINT ( 'NONE',  ( -8.125388814358666778, 17.77000000000000313, 23.52705422904000088 ) ) ;
#5528 = LINE ( 'NONE', #2026, #4495 ) ;
#5529 = VERTEX_POINT ( 'NONE', #3367 ) ;
#5530 = CARTESIAN_POINT ( 'NONE',  ( -54.49344095995157033, 5.875000000000003553, 3.284344522005432587 ) ) ;
#5531 = CYLINDRICAL_SURFACE ( 'NONE', #307, 3.350000000000002309 ) ;
#5532 = CARTESIAN_POINT ( 'NONE',  ( 4.006559040048433218, 8.549883839852032708, 18.78434452200542992 ) ) ;
#5533 = ORIENTED_EDGE ( 'NONE', *, *, #3730, .T. ) ;
#5534 = ORIENTED_EDGE ( 'NONE', *, *, #6176, .T. ) ;
#5535 = ORIENTED_EDGE ( 'NONE', *, *, #1173, .T. ) ;
#5536 = CARTESIAN_POINT ( 'NONE',  ( -36.20046978845009988, 10.50000000000000000, 15.99972066033815032 ) ) ;
#5537 = VECTOR ( 'NONE', #4455, 1000.000000000000000 ) ;
#5538 = CARTESIAN_POINT ( 'NONE',  ( -53.99344095995156323, 8.000000000000000000, 22.13434452200543134 ) ) ;
#5539 = DIRECTION ( 'NONE',  ( 1.000000000000000000, 0.000000000000000000, 0.000000000000000000 ) ) ;
#5540 = VERTEX_POINT ( 'NONE', #1357 ) ;
#5541 = ORIENTED_EDGE ( 'NONE', *, *, #5430, .F. ) ;
#5542 = ORIENTED_EDGE ( 'NONE', *, *, #2451, .F. ) ;
#5543 = CARTESIAN_POINT ( 'NONE',  ( -51.60056723113756760, 8.000000000000000000, 21.77302012765626316 ) ) ;
#5544 = VERTEX_POINT ( 'NONE', #891 ) ;
#5545 = DIRECTION ( 'NONE',  ( 0.000000000000000000, -1.000000000000000000, 2.200000000000000003E-16 ) ) ;
#5546 = VECTOR ( 'NONE', #3839, 1000.000000000000000 ) ;
#5547 = B_SPLINE_CURVE_WITH_KNOTS ( 'NONE', 3,
 ( #6311, #4278, #770, #4670, #2785, #4743, #4772, #3782, #1234, #2300 ),
 .UNSPECIFIED., .F., .F.,
 ( 4, 2, 2, 2, 4 ),
 ( 0.000000000000000000, 0.2500000000000001110, 0.5000000000000000000, 0.7500000000000000000, 1.000000000000000000 ),
 .UNSPECIFIED. ) ;
#5548 = DIRECTION ( 'NONE',  ( 0.000000000000000000, 0.000000000000000000, -1.000000000000000000 ) ) ;
#5549 = VERTEX_POINT ( 'NONE', #5391 ) ;
#5550 = AXIS2_PLACEMENT_3D ( 'NONE', #3060, #519, #5986 ) ;
#5551 = EDGE_CURVE ( 'NONE', #1539, #2453, #2872, .T. ) ;
#5552 = CARTESIAN_POINT ( 'NONE',  ( -4.258722147691999638, 12.50000000000000000, 25.32705422904000159 ) ) ;
#5553 = CARTESIAN_POINT ( 'NONE',  ( -53.99344095995156323, 5.875000000000003553, 0.4843445220054299338 ) ) ;
#5554 = EDGE_CURVE ( 'NONE', #5469, #1166, #2321, .T. ) ;
#5555 = VECTOR ( 'NONE', #1454, 1000.000000000000000 ) ;
#5556 = DIRECTION ( 'NONE',  ( -0.000000000000000000, 1.000000000000000000, -0.000000000000000000 ) ) ;
#5557 = FACE_OUTER_BOUND ( 'NONE', #3847, .T. ) ;
#5558 = EDGE_CURVE ( 'NONE', #2040, #3040, #3729, .T. ) ;
#5559 = ADVANCED_FACE ( 'NONE', ( #3930 ), #862, .F. ) ;
#5560 = VECTOR ( 'NONE', #2873, 1000.000000000000000 ) ;
#5561 = AXIS2_PLACEMENT_3D ( 'NONE', #2754, #6271, #3246 ) ;
#5562 = DIRECTION ( 'NONE',  ( 0.000000000000000000, -1.000000000000000000, 2.200000000000000003E-16 ) ) ;
#5563 = CARTESIAN_POINT ( 'NONE',  ( -2.310776794355370090, 12.50000000000000178, 25.85054999775855933 ) ) ;
#5564 = CARTESIAN_POINT ( 'NONE',  ( -37.45872214768999697, 17.76999999999999957, 6.747054229039999740 ) ) ;
#5565 = DIRECTION ( 'NONE',  ( 0.000000000000000000, 0.000000000000000000, 1.000000000000000000 ) ) ;
#5566 = DIRECTION ( 'NONE',  ( 1.000000000000000000, 0.000000000000000000, 0.000000000000000000 ) ) ;
#5567 = EDGE_LOOP ( 'NONE', ( #2392, #101, #2240, #5757 ) ) ;
#5568 = ORIENTED_EDGE ( 'NONE', *, *, #120, .F. ) ;
#5569 = ORIENTED_EDGE ( 'NONE', *, *, #5884, .T. ) ;
#5570 = DIRECTION ( 'NONE',  ( 1.000000000000000000, 0.000000000000000000, 0.000000000000000000 ) ) ;
#5571 = AXIS2_PLACEMENT_3D ( 'NONE', #1269, #4774, #2302 ) ;
#5572 = PLANE ( 'NONE',  #5761 ) ;
#5573 = DIRECTION ( 'NONE',  ( -0.000000000000000000, -0.000000000000000000, -1.000000000000000000 ) ) ;
#5574 = LINE ( 'NONE', #5074, #4410 ) ;
#5575 = EDGE_LOOP ( 'NONE', ( #3684, #136, #72, #3114 ) ) ;
#5576 = ORIENTED_EDGE ( 'NONE', *, *, #1187, .F. ) ;
#5577 = ORIENTED_EDGE ( 'NONE', *, *, #2189, .T. ) ;
#5578 = CARTESIAN_POINT ( 'NONE',  ( -19.05990109359755635, 4.184876654430928156, 26.77397846476551280 ) ) ;
#5579 = EDGE_LOOP ( 'NONE', ( #5626, #2922, #2623, #3348, #6370, #2676, #2743 ) ) ;
#5580 = LINE ( 'NONE', #3989, #4505 ) ;
#5581 = AXIS2_PLACEMENT_3D ( 'NONE', #2020, #2506, #6055 ) ;
#5582 = B_SPLINE_CURVE_WITH_KNOTS ( 'NONE', 3,
 ( #624, #2146, #1118, #1680 ),
 .UNSPECIFIED., .F., .F.,
 ( 4, 4 ),
 ( 0.000000000000000000, 1.000000000000000000 ),
 .UNSPECIFIED. ) ;
#5583 = DIRECTION ( 'NONE',  ( 1.000000000000000000, 0.000000000000000000, 0.000000000000000000 ) ) ;
#5584 = ORIENTED_EDGE ( 'NONE', *, *, #1020, .F. ) ;
#5585 = CIRCLE ( 'NONE', #85, 3.350000000000002309 ) ;
#5586 = ADVANCED_FACE ( 'NONE', ( #1828 ), #5420, .F. ) ;
#5587 = CARTESIAN_POINT ( 'NONE',  ( -39.71687107633850644, 10.49999999999999822, 17.73705422903999462 ) ) ;
#5589 = AXIS2_PLACEMENT_3D ( 'NONE', #1029, #5067, #1592 ) ;
#5588 = DIRECTION ( 'NONE',  ( -0.000000000000000000, 1.000000000000000000, -0.000000000000000000 ) ) ;
#5590 = CARTESIAN_POINT ( 'NONE',  ( -39.25872214768999413, 12.50000000000000000, 3.147054229040000095 ) ) ;
#5591 = ADVANCED_FACE ( 'NONE', ( #6460 ), #2383, .F. ) ;
#5592 = CARTESIAN_POINT ( 'NONE',  ( -42.75872214769000124, 12.50000000000000000, 14.23705422903999995 ) ) ;
#5593 = VECTOR ( 'NONE', #3619, 1000.000000000000000 ) ;
#5594 = PLANE ( 'NONE',  #4271 ) ;
#5595 = CARTESIAN_POINT ( 'NONE',  ( -50.93444028727700612, 10.50000000000000000, 0.5000000000000000000 ) ) ;
#5596 = LINE ( 'NONE', #4620, #2613 ) ;
#5597 = DIRECTION ( 'NONE',  ( -0.000000000000000000, 1.000000000000000000, -0.000000000000000000 ) ) ;
#5598 = ADVANCED_FACE ( 'NONE', ( #5951 ), #421, .F. ) ;
#5599 = VECTOR ( 'NONE', #1839, 1000.000000000000000 ) ;
#5600 = CARTESIAN_POINT ( 'NONE',  ( -46.64434067419821162, 10.50000000000000000, 23.43434452200543205 ) ) ;
#5601 = ORIENTED_EDGE ( 'NONE', *, *, #118, .T. ) ;
#5602 = ORIENTED_EDGE ( 'NONE', *, *, #3139, .F. ) ;
#5603 = EDGE_CURVE ( 'NONE', #2563, #3488, #831, .T. ) ;
#5604 = CARTESIAN_POINT ( 'NONE',  ( 18.02106672353487227, 4.713004295695412793, -3.761230304006072167 ) ) ;
#5605 = DIRECTION ( 'NONE',  ( 1.000000000000000000, 1.015275922635573312E-16, -0.000000000000000000 ) ) ;
#5606 = CARTESIAN_POINT ( 'NONE',  ( -4.258722147691941906, 8.500000000000007105, 2.317690357242517596 ) ) ;
#5607 = CARTESIAN_POINT ( 'NONE',  ( 15.59462909302567013, -3.805708568474074571, -5.643531001621671983 ) ) ;
#5608 = ORIENTED_EDGE ( 'NONE', *, *, #6176, .F. ) ;
#5609 = VERTEX_POINT ( 'NONE', #324 ) ;
#5610 = VERTEX_POINT ( 'NONE', #6329 ) ;
#5611 = EDGE_CURVE ( 'NONE', #2334, #2728, #689, .T. ) ;
#5612 = ORIENTED_EDGE ( 'NONE', *, *, #5517, .F. ) ;
#5613 = CARTESIAN_POINT ( 'NONE',  ( -32.69603967124039912, 15.76999999999944713, 4.947054229039999917 ) ) ;
#5614 = ORIENTED_EDGE ( 'NONE', *, *, #3981, .F. ) ;
#5615 = CARTESIAN_POINT ( 'NONE',  ( -57.34344095995156465, 5.875000000000003553, -0.5000000000000000000 ) ) ;
#5616 = CARTESIAN_POINT ( 'NONE',  ( 6.352138378250272055, 0.7524792909186112100, -6.761230304006072167 ) ) ;
#5617 = CARTESIAN_POINT ( 'NONE',  ( 4.006559040048433218, 5.875000000000003553, 22.13434452200543134 ) ) ;
#5618 = ORIENTED_EDGE ( 'NONE', *, *, #658, .T. ) ;
#5619 = CARTESIAN_POINT ( 'NONE',  ( 3.647571787580841995, 5.874999999999344524, 3.269951672286888655 ) ) ;
#5620 = CARTESIAN_POINT ( 'NONE',  ( -46.63866157316878969, 10.50000000000000000, 0.5000000000000000000 ) ) ;
#5621 = LINE ( 'NONE', #525, #6114 ) ;
#5622 = DIRECTION ( 'NONE',  ( 1.000000000000000000, 0.000000000000000000, 0.000000000000000000 ) ) ;
#5623 = DIRECTION ( 'NONE',  ( -0.000000000000000000, 1.000000000000000000, -0.000000000000000000 ) ) ;
#5624 = DIRECTION ( 'NONE',  ( 0.000000000000000000, 0.000000000000000000, -1.000000000000000000 ) ) ;
#5625 = EDGE_CURVE ( 'NONE', #1540, #5197, #3605, .T. ) ;
#5626 = ORIENTED_EDGE ( 'NONE', *, *, #4115, .T. ) ;
#5627 = ORIENTED_EDGE ( 'NONE', *, *, #5438, .T. ) ;
#5628 = EDGE_CURVE ( 'NONE', #5407, #5544, #3595, .T. ) ;
#5629 = CARTESIAN_POINT ( 'NONE',  ( -35.84981777935090008, 10.50000000000000000, 15.15317182429748577 ) ) ;
#5630 = CARTESIAN_POINT ( 'NONE',  ( -37.45872214768999697, 17.10333333333333528, 21.72705422903998951 ) ) ;
#5631 = FACE_OUTER_BOUND ( 'NONE', #4353, .T. ) ;
#5632 = DIRECTION ( 'NONE',  ( 0.000000000000000000, 0.000000000000000000, 1.000000000000000000 ) ) ;
#5633 = ORIENTED_EDGE ( 'NONE', *, *, #1981, .F. ) ;
#5634 = ORIENTED_EDGE ( 'NONE', *, *, #861, .F. ) ;
#5635 = ORIENTED_EDGE ( 'NONE', *, *, #1935, .F. ) ;
#5636 = CARTESIAN_POINT ( 'NONE',  ( -57.34344095995156465, 5.875000000000003553, 23.43434452200543205 ) ) ;
#5637 = CARTESIAN_POINT ( 'NONE',  ( -53.99344095995156323, 5.875000000000003553, -0.8656554779945688782 ) ) ;
#5638 = VECTOR ( 'NONE', #5944, 1000.000000000000000 ) ;
#5639 = CARTESIAN_POINT ( 'NONE',  ( 4.006559040048433218, 5.875000000000003553, 0.4843445220054316547 ) ) ;
#5640 = ORIENTED_EDGE ( 'NONE', *, *, #3484, .T. ) ;
#5641 = ORIENTED_EDGE ( 'NONE', *, *, #889, .F. ) ;
#5642 = COLOUR_RGB ( '',0.7921568627450980005, 0.8196078431372548767, 0.9333333333333333481 ) ;
#5643 = AXIS2_PLACEMENT_3D ( 'NONE', #6028, #3967, #2907 ) ;
#5644 = CARTESIAN_POINT ( 'NONE',  ( -21.38836543812355373, 8.250000000000000000, 26.77397846476551280 ) ) ;
#5645 = CARTESIAN_POINT ( 'NONE',  ( -9.058388277610369244, 17.03342160989317122, 23.52705422904000088 ) ) ;
#5646 = AXIS2_PLACEMENT_3D ( 'NONE', #6388, #4888, #1315 ) ;
#5647 = CARTESIAN_POINT ( 'NONE',  ( 4.191964135517597612, 12.50000000000000000, 6.828908360124231081 ) ) ;
#5648 = VECTOR ( 'NONE', #4677, 1000.000000000000000 ) ;
#5649 = ORIENTED_EDGE ( 'NONE', *, *, #5832, .T. ) ;
#5650 = LINE ( 'NONE', #4564, #4061 ) ;
#5651 = PLANE ( 'NONE',  #4169 ) ;
#5652 = DIRECTION ( 'NONE',  ( -0.000000000000000000, 1.000000000000000000, 0.000000000000000000 ) ) ;
#5653 = CARTESIAN_POINT ( 'NONE',  ( -60.04560449174972803, 12.50000000000000000, 27.73876969599392694 ) ) ;
#5654 = VECTOR ( 'NONE', #563, 1000.000000000000000 ) ;
#5655 = DIRECTION ( 'NONE',  ( 0.000000000000000000, 0.000000000000000000, 1.000000000000000000 ) ) ;
#5656 = VECTOR ( 'NONE', #4565, 1000.000000000000000 ) ;
#5657 = FACE_OUTER_BOUND ( 'NONE', #5512, .T. ) ;
#5658 = ORIENTED_EDGE ( 'NONE', *, *, #131, .T. ) ;
#5659 = VERTEX_POINT ( 'NONE', #4063 ) ;
#5660 = B_SPLINE_CURVE_WITH_KNOTS ( 'NONE', 3,
 ( #2798, #5817, #6453, #3393 ),
 .UNSPECIFIED., .F., .F.,
 ( 4, 4 ),
 ( 0.000000000000000000, 1.000000000000000000 ),
 .UNSPECIFIED. ) ;
#5661 = FACE_OUTER_BOUND ( 'NONE', #6371, .T. ) ;
#5662 = VECTOR ( 'NONE', #5080, 1000.000000000000000 ) ;
#5663 = CARTESIAN_POINT ( 'NONE',  ( -67.07003059873778739, 4.735238934357180796, -6.761230304006072167 ) ) ;
#5664 =( LENGTH_UNIT ( ) NAMED_UNIT ( * ) SI_UNIT ( .MILLI., .METRE. ) );
#5665 = EDGE_CURVE ( 'NONE', #1817, #1307, #2572, .T. ) ;
#5666 = ORIENTED_EDGE ( 'NONE', *, *, #939, .F. ) ;
#5667 = ORIENTED_EDGE ( 'NONE', *, *, #112, .T. ) ;
#5668 = VERTEX_POINT ( 'NONE', #2023 ) ;
#5669 = CARTESIAN_POINT ( 'NONE',  ( 9.876295877967509185, 0.7130042956954123490, -3.761230304006072167 ) ) ;
#5670 = CYLINDRICAL_SURFACE ( 'NONE', #717, 3.350000000000001421 ) ;
#5671 = EDGE_CURVE ( 'NONE', #3797, #3885, #1054, .T. ) ;
#5672 = VERTEX_POINT ( 'NONE', #30 ) ;
#5673 = ORIENTED_EDGE ( 'NONE', *, *, #5805, .F. ) ;
#5674 = ORIENTED_EDGE ( 'NONE', *, *, #4347, .T. ) ;
#5675 = VECTOR ( 'NONE', #3516, 1000.000000000000000 ) ;
#5676 = CARTESIAN_POINT ( 'NONE',  ( -8.258722147691999638, 17.76999999999999602, 2.413720895706666703 ) ) ;
#5677 = EDGE_CURVE ( 'NONE', #1739, #5843, #2579, .T. ) ;
#5678 = CARTESIAN_POINT ( 'NONE',  ( -39.79572938337270926, 4.966867144221086328, 35.00000000000000000 ) ) ;
#5679 = CIRCLE ( 'NONE', #608, 2.419999999999998597 ) ;
#5680 = CARTESIAN_POINT ( 'NONE',  ( -37.45872214768999697, 15.76999999999999957, 6.747054229039999740 ) ) ;
#5681 = ORIENTED_EDGE ( 'NONE', *, *, #5316, .T. ) ;
#5682 = CARTESIAN_POINT ( 'NONE',  ( -15.92538881435732634, 12.50000000000000000, 3.147054229040000095 ) ) ;
#5683 = CARTESIAN_POINT ( 'NONE',  ( 1.873062941308192730, -3.250000000000000000, 26.76711071965634403 ) ) ;
#5684 = ADVANCED_FACE ( 'NONE', ( #1553, #63 ), #3503, .F. ) ;
#5685 = CARTESIAN_POINT ( 'NONE',  ( -66.59445670572583253, 8.717998577795750492, -3.761230304006072167 ) ) ;
#5686 = DIRECTION ( 'NONE',  ( 0.000000000000000000, -1.000000000000000000, 0.000000000000000000 ) ) ;
#5687 = DIRECTION ( 'NONE',  ( 1.000000000000000000, 0.000000000000000000, 0.000000000000000000 ) ) ;
#5688 = VECTOR ( 'NONE', #2924, 1000.000000000000000 ) ;
#5689 = FACE_OUTER_BOUND ( 'NONE', #134, .T. ) ;
#5690 = EDGE_CURVE ( 'NONE', #5901, #6474, #4678, .T. ) ;
#5691 = ORIENTED_EDGE ( 'NONE', *, *, #822, .T. ) ;
#5692 = CARTESIAN_POINT ( 'NONE',  ( 1.873062941308193619, 8.250000000000000000, 19.55157577574490446 ) ) ;
#5693 = ORIENTED_EDGE ( 'NONE', *, *, #1140, .T. ) ;
#5694 = AXIS2_PLACEMENT_3D ( 'NONE', #2291, #4407, #2388 ) ;
#5695 = CARTESIAN_POINT ( 'NONE',  ( -46.63866157316878969, 10.50000000000000000, -0.5000000000000000000 ) ) ;
#5696 = EDGE_CURVE ( 'NONE', #1998, #1709, #2050, .T. ) ;
#5697 = DIRECTION ( 'NONE',  ( 1.000000000000000000, 0.000000000000000000, 0.000000000000000000 ) ) ;
#5698 = AXIS2_PLACEMENT_3D ( 'NONE', #5253, #2740, #1616 ) ;
#5699 = ORIENTED_EDGE ( 'NONE', *, *, #5551, .T. ) ;
#5700 = ORIENTED_EDGE ( 'NONE', *, *, #5186, .F. ) ;
#5701 = ORIENTED_EDGE ( 'NONE', *, *, #1840, .T. ) ;
#5702 = DIRECTION ( 'NONE',  ( 1.000000000000000000, 0.000000000000000000, 0.000000000000000000 ) ) ;
#5703 = FACE_OUTER_BOUND ( 'NONE', #3561, .T. ) ;
#5704 = LINE ( 'NONE', #1165, #1734 ) ;
#5705 = ORIENTED_EDGE ( 'NONE', *, *, #3130, .T. ) ;
#5706 = ORIENTED_EDGE ( 'NONE', *, *, #1579, .T. ) ;
#5707 = VERTEX_POINT ( 'NONE', #6057 ) ;
#5708 = ADVANCED_FACE ( 'NONE', ( #4095 ), #987, .T. ) ;
#5709 = DIRECTION ( 'NONE',  ( 0.000000000000000000, 1.000000000000000000, -0.000000000000000000 ) ) ;
#5710 = EDGE_CURVE ( 'NONE', #4737, #5501, #5741, .T. ) ;
#5711 = DIRECTION ( 'NONE',  ( 1.000000000000000000, 0.000000000000000000, 0.000000000000000000 ) ) ;
#5712 = ADVANCED_FACE ( 'NONE', ( #520 ), #1519, .F. ) ;
#5713 = CARTESIAN_POINT ( 'NONE',  ( 4.006559040048433218, 5.875000000000003553, -2.215655477994569189 ) ) ;
#5714 = ORIENTED_EDGE ( 'NONE', *, *, #5293, .F. ) ;
#5715 = CARTESIAN_POINT ( 'NONE',  ( -70.59445670572583253, 4.713004295695412793, -6.761230304006072167 ) ) ;
#5716 = CARTESIAN_POINT ( 'NONE',  ( 1.230422628794805906, 5.181250000000004796, 0.4999999999999980571 ) ) ;
#5717 = DIRECTION ( 'NONE',  ( -1.000000000000000000, 0.000000000000000000, 0.000000000000000000 ) ) ;
#5718 = DIRECTION ( 'NONE',  ( 0.000000000000000000, 0.000000000000000000, 1.000000000000000000 ) ) ;
#5719 = CARTESIAN_POINT ( 'NONE',  ( -53.99344095995156323, 8.000000000000000000, 24.55434452200543305 ) ) ;
#5720 = ADVANCED_FACE ( 'NONE', ( #4031 ), #6089, .T. ) ;
#5721 = DIRECTION ( 'NONE',  ( -0.000000000000000000, 1.000000000000000000, -0.000000000000000000 ) ) ;
#5722 = ORIENTED_EDGE ( 'NONE', *, *, #210, .F. ) ;
#5723 = DIRECTION ( 'NONE',  ( 1.000000000000000000, 0.000000000000000000, 0.000000000000000000 ) ) ;
#5724 = CARTESIAN_POINT ( 'NONE',  ( 14.02106672353487227, 8.757473573018954127, -3.761230304006072167 ) ) ;
#5725 = ORIENTED_EDGE ( 'NONE', *, *, #6086, .T. ) ;
#5726 = CARTESIAN_POINT ( 'NONE',  ( -51.60056723113756760, 8.750000000000000000, 16.72284629709940162 ) ) ;
#5727 = ADVANCED_FACE ( 'NONE', ( #6526 ), #3029, .T. ) ;
#5728 = PRODUCT_DEFINITION_SHAPE ( 'NONE', 'NONE',  #6558 ) ;
#5729 = CARTESIAN_POINT ( 'NONE',  ( 4.006559040048433218, 10.50000000000000000, 22.13434452200543134 ) ) ;
#5730 = EDGE_LOOP ( 'NONE', ( #2193, #3121, #3317, #84 ) ) ;
#5731 = ORIENTED_EDGE ( 'NONE', *, *, #1086, .F. ) ;
#5732 = VERTEX_POINT ( 'NONE', #1451 ) ;
#5733 = LINE ( 'NONE', #2690, #6200 ) ;
#5734 = CARTESIAN_POINT ( 'NONE',  ( 6.352138378250272055, 8.757473573018954127, -6.761230304006072167 ) ) ;
#5735 = B_SPLINE_CURVE_WITH_KNOTS ( 'NONE', 3,
 ( #390, #2418, #5527, #4439 ),
 .UNSPECIFIED., .F., .F.,
 ( 4, 4 ),
 ( 0.000000000000000000, 1.000000000000000000 ),
 .UNSPECIFIED. ) ;
#5736 = SHAPE_REPRESENTATION ( 'Save Bodies25[1]', ( #5143 ), #5998 ) ;
#5737 = DIRECTION ( 'NONE',  ( -0.000000000000000000, -0.000000000000000000, 1.000000000000000000 ) ) ;
#5738 = ORIENTED_EDGE ( 'NONE', *, *, #4893, .F. ) ;
#5739 = EDGE_LOOP ( 'NONE', ( #4049, #5004 ) ) ;
#5740 = EDGE_LOOP ( 'NONE', ( #815, #2551, #1814, #5601, #2339 ) ) ;
#5741 = CIRCLE ( 'NONE', #4052, 0.5000000000000004441 ) ;
#5742 = CARTESIAN_POINT ( 'NONE',  ( -8.258722147691500481, 17.76999999999944890, 1.147054229039999873 ) ) ;
#5743 = CARTESIAN_POINT ( 'NONE',  ( -39.29572938337270926, 4.966867144221086328, 27.73876969599392694 ) ) ;
#5744 = AXIS2_PLACEMENT_3D ( 'NONE', #6053, #2993, #1513 ) ;
#5745 = CARTESIAN_POINT ( 'NONE',  ( -33.36525588758593130, 16.18182062135989341, 27.32705422904000159 ) ) ;
#5746 = VECTOR ( 'NONE', #694, 1000.000000000000000 ) ;
#5747 = EDGE_CURVE ( 'NONE', #693, #5434, #244, .T. ) ;
#5748 = ORIENTED_EDGE ( 'NONE', *, *, #5473, .F. ) ;
#5749 = DIRECTION ( 'NONE',  ( -0.000000000000000000, -1.000000000000000000, -0.000000000000000000 ) ) ;
#5750 = LINE ( 'NONE', #3189, #4280 ) ;
#5751 = DIRECTION ( 'NONE',  ( -0.000000000000000000, -0.000000000000000000, -1.000000000000000000 ) ) ;
#5752 = DIRECTION ( 'NONE',  ( 0.000000000000000000, 0.000000000000000000, 1.000000000000000000 ) ) ;
#5753 = AXIS2_PLACEMENT_3D ( 'NONE', #3798, #2703, #753 ) ;
#5754 = PLANE ( 'NONE',  #2016 ) ;
#5755 = CARTESIAN_POINT ( 'NONE',  ( -19.69137825829315602, 5.512278550188185910, 26.77397846476551280 ) ) ;
#5756 = DIRECTION ( 'NONE',  ( 0.000000000000000000, 0.000000000000000000, -1.000000000000000000 ) ) ;
#5757 = ORIENTED_EDGE ( 'NONE', *, *, #2290, .F. ) ;
#5758 = DIRECTION ( 'NONE',  ( 0.000000000000000000, 0.000000000000000000, -1.000000000000000000 ) ) ;
#5759 = FACE_OUTER_BOUND ( 'NONE', #3388, .T. ) ;
#5760 = ORIENTED_EDGE ( 'NONE', *, *, #4051, .T. ) ;
#5761 = AXIS2_PLACEMENT_3D ( 'NONE', #1035, #2555, #4572 ) ;
#5762 = DIRECTION ( 'NONE',  ( -0.000000000000000000, 1.000000000000000000, -0.000000000000000000 ) ) ;
#5763 =( BOUNDED_CURVE ( )  B_SPLINE_CURVE ( 3, ( #2187, #4201, #4766, #3774 ),
 .UNSPECIFIED., .F., .T. ) 
 B_SPLINE_CURVE_WITH_KNOTS ( ( 4, 4 ),
 ( 0.1498135073559421493, 0.7056440465982339871 ),
 .UNSPECIFIED. ) 
 CURVE ( )  GEOMETRIC_REPRESENTATION_ITEM ( )  RATIONAL_B_SPLINE_CURVE ( ( 1.000000000000000000, 0.9744196509921716487, 0.9744196509921716487, 1.000000000000000000 ) ) 
 REPRESENTATION_ITEM ( '' )  );
#5764 = CARTESIAN_POINT ( 'NONE',  ( -2.659388462895639016, 12.50000000000000178, 1.917960789090171536 ) ) ;
#5765 = ORIENTED_EDGE ( 'NONE', *, *, #5526, .F. ) ;
#5766 = ORIENTED_EDGE ( 'NONE', *, *, #4600, .F. ) ;
#5767 = ORIENTED_EDGE ( 'NONE', *, *, #4555, .T. ) ;
#5768 = VECTOR ( 'NONE', #4302, 1000.000000000000000 ) ;
#5769 = CARTESIAN_POINT ( 'NONE',  ( -37.10780862777779987, 10.49999999999999645, 11.43822028064637131 ) ) ;
#5770 = CARTESIAN_POINT ( 'NONE',  ( -35.75872214768998703, 12.50000000000000178, 14.69520315768851582 ) ) ;
#5771 = CARTESIAN_POINT ( 'NONE',  ( -39.25872214768999413, 12.50000000000000000, 25.32705422904000159 ) ) ;
#5772 = ORIENTED_EDGE ( 'NONE', *, *, #2971, .F. ) ;
#5773 = VERTEX_POINT ( 'NONE', #453 ) ;
#5774 = VERTEX_POINT ( 'NONE', #4001 ) ;
#5775 = DIRECTION ( 'NONE',  ( -1.000000000000000000, 0.000000000000000000, 0.000000000000000000 ) ) ;
#5776 = DIRECTION ( 'NONE',  ( 0.000000000000000000, 1.000000000000000000, 0.000000000000000000 ) ) ;
#5777 = B_SPLINE_CURVE_WITH_KNOTS ( 'NONE', 3,
 ( #2231, #5770, #3247, #2855, #4976, #6442, #4942, #2885, #6506, #3449 ),
 .UNSPECIFIED., .F., .F.,
 ( 4, 2, 2, 2, 4 ),
 ( 0.5000000000000000000, 0.6250000000000000000, 0.7500000000000000000, 0.8750000000000000000, 1.000000000000000000 ),
 .UNSPECIFIED. ) ;
#5778 = DIRECTION ( 'NONE',  ( 0.000000000000000000, 1.000000000000000000, 0.000000000000000000 ) ) ;
#5779 = EDGE_CURVE ( 'NONE', #4474, #3513, #6025, .T. ) ;
#5780 = VECTOR ( 'NONE', #6473, 1000.000000000000000 ) ;
#5781 = ORIENTED_EDGE ( 'NONE', *, *, #3530, .T. ) ;
#5782 = EDGE_CURVE ( 'NONE', #6406, #1264, #4186, .T. ) ;
#5783 = CARTESIAN_POINT ( 'NONE',  ( -39.25872214768999413, 12.50000000000000000, 27.32705422903999803 ) ) ;
#5784 = DIRECTION ( 'NONE',  ( -0.000000000000000000, -1.000000000000000000, -0.000000000000000000 ) ) ;
#5785 = LINE ( 'NONE', #5822, #3667 ) ;
#5786 = DIRECTION ( 'NONE',  ( -1.000000000000000000, -0.000000000000000000, -0.000000000000000000 ) ) ;
#5787 = PLANE ( 'NONE',  #5698 ) ;
#5788 = DIRECTION ( 'NONE',  ( -1.000000000000000000, 0.000000000000000000, 0.000000000000000000 ) ) ;
#5789 = CARTESIAN_POINT ( 'NONE',  ( 4.006559040048433218, 5.875000000000003553, -0.8656554779945688782 ) ) ;
#5790 = AXIS2_PLACEMENT_3D ( 'NONE', #1768, #5270, #705 ) ;
#5791 = CARTESIAN_POINT ( 'NONE',  ( 4.006559040048433218, 5.875000000000003553, 23.48434452200543276 ) ) ;
#5792 = CARTESIAN_POINT ( 'NONE',  ( -21.75872214769000124, 15.76999999999999957, 14.23705422903999995 ) ) ;
#5793 = ORIENTED_EDGE ( 'NONE', *, *, #6098, .T. ) ;
#5794 = EDGE_CURVE ( 'NONE', #1934, #5011, #3528, .T. ) ;
#5795 = CARTESIAN_POINT ( 'NONE',  ( -53.99344095995156323, 5.875000000000003553, 25.48434452200543276 ) ) ;
#5796 = AXIS2_PLACEMENT_3D ( 'NONE', #3255, #4218, #1777 ) ;
#5797 = DIRECTION ( 'NONE',  ( 0.000000000000000000, 0.000000000000000000, -1.000000000000000000 ) ) ;
#5798 = APPLICATION_PROTOCOL_DEFINITION ( 'draft international standard', 'automotive_design', 1998, #1386 ) ;
#5799 = ORIENTED_EDGE ( 'NONE', *, *, #4299, .F. ) ;
#5800 = ORIENTED_EDGE ( 'NONE', *, *, #3130, .F. ) ;
#5801 = ORIENTED_EDGE ( 'NONE', *, *, #2365, .T. ) ;
#5802 = AXIS2_PLACEMENT_3D ( 'NONE', #5429, #802, #4376 ) ;
#5803 = CARTESIAN_POINT ( 'NONE',  ( -41.25872214768999413, 12.50000000000000000, 11.36477290577099986 ) ) ;
#5804 = CARTESIAN_POINT ( 'NONE',  ( -6.104602033174199249, 17.77000000000000668, 22.19567003775002334 ) ) ;
#5805 = EDGE_CURVE ( 'NONE', #3708, #3216, #679, .T. ) ;
#5806 = VECTOR ( 'NONE', #2839, 1000.000000000000000 ) ;
#5807 = CARTESIAN_POINT ( 'NONE',  ( -35.25872214769005097, 17.76999999999999957, 4.947054229039999917 ) ) ;
#5808 = EDGE_LOOP ( 'NONE', ( #5502, #3480, #2236, #4197 ) ) ;
#5809 = EDGE_CURVE ( 'NONE', #4675, #2819, #882, .T. ) ;
#5810 = EDGE_LOOP ( 'NONE', ( #4083, #5781, #3338, #1134 ) ) ;
#5811 = EDGE_LOOP ( 'NONE', ( #465, #3746, #1405, #6415 ) ) ;
#5812 = DIRECTION ( 'NONE',  ( -0.000000000000000000, 0.000000000000000000, 1.000000000000000000 ) ) ;
#5813 = ORIENTED_EDGE ( 'NONE', *, *, #1377, .F. ) ;
#5814 = CARTESIAN_POINT ( 'NONE',  ( -53.99344095995156323, 10.50000000000000000, -0.8656554779945688782 ) ) ;
#5815 = AXIS2_PLACEMENT_3D ( 'NONE', #2612, #132, #6294 ) ;
#5816 = DIRECTION ( 'NONE',  ( 0.000000000000000000, 0.000000000000000000, -1.000000000000000000 ) ) ;
#5817 = CARTESIAN_POINT ( 'NONE',  ( -4.258722147691999638, 12.50000000000000000, 10.54038756237333274 ) ) ;
#5818 = VERTEX_POINT ( 'NONE', #5680 ) ;
#5819 = B_SPLINE_CURVE_WITH_KNOTS ( 'NONE', 3,
 ( #27, #60, #4586, #4559, #6085, #1551, #4122, #2996, #5587, #5083 ),
 .UNSPECIFIED., .F., .F.,
 ( 4, 2, 2, 2, 4 ),
 ( 0.5000000000000000000, 0.6249999999999996669, 0.7499999999999997780, 0.8749999999999998890, 1.000000000000000000 ),
 .UNSPECIFIED. ) ;
#5820 = FACE_OUTER_BOUND ( 'NONE', #866, .T. ) ;
#5821 = FACE_OUTER_BOUND ( 'NONE', #2753, .T. ) ;
#5822 = CARTESIAN_POINT ( 'NONE',  ( -65.47003059873777886, 4.735238934357180796, -3.761230304006072167 ) ) ;
#5823 = CARTESIAN_POINT ( 'NONE',  ( -31.08306044100568144, 14.71083942124868393, 25.32705422904000514 ) ) ;
#5824 = CARTESIAN_POINT ( 'NONE',  ( -63.54560449174972803, 12.50000000000000000, -3.261230304006073055 ) ) ;
#5825 = DIRECTION ( 'NONE',  ( 0.000000000000000000, 1.000000000000000000, 0.000000000000000000 ) ) ;
#5826 = CARTESIAN_POINT ( 'NONE',  ( -6.058722147692000348, 17.76999999999999957, 11.74038756237333381 ) ) ;
#5827 = DIRECTION ( 'NONE',  ( -1.000000000000000000, 0.000000000000000000, 0.000000000000000000 ) ) ;
#5828 = DIRECTION ( 'NONE',  ( 0.000000000000000000, 1.000000000000000000, 0.000000000000000000 ) ) ;
#5829 = ORIENTED_EDGE ( 'NONE', *, *, #2805, .F. ) ;
#5830 = CARTESIAN_POINT ( 'NONE',  ( -63.54560449174972803, 0.7130042956954123490, -4.761230304006072167 ) ) ;
#5831 = B_SPLINE_CURVE_WITH_KNOTS ( 'NONE', 3,
 ( #111, #1732, #5237, #5268, #3647, #2624 ),
 .UNSPECIFIED., .F., .F.,
 ( 4, 2, 4 ),
 ( 0.000000000000000000, 0.2499999999999996669, 0.5000000000000000000 ),
 .UNSPECIFIED. ) ;
#5832 = EDGE_CURVE ( 'NONE', #6240, #79, #2733, .T. ) ;
#5833 = CARTESIAN_POINT ( 'NONE',  ( -57.34344095995156465, 5.875000000000003553, -0.5000000000000000000 ) ) ;
#5834 = ADVANCED_FACE ( 'NONE', ( #3185 ), #4193, .T. ) ;
#5835 = VECTOR ( 'NONE', #4767, 1000.000000000000000 ) ;
#5836 = ORIENTED_EDGE ( 'NONE', *, *, #3970, .T. ) ;
#5837 = ORIENTED_EDGE ( 'NONE', *, *, #2675, .T. ) ;
#5838 = VERTEX_POINT ( 'NONE', #3721 ) ;
#5839 = FACE_BOUND ( 'NONE', #3822, .T. ) ;
#5840 = DIRECTION ( 'NONE',  ( 0.000000000000000000, -2.200000000000000003E-16, -1.000000000000000000 ) ) ;
#5841 = EDGE_CURVE ( 'NONE', #2638, #3683, #2603, .T. ) ;
#5842 = CARTESIAN_POINT ( 'NONE',  ( -39.25872214769194812, 8.500000000000007105, 2.317690357242517596 ) ) ;
#5843 = VERTEX_POINT ( 'NONE', #1144 ) ;
#5844 = EDGE_CURVE ( 'NONE', #762, #2153, #2779, .T. ) ;
#5845 = EDGE_CURVE ( 'NONE', #5668, #3513, #4615, .T. ) ;
#5846 = ORIENTED_EDGE ( 'NONE', *, *, #120, .T. ) ;
#5847 = ORIENTED_EDGE ( 'NONE', *, *, #3242, .T. ) ;
#5848 = PLANE ( 'NONE',  #1591 ) ;
#5849 = ORIENTED_EDGE ( 'NONE', *, *, #1704, .T. ) ;
#5850 = DIRECTION ( 'NONE',  ( -0.000000000000000000, -1.000000000000000000, -0.000000000000000000 ) ) ;
#5851 = CYLINDRICAL_SURFACE ( 'NONE', #2271, 3.350000000000002309 ) ;
#5852 = DIRECTION ( 'NONE',  ( -0.000000000000000000, -0.000000000000000000, 1.000000000000000000 ) ) ;
#5853 = DIRECTION ( 'NONE',  ( 1.000000000000000000, -0.000000000000000000, 0.000000000000000000 ) ) ;
#5854 = LINE ( 'NONE', #3463, #4317 ) ;
#5855 = CARTESIAN_POINT ( 'NONE',  ( -32.69603967124039912, 15.76999999999944713, 23.52705422904000088 ) ) ;
#5856 = CARTESIAN_POINT ( 'NONE',  ( -39.25872214769000124, 15.76999999999999957, 10.54038756237333452 ) ) ;
#5857 = DIRECTION ( 'NONE',  ( 0.000000000000000000, -0.000000000000000000, 1.000000000000000000 ) ) ;
#5858 = VECTOR ( 'NONE', #2701, 1000.000000000000000 ) ;
#5859 = DIRECTION ( 'NONE',  ( -0.000000000000000000, 1.000000000000000000, -0.000000000000000000 ) ) ;
#5860 = LINE ( 'NONE', #1756, #3486 ) ;
#5861 = CARTESIAN_POINT ( 'NONE',  ( -6.287083550158167888, 17.76999999999999602, 5.837889219441685817 ) ) ;
#5862 = FACE_OUTER_BOUND ( 'NONE', #3877, .T. ) ;
#5863 = ORIENTED_EDGE ( 'NONE', *, *, #906, .T. ) ;
#5864 = AXIS2_PLACEMENT_3D ( 'NONE', #5511, #5476, #977 ) ;
#5865 = FACE_OUTER_BOUND ( 'NONE', #4709, .T. ) ;
#5866 = DIRECTION ( 'NONE',  ( -0.000000000000000000, -1.000000000000000000, -0.000000000000000000 ) ) ;
#5867 = AXIS2_PLACEMENT_3D ( 'NONE', #6355, #854, #5412 ) ;
#5868 = ORIENTED_EDGE ( 'NONE', *, *, #6537, .T. ) ;
#5869 = ORIENTED_EDGE ( 'NONE', *, *, #5710, .F. ) ;
#5870 = ORIENTED_EDGE ( 'NONE', *, *, #3325, .F. ) ;
#5871 = CARTESIAN_POINT ( 'NONE',  ( -60.04560449174972803, -3.250000000000000000, -4.761230304006072167 ) ) ;
#5872 = AXIS2_PLACEMENT_3D ( 'NONE', #2640, #1025, #2575 ) ;
#5873 = FACE_OUTER_BOUND ( 'NONE', #4446, .T. ) ;
#5874 = ORIENTED_EDGE ( 'NONE', *, *, #62, .F. ) ;
#5875 = VECTOR ( 'NONE', #5131, 1000.000000000000000 ) ;
#5876 = ORIENTED_EDGE ( 'NONE', *, *, #2167, .F. ) ;
#5877 = ORIENTED_EDGE ( 'NONE', *, *, #889, .T. ) ;
#5878 = DIRECTION ( 'NONE',  ( -0.000000000000000000, -1.000000000000000000, -0.000000000000000000 ) ) ;
#5879 = ORIENTED_EDGE ( 'NONE', *, *, #5990, .T. ) ;
#5880 = LINE ( 'NONE', #1443, #5688 ) ;
#5881 = EDGE_CURVE ( 'NONE', #5212, #630, #2239, .T. ) ;
#5882 = CYLINDRICAL_SURFACE ( 'NONE', #2062, 2.420000000000000817 ) ;
#5883 = CARTESIAN_POINT ( 'NONE',  ( -39.25872214768999413, 10.50000000000000000, 10.73705422903999995 ) ) ;
#5884 = EDGE_CURVE ( 'NONE', #4762, #4141, #90, .T. ) ;
#5885 = DIRECTION ( 'NONE',  ( 0.000000000000000000, -0.000000000000000000, 1.000000000000000000 ) ) ;
#5886 = FACE_OUTER_BOUND ( 'NONE', #5069, .T. ) ;
#5887 = LINE ( 'NONE', #2869, #290 ) ;
#5888 = CARTESIAN_POINT ( 'NONE',  ( 14.57660255292402773, 4.735238934357184348, -3.761230304006072167 ) ) ;
#5889 = PLANE ( 'NONE',  #2633 ) ;
#5890 = CARTESIAN_POINT ( 'NONE',  ( -40.48781558763982957, 12.50000000000000355, 26.92638791383636132 ) ) ;
#5891 = CARTESIAN_POINT ( 'NONE',  ( -7.858722147691999282, 15.76999999999999957, 4.947054229039999917 ) ) ;
#5892 = EDGE_CURVE ( 'NONE', #47, #6230, #4582, .T. ) ;
#5893 = FACE_OUTER_BOUND ( 'NONE', #610, .T. ) ;
#5894 = DIRECTION ( 'NONE',  ( 1.000000000000000000, 1.734723475976805517E-15, 0.000000000000000000 ) ) ;
#5895 = ORIENTED_EDGE ( 'NONE', *, *, #5024, .T. ) ;
#5896 = FACE_OUTER_BOUND ( 'NONE', #1297, .T. ) ;
#5897 = ADVANCED_FACE ( 'NONE', ( #3257 ), #2114, .F. ) ;
#5898 = VECTOR ( 'NONE', #5652, 1000.000000000000000 ) ;
#5899 = CARTESIAN_POINT ( 'NONE',  ( -50.38856591388922368, 7.983490513531148913, 26.71994397445526204 ) ) ;
#5900 = ORIENTED_EDGE ( 'NONE', *, *, #5357, .T. ) ;
#5901 = VERTEX_POINT ( 'NONE', #3623 ) ;
#5902 = EDGE_LOOP ( 'NONE', ( #2600, #3342, #1043, #2393 ) ) ;
#5903 = AXIS2_PLACEMENT_3D ( 'NONE', #2058, #5756, #6229 ) ;
#5904 = LINE ( 'NONE', #4415, #1472 ) ;
#5905 = ADVANCED_BREP_SHAPE_REPRESENTATION ( '', ( #1702, #6198, #5143 ), #3664 ) ;
#5906 = DIRECTION ( 'NONE',  ( -1.000000000000000000, 0.000000000000000000, -0.000000000000000000 ) ) ;
#5907 = ORIENTED_EDGE ( 'NONE', *, *, #2015, .T. ) ;
#5908 = VECTOR ( 'NONE', #1248, 999.9999999999998863 ) ;
#5909 = EDGE_LOOP ( 'NONE', ( #767, #5681, #4846, #4055 ) ) ;
#5910 = VERTEX_POINT ( 'NONE', #6183 ) ;
#5911 = CARTESIAN_POINT ( 'NONE',  ( 4.553332877239093079, 5.875000000000003553, 2.439422186896803346 ) ) ;
#5912 = FACE_OUTER_BOUND ( 'NONE', #328, .T. ) ;
#5913 = B_SPLINE_CURVE_WITH_KNOTS ( 'NONE', 3,
 ( #4408, #1397, #3812, #6437, #2914, #4937, #1331, #4902, #397, #6369 ),
 .UNSPECIFIED., .F., .F.,
 ( 4, 2, 2, 2, 4 ),
 ( 0.000000000000000000, 0.2500000000000000000, 0.5000000000000000000, 0.7500000000000000000, 1.000000000000000000 ),
 .UNSPECIFIED. ) ;
#5914 = CIRCLE ( 'NONE', #3049, 3.499999999999999556 ) ;
#5915 = CARTESIAN_POINT ( 'NONE',  ( -57.32998108409214666, 10.50000000000000000, 22.43434452200543205 ) ) ;
#5916 = DIRECTION ( 'NONE',  ( 1.000000000000000000, -0.000000000000000000, -0.000000000000000000 ) ) ;
#5917 = ADVANCED_FACE ( 'NONE', ( #1379 ), #5315, .T. ) ;
#5918 = EDGE_CURVE ( 'NONE', #5204, #3099, #1883, .T. ) ;
#5919 = PLANE ( 'NONE',  #5646 ) ;
#5920 = DIRECTION ( 'NONE',  ( 0.000000000000000000, -1.000000000000000000, 0.000000000000000000 ) ) ;
#5921 = CYLINDRICAL_SURFACE ( 'NONE', #3240, 1.500000000000001332 ) ;
#5922 = DIRECTION ( 'NONE',  ( -0.000000000000000000, 1.000000000000000000, -0.000000000000000000 ) ) ;
#5923 = EDGE_CURVE ( 'NONE', #3557, #205, #5660, .T. ) ;
#5924 = DIRECTION ( 'NONE',  ( 0.000000000000000000, 1.000000000000000000, 0.000000000000000000 ) ) ;
#5925 = CARTESIAN_POINT ( 'NONE',  ( 6.352138378250272055, -3.250000000000000000, 27.73876969599392694 ) ) ;
#5926 = DIRECTION ( 'NONE',  ( 0.000000000000000000, -1.000000000000000000, 0.000000000000000000 ) ) ;
#5927 = DIRECTION ( 'NONE',  ( 0.000000000000000000, 0.000000000000000000, 1.000000000000000000 ) ) ;
#5928 = CARTESIAN_POINT ( 'NONE',  ( -2.657282994728500825, 17.76999999999999602, 1.920169259660153394 ) ) ;
#5929 = ORIENTED_EDGE ( 'NONE', *, *, #3118, .T. ) ;
#5930 = EDGE_CURVE ( 'NONE', #1423, #681, #881, .T. ) ;
#5931 = LINE ( 'NONE', #3909, #3146 ) ;
#5932 = CARTESIAN_POINT ( 'NONE',  ( -51.60056723113756760, 8.000000000000000000, 22.13434452200543134 ) ) ;
#5933 = ORIENTED_EDGE ( 'NONE', *, *, #216, .F. ) ;
#5934 = ORIENTED_EDGE ( 'NONE', *, *, #1835, .T. ) ;
#5935 = VERTEX_POINT ( 'NONE', #5383 ) ;
#5936 = EDGE_CURVE ( 'NONE', #5609, #1699, #6387, .T. ) ;
#5937 = DIRECTION ( 'NONE',  ( -0.000000000000000000, -0.000000000000000000, -1.000000000000000000 ) ) ;
#5938 = ORIENTED_EDGE ( 'NONE', *, *, #1111, .F. ) ;
#5939 = ORIENTED_EDGE ( 'NONE', *, *, #4539, .F. ) ;
#5940 = EDGE_LOOP ( 'NONE', ( #5133, #969, #4452, #5568, #6377, #5895 ) ) ;
#5941 = CARTESIAN_POINT ( 'NONE',  ( -53.99344095995156323, 5.875000000000003553, 22.13434452200543134 ) ) ;
#5942 = CARTESIAN_POINT ( 'NONE',  ( -36.56523631235761940, 15.76999999999999957, 5.174238730002334918 ) ) ;
#5943 = DIRECTION ( 'NONE',  ( -0.000000000000000000, -1.000000000000000000, -0.000000000000000000 ) ) ;
#5944 = DIRECTION ( 'NONE',  ( 1.000000000000000000, 0.000000000000000000, 0.000000000000000000 ) ) ;
#5945 = CYLINDRICAL_SURFACE ( 'NONE', #6130, 3.350000000000000533 ) ;
#5946 = FACE_OUTER_BOUND ( 'NONE', #3280, .T. ) ;
#5947 = CARTESIAN_POINT ( 'NONE',  ( -21.75872214769000124, 32.42627134724899918, 27.32705422903999803 ) ) ;
#5948 = CARTESIAN_POINT ( 'NONE',  ( -39.78221791640856253, 12.50000000000000178, 1.199108875703369881 ) ) ;
#5949 = FACE_OUTER_BOUND ( 'NONE', #1593, .T. ) ;
#5950 = EDGE_CURVE ( 'NONE', #1998, #6341, #5353, .T. ) ;
#5951 = FACE_OUTER_BOUND ( 'NONE', #2859, .T. ) ;
#5952 = DIRECTION ( 'NONE',  ( -0.000000000000000000, 1.000000000000000000, 0.000000000000000000 ) ) ;
#5953 = DIRECTION ( 'NONE',  ( -1.000000000000000000, 0.000000000000000000, 0.000000000000000000 ) ) ;
#5954 = CARTESIAN_POINT ( 'NONE',  ( -4.258722147691999638, 17.76999999999999957, 1.147054229039999873 ) ) ;
#5955 = VERTEX_POINT ( 'NONE', #4824 ) ;
#5956 = CARTESIAN_POINT ( 'NONE',  ( -12.49651859791752351, 7.159555455029352977, 27.73876969599392694 ) ) ;
#5957 = AXIS2_PLACEMENT_3D ( 'NONE', #5114, #2542, #5026 ) ;
#5958 = CARTESIAN_POINT ( 'NONE',  ( -65.47003059873777886, 4.735238934357180796, -3.761230304006072167 ) ) ;
#5959 = DIRECTION ( 'NONE',  ( -1.000000000000000000, 0.000000000000000000, 0.000000000000000000 ) ) ;
#5960 = CIRCLE ( 'NONE', #2577, 3.350000000000002309 ) ;
#5961 = CIRCLE ( 'NONE', #6400, 1.349999999999998757 ) ;
#5962 = ORIENTED_EDGE ( 'NONE', *, *, #2409, .T. ) ;
#5963 = VERTEX_POINT ( 'NONE', #5883 ) ;
#5964 = VERTEX_POINT ( 'NONE', #750 ) ;
#5965 = CIRCLE ( 'NONE', #5753, 3.350000000000002309 ) ;
#5966 = AXIS2_PLACEMENT_3D ( 'NONE', #1276, #6385, #2797 ) ;
#5967 = CARTESIAN_POINT ( 'NONE',  ( 4.006559040048433218, 12.50000000000000000, 22.13434452200543134 ) ) ;
#5968 = ORIENTED_EDGE ( 'NONE', *, *, #174, .F. ) ;
#5969 = ORIENTED_EDGE ( 'NONE', *, *, #5845, .F. ) ;
#5970 = ORIENTED_EDGE ( 'NONE', *, *, #2189, .F. ) ;
#5971 = EDGE_CURVE ( 'NONE', #367, #343, #1410, .T. ) ;
#5972 = CARTESIAN_POINT ( 'NONE',  ( -21.75872214769000124, 12.50000000000000000, 1.147054229039999873 ) ) ;
#5973 = CYLINDRICAL_SURFACE ( 'NONE', #5455, 3.499999999999999556 ) ;
#5974 = VECTOR ( 'NONE', #5605, 1000.000000000000000 ) ;
#5975 = AXIS2_PLACEMENT_3D ( 'NONE', #198, #3270, #6262 ) ;
#5976 = B_SPLINE_CURVE_WITH_KNOTS ( 'NONE', 3,
 ( #3127, #1715, #2217, #4759 ),
 .UNSPECIFIED., .F., .F.,
 ( 4, 4 ),
 ( 0.000000000000000000, 1.000000000000000000 ),
 .UNSPECIFIED. ) ;
#5977 = CARTESIAN_POINT ( 'NONE',  ( -6.058722147692000348, 17.76999999999999957, 6.747054229039999740 ) ) ;
#5978 = EDGE_CURVE ( 'NONE', #3592, #6010, #5207, .T. ) ;
#5979 = B_SPLINE_CURVE_WITH_KNOTS ( 'NONE', 3,
 ( #1217, #2587, #3045, #4109 ),
 .UNSPECIFIED., .F., .F.,
 ( 4, 4 ),
 ( 0.000000000000000000, 1.000000000000000000 ),
 .UNSPECIFIED. ) ;
#5980 = LINE ( 'NONE', #382, #362 ) ;
#5981 = CARTESIAN_POINT ( 'NONE',  ( -50.88856591388922368, 7.483490513531148913, 27.73876969599392694 ) ) ;
#5982 = MECHANICAL_DESIGN_GEOMETRIC_PRESENTATION_REPRESENTATION (  '', ( #479 ), #4177 ) ;
#5983 = AXIS2_PLACEMENT_3D ( 'NONE', #2258, #3144, #4243 ) ;
#5984 = CARTESIAN_POINT ( 'NONE',  ( 0.000000000000000000, 10.50000000000000000, 2.317690357242517596 ) ) ;
#5985 = CYLINDRICAL_SURFACE ( 'NONE', #5477, 2.420000000000002149 ) ;
#5986 = DIRECTION ( 'NONE',  ( -1.000000000000000000, 0.000000000000000000, 0.000000000000000000 ) ) ;
#5987 = EDGE_CURVE ( 'NONE', #5544, #568, #1311, .T. ) ;
#5988 = DIRECTION ( 'NONE',  ( 0.000000000000000000, 0.000000000000000000, -1.000000000000000000 ) ) ;
#5989 = LINE ( 'NONE', #1520, #64 ) ;
#5990 = EDGE_CURVE ( 'NONE', #1570, #6263, #349, .T. ) ;
#5991 = CARTESIAN_POINT ( 'NONE',  ( 4.006559040048433218, 8.000000000000000000, 19.71434452200543319 ) ) ;
#5992 = LINE ( 'NONE', #962, #1432 ) ;
#5993 = ORIENTED_EDGE ( 'NONE', *, *, #4825, .F. ) ;
#5994 = B_SPLINE_CURVE_WITH_KNOTS ( 'NONE', 3,
 ( #3515, #5042, #4571, #533, #5096, #4015, #5536, #5629, #3101, #596 ),
 .UNSPECIFIED., .F., .F.,
 ( 4, 2, 2, 2, 4 ),
 ( 0.000000000000000000, 0.1250000000000000000, 0.2500000000000000000, 0.3750000000000000000, 0.5000000000000000000 ),
 .UNSPECIFIED. ) ;
#5995 = PLANE ( 'NONE',  #4525 ) ;
#5996 = FACE_OUTER_BOUND ( 'NONE', #6405, .T. ) ;
#5997 = DIRECTION ( 'NONE',  ( -0.000000000000000000, -0.000000000000000000, -1.000000000000000000 ) ) ;
#5998 =( GEOMETRIC_REPRESENTATION_CONTEXT ( 3 ) GLOBAL_UNCERTAINTY_ASSIGNED_CONTEXT ( ( #3116 ) ) GLOBAL_UNIT_ASSIGNED_CONTEXT ( ( #3707, #2684, #4698 ) ) REPRESENTATION_CONTEXT ( 'NONE', 'WORKASPACE' ) );
#5999 = EDGE_CURVE ( 'NONE', #5192, #6474, #4393, .T. ) ;
#6000 = EDGE_LOOP ( 'NONE', ( #663, #5725, #1973, #2142 ) ) ;
#6001 = ORIENTED_EDGE ( 'NONE', *, *, #6502, .F. ) ;
#6002 = ORIENTED_EDGE ( 'NONE', *, *, #2661, .T. ) ;
#6003 = VERTEX_POINT ( 'NONE', #1821 ) ;
#6004 = CARTESIAN_POINT ( 'NONE',  ( -35.65872214768999271, 17.76999999999999957, 23.52705422904000088 ) ) ;
#6005 = ADVANCED_FACE ( 'NONE', ( #1347 ), #3292, .F. ) ;
#6006 = AXIS2_PLACEMENT_3D ( 'NONE', #4295, #3763, #1824 ) ;
#6007 = PLANE ( 'NONE',  #4704 ) ;
#6008 = FACE_BOUND ( 'NONE', #1871, .T. ) ;
#6009 = ORIENTED_EDGE ( 'NONE', *, *, #3399, .F. ) ;
#6010 = VERTEX_POINT ( 'NONE', #820 ) ;
#6011 = ORIENTED_EDGE ( 'NONE', *, *, #312, .T. ) ;
#6012 = ORIENTED_EDGE ( 'NONE', *, *, #5176, .F. ) ;
#6013 = AXIS2_PLACEMENT_3D ( 'NONE', #4927, #385, #2413 ) ;
#6014 = CARTESIAN_POINT ( 'NONE',  ( -7.858722147691999282, 12.50000000000000000, 6.747054229039999740 ) ) ;
#6015 = EDGE_CURVE ( 'NONE', #6133, #6205, #1708, .T. ) ;
#6016 = VECTOR ( 'NONE', #2704, 1000.000000000000000 ) ;
#6017 = EDGE_CURVE ( 'NONE', #4636, #5241, #461, .T. ) ;
#6018 = FACE_OUTER_BOUND ( 'NONE', #6416, .T. ) ;
#6019 = CARTESIAN_POINT ( 'NONE',  ( 4.373379897422167595, 10.50000000000000000, 5.754192722360596868 ) ) ;
#6020 = CARTESIAN_POINT ( 'NONE',  ( -35.75872214768999413, 12.50000000000000000, 14.23705422904000173 ) ) ;
#6021 = AXIS2_PLACEMENT_3D ( 'NONE', #4354, #3383, #3849 ) ;
#6022 = CARTESIAN_POINT ( 'NONE',  ( -60.04560449174972803, 10.50000000000000000, 24.23876969599392694 ) ) ;
#6023 = LINE ( 'NONE', #923, #2617 ) ;
#6024 = LINE ( 'NONE', #6525, #1004 ) ;
#6025 = LINE ( 'NONE', #1489, #5858 ) ;
#6026 = VECTOR ( 'NONE', #3265, 1000.000000000000000 ) ;
#6027 = DIRECTION ( 'NONE',  ( 0.000000000000000000, 2.200000000000000003E-16, 1.000000000000000000 ) ) ;
#6028 = CARTESIAN_POINT ( 'NONE',  ( 4.006559040048433218, 5.875000000000003553, 22.13434452200543134 ) ) ;
#6029 = CARTESIAN_POINT ( 'NONE',  ( -2.258722147692000082, 14.25666666666666771, 3.147054229039999651 ) ) ;
#6030 = VERTEX_POINT ( 'NONE', #2763 ) ;
#6031 = CARTESIAN_POINT ( 'NONE',  ( -41.25872214768999413, 12.50000000000000000, 8.625533346860668971 ) ) ;
#6032 = DIRECTION ( 'NONE',  ( 0.000000000000000000, 1.000000000000000000, 0.000000000000000000 ) ) ;
#6033 = AXIS2_PLACEMENT_3D ( 'NONE', #5789, #1893, #4931 ) ;
#6034 = FACE_OUTER_BOUND ( 'NONE', #4753, .T. ) ;
#6035 = VERTEX_POINT ( 'NONE', #4784 ) ;
#6036 = EDGE_LOOP ( 'NONE', ( #4207, #3517, #2758, #5876 ) ) ;
#6037 = ORIENTED_EDGE ( 'NONE', *, *, #494, .F. ) ;
#6038 = CARTESIAN_POINT ( 'NONE',  ( -21.75872214769000124, 17.76999999999999957, 14.23705422903999995 ) ) ;
#6039 = PRODUCT_RELATED_PRODUCT_CATEGORY ( 'part', '', ( #1354 ) ) ;
#6040 =( REPRESENTATION_RELATIONSHIP ('NONE','NONE', #4554, #919 ) REPRESENTATION_RELATIONSHIP_WITH_TRANSFORMATION ( #3378 )SHAPE_REPRESENTATION_RELATIONSHIP( ) );
#6041 = EDGE_CURVE ( 'NONE', #3481, #1137, #2263, .T. ) ;
#6042 = CARTESIAN_POINT ( 'NONE',  ( 0.000000000000000000, -3.250000000000000000, 27.73876969599392694 ) ) ;
#6043 = CARTESIAN_POINT ( 'NONE',  ( -39.79572938337270926, 7.483490513531148913, 27.73876969599392694 ) ) ;
#6044 = ORIENTED_EDGE ( 'NONE', *, *, #3740, .F. ) ;
#6045 = VERTEX_POINT ( 'NONE', #4523 ) ;
#6046 = ORIENTED_EDGE ( 'NONE', *, *, #292, .T. ) ;
#6047 = DIRECTION ( 'NONE',  ( -1.000000000000000000, 5.209522807270858964E-16, -0.000000000000000000 ) ) ;
#6048 = ORIENTED_EDGE ( 'NONE', *, *, #3686, .F. ) ;
#6049 = ADVANCED_FACE ( 'NONE', ( #4954 ), #2926, .F. ) ;
#6050 = CYLINDRICAL_SURFACE ( 'NONE', #584, 1.600000000000004086 ) ;
#6051 = EDGE_CURVE ( 'NONE', #5379, #3071, #2437, .T. ) ;
#6052 = EDGE_CURVE ( 'NONE', #4359, #6162, #4556, .T. ) ;
#6053 = CARTESIAN_POINT ( 'NONE',  ( 14.57660255292402773, 4.735238934357184348, -3.761230304006072167 ) ) ;
#6054 = CARTESIAN_POINT ( 'NONE',  ( -1.047879871204502100, 8.187500000000001776, 0.4999999999999998890 ) ) ;
#6055 = DIRECTION ( 'NONE',  ( 0.000000000000000000, 0.000000000000000000, 1.000000000000000000 ) ) ;
#6056 = CARTESIAN_POINT ( 'NONE',  ( 9.876295877967507408, 8.757473573018954127, -3.761230304006072167 ) ) ;
#6057 = CARTESIAN_POINT ( 'NONE',  ( 6.352138378250272055, -3.250000000000000000, -6.761230304006072167 ) ) ;
#6058 = DIRECTION ( 'NONE',  ( 0.000000000000000000, 0.000000000000000000, 1.000000000000000000 ) ) ;
#6059 = CARTESIAN_POINT ( 'NONE',  ( -35.65872214768999271, 12.50000000000000000, 21.72705422903999661 ) ) ;
#6060 = DIRECTION ( 'NONE',  ( 1.000000000000000000, 0.000000000000000000, -0.000000000000000000 ) ) ;
#6061 = CARTESIAN_POINT ( 'NONE',  ( -37.45872214768999697, 17.76999999999999957, 21.72705422903999661 ) ) ;
#6062 = CARTESIAN_POINT ( 'NONE',  ( 4.006559040048433218, 5.875000000000003553, 22.13434452200543134 ) ) ;
#6063 = B_SPLINE_CURVE_WITH_KNOTS ( 'NONE', 3,
 ( #2865, #880, #2373, #3893 ),
 .UNSPECIFIED., .F., .F.,
 ( 4, 4 ),
 ( 0.000000000000000000, 1.000000000000000000 ),
 .UNSPECIFIED. ) ;
#6064 = DIRECTION ( 'NONE',  ( -0.000000000000000000, 1.000000000000000000, 0.000000000000000000 ) ) ;
#6065 = VERTEX_POINT ( 'NONE', #5977 ) ;
#6066 = AXIS2_PLACEMENT_3D ( 'NONE', #5480, #6518, #25 ) ;
#6067 = ORIENTED_EDGE ( 'NONE', *, *, #940, .F. ) ;
#6068 = ORIENTED_EDGE ( 'NONE', *, *, #4175, .F. ) ;
#6069 = CARTESIAN_POINT ( 'NONE',  ( -37.45872214769000408, 17.77000000000000313, 21.96593951653800403 ) ) ;
#6070 = VECTOR ( 'NONE', #5737, 1000.000000000000000 ) ;
#6071 = EDGE_CURVE ( 'NONE', #963, #4542, #3560, .T. ) ;
#6072 = CARTESIAN_POINT ( 'NONE',  ( 6.352138378250272055, -3.250000000000000000, 24.23876969599392694 ) ) ;
#6073 = CYLINDRICAL_SURFACE ( 'NONE', #496, 0.5000000000000004441 ) ;
#6074 = ORIENTED_EDGE ( 'NONE', *, *, #2915, .F. ) ;
#6075 = VERTEX_POINT ( 'NONE', #6554 ) ;
#6076 = ORIENTED_EDGE ( 'NONE', *, *, #5936, .T. ) ;
#6077 = DIRECTION ( 'NONE',  ( 0.000000000000000000, 0.000000000000000000, 1.000000000000000000 ) ) ;
#6078 = ORIENTED_EDGE ( 'NONE', *, *, #2073, .F. ) ;
#6079 = CARTESIAN_POINT ( 'NONE',  ( 4.006559040048433218, 5.875000000000003553, 20.78434452200542992 ) ) ;
#6080 = CIRCLE ( 'NONE', #5330, 2.420000000000000373 ) ;
#6081 = ADVANCED_FACE ( 'NONE', ( #6018 ), #5516, .F. ) ;
#6082 = CARTESIAN_POINT ( 'NONE',  ( -19.29004268180201365, 12.61467306402347077, 27.32705422904000514 ) ) ;
#6083 = ORIENTED_EDGE ( 'NONE', *, *, #2761, .T. ) ;
#6084 = AXIS2_PLACEMENT_3D ( 'NONE', #3220, #1206, #580 ) ;
#6085 = CARTESIAN_POINT ( 'NONE',  ( -42.05755609608362988, 10.50000000000000000, 16.38796774895219954 ) ) ;
#6086 = EDGE_CURVE ( 'NONE', #2489, #4609, #2961, .T. ) ;
#6087 = DIRECTION ( 'NONE',  ( 0.000000000000000000, 0.000000000000000000, 1.000000000000000000 ) ) ;
#6088 = CIRCLE ( 'NONE', #3218, 0.5000000000000004441 ) ;
#6089 = CYLINDRICAL_SURFACE ( 'NONE', #39, 3.350000000000001421 ) ;
#6090 = EDGE_CURVE ( 'NONE', #4141, #1339, #350, .T. ) ;
#6091 = FILL_AREA_STYLE ('',( #4563 ) ) ;
#6092 = AXIS2_PLACEMENT_3D ( 'NONE', #565, #5573, #5506 ) ;
#6093 = VECTOR ( 'NONE', #1510, 1000.000000000000000 ) ;
#6094 = LINE ( 'NONE', #2574, #3954 ) ;
#6095 = CARTESIAN_POINT ( 'NONE',  ( -3.029628707742170413, 12.50000000000000178, 26.92638791383636132 ) ) ;
#6096 = CARTESIAN_POINT ( 'NONE',  ( 9.852138378250273831, -3.250000000000000000, 24.23876969599391984 ) ) ;
#6097 = LINE ( 'NONE', #36, #3482 ) ;
#6098 = EDGE_CURVE ( 'NONE', #4765, #3417, #888, .T. ) ;
#6099 = CARTESIAN_POINT ( 'NONE',  ( -66.59445670572583253, 4.713004295695412793, -3.761230304006072167 ) ) ;
#6100 = ORIENTED_EDGE ( 'NONE', *, *, #3523, .T. ) ;
#6101 = ORIENTED_EDGE ( 'NONE', *, *, #1657, .T. ) ;
#6102 = CARTESIAN_POINT ( 'NONE',  ( -2.827916956681466587, 10.50000000000000000, 23.43434452200543205 ) ) ;
#6103 = ADVANCED_FACE ( 'NONE', ( #6481 ), #1048, .F. ) ;
#6104 = AXIS2_PLACEMENT_3D ( 'NONE', #1811, #5342, #2265 ) ;
#6105 = DIRECTION ( 'NONE',  ( 0.000000000000000000, -0.000000000000000000, -1.000000000000000000 ) ) ;
#6106 = CARTESIAN_POINT ( 'NONE',  ( -39.25872214768999413, 12.50000000000000000, 3.147054229040000095 ) ) ;
#6107 = CARTESIAN_POINT ( 'NONE',  ( 0.000000000000000000, 0.000000000000000000, 0.000000000000000000 ) ) ;
#6108 = VERTEX_POINT ( 'NONE', #1015 ) ;
#6109 = VERTEX_POINT ( 'NONE', #1980 ) ;
#6110 = ORIENTED_EDGE ( 'NONE', *, *, #3484, .F. ) ;
#6111 = VERTEX_POINT ( 'NONE', #5053 ) ;
#6112 = B_SPLINE_CURVE_WITH_KNOTS ( 'NONE', 3,
 ( #1655, #665, #2683, #4697, #5764, #3305, #3408, #1868, #1802, #3844 ),
 .UNSPECIFIED., .F., .F.,
 ( 4, 2, 2, 2, 4 ),
 ( 0.000000000000000000, 0.2500000000000000000, 0.5000000000000000000, 0.7500000000000000000, 1.000000000000000000 ),
 .UNSPECIFIED. ) ;
#6113 = CARTESIAN_POINT ( 'NONE',  ( -53.49344095995156323, 10.50000000000000000, 16.15947316483460128 ) ) ;
#6114 = VECTOR ( 'NONE', #68, 1000.000000000000000 ) ;
#6115 = DIRECTION ( 'NONE',  ( 0.000000000000000000, -0.000000000000000000, 1.000000000000000000 ) ) ;
#6116 = VERTEX_POINT ( 'NONE', #546 ) ;
#6117 = DIRECTION ( 'NONE',  ( 0.6540677456111221311, 0.7564359749186869708, 0.000000000000000000 ) ) ;
#6118 = DIRECTION ( 'NONE',  ( 0.000000000000000000, 0.000000000000000000, -1.000000000000000000 ) ) ;
#6119 = ADVANCED_FACE ( 'NONE', ( #981 ), #56, .T. ) ;
#6120 = CARTESIAN_POINT ( 'NONE',  ( -39.79572938337270926, 7.483490513531148913, 26.71994397445526204 ) ) ;
#6121 = ADVANCED_FACE ( 'NONE', ( #2076 ), #951, .F. ) ;
#6122 =( LENGTH_UNIT ( ) NAMED_UNIT ( * ) SI_UNIT ( .MILLI., .METRE. ) );
#6123 = ORIENTED_EDGE ( 'NONE', *, *, #5809, .T. ) ;
#6124 = CARTESIAN_POINT ( 'NONE',  ( -35.75872214768999413, 12.50000000000000178, 13.77890530039149297 ) ) ;
#6125 = CARTESIAN_POINT ( 'NONE',  ( 1.873062941308192730, 8.250000000000000000, 20.99215609768124224 ) ) ;
#6126 = EDGE_CURVE ( 'NONE', #79, #401, #42, .T. ) ;
#6127 = CARTESIAN_POINT ( 'NONE',  ( -21.75872214769000124, 12.50000000000000000, 3.147054229040000095 ) ) ;
#6128 = CARTESIAN_POINT ( 'NONE',  ( -40.85805583248636452, 17.76999999999999957, 1.917960789090170204 ) ) ;
#6129 = CARTESIAN_POINT ( 'NONE',  ( -8.258722147691999638, 17.77000000000000313, 24.79372089570666660 ) ) ;
#6130 = AXIS2_PLACEMENT_3D ( 'NONE', #4986, #3896, #446 ) ;
#6131 = PLANE ( 'NONE',  #3575 ) ;
#6132 = ORIENTED_EDGE ( 'NONE', *, *, #516, .F. ) ;
#6133 = VERTEX_POINT ( 'NONE', #4984 ) ;
#6134 = VECTOR ( 'NONE', #727, 1000.000000000000000 ) ;
#6135 = CARTESIAN_POINT ( 'NONE',  ( -53.99344095995156323, 12.50000000000000000, -0.8656554779945688782 ) ) ;
#6136 = DIRECTION ( 'NONE',  ( 0.000000000000000000, -1.000000000000000000, 2.200000000000000003E-16 ) ) ;
#6137 = CARTESIAN_POINT ( 'NONE',  ( -53.99344095995156323, 8.000000000000000000, 22.13434452200543134 ) ) ;
#6138 = DIRECTION ( 'NONE',  ( 1.000000000000000000, 0.000000000000000000, 0.000000000000000000 ) ) ;
#6140 = EDGE_CURVE ( 'NONE', #1105, #5005, #2466, .T. ) ;
#6139 = ORIENTED_EDGE ( 'NONE', *, *, #6392, .F. ) ;
#6141 = EDGE_LOOP ( 'NONE', ( #3949, #2255 ) ) ;
#6142 = ORIENTED_EDGE ( 'NONE', *, *, #983, .F. ) ;
#6143 = LINE ( 'NONE', #2594, #6093 ) ;
#6144 = FACE_BOUND ( 'NONE', #4877, .T. ) ;
#6145 = B_SPLINE_CURVE_WITH_KNOTS ( 'NONE', 3,
 ( #5213, #5682, #1175, #682 ),
 .UNSPECIFIED., .F., .F.,
 ( 4, 4 ),
 ( 0.000000000000000000, 1.000000000000000000 ),
 .UNSPECIFIED. ) ;
#6146 = CARTESIAN_POINT ( 'NONE',  ( -51.19311627875442383, 10.50000000000000000, 23.43434452200543205 ) ) ;
#6147 = VERTEX_POINT ( 'NONE', #2694 ) ;
#6148 = EDGE_LOOP ( 'NONE', ( #2069, #1265, #334, #3490, #3916, #49, #336, #3882, #4817, #3887 ) ) ;
#6149 = DIRECTION ( 'NONE',  ( -0.000000000000000000, 1.000000000000000000, -0.000000000000000000 ) ) ;
#6150 = CARTESIAN_POINT ( 'NONE',  ( 4.506559040048433218, 8.522475794581160002, 18.82186810699505486 ) ) ;
#6151 = CARTESIAN_POINT ( 'NONE',  ( 3.829467524857924854, 5.875000000000003553, 3.284309960526170524 ) ) ;
#6152 = CIRCLE ( 'NONE', #3290, 3.350000000000002309 ) ;
#6153 = ORIENTED_EDGE ( 'NONE', *, *, #2971, .T. ) ;
#6154 = LINE ( 'NONE', #1612, #4802 ) ;
#6155 = CARTESIAN_POINT ( 'NONE',  ( -39.29572938337270926, 7.983490513531148913, 26.71994397445526204 ) ) ;
#6156 = CARTESIAN_POINT ( 'NONE',  ( 4.006559040048433218, 8.000000000000000000, -0.8656554779945688782 ) ) ;
#6157 = CARTESIAN_POINT ( 'NONE',  ( -19.69137825829315602, 5.512278550188185910, 27.73876969599392694 ) ) ;
#6158 = CARTESIAN_POINT ( 'NONE',  ( 6.352138378250272943, 12.50000000000000000, -3.261230304006072611 ) ) ;
#6159 = EDGE_CURVE ( 'NONE', #3652, #3514, #5240, .T. ) ;
#6160 = CARTESIAN_POINT ( 'NONE',  ( 4.006559040048433218, 8.549883839852032708, 18.78434452200542992 ) ) ;
#6161 = ORIENTED_EDGE ( 'NONE', *, *, #6303, .T. ) ;
#6162 = VERTEX_POINT ( 'NONE', #2135 ) ;
#6163 = EDGE_CURVE ( 'NONE', #3948, #5402, #2200, .T. ) ;
#6164 = DIRECTION ( 'NONE',  ( -0.000000000000000000, -0.000000000000000000, -1.000000000000000000 ) ) ;
#6165 = DIRECTION ( 'NONE',  ( 0.000000000000000000, 0.000000000000000000, 1.000000000000000000 ) ) ;
#6166 = LINE ( 'NONE', #6237, #1559 ) ;
#6167 = EDGE_CURVE ( 'NONE', #4738, #5901, #5960, .T. ) ;
#6168 = ORIENTED_EDGE ( 'NONE', *, *, #3320, .F. ) ;
#6169 = ORIENTED_EDGE ( 'NONE', *, *, #5038, .T. ) ;
#6170 = VERTEX_POINT ( 'NONE', #2657 ) ;
#6171 = CARTESIAN_POINT ( 'NONE',  ( -35.84981777935088587, 10.50000000000000178, 13.32093663378252302 ) ) ;
#6172 = DIRECTION ( 'NONE',  ( -1.000000000000000000, 0.000000000000000000, 0.000000000000000000 ) ) ;
#6173 = VECTOR ( 'NONE', #5916, 1000.000000000000000 ) ;
#6174 = DIRECTION ( 'NONE',  ( 0.000000000000000000, -1.000000000000000000, 0.000000000000000000 ) ) ;
#6175 = ORIENTED_EDGE ( 'NONE', *, *, #4583, .F. ) ;
#6176 = EDGE_CURVE ( 'NONE', #437, #6366, #1313, .T. ) ;
#6177 = ORIENTED_EDGE ( 'NONE', *, *, #1514, .F. ) ;
#6178 = ORIENTED_EDGE ( 'NONE', *, *, #4071, .F. ) ;
#6179 = VECTOR ( 'NONE', #833, 1000.000000000000000 ) ;
#6180 = CARTESIAN_POINT ( 'NONE',  ( 7.852138378250272943, -3.250000000000000000, -3.261230304006072611 ) ) ;
#6181 = LINE ( 'NONE', #3620, #4910 ) ;
#6182 = EDGE_CURVE ( 'NONE', #5468, #6382, #3682, .T. ) ;
#6183 = CARTESIAN_POINT ( 'NONE',  ( -4.258722147691999638, 15.76999999999999957, 25.32705422904000159 ) ) ;
#6184 = AXIS2_PLACEMENT_3D ( 'NONE', #4886, #4364, #2831 ) ;
#6185 = ORIENTED_EDGE ( 'NONE', *, *, #1783, .T. ) ;
#6186 = CARTESIAN_POINT ( 'NONE',  ( -10.82140462413961934, 15.76999999999939917, 4.947054229039999917 ) ) ;
#6187 = CYLINDRICAL_SURFACE ( 'NONE', #3433, 1.350000000000000533 ) ;
#6188 = CARTESIAN_POINT ( 'NONE',  ( -19.82907888305580713, 12.49999999999999112, 3.147054229040003204 ) ) ;
#6189 = DIRECTION ( 'NONE',  ( 0.000000000000000000, 1.000000000000000000, 0.000000000000000000 ) ) ;
#6190 = EDGE_CURVE ( 'NONE', #1542, #4475, #5704, .T. ) ;
#6191 = CIRCLE ( 'NONE', #2799, 3.350000000000002309 ) ;
#6192 = DIRECTION ( 'NONE',  ( -0.7111357810794345369, 0.7030546926580765188, 0.000000000000000000 ) ) ;
#6193 = AXIS2_PLACEMENT_3D ( 'NONE', #3808, #798, #2711 ) ;
#6194 = CARTESIAN_POINT ( 'NONE',  ( 4.553332877239093079, 5.875000000000003553, 2.439422186896802902 ) ) ;
#6195 = ORIENTED_EDGE ( 'NONE', *, *, #4053, .F. ) ;
#6196 = LINE ( 'NONE', #4048, #3532 ) ;
#6197 = ORIENTED_EDGE ( 'NONE', *, *, #3892, .F. ) ;
#6198 = MANIFOLD_SOLID_BREP ( 'New-radiator-holder-20240412.step<1>[2]', #2894 ) ;
#6199 = CARTESIAN_POINT ( 'NONE',  ( -12.49651859791752351, 7.159555455029352977, 26.77397846476551280 ) ) ;
#6200 = VECTOR ( 'NONE', #3613, 1000.000000000000227 ) ;
#6201 = EDGE_CURVE ( 'NONE', #4156, #1145, #6245, .T. ) ;
#6202 = DIRECTION ( 'NONE',  ( 0.000000000000000000, 0.000000000000000000, 1.000000000000000000 ) ) ;
#6203 = EDGE_CURVE ( 'NONE', #5281, #2195, #1133, .T. ) ;
#6204 = ORIENTED_EDGE ( 'NONE', *, *, #4742, .F. ) ;
#6205 = VERTEX_POINT ( 'NONE', #4180 ) ;
#6206 = ORIENTED_EDGE ( 'NONE', *, *, #2264, .F. ) ;
#6207 = DIRECTION ( 'NONE',  ( 1.000000000000000000, 0.000000000000000000, -2.416395261410157149E-16 ) ) ;
#6208 = EDGE_CURVE ( 'NONE', #5078, #5544, #3952, .T. ) ;
#6209 = FACE_OUTER_BOUND ( 'NONE', #1606, .T. ) ;
#6210 = CARTESIAN_POINT ( 'NONE',  ( 6.352138378250272943, 0.7524792909186128753, -3.261230304006072611 ) ) ;
#6211 = ORIENTED_EDGE ( 'NONE', *, *, #1990, .F. ) ;
#6212 = ORIENTED_EDGE ( 'NONE', *, *, #6386, .T. ) ;
#6213 = ORIENTED_EDGE ( 'NONE', *, *, #3719, .T. ) ;
#6214 = CARTESIAN_POINT ( 'NONE',  ( 1.873062941308193619, 8.250000000000000000, 23.27653294632962044 ) ) ;
#6215 = ADVANCED_FACE ( 'NONE', ( #707 ), #3113, .T. ) ;
#6216 = EDGE_CURVE ( 'NONE', #196, #3389, #2233, .T. ) ;
#6217 = CARTESIAN_POINT ( 'NONE',  ( -53.99344095995156323, 5.875000000000003553, -0.8656554779945688782 ) ) ;
#6218 = AXIS2_PLACEMENT_3D ( 'NONE', #4335, #5717, #1177 ) ;
#6219 = CARTESIAN_POINT ( 'NONE',  ( -30.15920833673179047, 14.31480597358113904, 27.32705422903999803 ) ) ;
#6220 = EDGE_LOOP ( 'NONE', ( #1603, #5462, #2046, #6511 ) ) ;
#6221 = ADVANCED_FACE ( 'NONE', ( #6274 ), #3591, .T. ) ;
#6222 = CARTESIAN_POINT ( 'NONE',  ( -39.25872214768999413, 17.76999999999999957, 27.32705422903999803 ) ) ;
#6223 = DIRECTION ( 'NONE',  ( 3.110824955691249205E-17, 7.716936833759846881E-33, -1.000000000000000000 ) ) ;
#6224 = CIRCLE ( 'NONE', #2727, 4.000000000000003553 ) ;
#6225 = LINE ( 'NONE', #2215, #3890 ) ;
#6226 = CARTESIAN_POINT ( 'NONE',  ( -53.99344095995156323, 5.875000000000003553, 22.13434452200543134 ) ) ;
#6227 = CARTESIAN_POINT ( 'NONE',  ( -6.949055909944106268, 15.76999999999999957, 23.29848503162350681 ) ) ;
#6228 = VECTOR ( 'NONE', #4809, 1000.000000000000000 ) ;
#6229 = DIRECTION ( 'NONE',  ( -1.000000000000000000, 0.000000000000000000, -0.000000000000000000 ) ) ;
#6230 = VERTEX_POINT ( 'NONE', #4315 ) ;
#6231 = CARTESIAN_POINT ( 'NONE',  ( -55.11520106696482202, 6.777921909693363389, 18.91571935740634203 ) ) ;
#6232 = FACE_OUTER_BOUND ( 'NONE', #5306, .T. ) ;
#6233 = ORIENTED_EDGE ( 'NONE', *, *, #348, .F. ) ;
#6234 = AXIS2_PLACEMENT_3D ( 'NONE', #3441, #2815, #5464 ) ;
#6235 = CARTESIAN_POINT ( 'NONE',  ( -13.08160286443803066, 4.186891154377374136, 27.73876969599392694 ) ) ;
#6236 = FACE_OUTER_BOUND ( 'NONE', #2394, .T. ) ;
#6237 = CARTESIAN_POINT ( 'NONE',  ( 0.000000000000000000, 10.50000000000000000, 24.49769035724251509 ) ) ;
#6238 = AXIS2_PLACEMENT_3D ( 'NONE', #225, #1251, #2245 ) ;
#6239 = ORIENTED_EDGE ( 'NONE', *, *, #3445, .T. ) ;
#6240 = VERTEX_POINT ( 'NONE', #2756 ) ;
#6241 = EDGE_LOOP ( 'NONE', ( #1122, #109 ) ) ;
#6242 = CARTESIAN_POINT ( 'NONE',  ( -35.75872214768999413, 10.50000000000000000, 14.23705422904000173 ) ) ;
#6243 = LINE ( 'NONE', #1696, #2734 ) ;
#6244 = ADVANCED_FACE ( 'NONE', ( #4418 ), #2337, .F. ) ;
#6245 = LINE ( 'NONE', #5639, #562 ) ;
#6246 = ORIENTED_EDGE ( 'NONE', *, *, #741, .F. ) ;
#6247 = ORIENTED_EDGE ( 'NONE', *, *, #1894, .F. ) ;
#6248 = ORIENTED_EDGE ( 'NONE', *, *, #1229, .F. ) ;
#6249 = FACE_OUTER_BOUND ( 'NONE', #4807, .T. ) ;
#6250 = CYLINDRICAL_SURFACE ( 'NONE', #572, 0.5000000000000004441 ) ;
#6251 = DIRECTION ( 'NONE',  ( 1.000000000000000000, 0.000000000000000000, 0.000000000000000000 ) ) ;
#6252 = ORIENTED_EDGE ( 'NONE', *, *, #4344, .F. ) ;
#6253 = DIRECTION ( 'NONE',  ( 1.000000000000000000, 0.000000000000000000, 0.000000000000000000 ) ) ;
#6254 = CARTESIAN_POINT ( 'NONE',  ( -3.319595801035104099, 11.19375000000000142, 0.1664156173082433632 ) ) ;
#6255 = DIRECTION ( 'NONE',  ( 1.000000000000000000, 0.000000000000000000, -0.000000000000000000 ) ) ;
#6256 = CYLINDRICAL_SURFACE ( 'NONE', #1208, 3.500000000000000000 ) ;
#6257 = CARTESIAN_POINT ( 'NONE',  ( -21.75872214769000124, 12.50000000000000000, 27.32705422903999803 ) ) ;
#6258 = FACE_OUTER_BOUND ( 'NONE', #4176, .T. ) ;
#6259 = CARTESIAN_POINT ( 'NONE',  ( -35.65872214768999271, 12.50000000000000000, 4.947054229039999917 ) ) ;
#6260 = ORIENTED_EDGE ( 'NONE', *, *, #6159, .F. ) ;
#6261 = CARTESIAN_POINT ( 'NONE',  ( -50.88856591388922368, 7.483490513531148913, 27.73876969599392694 ) ) ;
#6262 = DIRECTION ( 'NONE',  ( 0.000000000000000000, 0.000000000000000000, 1.000000000000000000 ) ) ;
#6263 = VERTEX_POINT ( 'NONE', #2887 ) ;
#6264 = CARTESIAN_POINT ( 'NONE',  ( -39.25872214768999413, 12.50000000000000000, 25.32705422904000159 ) ) ;
#6265 = B_SPLINE_CURVE_WITH_KNOTS ( 'NONE', 3,
 ( #2318, #3834, #5856, #2838 ),
 .UNSPECIFIED., .F., .F.,
 ( 4, 4 ),
 ( 0.000000000000000000, 1.000000000000000000 ),
 .UNSPECIFIED. ) ;
#6266 = CARTESIAN_POINT ( 'NONE',  ( -50.90596626369897848, 10.50000000000000000, 23.43434452200543205 ) ) ;
#6267 = CARTESIAN_POINT ( 'NONE',  ( 0.000000000000000000, 0.000000000000000000, 0.000000000000000000 ) ) ;
#6268 = VERTEX_POINT ( 'NONE', #5807 ) ;
#6269 = ORIENTED_EDGE ( 'NONE', *, *, #243, .T. ) ;
#6270 = ORIENTED_EDGE ( 'NONE', *, *, #3277, .F. ) ;
#6271 = DIRECTION ( 'NONE',  ( 0.000000000000000000, -1.000000000000000000, 2.200000000000000003E-16 ) ) ;
#6272 = CARTESIAN_POINT ( 'NONE',  ( 4.006559040048433218, 12.50000000000000000, 1.554344522005431495 ) ) ;
#6273 = EDGE_CURVE ( 'NONE', #3708, #4156, #356, .T. ) ;
#6274 = FACE_OUTER_BOUND ( 'NONE', #269, .T. ) ;
#6275 = EDGE_LOOP ( 'NONE', ( #3853, #728, #4608, #6048 ) ) ;
#6276 = ORIENTED_EDGE ( 'NONE', *, *, #796, .T. ) ;
#6277 = ORIENTED_EDGE ( 'NONE', *, *, #6126, .F. ) ;
#6278 = AXIS2_PLACEMENT_3D ( 'NONE', #2080, #5524, #3087 ) ;
#6279 = CARTESIAN_POINT ( 'NONE',  ( 14.02106672353487227, 8.757473573018954127, -6.761230304006072167 ) ) ;
#6280 = EDGE_CURVE ( 'NONE', #5901, #1199, #4912, .T. ) ;
#6281 = DIRECTION ( 'NONE',  ( 0.000000000000000000, 0.000000000000000000, 1.000000000000000000 ) ) ;
#6282 = STYLED_ITEM ( 'NONE', ( #1198 ), #6198 ) ;
#6283 = CARTESIAN_POINT ( 'NONE',  ( -9.280464726337173786, -3.250000000000000000, 17.31907693046060714 ) ) ;
#6284 = AXIS2_PLACEMENT_3D ( 'NONE', #1978, #2533, #440 ) ;
#6285 = ORIENTED_EDGE ( 'NONE', *, *, #1657, .F. ) ;
#6286 = DIRECTION ( 'NONE',  ( 1.000000000000000000, 0.000000000000000000, -0.000000000000000000 ) ) ;
#6287 = CARTESIAN_POINT ( 'NONE',  ( -15.66704148699919408, 13.41359014195848687, 1.147054229039999651 ) ) ;
#6288 = CARTESIAN_POINT ( 'NONE',  ( -37.23056835021216671, 17.76999999999999602, 5.838009681234304082 ) ) ;
#6289 = DIRECTION ( 'NONE',  ( -0.000000000000000000, -1.000000000000000000, -0.000000000000000000 ) ) ;
#6290 = DIRECTION ( 'NONE',  ( 0.000000000000000000, 0.000000000000000000, 1.000000000000000000 ) ) ;
#6291 = CIRCLE ( 'NONE', #898, 3.350000000000001421 ) ;
#6292 = EDGE_CURVE ( 'NONE', #6268, #4136, #4000, .T. ) ;
#6293 = CARTESIAN_POINT ( 'NONE',  ( -37.45872214768999697, 15.76999999999999957, 21.72705422903999661 ) ) ;
#6294 = DIRECTION ( 'NONE',  ( 1.208718933646689929E-16, 0.000000000000000000, 1.000000000000000000 ) ) ;
#6295 = VERTEX_POINT ( 'NONE', #1301 ) ;
#6296 = PLANE ( 'NONE',  #3094 ) ;
#6297 = CYLINDRICAL_SURFACE ( 'NONE', #2276, 1.500000000000000000 ) ;
#6298 = ORIENTED_EDGE ( 'NONE', *, *, #3617, .T. ) ;
#6299 = AXIS2_PLACEMENT_3D ( 'NONE', #2406, #3422, #5448 ) ;
#6300 = VECTOR ( 'NONE', #221, 1000.000000000000000 ) ;
#6301 = EDGE_CURVE ( 'NONE', #4080, #5469, #848, .T. ) ;
#6302 = CARTESIAN_POINT ( 'NONE',  ( 0.000000000000000000, -3.250000000000000000, -6.761230304006072167 ) ) ;
#6303 = EDGE_CURVE ( 'NONE', #2751, #3908, #444, .T. ) ;
#6304 = FACE_BOUND ( 'NONE', #26, .T. ) ;
#6305 = ORIENTED_EDGE ( 'NONE', *, *, #4840, .F. ) ;
#6306 = ORIENTED_EDGE ( 'NONE', *, *, #6015, .T. ) ;
#6307 = EDGE_LOOP ( 'NONE', ( #4510, #5100, #3271, #4981 ) ) ;
#6308 = VECTOR ( 'NONE', #2970, 1000.000000000000000 ) ;
#6309 = AXIS2_PLACEMENT_3D ( 'NONE', #3080, #3559, #4024 ) ;
#6310 = CARTESIAN_POINT ( 'NONE',  ( -48.31535629077411897, 8.567453508431418285, 22.43434452200543205 ) ) ;
#6311 = CARTESIAN_POINT ( 'NONE',  ( -35.25872214769005097, 17.76999999999999957, 1.147054229039999873 ) ) ;
#6312 = CARTESIAN_POINT ( 'NONE',  ( -37.45872214768999697, 17.76999999999999957, 6.747054229039999740 ) ) ;
#6313 = ORIENTED_EDGE ( 'NONE', *, *, #1221, .F. ) ;
#6314 = VERTEX_POINT ( 'NONE', #6312 ) ;
#6315 = ORIENTED_EDGE ( 'NONE', *, *, #734, .F. ) ;
#6316 = DIRECTION ( 'NONE',  ( 0.000000000000000000, 0.000000000000000000, -1.000000000000000000 ) ) ;
#6317 = CARTESIAN_POINT ( 'NONE',  ( -39.29572938337270926, 7.483490513531148913, 26.71994397445526204 ) ) ;
#6318 = CARTESIAN_POINT ( 'NONE',  ( 0.7046605134103512968, 5.875000000000003553, 0.4999999999999997780 ) ) ;
#6319 = AXIS2_PLACEMENT_3D ( 'NONE', #5967, #1437, #171 ) ;
#6320 = ORIENTED_EDGE ( 'NONE', *, *, #3633, .T. ) ;
#6321 = CARTESIAN_POINT ( 'NONE',  ( -10.79999054116380997, -3.250000000000000000, 25.73876969599392694 ) ) ;
#6322 = DIRECTION ( 'NONE',  ( 0.000000000000000000, 1.000000000000000000, -2.200000000000000003E-16 ) ) ;
#6323 = CARTESIAN_POINT ( 'NONE',  ( 4.006559040048433218, 12.50000000000000000, -3.285655477994569029 ) ) ;
#6324 = DIRECTION ( 'NONE',  ( 1.000000000000000000, 0.000000000000000000, 0.000000000000000000 ) ) ;
#6325 = EDGE_CURVE ( 'NONE', #4156, #3708, #3346, .T. ) ;
#6326 = CARTESIAN_POINT ( 'NONE',  ( -39.29572938337270926, 7.483490513531148913, 26.71994397445526204 ) ) ;
#6327 = VECTOR ( 'NONE', #4829, 1000.000000000000000 ) ;
#6328 = ADVANCED_FACE ( 'NONE', ( #3751, #5873 ), #2822, .T. ) ;
#6329 = CARTESIAN_POINT ( 'NONE',  ( -61.54560449174972803, 10.50000000000000000, 24.23876969599391984 ) ) ;
#6330 = DIRECTION ( 'NONE',  ( 0.000000000000000000, 0.000000000000000000, 1.000000000000000000 ) ) ;
#6331 = VECTOR ( 'NONE', #2998, 1000.000000000000000 ) ;
#6332 = CARTESIAN_POINT ( 'NONE',  ( -50.38856591388922368, 7.483490513531148913, 35.00000000000000000 ) ) ;
#6333 = CARTESIAN_POINT ( 'NONE',  ( -4.258722147692003190, 16.01333333333333542, 1.147054229039998985 ) ) ;
#6334 = ORIENTED_EDGE ( 'NONE', *, *, #1059, .F. ) ;
#6335 = CARTESIAN_POINT ( 'NONE',  ( -7.858722147691999282, 12.50000000000000000, 21.72705422903999661 ) ) ;
#6336 = EDGE_CURVE ( 'NONE', #505, #5134, #371, .T. ) ;
#6337 = VECTOR ( 'NONE', #215, 1000.000000000000000 ) ;
#6338 = FACE_OUTER_BOUND ( 'NONE', #3646, .T. ) ;
#6339 = APPLICATION_PROTOCOL_DEFINITION ( 'draft international standard', 'automotive_design', 1998, #4671 ) ;
#6340 = ORIENTED_EDGE ( 'NONE', *, *, #1796, .F. ) ;
#6341 = VERTEX_POINT ( 'NONE', #2366 ) ;
#6342 = ORIENTED_EDGE ( 'NONE', *, *, #3970, .F. ) ;
#6343 = AXIS2_PLACEMENT_3D ( 'NONE', #1689, #5193, #3134 ) ;
#6344 = FACE_OUTER_BOUND ( 'NONE', #3115, .T. ) ;
#6345 = DIRECTION ( 'NONE',  ( -1.000000000000000000, 0.000000000000000000, 0.000000000000000000 ) ) ;
#6346 = AXIS2_PLACEMENT_3D ( 'NONE', #3540, #3509, #5565 ) ;
#6347 = CARTESIAN_POINT ( 'NONE',  ( -2.258722147692000082, 12.50000000000000000, 25.32705422904000159 ) ) ;
#6348 = ORIENTED_EDGE ( 'NONE', *, *, #5397, .F. ) ;
#6349 = B_SPLINE_CURVE_WITH_KNOTS ( 'NONE', 3,
 ( #2468, #1381, #3394, #4489, #6019, #3994 ),
 .UNSPECIFIED., .F., .F.,
 ( 4, 2, 4 ),
 ( 8.673617379884035472E-19, 0.0005422935352959118785, 0.001084587070591822890 ),
 .UNSPECIFIED. ) ;
#6350 = VERTEX_POINT ( 'NONE', #5376 ) ;
#6351 = VERTEX_POINT ( 'NONE', #1841 ) ;
#6352 = CARTESIAN_POINT ( 'NONE',  ( -33.42538881435666553, 12.50000000000000000, 25.32705422904000159 ) ) ;
#6353 = ORIENTED_EDGE ( 'NONE', *, *, #839, .T. ) ;
#6354 = CARTESIAN_POINT ( 'NONE',  ( -50.90596626369897848, 8.750000000000000000, 23.43434452200543205 ) ) ;
#6355 = CARTESIAN_POINT ( 'NONE',  ( -12.49651859791752351, 5.479082202084430975, 26.77397846476551280 ) ) ;
#6356 = CARTESIAN_POINT ( 'NONE',  ( -20.19137825829315602, 5.512278550188185910, 26.77397846476551280 ) ) ;
#6357 = CARTESIAN_POINT ( 'NONE',  ( -56.71569589905544717, 5.875000000000003553, -0.5000000000000000000 ) ) ;
#6358 = CARTESIAN_POINT ( 'NONE',  ( 1.172283565373760883, 5.181250000000004796, -0.1668896752339157352 ) ) ;
#6359 = FACE_BOUND ( 'NONE', #5510, .T. ) ;
#6360 = CARTESIAN_POINT ( 'NONE',  ( 0.9190843437958448048, 8.250000000000000000, 23.43434452200543205 ) ) ;
#6361 = CARTESIAN_POINT ( 'NONE',  ( -56.80620536528137876, 5.875000000000003553, 23.43434452200543205 ) ) ;
#6362 = FACE_OUTER_BOUND ( 'NONE', #3088, .T. ) ;
#6363 = CARTESIAN_POINT ( 'NONE',  ( -6.058722147692000348, 17.76999999999999957, 6.747054229039999740 ) ) ;
#6364 = CARTESIAN_POINT ( 'NONE',  ( -6.058722147692000348, 17.76999999999999957, 6.508168941543046593 ) ) ;
#6365 = PLANE ( 'NONE',  #690 ) ;
#6366 = VERTEX_POINT ( 'NONE', #4848 ) ;
#6367 = EDGE_CURVE ( 'NONE', #2153, #762, #2405, .T. ) ;
#6368 = CARTESIAN_POINT ( 'NONE',  ( 0.000000000000000000, 8.750000000000000000, 0.000000000000000000 ) ) ;
#6369 = CARTESIAN_POINT ( 'NONE',  ( -4.258722147691999638, 17.76999999999999957, 27.32705422903999803 ) ) ;
#6370 = ORIENTED_EDGE ( 'NONE', *, *, #2968, .T. ) ;
#6371 = EDGE_LOOP ( 'NONE', ( #3618, #3079, #1720, #302 ) ) ;
#6372 = EDGE_CURVE ( 'NONE', #5379, #2060, #1336, .T. ) ;
#6373 = ORIENTED_EDGE ( 'NONE', *, *, #6159, .T. ) ;
#6374 = SURFACE_SIDE_STYLE ('',( #1335 ) ) ;
#6375 = ADVANCED_FACE ( 'NONE', ( #3347 ), #5305, .T. ) ;
#6376 = CARTESIAN_POINT ( 'NONE',  ( -35.25872214769000124, 17.76999999999999602, 2.413720895706666703 ) ) ;
#6377 = ORIENTED_EDGE ( 'NONE', *, *, #1997, .T. ) ;
#6378 = VERTEX_POINT ( 'NONE', #3785 ) ;
#6379 = ORIENTED_EDGE ( 'NONE', *, *, #1599, .F. ) ;
#6380 = PRODUCT ( 'Save Bodies25[1]', 'Save Bodies25[1]', '', ( #3743 ) ) ;
#6381 = CARTESIAN_POINT ( 'NONE',  ( -39.25872214768999413, 12.50000000000000000, 25.32705422904000159 ) ) ;
#6382 = VERTEX_POINT ( 'NONE', #3386 ) ;
#6383 = APPLICATION_CONTEXT ( 'automotive_design' ) ;
#6384 = DIRECTION ( 'NONE',  ( 0.000000000000000000, 1.000000000000000000, 0.000000000000000000 ) ) ;
#6385 = DIRECTION ( 'NONE',  ( 0.000000000000000000, 1.000000000000000000, -2.400000000000000048E-16 ) ) ;
#6386 = EDGE_CURVE ( 'NONE', #5774, #4680, #2788, .T. ) ;
#6387 = LINE ( 'NONE', #6356, #5210 ) ;
#6388 = CARTESIAN_POINT ( 'NONE',  ( -7.858722147691999282, 12.50000000000000000, 23.52705422904000088 ) ) ;
#6389 = CARTESIAN_POINT ( 'NONE',  ( 0.6541048060877024950, 5.875000000000003553, -0.1668605871599267432 ) ) ;
#6390 = FACE_OUTER_BOUND ( 'NONE', #1136, .T. ) ;
#6391 = CARTESIAN_POINT ( 'NONE',  ( 4.006559040048433218, 5.875000000000003553, -2.215655477994569189 ) ) ;
#6392 = EDGE_CURVE ( 'NONE', #668, #6503, #4331, .T. ) ;
#6393 = CARTESIAN_POINT ( 'NONE',  ( -50.65690083581098691, 10.50000000000000000, 22.43434452200543205 ) ) ;
#6394 = AXIS2_PLACEMENT_3D ( 'NONE', #3955, #2537, #2503 ) ;
#6395 = CARTESIAN_POINT ( 'NONE',  ( 4.006559040048433218, 8.000000000000000000, -0.8656554779945688782 ) ) ;
#6396 = CARTESIAN_POINT ( 'NONE',  ( -35.52538881435666696, 17.76999999999999602, 4.947054229039999917 ) ) ;
#6397 = DIRECTION ( 'NONE',  ( 0.000000000000000000, -0.000000000000000000, -1.000000000000000000 ) ) ;
#6398 = CARTESIAN_POINT ( 'NONE',  ( 0.000000000000000000, 0.000000000000000000, 23.43434452200543205 ) ) ;
#6399 = ORIENTED_EDGE ( 'NONE', *, *, #1664, .T. ) ;
#6400 = AXIS2_PLACEMENT_3D ( 'NONE', #509, #5190, #6077 ) ;
#6401 = CYLINDRICAL_SURFACE ( 'NONE', #944, 1.799999999999999600 ) ;
#6402 = LINE ( 'NONE', #5932, #2202 ) ;
#6403 = VECTOR ( 'NONE', #3962, 1000.000000000000000 ) ;
#6404 = ORIENTED_EDGE ( 'NONE', *, *, #292, .F. ) ;
#6405 = EDGE_LOOP ( 'NONE', ( #3716, #6011, #1688, #372, #3701, #875 ) ) ;
#6406 = VERTEX_POINT ( 'NONE', #1736 ) ;
#6407 = DIRECTION ( 'NONE',  ( -0.000000000000000000, 0.000000000000000000, -1.000000000000000000 ) ) ;
#6408 = EDGE_CURVE ( 'NONE', #2614, #1570, #4522, .T. ) ;
#6409 = VECTOR ( 'NONE', #4870, 1000.000000000000000 ) ;
#6410 = EDGE_CURVE ( 'NONE', #47, #558, #2431, .T. ) ;
#6411 = DIRECTION ( 'NONE',  ( 0.000000000000000000, 0.000000000000000000, 1.000000000000000000 ) ) ;
#6412 = ORIENTED_EDGE ( 'NONE', *, *, #4781, .F. ) ;
#6413 = PRESENTATION_LAYER_ASSIGNMENT (  '', '', ( #479 ) ) ;
#6414 = AXIS2_PLACEMENT_3D ( 'NONE', #3826, #5850, #1309 ) ;
#6415 = ORIENTED_EDGE ( 'NONE', *, *, #6052, .F. ) ;
#6416 = EDGE_LOOP ( 'NONE', ( #6475, #5635, #908, #1368 ) ) ;
#6417 = ADVANCED_FACE ( 'NONE', ( #6008, #3450 ), #973, .F. ) ;
#6418 = CARTESIAN_POINT ( 'NONE',  ( -35.65872214768999982, 17.10333333333333528, 23.52705422904000088 ) ) ;
#6419 = CARTESIAN_POINT ( 'NONE',  ( -31.08306044100568855, 14.71083942124867683, 3.147054229040002316 ) ) ;
#6420 = DIRECTION ( 'NONE',  ( -0.000000000000000000, 1.000000000000000000, -0.000000000000000000 ) ) ;
#6421 = CARTESIAN_POINT ( 'NONE',  ( -35.65872214768999271, 15.76999999999999957, 23.52705422904000088 ) ) ;
#6422 = ADVANCED_FACE ( 'NONE', ( #5440 ), #5471, .F. ) ;
#6423 = FACE_BOUND ( 'NONE', #4216, .T. ) ;
#6424 = CARTESIAN_POINT ( 'NONE',  ( -50.88856591388922368, 7.983490513531148913, 35.00000000000000000 ) ) ;
#6425 = DIRECTION ( 'NONE',  ( -0.7071067811865473507, -0.7071067811865477948, 0.000000000000000000 ) ) ;
#6426 = CARTESIAN_POINT ( 'NONE',  ( -48.31535629077411897, 8.567453508431418285, 23.43434452200543205 ) ) ;
#6427 = DIRECTION ( 'NONE',  ( -0.7071067811865477948, 0.7071067811865473507, 0.000000000000000000 ) ) ;
#6428 = FACE_OUTER_BOUND ( 'NONE', #582, .T. ) ;
#6429 = FACE_OUTER_BOUND ( 'NONE', #2204, .T. ) ;
#6430 = ADVANCED_FACE ( 'NONE', ( #16 ), #1469, .F. ) ;
#6431 = B_SPLINE_CURVE_WITH_KNOTS ( 'NONE', 3,
 ( #5410, #1912, #6352, #6381 ),
 .UNSPECIFIED., .F., .F.,
 ( 4, 4 ),
 ( 0.000000000000000000, 1.000000000000000000 ),
 .UNSPECIFIED. ) ;
#6432 = FACE_BOUND ( 'NONE', #268, .T. ) ;
#6433 = CARTESIAN_POINT ( 'NONE',  ( -2.258722147692002302, 17.76999999999999247, 2.882028452945893271 ) ) ;
#6434 = ORIENTED_EDGE ( 'NONE', *, *, #398, .T. ) ;
#6435 = CIRCLE ( 'NONE', #4094, 1.500000000000001332 ) ;
#6436 = PLANE ( 'NONE',  #5802 ) ;
#6437 = CARTESIAN_POINT ( 'NONE',  ( -2.511149370983484452, 17.76999999999999602, 26.33429218978179875 ) ) ;
#6438 = ORIENTED_EDGE ( 'NONE', *, *, #6051, .T. ) ;
#6439 = ORIENTED_EDGE ( 'NONE', *, *, #2464, .F. ) ;
#6440 = EDGE_LOOP ( 'NONE', ( #5633, #739, #5223, #4845 ) ) ;
#6441 = VECTOR ( 'NONE', #463, 1000.000000000000000 ) ;
#6442 = CARTESIAN_POINT ( 'NONE',  ( -37.10780862777779987, 12.50000000000000355, 17.03588817743364103 ) ) ;
#6443 = FACE_OUTER_BOUND ( 'NONE', #426, .T. ) ;
#6444 = VERTEX_POINT ( 'NONE', #941 ) ;
#6445 = AXIS2_PLACEMENT_3D ( 'NONE', #6424, #352, #6455 ) ;
#6446 = ORIENTED_EDGE ( 'NONE', *, *, #654, .T. ) ;
#6447 = ORIENTED_EDGE ( 'NONE', *, *, #5438, .F. ) ;
#6448 = CARTESIAN_POINT ( 'NONE',  ( 3.469226652074589801, 5.875000000000003553, -4.193319939474274181E-16 ) ) ;
#6449 = CARTESIAN_POINT ( 'NONE',  ( -32.69603967124039912, 15.76999999999944713, 3.147054229040000095 ) ) ;
#6450 = EDGE_CURVE ( 'NONE', #6035, #4165, #404, .T. ) ;
#6451 = CIRCLE ( 'NONE', #2322, 3.499999999999999556 ) ;
#6452 = CARTESIAN_POINT ( 'NONE',  ( -37.45872214768999697, 15.76999999999999957, 21.72705422903999661 ) ) ;
#6453 = CARTESIAN_POINT ( 'NONE',  ( -4.258722147691999638, 12.50000000000000000, 17.93372089570666361 ) ) ;
#6454 = DIRECTION ( 'NONE',  ( 1.000000000000000000, -0.000000000000000000, 0.000000000000000000 ) ) ;
#6455 = DIRECTION ( 'NONE',  ( 0.000000000000000000, -0.000000000000000000, -1.000000000000000000 ) ) ;
#6456 = ADVANCED_FACE ( 'NONE', ( #4479 ), #6073, .F. ) ;
#6457 = LINE ( 'NONE', #2379, #1241 ) ;
#6458 = CARTESIAN_POINT ( 'NONE',  ( -39.25872214769194812, 12.50000000000000000, 24.49769035724251509 ) ) ;
#6459 = DIRECTION ( 'NONE',  ( 0.000000000000000000, 1.000000000000000000, 0.000000000000000000 ) ) ;
#6460 = FACE_OUTER_BOUND ( 'NONE', #5567, .T. ) ;
#6461 = CARTESIAN_POINT ( 'NONE',  ( -60.04560449174972803, 10.50000000000000000, 23.43434452200543205 ) ) ;
#6462 = FACE_BOUND ( 'NONE', #2256, .T. ) ;
#6463 = LINE ( 'NONE', #2845, #6409 ) ;
#6464 = ORIENTED_EDGE ( 'NONE', *, *, #5487, .F. ) ;
#6465 = CARTESIAN_POINT ( 'NONE',  ( -41.25872214768999413, 12.50000000000000000, 3.147054229040000095 ) ) ;
#6466 = FACE_OUTER_BOUND ( 'NONE', #5107, .T. ) ;
#6467 = ADVANCED_FACE ( 'NONE', ( #4977 ), #4017, .T. ) ;
#6468 = CARTESIAN_POINT ( 'NONE',  ( -8.258722147691500481, 17.76999999999944890, 1.147054229039999873 ) ) ;
#6469 = EDGE_LOOP ( 'NONE', ( #439, #4217, #2227, #6110 ) ) ;
#6470 = ORIENTED_EDGE ( 'NONE', *, *, #486, .F. ) ;
#6471 = ORIENTED_EDGE ( 'NONE', *, *, #3365, .F. ) ;
#6472 = CARTESIAN_POINT ( 'NONE',  ( -35.65872214768999271, 17.10333333333333528, 4.947054229039998141 ) ) ;
#6473 = DIRECTION ( 'NONE',  ( -0.7071067811865473507, -0.7071067811865477948, 0.000000000000000000 ) ) ;
#6474 = VERTEX_POINT ( 'NONE', #2986 ) ;
#6475 = ORIENTED_EDGE ( 'NONE', *, *, #1444, .F. ) ;
#6476 = ORIENTED_EDGE ( 'NONE', *, *, #2632, .F. ) ;
#6477 = CARTESIAN_POINT ( 'NONE',  ( -35.25872214769000124, 17.77000000000000313, 24.79372089570666660 ) ) ;
#6478 = LINE ( 'NONE', #379, #2836 ) ;
#6479 = EDGE_CURVE ( 'NONE', #5838, #5672, #4879, .T. ) ;
#6480 = EDGE_CURVE ( 'NONE', #3940, #2752, #1235, .T. ) ;
#6481 = FACE_OUTER_BOUND ( 'NONE', #3637, .T. ) ;
#6482 = CARTESIAN_POINT ( 'NONE',  ( -39.61353206872095001, 12.50000000000000178, 10.73705422903999995 ) ) ;
#6483 = CARTESIAN_POINT ( 'NONE',  ( -2.800420255819354942, 10.50000000000000000, -1.040029441033994306 ) ) ;
#6484 = LINE ( 'NONE', #2930, #1776 ) ;
#6485 = DIRECTION ( 'NONE',  ( -1.000000000000000000, 0.000000000000000000, 0.000000000000000000 ) ) ;
#6486 = LINE ( 'NONE', #1517, #3008 ) ;
#6487 = ADVANCED_FACE ( 'NONE', ( #3018 ), #538, .T. ) ;
#6488 = CARTESIAN_POINT ( 'NONE',  ( 9.852138378250273831, -3.250000000000000000, -4.761230304006072167 ) ) ;
#6489 = DIRECTION ( 'NONE',  ( 0.000000000000000000, 0.000000000000000000, 1.000000000000000000 ) ) ;
#6490 = CARTESIAN_POINT ( 'NONE',  ( 4.506559040048433218, 10.50000000000000000, 16.11449525870471433 ) ) ;
#6491 = CARTESIAN_POINT ( 'NONE',  ( -9.280464726337173786, 8.250000000000000000, 26.76711071965634403 ) ) ;
#6492 = ORIENTED_EDGE ( 'NONE', *, *, #2374, .T. ) ;
#6493 = EDGE_CURVE ( 'NONE', #3854, #814, #2528, .T. ) ;
#6494 = CARTESIAN_POINT ( 'NONE',  ( 4.553332877239093079, 10.50000000000000000, 2.439422186896803346 ) ) ;
#6495 = VECTOR ( 'NONE', #3923, 1000.000000000000000 ) ;
#6496 = CARTESIAN_POINT ( 'NONE',  ( -11.99651859791751818, 6.659555455029353865, 27.73876969599392694 ) ) ;
#6497 = CARTESIAN_POINT ( 'NONE',  ( -7.858722147691999282, 17.76999999999999957, 4.947054229039999917 ) ) ;
#6498 = AXIS2_PLACEMENT_3D ( 'NONE', #6210, #4708, #3213 ) ;
#6499 = AXIS2_PLACEMENT_3D ( 'NONE', #3004, #2639, #1080 ) ;
#6500 = ORIENTED_EDGE ( 'NONE', *, *, #4168, .F. ) ;
#6501 = ORIENTED_EDGE ( 'NONE', *, *, #741, .T. ) ;
#6502 = EDGE_CURVE ( 'NONE', #1339, #3177, #5574, .T. ) ;
#6503 = VERTEX_POINT ( 'NONE', #2557 ) ;
#6504 = ORIENTED_EDGE ( 'NONE', *, *, #3359, .T. ) ;
#6505 = ADVANCED_FACE ( 'NONE', ( #6443 ), #1908, .T. ) ;
#6506 = CARTESIAN_POINT ( 'NONE',  ( -38.80057321904149603, 12.50000000000000178, 17.73705422904000883 ) ) ;
#6507 = AXIS2_PLACEMENT_3D ( 'NONE', #1784, #2736, #4681 ) ;
#6508 = VECTOR ( 'NONE', #5361, 1000.000000000000000 ) ;
#6509 = DIRECTION ( 'NONE',  ( 1.000000000000000000, 0.000000000000000000, -0.000000000000000000 ) ) ;
#6510 = CARTESIAN_POINT ( 'NONE',  ( -51.60056723113756760, 8.000000000000000000, 21.77302012765626316 ) ) ;
#6511 = ORIENTED_EDGE ( 'NONE', *, *, #780, .F. ) ;
#6512 = ORIENTED_EDGE ( 'NONE', *, *, #587, .F. ) ;
#6513 = EDGE_LOOP ( 'NONE', ( #5693, #3825 ) ) ;
#6514 = CARTESIAN_POINT ( 'NONE',  ( -57.34344095995156465, 5.875000000000003553, 23.43434452200543205 ) ) ;
#6515 = CARTESIAN_POINT ( 'NONE',  ( -21.75872214769000124, 12.50000000000000000, 1.147054229039999873 ) ) ;
#6516 = VECTOR ( 'NONE', #5130, 1000.000000000000000 ) ;
#6517 = VECTOR ( 'NONE', #262, 1000.000000000000114 ) ;
#6518 = DIRECTION ( 'NONE',  ( -0.000000000000000000, 1.000000000000000000, -0.000000000000000000 ) ) ;
#6519 = PRODUCT_DEFINITION_CONTEXT ( 'detailed design', #1761, 'design' ) ;
#6520 = CARTESIAN_POINT ( 'NONE',  ( -53.99344095995156323, 8.000000000000000000, -0.8656554779945688782 ) ) ;
#6521 = CARTESIAN_POINT ( 'NONE',  ( -39.29572938337270926, -3.250000000000000000, 27.73876969599392694 ) ) ;
#6522 = CIRCLE ( 'NONE', #3650, 2.420000000000002149 ) ;
#6523 = DIRECTION ( 'NONE',  ( 0.000000000000000000, 0.000000000000000000, 1.000000000000000000 ) ) ;
#6524 = CARTESIAN_POINT ( 'NONE',  ( -53.99344095995156323, 10.50000000000000000, 25.48434452200543276 ) ) ;
#6525 = CARTESIAN_POINT ( 'NONE',  ( 1.873062941308192730, 8.250000000000000000, 17.31907693046060714 ) ) ;
#6526 = FACE_OUTER_BOUND ( 'NONE', #3518, .T. ) ;
#6527 = CARTESIAN_POINT ( 'NONE',  ( -20.19137825829315602, 7.159555455029352977, 26.77397846476551280 ) ) ;
#6528 = FACE_BOUND ( 'NONE', #6241, .T. ) ;
#6529 = CARTESIAN_POINT ( 'NONE',  ( -57.32998108409214666, 5.875000000000003553, 22.43434452200543205 ) ) ;
#6530 = ORIENTED_EDGE ( 'NONE', *, *, #5625, .T. ) ;
#6531 = PRODUCT_RELATED_PRODUCT_CATEGORY ( 'part', '', ( #6380 ) ) ;
#6532 = PLANE ( 'NONE',  #1994 ) ;
#6533 = EDGE_CURVE ( 'NONE', #2498, #2303, #706, .T. ) ;
#6534 = CARTESIAN_POINT ( 'NONE',  ( -50.66345656488113747, 10.50000000000000000, -0.5000000000000000000 ) ) ;
#6535 = B_SPLINE_CURVE_WITH_KNOTS ( 'NONE', 3,
 ( #21, #3053, #2041, #5972 ),
 .UNSPECIFIED., .F., .F.,
 ( 4, 4 ),
 ( 0.000000000000000000, 1.000000000000000000 ),
 .UNSPECIFIED. ) ;
#6536 = PLANE ( 'NONE',  #5262 ) ;
#6537 = EDGE_CURVE ( 'NONE', #3547, #4359, #6166, .T. ) ;
#6538 = ORIENTED_EDGE ( 'NONE', *, *, #5033, .F. ) ;
#6539 = VERTEX_POINT ( 'NONE', #1158 ) ;
#6540 = ORIENTED_EDGE ( 'NONE', *, *, #3713, .T. ) ;
#6541 = ORIENTED_EDGE ( 'NONE', *, *, #6167, .F. ) ;
#6542 = EDGE_CURVE ( 'NONE', #2981, #5243, #2128, .T. ) ;
#6543 = EDGE_CURVE ( 'NONE', #110, #2194, #3174, .T. ) ;
#6544 = CARTESIAN_POINT ( 'NONE',  ( -10.09205548102466743, 12.50000000000000000, 27.32705422903999803 ) ) ;
#6545 = AXIS2_PLACEMENT_3D ( 'NONE', #1516, #984, #2997 ) ;
#6546 = DIRECTION ( 'NONE',  ( -5.756175901970743540E-17, -0.8793255150728360725, -0.4762212075725853477 ) ) ;
#6547 = CARTESIAN_POINT ( 'NONE',  ( -39.25872214768999413, 14.25666666666666771, 1.147054229039999429 ) ) ;
#6548 = ORIENTED_EDGE ( 'NONE', *, *, #2480, .F. ) ;
#6549 = ORIENTED_EDGE ( 'NONE', *, *, #1094, .T. ) ;
#6550 = ORIENTED_EDGE ( 'NONE', *, *, #4801, .T. ) ;
#6551 = ORIENTED_EDGE ( 'NONE', *, *, #2115, .T. ) ;
#6552 = CARTESIAN_POINT ( 'NONE',  ( 0.6848358673255958706, 10.50000000000000000, -0.4999999999999998890 ) ) ;
#6553 = CIRCLE ( 'NONE', #1364, 0.5000000000000004441 ) ;
#6554 = CARTESIAN_POINT ( 'NONE',  ( 1.873062941308193619, 8.250000000000000000, 24.71711326826596178 ) ) ;
#6555 = B_SPLINE_CURVE_WITH_KNOTS ( 'NONE', 3,
 ( #1288, #6396, #4867, #260 ),
 .UNSPECIFIED., .F., .F.,
 ( 4, 4 ),
 ( 0.000000000000000000, 1.000000000000000000 ),
 .UNSPECIFIED. ) ;
#6556 = DIRECTION ( 'NONE',  ( 0.000000000000000000, -1.000000000000000000, 0.000000000000000000 ) ) ;
#6557 = FACE_OUTER_BOUND ( 'NONE', #4517, .T. ) ;
#6558 = NEXT_ASSEMBLY_USAGE_OCCURRENCE ( 'NAUO1', ' ', ' ', #1618, #1341, $ ) ;
#6559 = NEXT_ASSEMBLY_USAGE_OCCURRENCE ( 'NAUO2', ' ', ' ', #1618, #443, $ ) ;
ENDSEC;
END-ISO-10303-21;
